participant,trial_counter,condition,target_to_competitor,decoy_reduction,decoy_on,chosen_item,correct,rt
1,1,numeric,0.1,0.05,competitor,competitor,0,11.034
1,2,numeric,0.03,0.2,target,target,1,12.382
1,3,perceptual,0.03,0.05,no_decoy,competitor,0,8.459
1,4,numeric,0.03,0.05,no_decoy,target,1,10.894
1,5,numeric,0.03,0.2,competitor,competitor,0,12.267
1,6,perceptual,0.1,0.05,no_decoy,target,1,5.683
1,7,perceptual,0.1,0.2,target,target,1,7.035
1,8,numeric,0.03,0.05,competitor,target,1,10.703
1,9,perceptual,0.03,0.2,competitor,decoy,0,14.555
1,10,numeric,0.03,0.2,no_decoy,target,1,6.947
1,11,numeric,0.1,0.05,no_decoy,competitor,0,19.675
1,12,numeric,0.1,0.2,competitor,target,1,16.501
1,13,perceptual,0.03,0.05,competitor,target,1,9.871
1,14,perceptual,0.03,0.05,no_decoy,competitor,0,6.439
1,15,perceptual,0.1,0.05,target,target,1,13.249
1,16,perceptual,0.03,0.2,target,target,1,11.471
1,17,perceptual,0.1,0.2,competitor,decoy,0,7.557
1,18,perceptual,0.1,0.2,competitor,target,1,9.685
1,19,perceptual,0.03,0.05,competitor,decoy,0,15.651
1,20,numeric,0.03,0.2,no_decoy,target,1,8.435
1,21,numeric,0.1,0.05,no_decoy,target,1,11.405
1,22,perceptual,0.03,0.2,no_decoy,target,1,4.907
1,23,numeric,0.1,0.2,target,competitor,0,6.721
1,24,numeric,0.1,0.2,target,target,1,6.891
1,25,numeric,0.03,0.2,target,competitor,0,6.625
1,26,perceptual,0.03,0.05,competitor,target,1,11.689
1,27,numeric,0.1,0.2,competitor,target,1,11.854
1,28,numeric,0.03,0.05,no_decoy,target,1,9.218
1,29,numeric,0.03,0.2,target,target,1,6.868
1,30,numeric,0.03,0.2,competitor,competitor,0,10.784
1,31,perceptual,0.03,0.2,target,target,1,6.709
1,32,perceptual,0.03,0.2,no_decoy,target,1,9.383
1,33,numeric,0.03,0.2,competitor,competitor,0,15.41
1,34,perceptual,0.03,0.2,competitor,competitor,0,9.034
1,35,perceptual,0.1,0.2,competitor,target,1,9.508
1,36,perceptual,0.1,0.05,target,target,1,9.714
1,37,numeric,0.03,0.2,target,competitor,0,7.657
1,38,numeric,0.03,0.05,target,competitor,0,15.731
1,39,perceptual,0.03,0.05,no_decoy,target,1,10.743
1,40,perceptual,0.03,0.05,no_decoy,target,1,9.239
1,41,numeric,0.1,0.2,no_decoy,target,1,8.072
1,42,numeric,0.1,0.05,competitor,target,1,19.986
1,43,perceptual,0.03,0.05,target,target,1,10.423
1,44,numeric,0.03,0.05,target,target,1,14.299
1,45,numeric,0.1,0.05,target,target,1,12.817
1,46,perceptual,0.1,0.05,no_decoy,target,1,6.071
1,47,numeric,0.1,0.2,no_decoy,target,1,7.213
1,48,perceptual,0.1,0.2,no_decoy,target,1,6.618
1,49,numeric,0.03,0.2,no_decoy,competitor,0,11.132
1,51,numeric,0.03,0.05,competitor,decoy,0,8.76
1,52,numeric,0.1,0.2,target,target,1,9.649
1,53,numeric,0.03,0.05,no_decoy,target,1,7.746
1,54,numeric,0.1,0.05,no_decoy,target,1,8.849
1,55,perceptual,0.1,0.05,competitor,competitor,0,10.066
1,56,numeric,0.1,0.05,target,target,1,11.316
1,57,perceptual,0.03,0.2,competitor,competitor,0,5.115
1,58,numeric,0.1,0.05,competitor,target,1,8.133
1,59,numeric,0.1,0.2,competitor,competitor,0,5.121
1,60,numeric,0.03,0.2,competitor,target,1,17.886
1,61,perceptual,0.03,0.2,competitor,competitor,0,9.233
1,62,perceptual,0.1,0.05,no_decoy,target,1,5.817
1,63,perceptual,0.1,0.2,target,target,1,6.684
1,64,perceptual,0.1,0.2,target,decoy,0,11.703
1,65,numeric,0.1,0.2,no_decoy,competitor,0,5.92
1,66,perceptual,0.03,0.05,target,target,1,4.733
1,67,perceptual,0.1,0.2,no_decoy,competitor,0,6.265
1,68,numeric,0.1,0.2,target,target,1,4.518
1,69,numeric,0.1,0.2,target,competitor,0,4.739
1,70,numeric,0.1,0.05,competitor,target,1,9.053
1,71,perceptual,0.03,0.05,competitor,decoy,0,7.8
1,72,numeric,0.1,0.05,no_decoy,target,1,5.866
1,73,perceptual,0.03,0.2,competitor,competitor,0,4.766
1,74,perceptual,0.1,0.05,target,target,1,5.382
1,75,perceptual,0.1,0.05,competitor,competitor,0,7.713
1,76,numeric,0.1,0.05,target,target,1,11.117
1,77,numeric,0.1,0.2,no_decoy,competitor,0,3.749
1,78,numeric,0.03,0.05,target,decoy,0,8.638
1,79,numeric,0.1,0.2,no_decoy,competitor,0,3.377
1,80,numeric,0.03,0.05,no_decoy,target,1,5.868
1,81,numeric,0.03,0.05,target,target,1,8.018
1,82,numeric,0.03,0.2,competitor,competitor,0,9.986
1,83,perceptual,0.03,0.2,competitor,target,1,6.016
1,84,numeric,0.03,0.2,no_decoy,competitor,0,17.35
1,85,numeric,0.03,0.05,no_decoy,competitor,0,2.964
1,86,perceptual,0.1,0.05,competitor,target,1,6.38
1,87,perceptual,0.03,0.05,target,target,1,6.783
1,88,numeric,0.1,0.05,competitor,competitor,0,16.003
1,89,numeric,0.03,0.2,target,target,1,4.266
1,90,numeric,0.03,0.2,target,target,1,8.151
1,91,numeric,0.03,0.05,target,target,1,10.501
1,92,perceptual,0.1,0.05,competitor,target,1,7.58
1,93,perceptual,0.1,0.2,target,target,1,7.565
1,94,numeric,0.03,0.2,competitor,decoy,0,13.055
1,95,perceptual,0.1,0.2,no_decoy,competitor,0,4.5
1,96,perceptual,0.1,0.05,target,target,1,6.901
1,97,numeric,0.03,0.2,no_decoy,target,1,4.329
1,98,numeric,0.1,0.2,competitor,competitor,0,5.755
1,99,perceptual,0.03,0.2,no_decoy,competitor,0,5.55
1,100,perceptual,0.1,0.2,target,competitor,0,4.916
1,101,numeric,0.1,0.05,no_decoy,target,1,4.78
1,102,perceptual,0.1,0.05,competitor,competitor,0,5.875
1,103,perceptual,0.1,0.05,competitor,target,1,6.467
1,104,perceptual,0.03,0.2,target,competitor,0,7.854
1,105,perceptual,0.03,0.05,competitor,competitor,0,7.915
1,106,perceptual,0.03,0.2,target,target,1,6.426
1,107,numeric,0.03,0.2,target,target,1,7.621
1,108,numeric,0.03,0.05,target,decoy,0,13.022
1,109,perceptual,0.1,0.2,competitor,competitor,0,12.742
1,110,numeric,0.03,0.05,competitor,target,1,9.848
1,111,perceptual,0.03,0.2,no_decoy,competitor,0,7.067
1,112,numeric,0.1,0.2,no_decoy,target,1,10.596
1,113,numeric,0.1,0.2,target,target,1,6.363
1,114,perceptual,0.03,0.2,target,target,1,7.15
1,115,numeric,0.03,0.05,no_decoy,competitor,0,5.816
1,116,numeric,0.03,0.05,no_decoy,target,1,3.566
1,117,perceptual,0.03,0.05,target,decoy,0,3.274
1,118,perceptual,0.1,0.2,no_decoy,target,1,3.5
1,119,perceptual,0.1,0.05,target,target,1,4.107
1,120,numeric,0.03,0.05,no_decoy,competitor,0,4.896
1,121,numeric,0.03,0.05,no_decoy,competitor,0,5.233
1,122,numeric,0.1,0.05,no_decoy,target,1,3.365
1,123,perceptual,0.03,0.2,target,target,1,6.796
1,124,numeric,0.03,0.2,target,decoy,0,5.604
1,125,numeric,0.1,0.2,competitor,target,1,11.205
1,126,perceptual,0.03,0.05,target,decoy,0,5.415
1,127,numeric,0.1,0.05,target,target,1,6.266
1,128,perceptual,0.03,0.05,no_decoy,competitor,0,3.021
1,129,perceptual,0.1,0.05,competitor,competitor,0,9.541
1,130,perceptual,0.03,0.2,no_decoy,competitor,0,5.949
1,131,perceptual,0.1,0.2,competitor,target,1,9.708
1,132,perceptual,0.1,0.2,target,target,1,8.4
1,133,perceptual,0.1,0.05,no_decoy,target,1,4.466
1,134,numeric,0.1,0.05,no_decoy,target,1,7.135
1,135,perceptual,0.03,0.2,no_decoy,competitor,0,6.589
1,136,perceptual,0.1,0.05,no_decoy,target,1,9.437
1,137,numeric,0.03,0.05,competitor,decoy,0,4.749
1,138,perceptual,0.03,0.05,target,decoy,0,5.169
1,139,numeric,0.1,0.05,competitor,target,1,5.584
1,140,numeric,0.1,0.05,target,target,1,7.856
1,141,numeric,0.03,0.05,competitor,target,1,9.256
1,142,numeric,0.03,0.05,target,competitor,0,15.249
1,143,perceptual,0.03,0.05,target,target,1,3.951
1,144,perceptual,0.03,0.2,no_decoy,target,1,3.016
1,145,perceptual,0.1,0.2,target,competitor,0,4.544
1,146,numeric,0.1,0.2,target,target,1,4.895
1,147,perceptual,0.1,0.2,competitor,decoy,0,4.325
1,148,numeric,0.03,0.2,no_decoy,competitor,0,4.7
1,149,numeric,0.03,0.05,competitor,target,1,7.249
1,150,perceptual,0.03,0.2,target,target,1,5.317
1,151,numeric,0.03,0.2,target,target,1,8.485
1,152,numeric,0.03,0.2,competitor,competitor,0,9.45
1,153,numeric,0.03,0.05,competitor,decoy,0,4.605
1,154,perceptual,0.1,0.2,target,target,1,3.792
1,155,numeric,0.1,0.2,competitor,target,1,2.987
1,156,perceptual,0.03,0.2,no_decoy,target,1,3.605
1,157,perceptual,0.03,0.05,target,target,1,8.702
1,158,perceptual,0.03,0.05,no_decoy,target,1,4.152
1,159,perceptual,0.1,0.05,no_decoy,target,1,4.001
1,160,perceptual,0.03,0.05,competitor,decoy,0,15.559
1,161,perceptual,0.03,0.2,competitor,target,1,4.691
1,162,perceptual,0.03,0.05,target,competitor,0,8.3
1,163,perceptual,0.1,0.2,competitor,target,1,5.63
1,164,numeric,0.1,0.05,target,target,1,3.828
1,165,numeric,0.03,0.05,target,competitor,0,4.35
1,166,perceptual,0.03,0.05,no_decoy,competitor,0,2.571
1,167,numeric,0.03,0.05,target,competitor,0,3.965
1,168,perceptual,0.1,0.2,target,target,1,7.671
1,169,perceptual,0.1,0.05,competitor,target,1,3.841
1,170,numeric,0.1,0.05,competitor,competitor,0,4.322
1,171,numeric,0.03,0.2,no_decoy,target,1,3.398
1,172,perceptual,0.1,0.05,competitor,competitor,0,5.321
1,173,numeric,0.03,0.2,no_decoy,competitor,0,2.833
1,174,perceptual,0.03,0.2,target,competitor,0,2.979
1,175,perceptual,0.03,0.05,no_decoy,target,1,2.781
1,176,numeric,0.03,0.05,target,competitor,0,3.349
1,177,perceptual,0.03,0.05,no_decoy,target,1,6.967
1,178,perceptual,0.03,0.2,no_decoy,competitor,0,5.45
1,179,numeric,0.03,0.2,competitor,decoy,0,6.638
1,180,perceptual,0.1,0.05,target,decoy,0,4.324
1,181,numeric,0.03,0.2,competitor,competitor,0,6.526
1,182,numeric,0.1,0.05,target,target,1,6.117
1,183,perceptual,0.03,0.05,no_decoy,target,1,3.614
1,184,perceptual,0.1,0.05,target,target,1,3.698
1,185,perceptual,0.1,0.05,no_decoy,target,1,3.949
1,186,numeric,0.1,0.2,target,decoy,0,7.95
1,187,perceptual,0.1,0.05,target,target,1,6.35
1,188,numeric,0.03,0.05,no_decoy,target,1,4.749
1,189,perceptual,0.1,0.2,no_decoy,target,1,3.726
1,190,perceptual,0.03,0.05,no_decoy,competitor,0,3.933
1,191,numeric,0.1,0.05,target,target,1,3.966
1,192,numeric,0.03,0.2,target,competitor,0,4.031
1,193,perceptual,0.03,0.2,target,decoy,0,6.303
1,194,numeric,0.03,0.05,competitor,competitor,0,12.985
1,195,perceptual,0.03,0.05,target,competitor,0,8.702
1,196,numeric,0.03,0.05,competitor,competitor,0,8.311
1,197,perceptual,0.1,0.2,target,target,1,7.439
1,198,numeric,0.1,0.05,target,target,1,6.74
1,199,numeric,0.1,0.2,no_decoy,target,1,3.607
1,200,perceptual,0.1,0.05,target,decoy,0,2.735
1,201,perceptual,0.1,0.2,competitor,decoy,0,2.663
1,202,perceptual,0.03,0.2,competitor,target,1,2.731
1,203,perceptual,0.1,0.2,competitor,target,1,6.846
1,204,numeric,0.1,0.05,no_decoy,competitor,0,3.611
1,205,perceptual,0.03,0.2,target,competitor,0,5.947
1,206,perceptual,0.03,0.05,no_decoy,competitor,0,3.238
1,207,numeric,0.1,0.05,no_decoy,target,1,6.544
1,208,numeric,0.03,0.2,competitor,target,1,5.249
1,209,numeric,0.03,0.05,competitor,target,1,6.442
1,210,numeric,0.1,0.2,competitor,competitor,0,5.399
1,211,numeric,0.1,0.05,target,target,1,4.371
1,212,perceptual,0.1,0.2,competitor,competitor,0,2.637
1,213,numeric,0.03,0.05,target,target,1,4.219
1,214,numeric,0.1,0.05,competitor,competitor,0,5.07
1,215,perceptual,0.1,0.2,no_decoy,competitor,0,4.953
1,216,perceptual,0.03,0.05,competitor,target,1,2.948
1,217,perceptual,0.03,0.05,competitor,decoy,0,4.702
1,218,perceptual,0.1,0.05,target,decoy,0,4.013
1,219,perceptual,0.1,0.2,no_decoy,target,1,7.485
1,220,perceptual,0.1,0.05,no_decoy,target,1,3.905
1,221,numeric,0.1,0.2,no_decoy,target,1,8.29
1,222,numeric,0.1,0.05,no_decoy,target,1,10.183
1,223,perceptual,0.1,0.05,competitor,target,1,7.067
1,224,numeric,0.03,0.05,no_decoy,competitor,0,9.382
1,225,numeric,0.1,0.05,competitor,target,1,4.124
1,226,numeric,0.03,0.2,no_decoy,target,1,3.534
1,227,perceptual,0.1,0.05,target,competitor,0,4.149
1,228,numeric,0.1,0.2,target,competitor,0,3.585
1,229,numeric,0.03,0.2,target,competitor,0,2.847
1,230,perceptual,0.1,0.05,no_decoy,competitor,0,3.431
1,231,numeric,0.1,0.2,competitor,competitor,0,5.271
1,232,numeric,0.1,0.2,no_decoy,competitor,0,5.214
1,233,perceptual,0.1,0.2,no_decoy,target,1,4.146
1,234,perceptual,0.1,0.05,no_decoy,target,1,3.082
1,235,numeric,0.1,0.2,competitor,target,1,3.982
1,236,perceptual,0.1,0.05,competitor,competitor,0,4.38
1,237,numeric,0.1,0.2,target,decoy,0,5.845
1,238,perceptual,0.1,0.2,competitor,competitor,0,7.977
1,239,numeric,0.03,0.05,competitor,decoy,0,4.808
1,240,numeric,0.03,0.2,no_decoy,competitor,0,5.164
1,241,perceptual,0.1,0.2,target,competitor,0,7.718
1,242,perceptual,0.1,0.05,target,competitor,0,3.887
1,243,numeric,0.1,0.2,competitor,target,1,4.583
1,244,perceptual,0.1,0.2,target,target,1,2.799
1,245,perceptual,0.1,0.2,no_decoy,target,1,3.301
1,246,perceptual,0.03,0.05,competitor,decoy,0,4.359
1,247,numeric,0.1,0.2,no_decoy,target,1,7.583
1,248,numeric,0.03,0.2,no_decoy,competitor,0,5.405
1,249,numeric,0.1,0.2,no_decoy,target,1,4.139
1,250,perceptual,0.03,0.2,competitor,competitor,0,4.467
1,251,perceptual,0.03,0.05,target,competitor,0,4.116
1,252,numeric,0.03,0.05,competitor,decoy,0,4.269
1,253,numeric,0.03,0.2,target,target,1,2.908
1,254,numeric,0.03,0.2,competitor,target,1,8.815
1,255,numeric,0.1,0.05,target,target,1,6.635
1,256,perceptual,0.03,0.2,target,competitor,0,4.596
1,257,numeric,0.1,0.2,no_decoy,competitor,0,3.638
1,258,perceptual,0.03,0.05,competitor,decoy,0,4.58
1,259,perceptual,0.03,0.05,competitor,decoy,0,8.735
1,260,numeric,0.1,0.2,target,decoy,0,5.353
1,261,perceptual,0.03,0.05,competitor,decoy,0,7.616
1,262,numeric,0.03,0.05,target,competitor,0,5.718
1,263,perceptual,0.1,0.05,no_decoy,target,1,4.932
1,264,numeric,0.1,0.2,competitor,competitor,0,5.38
1,265,perceptual,0.1,0.2,no_decoy,target,1,3.835
1,266,numeric,0.1,0.05,competitor,target,1,6.359
1,267,perceptual,0.1,0.05,no_decoy,target,1,3.604
1,268,numeric,0.1,0.05,competitor,decoy,0,5.774
1,269,perceptual,0.03,0.2,competitor,competitor,0,3.784
1,270,numeric,0.1,0.05,no_decoy,target,1,2.899
1,271,numeric,0.03,0.05,no_decoy,competitor,0,12.873
1,272,perceptual,0.1,0.2,competitor,target,1,5.708
1,273,perceptual,0.1,0.2,no_decoy,target,1,2.809
1,274,numeric,0.03,0.2,competitor,competitor,0,2.7
1,275,numeric,0.1,0.2,target,decoy,0,4.753
1,276,perceptual,0.03,0.2,no_decoy,competitor,0,4.524
1,277,numeric,0.1,0.05,competitor,decoy,0,7.9
1,278,numeric,0.1,0.2,competitor,target,1,7.831
1,279,perceptual,0.1,0.05,competitor,target,1,4.145
1,280,perceptual,0.03,0.2,competitor,competitor,0,6.599
1,281,perceptual,0.03,0.2,no_decoy,target,1,6.676
1,282,perceptual,0.03,0.2,no_decoy,competitor,0,6.35
1,283,numeric,0.03,0.2,no_decoy,competitor,0,4.702
1,284,perceptual,0.03,0.2,competitor,target,1,7.205
1,285,numeric,0.1,0.05,target,competitor,0,6.116
1,286,perceptual,0.03,0.05,target,target,1,3.59
1,287,perceptual,0.1,0.2,no_decoy,target,1,3.314
1,288,numeric,0.1,0.05,no_decoy,target,1,2.763
2,1,perceptual,0.1,0.05,no_decoy,target,1,12.395
2,2,perceptual,0.03,0.2,competitor,competitor,0,18.118
2,3,perceptual,0.1,0.2,target,competitor,0,9.796
2,4,perceptual,0.03,0.05,no_decoy,target,1,8.313
2,5,numeric,0.1,0.05,target,target,1,11.071
2,6,perceptual,0.03,0.2,target,target,1,10.743
2,7,perceptual,0.03,0.2,no_decoy,target,1,11.601
2,8,perceptual,0.03,0.2,competitor,competitor,0,19.34
2,9,perceptual,0.03,0.05,no_decoy,competitor,0,6.294
2,10,numeric,0.03,0.05,competitor,target,1,18.292
2,11,perceptual,0.03,0.05,no_decoy,competitor,0,10.967
2,12,numeric,0.03,0.2,competitor,target,1,14.136
2,14,numeric,0.1,0.05,no_decoy,target,1,6.771
2,15,numeric,0.03,0.2,target,competitor,0,14.15
2,16,numeric,0.03,0.05,no_decoy,target,1,5.292
2,17,numeric,0.1,0.2,competitor,competitor,0,11.536
2,18,perceptual,0.1,0.2,target,target,1,9.118
2,19,perceptual,0.1,0.2,target,target,1,10.302
2,20,numeric,0.1,0.2,target,target,1,10.181
2,21,numeric,0.03,0.05,competitor,target,1,8.836
2,22,perceptual,0.1,0.2,target,target,1,7.124
2,23,numeric,0.1,0.2,target,target,1,9.189
2,24,perceptual,0.03,0.05,competitor,target,1,8.368
2,25,perceptual,0.03,0.05,competitor,target,1,10.942
2,26,numeric,0.1,0.05,target,target,1,14.118
2,27,perceptual,0.1,0.2,no_decoy,target,1,4.933
2,28,perceptual,0.1,0.05,target,competitor,0,11.163
2,29,numeric,0.03,0.2,no_decoy,target,1,10.628
2,30,perceptual,0.03,0.2,competitor,competitor,0,8.959
2,31,perceptual,0.1,0.2,target,target,1,11.988
2,32,numeric,0.03,0.2,target,target,1,6.536
2,33,perceptual,0.1,0.2,target,target,1,8.558
2,34,perceptual,0.1,0.05,competitor,target,1,7.901
2,35,numeric,0.1,0.2,competitor,target,1,12.006
2,36,perceptual,0.03,0.05,target,target,1,15.034
2,37,perceptual,0.1,0.2,no_decoy,target,1,6.013
2,38,numeric,0.1,0.2,no_decoy,target,1,4.28
2,39,perceptual,0.1,0.2,target,target,1,11.092
2,40,numeric,0.1,0.05,no_decoy,target,1,9.19
2,41,numeric,0.03,0.05,no_decoy,target,1,6.016
2,42,numeric,0.1,0.05,competitor,target,1,10.516
2,43,perceptual,0.1,0.2,no_decoy,target,1,3.992
2,44,perceptual,0.03,0.05,target,competitor,0,10.66
2,45,numeric,0.03,0.2,competitor,target,1,15.637
2,46,perceptual,0.03,0.05,competitor,target,1,12.055
2,47,numeric,0.1,0.2,target,target,1,13.36
2,48,numeric,0.03,0.05,competitor,decoy,0,18.95
2,49,numeric,0.03,0.05,competitor,target,1,9.853
2,50,numeric,0.03,0.05,target,target,1,15.8
2,51,numeric,0.03,0.2,target,competitor,0,15.515
2,52,numeric,0.1,0.05,target,competitor,0,0.241
2,53,perceptual,0.1,0.05,competitor,competitor,0,12.655
2,54,perceptual,0.1,0.05,target,competitor,0,7.626
2,55,perceptual,0.03,0.05,target,competitor,0,6.121
2,56,numeric,0.1,0.2,competitor,target,1,14.472
2,57,numeric,0.1,0.2,competitor,target,1,9.965
2,58,perceptual,0.03,0.05,no_decoy,competitor,0,7.267
2,59,perceptual,0.03,0.2,competitor,competitor,0,6.744
2,60,perceptual,0.03,0.2,target,competitor,0,8.665
2,61,perceptual,0.1,0.05,no_decoy,target,1,4.743
2,62,numeric,0.03,0.05,target,target,1,13.092
2,63,numeric,0.1,0.2,no_decoy,competitor,0,7.78
2,64,perceptual,0.03,0.2,competitor,target,1,7.214
2,65,perceptual,0.1,0.05,competitor,target,1,7.888
2,66,numeric,0.1,0.2,no_decoy,target,1,6.502
2,67,numeric,0.1,0.05,competitor,target,1,15.698
2,68,perceptual,0.03,0.2,no_decoy,competitor,0,7.48
2,69,perceptual,0.03,0.05,competitor,target,1,8.856
2,70,perceptual,0.1,0.2,no_decoy,target,1,4.912
2,71,numeric,0.03,0.05,no_decoy,target,1,6.439
2,72,perceptual,0.03,0.2,target,target,1,6.45
2,73,perceptual,0.03,0.2,competitor,competitor,0,4.591
2,74,perceptual,0.1,0.2,no_decoy,competitor,0,4.304
2,75,perceptual,0.03,0.05,target,target,1,5.909
2,76,numeric,0.1,0.2,target,target,1,10.397
2,77,numeric,0.03,0.2,no_decoy,target,1,3.958
2,78,perceptual,0.03,0.05,no_decoy,target,1,6.156
2,79,numeric,0.03,0.2,no_decoy,competitor,0,8.015
2,80,numeric,0.03,0.05,target,competitor,0,14.956
2,81,perceptual,0.03,0.2,competitor,competitor,0,4.602
2,82,perceptual,0.03,0.05,competitor,competitor,0,4.533
2,83,perceptual,0.03,0.05,target,decoy,0,6.259
2,84,perceptual,0.1,0.2,no_decoy,target,1,3.269
2,85,numeric,0.03,0.2,competitor,target,1,4.87
2,86,perceptual,0.1,0.05,competitor,target,1,6.332
2,87,perceptual,0.03,0.2,target,target,1,8.016
2,88,perceptual,0.03,0.2,target,target,1,6.944
2,89,numeric,0.03,0.2,target,decoy,0,5.985
2,90,numeric,0.1,0.05,competitor,target,1,9.194
2,91,numeric,0.03,0.05,target,competitor,0,10.586
2,92,numeric,0.03,0.2,target,competitor,0,10.686
2,93,numeric,0.03,0.05,no_decoy,target,1,4.929
2,94,numeric,0.1,0.05,competitor,target,1,15.233
2,95,perceptual,0.03,0.05,no_decoy,target,1,5.005
2,96,numeric,0.03,0.2,competitor,target,1,9.055
2,97,numeric,0.03,0.05,target,target,1,11.003
2,98,perceptual,0.1,0.2,competitor,target,1,7.925
2,99,numeric,0.1,0.2,competitor,target,1,6.422
2,100,numeric,0.1,0.05,competitor,target,1,12.301
2,101,perceptual,0.1,0.2,competitor,target,1,5.337
2,102,perceptual,0.03,0.2,no_decoy,competitor,0,3.253
2,103,numeric,0.1,0.05,no_decoy,target,1,5.651
2,104,numeric,0.03,0.2,target,competitor,0,17.445
2,105,perceptual,0.03,0.05,target,competitor,0,7.316
2,106,numeric,0.1,0.05,target,target,1,8.567
2,107,numeric,0.1,0.2,no_decoy,target,1,3.49
2,108,perceptual,0.03,0.05,no_decoy,target,1,4.444
2,109,numeric,0.1,0.2,no_decoy,target,1,5.538
2,110,numeric,0.03,0.05,no_decoy,target,1,4.692
2,111,numeric,0.1,0.05,target,target,1,15.153
2,112,perceptual,0.1,0.05,target,target,1,4.083
2,113,numeric,0.03,0.2,no_decoy,target,1,3.613
2,114,numeric,0.1,0.2,target,target,1,6.607
2,115,perceptual,0.1,0.2,competitor,target,1,6.421
2,116,numeric,0.03,0.2,target,competitor,0,8.752
2,117,numeric,0.1,0.2,competitor,competitor,0,12.838
2,118,numeric,0.03,0.05,target,target,1,12.574
2,119,perceptual,0.1,0.2,target,target,1,9.416
2,120,numeric,0.1,0.05,no_decoy,target,1,9.279
2,121,perceptual,0.1,0.05,no_decoy,target,1,8.345
2,122,perceptual,0.1,0.05,no_decoy,target,1,5.459
2,123,numeric,0.03,0.2,no_decoy,competitor,0,6.661
2,124,perceptual,0.1,0.2,competitor,target,1,11.12
2,125,perceptual,0.03,0.2,no_decoy,target,1,3.61
2,126,numeric,0.1,0.05,target,target,1,11.074
2,127,numeric,0.1,0.2,competitor,target,1,7.992
2,128,numeric,0.03,0.05,no_decoy,competitor,0,6.467
2,129,perceptual,0.03,0.2,no_decoy,target,1,3.879
2,130,perceptual,0.1,0.05,no_decoy,target,1,8.854
2,131,numeric,0.1,0.05,competitor,target,1,8.427
2,132,numeric,0.1,0.2,no_decoy,target,1,7.078
2,133,numeric,0.03,0.05,competitor,competitor,0,11.645
2,134,numeric,0.1,0.05,no_decoy,target,1,6.36
2,135,numeric,0.1,0.2,competitor,target,1,10.053
2,136,perceptual,0.1,0.2,target,target,1,8.758
2,137,numeric,0.03,0.2,no_decoy,target,1,5.799
2,138,numeric,0.03,0.05,target,competitor,0,9.832
2,139,numeric,0.03,0.2,target,competitor,0,12.7
2,140,perceptual,0.03,0.2,target,target,1,15.045
2,141,perceptual,0.03,0.2,target,competitor,0,8.734
2,142,perceptual,0.1,0.2,competitor,target,1,11.954
2,143,numeric,0.03,0.05,no_decoy,competitor,0,8.953
2,144,numeric,0.1,0.05,no_decoy,target,1,10.335
2,145,numeric,0.1,0.05,no_decoy,target,1,5.784
2,146,perceptual,0.1,0.05,target,target,1,12.478
2,147,numeric,0.1,0.2,target,target,1,9.248
2,148,numeric,0.1,0.2,no_decoy,target,1,5.972
2,149,numeric,0.03,0.2,no_decoy,target,1,8.817
2,150,numeric,0.1,0.2,competitor,target,1,9.466
2,151,numeric,0.1,0.05,competitor,target,1,8.836
2,152,perceptual,0.1,0.05,no_decoy,competitor,0,6.891
2,153,numeric,0.03,0.05,competitor,target,1,8.963
2,154,perceptual,0.1,0.05,competitor,target,1,8.504
2,155,numeric,0.1,0.05,competitor,target,1,15.988
2,156,perceptual,0.03,0.2,target,target,1,7.641
2,157,numeric,0.1,0.05,competitor,target,1,10.952
2,158,numeric,0.03,0.2,target,target,1,16.186
2,159,numeric,0.03,0.05,target,competitor,0,13.536
2,160,numeric,0.1,0.2,target,target,1,14.442
2,161,numeric,0.1,0.2,competitor,target,1,6.257
2,162,perceptual,0.03,0.2,no_decoy,competitor,0,4.444
2,163,perceptual,0.1,0.05,target,competitor,0,10.8
2,164,numeric,0.03,0.2,target,target,1,7.007
2,165,perceptual,0.03,0.05,no_decoy,target,1,5.779
2,166,perceptual,0.03,0.2,competitor,target,1,8.331
2,167,perceptual,0.1,0.05,competitor,competitor,0,13.817
2,168,perceptual,0.1,0.2,target,target,1,6.589
2,169,perceptual,0.03,0.05,target,target,1,11.599
2,170,perceptual,0.1,0.05,no_decoy,target,1,4.977
2,172,numeric,0.1,0.05,no_decoy,competitor,0,5.274
2,173,perceptual,0.1,0.2,no_decoy,target,1,3.3
2,174,perceptual,0.1,0.2,competitor,target,1,3.86
2,175,perceptual,0.1,0.2,competitor,target,1,6.505
2,176,numeric,0.03,0.05,competitor,target,1,6.402
2,177,perceptual,0.03,0.2,competitor,target,1,3.801
2,178,perceptual,0.03,0.2,target,target,1,4.098
2,179,numeric,0.03,0.2,no_decoy,target,1,5.733
2,180,perceptual,0.1,0.05,competitor,target,1,5.553
2,181,numeric,0.1,0.2,no_decoy,competitor,0,4.473
2,182,perceptual,0.1,0.05,competitor,target,1,9.1
2,183,numeric,0.1,0.05,target,competitor,0,10.769
2,184,perceptual,0.1,0.2,competitor,target,1,5.387
2,185,numeric,0.1,0.2,no_decoy,target,1,6.493
2,186,perceptual,0.03,0.05,competitor,target,1,10.605
2,187,numeric,0.03,0.05,no_decoy,target,1,11.237
2,188,numeric,0.03,0.2,competitor,target,1,7.101
2,189,perceptual,0.1,0.2,competitor,target,1,11.827
2,190,numeric,0.03,0.05,target,target,1,6.3
2,191,perceptual,0.03,0.05,target,target,1,11.228
2,192,numeric,0.03,0.2,competitor,target,1,6.745
2,193,perceptual,0.03,0.05,no_decoy,target,1,4.1
2,194,perceptual,0.1,0.2,no_decoy,target,1,3.478
2,195,numeric,0.1,0.05,no_decoy,target,1,4.705
2,196,numeric,0.03,0.2,competitor,target,1,9.872
2,197,numeric,0.1,0.2,no_decoy,target,1,3.477
2,198,perceptual,0.1,0.05,no_decoy,competitor,0,5.424
2,199,perceptual,0.03,0.2,no_decoy,target,1,4.99
2,200,numeric,0.1,0.05,competitor,target,1,6.016
2,201,perceptual,0.03,0.05,target,target,1,7.92
2,202,perceptual,0.03,0.2,target,target,1,4.894
2,203,perceptual,0.1,0.05,target,target,1,5.114
2,204,numeric,0.1,0.05,no_decoy,target,1,6.33
2,205,numeric,0.03,0.05,no_decoy,competitor,0,6.12
2,206,perceptual,0.03,0.2,competitor,target,1,8.394
2,207,perceptual,0.1,0.2,competitor,target,1,10.389
2,208,perceptual,0.03,0.2,target,target,1,7.323
2,209,perceptual,0.03,0.05,competitor,target,1,6.992
2,210,perceptual,0.03,0.05,no_decoy,competitor,0,5.747
2,211,perceptual,0.1,0.05,target,target,1,4.287
2,212,perceptual,0.03,0.05,no_decoy,target,1,5.371
2,213,perceptual,0.03,0.2,competitor,target,1,4.993
2,214,numeric,0.1,0.05,competitor,target,1,6.709
2,215,perceptual,0.1,0.05,competitor,target,1,3.731
2,216,numeric,0.03,0.05,no_decoy,target,1,5.468
2,217,perceptual,0.03,0.05,competitor,target,1,12.054
2,218,numeric,0.03,0.05,competitor,target,1,8.488
2,219,numeric,0.03,0.2,target,target,1,8.028
2,220,numeric,0.03,0.05,target,competitor,0,10.278
2,221,numeric,0.1,0.2,target,competitor,0,7.111
2,222,numeric,0.03,0.2,no_decoy,competitor,0,7.153
2,223,numeric,0.03,0.05,target,competitor,0,11.894
2,224,numeric,0.03,0.05,competitor,target,1,10.656
2,225,perceptual,0.03,0.05,competitor,decoy,0,3.795
2,226,numeric,0.1,0.2,target,target,1,10.408
2,227,perceptual,0.03,0.2,no_decoy,competitor,0,4.255
2,228,numeric,0.03,0.05,target,competitor,0,9.369
2,229,perceptual,0.1,0.05,competitor,target,1,5.297
2,230,perceptual,0.03,0.2,no_decoy,target,1,6.714
2,231,numeric,0.03,0.2,target,target,1,8.346
2,232,perceptual,0.1,0.05,competitor,target,1,8.754
2,233,numeric,0.03,0.05,no_decoy,target,1,6.684
2,234,perceptual,0.03,0.05,target,decoy,0,7
2,235,perceptual,0.1,0.05,target,decoy,0,7.158
2,236,numeric,0.03,0.2,competitor,target,1,10.649
2,237,perceptual,0.03,0.2,no_decoy,target,1,4.44
2,238,perceptual,0.1,0.2,target,target,1,4.148
2,239,numeric,0.03,0.2,competitor,target,1,8.408
2,240,perceptual,0.1,0.05,no_decoy,target,1,9.029
2,241,numeric,0.03,0.2,no_decoy,target,1,7.475
2,242,numeric,0.03,0.05,no_decoy,target,1,6.617
2,243,perceptual,0.03,0.05,no_decoy,target,1,5.862
2,244,numeric,0.1,0.2,no_decoy,competitor,0,7.52
2,245,numeric,0.1,0.05,target,target,1,9.599
2,246,numeric,0.1,0.05,target,target,1,12.204
2,247,numeric,0.03,0.05,competitor,target,1,9.143
2,248,perceptual,0.1,0.05,target,target,1,4.162
2,249,numeric,0.1,0.05,target,target,1,7.16
2,250,numeric,0.1,0.2,competitor,target,1,11.251
2,251,numeric,0.03,0.2,competitor,target,1,7.426
2,252,numeric,0.1,0.05,target,target,1,9.388
2,253,perceptual,0.03,0.05,competitor,competitor,0,6.439
2,254,perceptual,0.03,0.05,target,target,1,5.109
2,255,perceptual,0.03,0.2,no_decoy,competitor,0,5.36
2,256,perceptual,0.1,0.2,no_decoy,competitor,0,6.279
2,257,perceptual,0.1,0.2,competitor,target,1,7.225
2,258,perceptual,0.03,0.2,competitor,target,1,9.085
2,259,perceptual,0.1,0.05,no_decoy,target,1,4.445
2,260,perceptual,0.1,0.05,no_decoy,target,1,4.592
2,261,perceptual,0.1,0.05,target,target,1,8.898
2,262,numeric,0.1,0.2,target,competitor,0,10.676
2,263,numeric,0.03,0.2,competitor,target,1,12.521
2,264,perceptual,0.1,0.2,competitor,target,1,4.867
2,265,perceptual,0.1,0.05,target,target,1,5.525
2,266,numeric,0.03,0.2,no_decoy,target,1,4.487
2,267,numeric,0.1,0.2,target,target,1,7.742
2,268,perceptual,0.1,0.05,competitor,target,1,10.027
2,269,numeric,0.03,0.05,competitor,target,1,10.502
2,270,numeric,0.03,0.05,competitor,target,1,13.9
2,271,perceptual,0.1,0.2,no_decoy,target,1,4.965
2,272,perceptual,0.03,0.05,target,target,1,7.681
2,273,perceptual,0.03,0.2,no_decoy,competitor,0,4.526
2,274,numeric,0.1,0.05,no_decoy,target,1,5.806
2,275,numeric,0.1,0.2,no_decoy,target,1,5.41
2,276,perceptual,0.03,0.2,target,target,1,8.594
2,277,perceptual,0.1,0.2,target,competitor,0,5.845
2,278,perceptual,0.03,0.05,competitor,target,1,6.62
2,279,perceptual,0.03,0.05,competitor,competitor,0,7.017
2,280,numeric,0.1,0.2,competitor,target,1,7.692
2,281,numeric,0.03,0.2,no_decoy,target,1,6.476
2,282,perceptual,0.1,0.05,no_decoy,target,1,4.414
2,283,perceptual,0.1,0.05,target,competitor,0,9.002
2,284,perceptual,0.1,0.2,no_decoy,target,1,2.94
2,285,perceptual,0.1,0.2,no_decoy,target,1,2.729
2,286,numeric,0.1,0.05,no_decoy,target,1,4.552
2,287,numeric,0.1,0.2,target,target,1,11.449
2,288,numeric,0.1,0.05,competitor,target,1,10.107
3,1,perceptual,0.1,0.05,no_decoy,target,1,4.722
3,2,numeric,0.1,0.2,target,target,1,3.894
3,3,perceptual,0.03,0.2,no_decoy,target,1,4.59
3,4,numeric,0.03,0.2,target,target,1,5.124
3,5,numeric,0.03,0.05,competitor,competitor,0,6.385
3,6,numeric,0.03,0.05,competitor,target,1,4.261
3,7,perceptual,0.03,0.2,target,competitor,0,5.729
3,8,numeric,0.1,0.05,no_decoy,competitor,0,6.779
3,9,perceptual,0.03,0.05,competitor,competitor,0,6.442
3,10,perceptual,0.03,0.2,no_decoy,target,1,4.204
3,11,perceptual,0.03,0.2,competitor,target,1,3.436
3,12,perceptual,0.03,0.2,competitor,target,1,4.887
3,13,numeric,0.1,0.05,no_decoy,target,1,5.572
3,14,perceptual,0.03,0.2,competitor,target,1,5.054
3,15,numeric,0.03,0.2,target,competitor,0,6.535
3,16,perceptual,0.03,0.05,target,target,1,4.234
3,17,perceptual,0.1,0.05,no_decoy,target,1,5.536
3,18,numeric,0.03,0.2,competitor,target,1,6.815
3,19,numeric,0.03,0.2,no_decoy,target,1,7.035
3,20,perceptual,0.1,0.2,competitor,target,1,5.361
3,21,perceptual,0.1,0.05,competitor,target,1,4.964
3,22,perceptual,0.1,0.05,no_decoy,target,1,5.418
3,23,numeric,0.03,0.2,no_decoy,target,1,6.041
3,24,perceptual,0.03,0.05,competitor,decoy,0,9.234
3,25,numeric,0.1,0.2,competitor,target,1,7.197
3,26,numeric,0.03,0.05,competitor,competitor,0,8.115
3,27,perceptual,0.1,0.2,competitor,target,1,5.664
3,28,numeric,0.03,0.2,no_decoy,competitor,0,6.44
3,29,perceptual,0.1,0.05,no_decoy,target,1,4.052
3,30,numeric,0.03,0.05,competitor,target,1,9.4
3,31,numeric,0.1,0.05,competitor,decoy,0,6.495
3,32,numeric,0.1,0.2,competitor,target,1,6.902
3,33,numeric,0.03,0.2,competitor,target,1,7.334
3,34,numeric,0.03,0.05,competitor,target,1,6.958
3,35,numeric,0.1,0.2,competitor,target,1,7.259
3,36,perceptual,0.03,0.05,target,target,1,5.81
3,37,perceptual,0.1,0.05,target,decoy,0,5.565
3,38,numeric,0.03,0.05,no_decoy,target,1,5.972
3,39,numeric,0.03,0.05,target,target,1,8.902
3,40,numeric,0.1,0.2,target,target,1,6.683
3,41,perceptual,0.1,0.2,no_decoy,target,1,4.154
3,42,numeric,0.1,0.05,target,target,1,6.371
3,43,numeric,0.03,0.2,target,target,1,6.484
3,44,numeric,0.03,0.05,target,target,1,6.551
3,45,numeric,0.1,0.2,no_decoy,target,1,6.64
3,46,perceptual,0.1,0.2,no_decoy,target,1,4.596
3,47,numeric,0.1,0.2,no_decoy,target,1,5.882
3,48,numeric,0.1,0.2,no_decoy,target,1,4.648
3,49,numeric,0.1,0.05,target,target,1,5.525
3,50,perceptual,0.1,0.2,competitor,target,1,3.913
3,51,perceptual,0.1,0.2,target,competitor,0,4.118
3,52,perceptual,0.1,0.2,target,target,1,6.117
3,53,perceptual,0.03,0.2,target,competitor,0,4.696
3,54,numeric,0.1,0.05,target,competitor,0,6.867
3,55,perceptual,0.03,0.05,no_decoy,target,1,4.836
3,56,numeric,0.03,0.05,target,competitor,0,5.784
3,57,perceptual,0.03,0.2,target,competitor,0,6.634
3,58,perceptual,0.1,0.2,target,target,1,6.011
3,59,numeric,0.03,0.2,competitor,target,1,6.006
3,60,perceptual,0.03,0.05,no_decoy,target,1,7.254
3,61,numeric,0.03,0.05,target,target,1,6.771
3,62,perceptual,0.1,0.2,no_decoy,target,1,6.767
3,63,perceptual,0.1,0.05,competitor,competitor,0,4.702
3,64,perceptual,0.03,0.2,no_decoy,competitor,0,4.621
3,65,numeric,0.03,0.05,target,target,1,6.094
3,66,numeric,0.1,0.05,no_decoy,target,1,4.762
3,67,numeric,0.1,0.05,target,target,1,7.569
3,68,perceptual,0.03,0.2,target,target,1,4.786
3,69,perceptual,0.1,0.2,no_decoy,target,1,4.218
3,70,perceptual,0.1,0.05,no_decoy,target,1,5.087
3,71,perceptual,0.03,0.2,no_decoy,target,1,5.562
3,72,perceptual,0.03,0.05,no_decoy,competitor,0,5.834
3,73,perceptual,0.03,0.05,no_decoy,target,1,5.736
3,74,perceptual,0.03,0.05,competitor,target,1,5.601
3,75,numeric,0.03,0.2,target,target,1,6.735
3,76,numeric,0.03,0.05,target,target,1,7.052
3,77,numeric,0.03,0.05,competitor,target,1,6.219
3,78,numeric,0.03,0.05,no_decoy,competitor,0,5.684
3,79,perceptual,0.1,0.05,no_decoy,target,1,4.735
3,80,perceptual,0.1,0.2,no_decoy,target,1,6.035
3,81,perceptual,0.1,0.05,competitor,target,1,6.476
3,82,numeric,0.1,0.05,target,target,1,4.872
3,83,perceptual,0.1,0.05,no_decoy,target,1,4.074
3,84,numeric,0.03,0.2,target,target,1,9.829
3,85,perceptual,0.03,0.2,competitor,target,1,7.181
3,86,perceptual,0.03,0.2,no_decoy,target,1,6.27
3,87,numeric,0.1,0.2,competitor,target,1,8.252
3,88,perceptual,0.03,0.05,competitor,decoy,0,6.335
3,89,numeric,0.1,0.2,target,target,1,8.259
3,90,numeric,0.03,0.05,competitor,competitor,0,9.671
3,91,numeric,0.1,0.05,competitor,decoy,0,9.133
3,92,numeric,0.1,0.05,no_decoy,target,1,7.953
3,93,numeric,0.1,0.05,no_decoy,target,1,5.667
3,94,perceptual,0.03,0.05,target,target,1,7.937
3,95,numeric,0.03,0.05,competitor,competitor,0,7.161
3,96,perceptual,0.1,0.2,no_decoy,target,1,8.653
3,97,numeric,0.03,0.2,competitor,competitor,0,9.991
3,98,perceptual,0.1,0.05,target,target,1,5.229
3,99,numeric,0.1,0.05,competitor,target,1,7.062
3,100,numeric,0.1,0.2,target,target,1,6.796
3,101,perceptual,0.1,0.2,no_decoy,target,1,7.046
3,102,numeric,0.03,0.05,no_decoy,competitor,0,7.988
3,103,numeric,0.1,0.05,no_decoy,target,1,9.036
3,104,numeric,0.03,0.2,no_decoy,target,1,10.218
3,105,numeric,0.1,0.05,competitor,target,1,6.595
3,106,perceptual,0.03,0.2,competitor,competitor,0,6.23
3,107,perceptual,0.1,0.2,competitor,competitor,0,4.361
3,108,numeric,0.1,0.05,target,target,1,7.579
3,109,perceptual,0.1,0.2,competitor,target,1,4.017
3,110,numeric,0.1,0.05,target,target,1,8.621
3,111,perceptual,0.03,0.05,target,competitor,0,12.342
3,112,numeric,0.03,0.2,competitor,competitor,0,12.518
3,113,numeric,0.03,0.2,no_decoy,target,1,10.209
3,114,perceptual,0.03,0.05,competitor,target,1,5.63
3,115,numeric,0.1,0.2,no_decoy,target,1,7.898
3,116,perceptual,0.03,0.2,no_decoy,target,1,5.634
3,117,numeric,0.1,0.2,no_decoy,competitor,0,9.613
3,118,perceptual,0.03,0.2,target,target,1,9.644
3,119,perceptual,0.03,0.2,no_decoy,target,1,5.101
3,120,perceptual,0.03,0.2,competitor,competitor,0,6.157
3,121,numeric,0.1,0.2,target,competitor,0,8.497
3,122,numeric,0.1,0.2,no_decoy,target,1,6.35
3,123,perceptual,0.1,0.05,target,target,1,6.504
3,124,numeric,0.03,0.2,competitor,target,1,6.387
3,125,numeric,0.03,0.2,target,target,1,6.918
3,126,perceptual,0.03,0.05,target,competitor,0,9.38
3,127,numeric,0.03,0.05,target,target,1,9.861
3,128,numeric,0.03,0.2,competitor,target,1,8.851
3,129,numeric,0.03,0.2,competitor,target,1,5.096
3,130,numeric,0.03,0.05,target,target,1,8.647
3,131,numeric,0.03,0.05,no_decoy,target,1,5.545
3,132,numeric,0.03,0.2,no_decoy,target,1,6.178
3,133,perceptual,0.1,0.2,competitor,target,1,4.321
3,134,numeric,0.03,0.2,competitor,target,1,6.519
3,135,perceptual,0.03,0.2,no_decoy,competitor,0,4.635
3,136,perceptual,0.03,0.2,no_decoy,target,1,4.795
3,137,perceptual,0.1,0.2,target,target,1,5.213
3,138,perceptual,0.03,0.05,no_decoy,target,1,4.616
3,139,perceptual,0.1,0.05,target,target,1,5.474
3,140,numeric,0.03,0.2,target,target,1,8.07
3,141,numeric,0.1,0.05,target,target,1,9.598
3,142,perceptual,0.1,0.2,competitor,target,1,8.27
3,143,perceptual,0.03,0.05,no_decoy,target,1,4.451
3,144,perceptual,0.03,0.2,target,competitor,0,5.583
3,145,perceptual,0.03,0.05,competitor,competitor,0,7.418
3,146,numeric,0.1,0.05,competitor,target,1,5.385
3,147,numeric,0.03,0.05,no_decoy,competitor,0,4.753
3,148,perceptual,0.1,0.05,competitor,target,1,7.016
3,149,numeric,0.03,0.05,target,target,1,10.062
3,150,perceptual,0.03,0.05,competitor,target,1,6.538
3,151,numeric,0.1,0.05,no_decoy,target,1,11.002
3,152,perceptual,0.03,0.05,competitor,competitor,0,6.599
3,153,perceptual,0.03,0.2,no_decoy,target,1,5.23
3,154,perceptual,0.1,0.2,no_decoy,target,1,3.827
3,155,numeric,0.03,0.2,no_decoy,target,1,9.684
3,156,numeric,0.03,0.05,competitor,target,1,7.363
3,157,perceptual,0.1,0.05,competitor,competitor,0,10.534
3,158,perceptual,0.03,0.2,competitor,target,1,4.957
3,159,numeric,0.1,0.2,no_decoy,target,1,5.555
3,160,numeric,0.1,0.05,competitor,target,1,10.396
3,161,perceptual,0.1,0.2,no_decoy,competitor,0,5.154
3,162,perceptual,0.1,0.2,competitor,target,1,5.477
3,163,perceptual,0.1,0.05,competitor,target,1,4.163
3,164,numeric,0.1,0.05,competitor,target,1,6.967
3,165,numeric,0.03,0.05,no_decoy,competitor,0,5.286
3,166,perceptual,0.03,0.2,competitor,target,1,8.08
3,167,numeric,0.1,0.05,no_decoy,competitor,0,4.028
3,168,perceptual,0.1,0.05,competitor,target,1,5.506
3,169,numeric,0.03,0.05,competitor,competitor,0,7.513
3,170,numeric,0.1,0.05,competitor,target,1,6.714
3,171,perceptual,0.03,0.2,competitor,target,1,7.2
3,172,numeric,0.1,0.2,competitor,target,1,6.05
3,173,numeric,0.1,0.05,target,target,1,5.833
3,174,perceptual,0.03,0.2,competitor,target,1,6.595
3,175,numeric,0.1,0.05,no_decoy,target,1,5.047
3,176,numeric,0.03,0.05,target,target,1,3.76
3,177,numeric,0.1,0.05,competitor,target,1,6.912
3,178,perceptual,0.03,0.05,no_decoy,competitor,0,7.597
3,179,numeric,0.1,0.05,target,target,1,6.35
3,180,numeric,0.03,0.05,no_decoy,target,1,6.222
3,181,numeric,0.1,0.05,competitor,target,1,5.929
3,182,perceptual,0.03,0.05,target,competitor,0,4.707
3,183,numeric,0.03,0.05,no_decoy,target,1,4.531
3,184,perceptual,0.1,0.05,target,target,1,7.33
3,185,perceptual,0.1,0.2,competitor,target,1,4.425
3,186,numeric,0.1,0.2,target,target,1,6.313
3,187,numeric,0.03,0.2,target,competitor,0,6.415
3,188,perceptual,0.1,0.05,competitor,target,1,6.106
3,189,perceptual,0.03,0.2,target,target,1,5.614
3,190,perceptual,0.03,0.05,no_decoy,target,1,5.922
3,191,numeric,0.03,0.2,competitor,target,1,7.892
3,192,numeric,0.03,0.2,target,target,1,7.147
3,193,numeric,0.1,0.2,competitor,target,1,5.171
3,194,perceptual,0.1,0.05,target,target,1,4.369
3,195,numeric,0.1,0.05,competitor,target,1,4.54
3,196,perceptual,0.1,0.2,target,target,1,4.453
3,197,perceptual,0.1,0.05,no_decoy,target,1,6.913
3,198,perceptual,0.03,0.05,competitor,target,1,6.739
3,199,numeric,0.03,0.2,target,target,1,8.199
3,200,numeric,0.1,0.2,competitor,competitor,0,6.616
3,201,numeric,0.03,0.2,no_decoy,target,1,8.241
3,202,numeric,0.1,0.2,target,competitor,0,7.758
3,203,perceptual,0.1,0.05,competitor,target,1,9.215
3,204,perceptual,0.03,0.05,competitor,target,1,4.014
3,205,perceptual,0.03,0.2,competitor,competitor,0,4.517
3,206,numeric,0.03,0.05,no_decoy,target,1,9.515
3,207,numeric,0.1,0.05,target,target,1,9.246
3,208,perceptual,0.1,0.2,competitor,target,1,3.577
3,209,perceptual,0.03,0.2,target,target,1,3.837
3,210,perceptual,0.03,0.05,target,target,1,6.214
3,211,numeric,0.1,0.2,no_decoy,target,1,5.896
3,212,numeric,0.03,0.2,no_decoy,target,1,7.276
3,213,perceptual,0.1,0.05,target,decoy,0,8.747
3,214,numeric,0.1,0.2,target,target,1,7.098
3,215,perceptual,0.03,0.05,no_decoy,target,1,3.493
3,216,perceptual,0.03,0.2,no_decoy,target,1,5.409
3,217,numeric,0.03,0.05,target,competitor,0,6.969
3,218,perceptual,0.1,0.2,target,target,1,5.696
3,219,perceptual,0.1,0.05,target,target,1,5.887
3,220,perceptual,0.03,0.2,no_decoy,target,1,5.186
3,221,numeric,0.1,0.2,target,target,1,7.53
3,222,perceptual,0.03,0.05,target,competitor,0,6.513
3,223,perceptual,0.03,0.05,target,target,1,7.578
3,224,perceptual,0.1,0.05,no_decoy,target,1,5.681
3,225,numeric,0.03,0.2,target,target,1,6.744
3,226,perceptual,0.03,0.2,target,competitor,0,3.504
3,227,perceptual,0.1,0.05,target,decoy,0,5.779
3,228,perceptual,0.1,0.05,competitor,target,1,4.486
3,229,perceptual,0.1,0.2,competitor,target,1,4.711
3,230,perceptual,0.03,0.2,target,competitor,0,7.517
3,231,numeric,0.1,0.2,no_decoy,target,1,8.04
3,232,numeric,0.1,0.2,competitor,target,1,9.486
3,233,perceptual,0.1,0.2,no_decoy,target,1,5.497
3,234,numeric,0.1,0.2,competitor,target,1,5.578
3,235,perceptual,0.1,0.05,competitor,competitor,0,3.979
3,236,numeric,0.1,0.2,competitor,competitor,0,5.474
3,237,numeric,0.03,0.2,no_decoy,target,1,6.034
3,238,perceptual,0.1,0.05,no_decoy,target,1,2.885
3,239,perceptual,0.03,0.05,competitor,target,1,4.999
3,240,perceptual,0.1,0.2,target,target,1,8.044
3,241,perceptual,0.03,0.05,no_decoy,competitor,0,3.157
3,242,perceptual,0.1,0.05,target,target,1,5.462
3,243,perceptual,0.1,0.2,target,target,1,4.679
3,244,perceptual,0.1,0.05,no_decoy,target,1,4.587
3,245,perceptual,0.03,0.2,target,target,1,7.472
3,246,numeric,0.03,0.2,no_decoy,competitor,0,9.395
3,247,numeric,0.03,0.2,competitor,target,1,7.664
3,248,perceptual,0.1,0.2,competitor,competitor,0,3.648
3,249,perceptual,0.03,0.05,no_decoy,target,1,3.593
3,250,numeric,0.1,0.2,no_decoy,target,1,8.98
3,251,numeric,0.1,0.2,target,target,1,7.393
3,252,numeric,0.1,0.05,no_decoy,competitor,0,8.284
3,253,numeric,0.1,0.05,no_decoy,target,1,4.262
3,254,numeric,0.03,0.05,competitor,target,1,8.688
3,255,numeric,0.1,0.05,competitor,target,1,8.95
3,256,perceptual,0.03,0.2,competitor,target,1,7.888
3,257,numeric,0.1,0.2,target,target,1,5.003
3,258,numeric,0.03,0.2,no_decoy,target,1,7.73
3,259,numeric,0.03,0.05,no_decoy,target,1,7.249
3,260,perceptual,0.1,0.2,no_decoy,target,1,5.883
3,261,numeric,0.03,0.05,no_decoy,target,1,6.208
3,262,perceptual,0.1,0.2,target,target,1,3.721
3,263,perceptual,0.1,0.2,target,competitor,0,7.521
3,264,perceptual,0.1,0.05,target,competitor,0,5.407
3,265,perceptual,0.03,0.05,target,target,1,4.976
3,266,numeric,0.03,0.2,target,decoy,0,11.833
3,267,numeric,0.03,0.2,competitor,target,1,7.514
3,268,numeric,0.1,0.2,competitor,target,1,8.421
3,269,numeric,0.03,0.05,competitor,competitor,0,9.518
3,270,perceptual,0.1,0.2,no_decoy,target,1,4.738
3,271,numeric,0.1,0.2,no_decoy,target,1,5.843
3,272,perceptual,0.03,0.05,target,target,1,6.543
3,273,numeric,0.03,0.05,no_decoy,target,1,5.562
3,274,numeric,0.1,0.05,no_decoy,target,1,8.064
3,275,perceptual,0.1,0.2,target,competitor,0,6.303
3,276,numeric,0.1,0.05,target,target,1,7.305
3,277,perceptual,0.03,0.2,target,target,1,4.52
3,278,perceptual,0.1,0.05,competitor,target,1,4.763
3,279,numeric,0.1,0.2,no_decoy,target,1,7.412
3,280,perceptual,0.03,0.05,target,target,1,6.374
3,281,numeric,0.03,0.05,target,target,1,8.752
3,282,numeric,0.1,0.2,target,target,1,5.889
3,283,numeric,0.1,0.2,competitor,target,1,5.713
3,284,perceptual,0.1,0.05,no_decoy,target,1,3.337
3,285,perceptual,0.03,0.05,competitor,target,1,5.549
3,286,perceptual,0.03,0.05,no_decoy,competitor,0,4.186
3,287,perceptual,0.1,0.2,target,competitor,0,3.063
3,288,perceptual,0.1,0.05,target,target,1,3.323
4,1,numeric,0.03,0.2,target,target,1,9.432
4,2,numeric,0.1,0.2,competitor,target,1,11.59
4,3,perceptual,0.1,0.2,target,target,1,9.464
4,4,perceptual,0.1,0.2,no_decoy,target,1,6.135
4,5,perceptual,0.1,0.2,competitor,target,1,8.616
4,6,perceptual,0.1,0.05,competitor,competitor,0,6.55
4,7,perceptual,0.03,0.05,competitor,competitor,0,6.502
4,8,perceptual,0.1,0.05,target,decoy,0,4.994
4,9,perceptual,0.1,0.05,target,target,1,6.564
4,10,numeric,0.1,0.05,target,competitor,0,9.536
4,11,perceptual,0.03,0.2,no_decoy,target,1,7.313
4,12,numeric,0.03,0.2,no_decoy,target,1,5.817
4,13,perceptual,0.1,0.05,no_decoy,target,1,8.095
4,14,numeric,0.03,0.05,no_decoy,target,1,4.829
4,15,perceptual,0.03,0.2,target,competitor,0,4.514
4,16,perceptual,0.1,0.05,no_decoy,competitor,0,6.733
4,17,numeric,0.03,0.05,competitor,target,1,9.14
4,18,perceptual,0.03,0.2,no_decoy,competitor,0,5.668
4,19,numeric,0.03,0.05,no_decoy,competitor,0,8.564
4,20,perceptual,0.03,0.05,no_decoy,target,1,5.665
4,21,numeric,0.1,0.2,no_decoy,target,1,5.287
4,22,perceptual,0.03,0.05,competitor,target,1,4.818
4,23,numeric,0.03,0.2,no_decoy,competitor,0,6.351
4,24,numeric,0.03,0.05,target,competitor,0,12.491
4,25,perceptual,0.1,0.05,target,competitor,0,7.397
4,26,perceptual,0.03,0.05,no_decoy,target,1,4.512
4,27,numeric,0.1,0.2,no_decoy,target,1,4.433
4,28,numeric,0.1,0.2,competitor,target,1,7.836
4,29,numeric,0.03,0.05,competitor,target,1,6.719
4,30,numeric,0.03,0.2,no_decoy,competitor,0,4.121
4,31,numeric,0.03,0.2,no_decoy,target,1,5.78
4,32,perceptual,0.03,0.2,no_decoy,target,1,4.44
4,33,perceptual,0.03,0.05,competitor,target,1,5.966
4,34,numeric,0.1,0.2,competitor,target,1,7.055
4,35,perceptual,0.03,0.2,no_decoy,target,1,0.018
4,36,perceptual,0.03,0.2,target,competitor,0,7.83
4,37,numeric,0.1,0.2,target,target,1,7.707
4,38,numeric,0.03,0.05,target,target,1,6.183
4,39,numeric,0.03,0.05,target,target,1,7.214
4,40,numeric,0.1,0.05,no_decoy,target,1,4.201
4,41,perceptual,0.03,0.2,target,decoy,0,7.964
4,42,perceptual,0.1,0.2,target,competitor,0,7.163
4,43,perceptual,0.1,0.2,no_decoy,target,1,5.874
4,44,numeric,0.1,0.05,no_decoy,competitor,0,9.264
4,45,numeric,0.03,0.05,competitor,target,1,9.415
4,46,perceptual,0.1,0.2,no_decoy,competitor,0,5.773
4,47,numeric,0.03,0.2,no_decoy,competitor,0,9.029
4,48,perceptual,0.03,0.2,competitor,target,1,10.701
4,49,numeric,0.1,0.05,target,competitor,0,9.536
4,50,perceptual,0.1,0.2,competitor,competitor,0,7.251
4,51,numeric,0.1,0.2,no_decoy,competitor,0,10.666
4,52,numeric,0.1,0.05,no_decoy,target,1,6.48
4,53,perceptual,0.03,0.05,no_decoy,competitor,0,3.779
4,54,numeric,0.03,0.05,competitor,target,1,5.96
4,55,perceptual,0.1,0.05,no_decoy,target,1,4.094
4,56,perceptual,0.03,0.2,competitor,target,1,4.045
4,57,perceptual,0.03,0.2,target,competitor,0,5.287
4,58,numeric,0.1,0.2,target,target,1,7.614
4,59,perceptual,0.03,0.05,target,decoy,0,5.036
4,60,perceptual,0.03,0.2,competitor,competitor,0,3.469
4,61,numeric,0.1,0.05,no_decoy,competitor,0,4.83
4,62,perceptual,0.03,0.05,no_decoy,competitor,0,0.02
4,63,perceptual,0.1,0.2,competitor,target,1,2.974
4,64,perceptual,0.03,0.05,target,target,1,4.896
4,65,perceptual,0.03,0.05,target,target,1,5.432
4,66,numeric,0.03,0.2,target,competitor,0,7.297
4,67,numeric,0.03,0.05,target,target,1,9.161
4,68,perceptual,0.1,0.2,no_decoy,target,1,4.161
4,69,perceptual,0.1,0.05,no_decoy,competitor,0,4.353
4,70,perceptual,0.1,0.2,competitor,competitor,0,3.198
4,71,numeric,0.1,0.05,target,target,1,7.628
4,72,numeric,0.1,0.2,no_decoy,competitor,0,5.767
4,73,numeric,0.1,0.05,competitor,target,1,4.467
4,74,numeric,0.1,0.05,no_decoy,target,1,3.614
4,75,numeric,0.03,0.2,competitor,competitor,0,4.622
4,76,numeric,0.1,0.2,competitor,target,1,6.032
4,77,numeric,0.1,0.05,target,target,1,7.013
4,78,numeric,0.1,0.05,target,target,1,8.385
4,79,perceptual,0.1,0.2,competitor,target,1,3.58
4,80,numeric,0.1,0.05,target,target,1,12.245
4,81,numeric,0.1,0.05,competitor,target,1,5.84
4,82,numeric,0.03,0.2,no_decoy,target,1,4.47
4,83,perceptual,0.1,0.05,competitor,target,1,3.163
4,84,perceptual,0.03,0.2,target,competitor,0,5.566
4,85,numeric,0.03,0.05,target,target,1,6.695
4,86,numeric,0.03,0.05,competitor,competitor,0,6.049
4,87,perceptual,0.03,0.2,no_decoy,target,1,3.883
4,88,perceptual,0.1,0.05,no_decoy,competitor,0,4.122
4,89,numeric,0.03,0.2,competitor,target,1,7.301
4,90,numeric,0.03,0.05,competitor,competitor,0,5.313
4,91,numeric,0.1,0.05,no_decoy,target,1,4.735
4,92,perceptual,0.03,0.05,competitor,decoy,0,7.154
4,93,numeric,0.1,0.05,competitor,target,1,7.355
4,94,perceptual,0.1,0.05,no_decoy,target,1,3.035
4,95,perceptual,0.1,0.2,no_decoy,target,1,2.522
4,96,perceptual,0.1,0.05,target,decoy,0,3.861
4,97,perceptual,0.03,0.2,competitor,target,1,4.406
4,98,perceptual,0.1,0.05,competitor,target,1,2.724
4,99,numeric,0.1,0.2,target,target,1,5.863
4,100,numeric,0.1,0.2,no_decoy,target,1,5.412
4,101,perceptual,0.03,0.05,competitor,decoy,0,6.929
4,102,numeric,0.1,0.2,competitor,target,1,7.128
4,103,perceptual,0.03,0.2,competitor,competitor,0,6.517
4,104,perceptual,0.03,0.2,target,decoy,0,5.011
4,105,perceptual,0.1,0.05,target,target,1,9.465
4,106,perceptual,0.03,0.05,no_decoy,target,1,3.095
4,107,perceptual,0.03,0.2,competitor,competitor,0,7.827
4,108,perceptual,0.03,0.2,target,competitor,0,6.067
4,109,perceptual,0.1,0.05,no_decoy,target,1,2.907
4,110,perceptual,0.1,0.05,competitor,target,1,3.249
4,111,numeric,0.1,0.2,competitor,target,1,5.63
4,112,perceptual,0.03,0.2,no_decoy,target,1,4.891
4,113,numeric,0.1,0.2,competitor,target,1,4.797
4,114,numeric,0.03,0.2,target,competitor,0,5.522
4,115,numeric,0.03,0.2,no_decoy,target,1,4.329
4,116,perceptual,0.03,0.05,competitor,target,1,4.455
4,117,numeric,0.1,0.05,competitor,target,1,4.615
4,118,perceptual,0.1,0.05,competitor,competitor,0,4.838
4,119,numeric,0.03,0.05,competitor,target,1,4.352
4,120,numeric,0.1,0.05,no_decoy,target,1,4.211
4,121,numeric,0.03,0.2,target,target,1,4.74
4,122,numeric,0.03,0.05,no_decoy,target,1,4.381
4,123,perceptual,0.03,0.05,competitor,target,1,0.712
4,124,perceptual,0.1,0.2,target,target,1,3.986
4,125,numeric,0.03,0.2,competitor,competitor,0,6.712
4,126,numeric,0.03,0.2,competitor,target,1,6.846
4,127,perceptual,0.1,0.2,competitor,decoy,0,5.579
4,128,numeric,0.1,0.2,target,competitor,0,5.437
4,129,numeric,0.03,0.05,no_decoy,target,1,4.917
4,130,numeric,0.03,0.2,competitor,competitor,0,4.448
4,131,numeric,0.03,0.2,no_decoy,target,1,4.624
4,132,numeric,0.1,0.05,no_decoy,competitor,0,7.889
4,133,numeric,0.1,0.05,competitor,competitor,0,5.645
4,134,perceptual,0.03,0.2,no_decoy,target,1,3.88
4,135,numeric,0.1,0.05,competitor,target,1,4.45
4,136,numeric,0.03,0.05,competitor,target,1,3.751
4,137,numeric,0.1,0.2,competitor,competitor,0,6.101
4,138,numeric,0.1,0.2,no_decoy,competitor,0,3.763
4,139,numeric,0.03,0.2,competitor,competitor,0,7.028
4,140,perceptual,0.1,0.05,target,competitor,0,3.697
4,141,numeric,0.1,0.2,target,competitor,0,4.605
4,142,perceptual,0.1,0.2,target,target,1,5.465
4,143,perceptual,0.03,0.05,no_decoy,target,1,6.467
4,144,perceptual,0.03,0.05,no_decoy,target,1,3.664
4,145,numeric,0.1,0.05,competitor,target,1,4.649
4,146,numeric,0.1,0.2,target,competitor,0,6.962
4,147,numeric,0.03,0.2,no_decoy,competitor,0,3.916
4,148,numeric,0.1,0.05,competitor,target,1,4.669
4,149,numeric,0.03,0.05,target,competitor,0,4.446
4,150,numeric,0.03,0.05,no_decoy,target,1,6.172
4,151,perceptual,0.03,0.05,target,target,1,4.518
4,152,perceptual,0.1,0.05,no_decoy,competitor,0,8.341
4,153,perceptual,0.03,0.05,no_decoy,competitor,0,5.63
4,154,numeric,0.03,0.05,no_decoy,target,1,8.544
4,155,perceptual,0.1,0.05,competitor,target,1,4.08
4,156,numeric,0.03,0.05,target,target,1,7.3
4,157,perceptual,0.1,0.05,no_decoy,target,1,4.553
4,158,numeric,0.1,0.2,target,target,1,4.928
4,159,numeric,0.03,0.2,target,competitor,0,4.106
4,160,perceptual,0.1,0.05,target,competitor,0,3.281
4,161,numeric,0.1,0.05,target,target,1,5.535
4,162,numeric,0.1,0.05,no_decoy,competitor,0,4.13
4,163,perceptual,0.1,0.2,target,decoy,0,4.813
4,164,perceptual,0.1,0.05,target,target,1,7.578
4,165,perceptual,0.1,0.05,competitor,target,1,4.329
4,166,perceptual,0.03,0.2,competitor,decoy,0,6.799
4,167,perceptual,0.1,0.05,no_decoy,target,1,4.096
4,168,perceptual,0.03,0.2,competitor,competitor,0,3.212
4,169,numeric,0.03,0.05,no_decoy,competitor,0,4.528
4,170,perceptual,0.03,0.2,no_decoy,competitor,0,4.962
4,171,numeric,0.1,0.05,target,target,1,7.133
4,172,numeric,0.1,0.05,target,target,1,5.539
4,173,numeric,0.03,0.05,no_decoy,target,1,4.211
4,174,numeric,0.03,0.2,no_decoy,competitor,0,3.553
4,175,perceptual,0.1,0.2,no_decoy,competitor,0,2.988
4,176,numeric,0.03,0.2,target,competitor,0,6.513
4,177,perceptual,0.03,0.2,no_decoy,competitor,0,3.465
4,178,perceptual,0.1,0.05,competitor,competitor,0,6.777
4,179,numeric,0.03,0.2,competitor,target,1,9.149
4,180,numeric,0.03,0.05,target,competitor,0,4.751
4,181,numeric,0.1,0.05,competitor,target,1,5.954
4,182,numeric,0.1,0.2,target,competitor,0,9.567
4,183,numeric,0.1,0.05,no_decoy,target,1,8.778
4,184,numeric,0.03,0.05,competitor,target,1,7.202
4,185,perceptual,0.1,0.05,target,competitor,0,4.847
4,186,numeric,0.1,0.05,target,competitor,0,10.255
4,187,numeric,0.03,0.2,competitor,target,1,6.263
4,188,perceptual,0.03,0.05,target,decoy,0,4.35
4,189,perceptual,0.03,0.05,target,competitor,0,3.497
4,190,perceptual,0.03,0.05,target,competitor,0,3.218
4,191,numeric,0.03,0.2,target,competitor,0,8.012
4,192,numeric,0.03,0.2,competitor,competitor,0,7.113
4,193,perceptual,0.03,0.05,competitor,decoy,0,4.556
4,194,perceptual,0.1,0.05,target,competitor,0,2.652
4,195,perceptual,0.03,0.2,target,competitor,0,3.846
4,196,numeric,0.1,0.05,competitor,target,1,5.185
4,197,perceptual,0.1,0.2,no_decoy,competitor,0,2.474
4,198,perceptual,0.03,0.2,no_decoy,competitor,0,2.446
4,199,numeric,0.1,0.2,no_decoy,target,1,4.853
4,200,numeric,0.03,0.05,no_decoy,target,1,4.296
4,201,numeric,0.03,0.05,no_decoy,competitor,0,3.362
4,202,perceptual,0.1,0.2,target,competitor,0,3.371
4,203,perceptual,0.03,0.05,competitor,target,1,2.99
4,204,numeric,0.03,0.2,target,target,1,7.156
4,205,numeric,0.1,0.2,target,target,1,7.316
4,206,numeric,0.1,0.2,competitor,target,1,5.674
4,207,perceptual,0.03,0.05,no_decoy,competitor,0,2.768
4,208,numeric,0.03,0.2,competitor,target,1,7.529
4,209,perceptual,0.03,0.05,competitor,target,1,3.217
4,210,perceptual,0.03,0.05,no_decoy,target,1,2.123
4,211,numeric,0.03,0.05,target,competitor,0,5.075
4,212,numeric,0.1,0.2,competitor,target,1,6.248
4,213,numeric,0.03,0.05,competitor,decoy,0,4.164
4,214,perceptual,0.1,0.2,no_decoy,target,1,2.603
4,215,numeric,0.1,0.2,target,target,1,5.817
4,216,numeric,0.03,0.05,target,competitor,0,4.152
4,217,perceptual,0.03,0.2,competitor,target,1,3.447
4,218,numeric,0.1,0.05,competitor,target,1,7.102
4,219,numeric,0.1,0.2,target,target,1,7.517
4,220,perceptual,0.1,0.05,competitor,decoy,0,8.332
4,221,numeric,0.03,0.2,competitor,target,1,6.52
4,222,perceptual,0.03,0.05,target,competitor,0,5.099
4,223,perceptual,0.1,0.2,target,competitor,0,3.657
4,224,numeric,0.1,0.2,target,decoy,0,4.33
4,225,numeric,0.1,0.2,no_decoy,competitor,0,3.82
4,226,numeric,0.03,0.2,target,target,1,7.674
4,227,numeric,0.1,0.05,competitor,competitor,0,5.974
4,228,perceptual,0.1,0.2,competitor,target,1,2.998
4,229,numeric,0.1,0.2,competitor,target,1,5.707
4,230,perceptual,0.1,0.2,competitor,decoy,0,5.179
4,231,perceptual,0.1,0.05,no_decoy,competitor,0,3.303
4,232,perceptual,0.03,0.05,competitor,target,1,3.838
4,233,perceptual,0.1,0.05,no_decoy,target,1,2.648
4,234,perceptual,0.1,0.2,competitor,competitor,0,3.18
4,235,numeric,0.03,0.2,no_decoy,target,1,3.73
4,236,perceptual,0.1,0.05,competitor,competitor,0,4.435
4,237,numeric,0.1,0.05,no_decoy,target,1,7.251
4,238,perceptual,0.03,0.2,target,competitor,0,2.686
4,239,numeric,0.03,0.05,target,competitor,0,0.282
4,240,numeric,0.03,0.05,no_decoy,target,1,3.332
4,241,perceptual,0.1,0.05,target,competitor,0,6.526
4,242,perceptual,0.03,0.05,no_decoy,competitor,0,3.798
4,243,perceptual,0.1,0.2,no_decoy,target,1,2.555
4,244,perceptual,0.1,0.2,competitor,competitor,0,7.09
4,245,numeric,0.03,0.05,competitor,target,1,5.839
4,246,perceptual,0.03,0.2,no_decoy,competitor,0,5.212
4,247,perceptual,0.03,0.05,no_decoy,target,1,2.966
4,248,numeric,0.1,0.2,competitor,competitor,0,6.084
4,249,perceptual,0.1,0.2,competitor,competitor,0,2.522
4,250,numeric,0.1,0.05,no_decoy,target,1,3.235
4,251,perceptual,0.1,0.2,target,competitor,0,3.263
4,252,numeric,0.03,0.2,target,target,1,5.318
4,253,perceptual,0.03,0.05,target,competitor,0,6.467
4,254,perceptual,0.03,0.05,competitor,target,1,2.617
4,255,numeric,0.03,0.2,no_decoy,target,1,9.419
4,256,perceptual,0.03,0.05,target,decoy,0,3.505
4,257,perceptual,0.03,0.2,no_decoy,target,1,2.727
4,258,perceptual,0.1,0.2,target,target,1,2.9
4,259,perceptual,0.1,0.05,competitor,target,1,2.779
4,260,numeric,0.1,0.05,target,competitor,0,4.284
4,261,perceptual,0.1,0.2,no_decoy,target,1,2.585
4,262,perceptual,0.1,0.2,target,competitor,0,3.404
4,263,numeric,0.03,0.05,target,target,1,5.283
4,264,perceptual,0.03,0.2,target,target,1,4.533
4,265,perceptual,0.03,0.2,target,competitor,0,5.822
4,266,perceptual,0.1,0.2,no_decoy,competitor,0,2.996
4,267,perceptual,0.1,0.05,competitor,decoy,0,5.818
4,268,perceptual,0.03,0.05,target,competitor,0,4.48
4,269,numeric,0.1,0.2,no_decoy,target,1,4.953
4,270,numeric,0.1,0.2,no_decoy,target,1,3.156
4,271,numeric,0.03,0.2,target,target,1,6.197
4,272,numeric,0.1,0.2,no_decoy,target,1,4.417
4,273,perceptual,0.03,0.05,target,competitor,0,3.714
4,274,perceptual,0.1,0.2,target,target,1,3.449
4,275,perceptual,0.03,0.2,competitor,target,1,3.096
4,276,perceptual,0.03,0.2,competitor,decoy,0,3.845
4,277,numeric,0.03,0.2,competitor,target,1,4.114
4,278,numeric,0.1,0.05,target,competitor,0,6.305
4,279,perceptual,0.1,0.2,no_decoy,target,1,2.751
4,280,perceptual,0.03,0.2,competitor,target,1,4.615
4,281,numeric,0.1,0.2,no_decoy,target,1,3.366
4,282,perceptual,0.03,0.2,target,target,1,4.029
4,283,numeric,0.03,0.05,no_decoy,competitor,0,0.381
4,284,perceptual,0.1,0.05,target,decoy,0,4.534
4,285,numeric,0.03,0.05,competitor,target,1,7.046
4,286,perceptual,0.1,0.2,competitor,decoy,0,4.3
4,287,numeric,0.03,0.2,target,target,1,4.985
4,288,perceptual,0.1,0.2,target,competitor,0,4.084
5,1,perceptual,0.1,0.2,target,target,1,13.423
5,2,perceptual,0.03,0.05,no_decoy,competitor,0,8.975
5,3,perceptual,0.1,0.05,target,decoy,0,7.63
5,4,perceptual,0.03,0.05,no_decoy,target,1,14.839
5,5,perceptual,0.1,0.2,target,target,1,7.204
5,6,perceptual,0.1,0.2,target,competitor,0,19.2
5,7,perceptual,0.03,0.2,no_decoy,competitor,0,9.655
5,9,perceptual,0.03,0.05,target,target,1,14.797
5,10,numeric,0.03,0.2,target,target,1,7.768
5,11,perceptual,0.03,0.2,target,target,1,10.116
5,12,perceptual,0.03,0.05,no_decoy,target,1,5.067
5,13,numeric,0.03,0.05,competitor,decoy,0,15.103
5,14,numeric,0.1,0.05,no_decoy,target,1,5.746
5,15,perceptual,0.1,0.05,competitor,competitor,0,10.365
5,16,perceptual,0.1,0.2,competitor,competitor,0,5.026
5,17,numeric,0.1,0.05,competitor,target,1,14.579
5,18,numeric,0.1,0.05,target,target,1,13.497
5,19,numeric,0.03,0.2,no_decoy,target,1,7.581
5,20,perceptual,0.1,0.05,no_decoy,competitor,0,6.645
5,21,numeric,0.03,0.05,no_decoy,competitor,0,0.006
5,22,perceptual,0.1,0.2,competitor,decoy,0,13.933
5,23,numeric,0.1,0.2,competitor,target,1,7.6
5,24,numeric,0.03,0.2,competitor,target,1,15.321
5,25,perceptual,0.03,0.05,target,target,1,6.182
5,26,perceptual,0.1,0.2,no_decoy,competitor,0,5.408
5,27,numeric,0.1,0.05,target,target,1,15.358
5,28,numeric,0.03,0.05,no_decoy,competitor,0,5.551
5,29,numeric,0.03,0.05,no_decoy,target,1,4.907
5,30,numeric,0.03,0.05,target,target,1,8.795
5,31,perceptual,0.1,0.05,target,target,1,7.36
5,32,numeric,0.1,0.2,no_decoy,target,1,5.974
5,33,perceptual,0.1,0.05,no_decoy,target,1,4.979
5,34,perceptual,0.03,0.05,no_decoy,target,1,3.373
5,35,numeric,0.03,0.2,competitor,competitor,0,8.902
5,36,numeric,0.03,0.2,target,target,1,19.192
5,37,numeric,0.1,0.05,competitor,target,1,13.177
5,38,numeric,0.1,0.2,no_decoy,competitor,0,9.3
5,39,numeric,0.03,0.05,target,target,1,16.822
5,40,perceptual,0.1,0.05,competitor,target,1,7.334
5,41,perceptual,0.03,0.05,competitor,decoy,0,6.578
5,42,numeric,0.03,0.2,competitor,target,1,16.713
5,43,perceptual,0.03,0.2,target,target,1,5.075
5,44,perceptual,0.1,0.2,target,target,1,9.783
5,45,numeric,0.1,0.05,target,target,1,14.82
5,46,perceptual,0.1,0.05,no_decoy,competitor,0,6.408
5,47,numeric,0.1,0.2,competitor,target,1,10.763
5,48,numeric,0.03,0.05,no_decoy,competitor,0,7.54
5,49,numeric,0.1,0.05,no_decoy,competitor,0,8.846
5,50,perceptual,0.1,0.2,no_decoy,target,1,7.386
5,51,perceptual,0.1,0.2,competitor,target,1,10.328
5,52,perceptual,0.03,0.2,no_decoy,target,1,10.01
5,53,numeric,0.03,0.05,target,competitor,0,19.135
5,54,perceptual,0.1,0.2,no_decoy,target,1,3.741
5,55,perceptual,0.1,0.05,competitor,target,1,9.357
5,56,numeric,0.1,0.2,no_decoy,target,1,17.11
5,57,perceptual,0.1,0.2,no_decoy,target,1,7.357
5,58,numeric,0.1,0.05,competitor,target,1,13.295
5,59,perceptual,0.1,0.05,competitor,target,1,4.384
5,60,numeric,0.03,0.2,target,competitor,0,12.955
5,61,perceptual,0.03,0.05,target,competitor,0,8.648
5,62,perceptual,0.1,0.05,competitor,competitor,0,10.856
5,63,perceptual,0.1,0.05,target,target,1,6.132
5,64,perceptual,0.03,0.2,target,target,1,7.01
5,65,perceptual,0.03,0.2,competitor,competitor,0,9.882
5,66,perceptual,0.03,0.05,no_decoy,target,1,3.725
5,67,perceptual,0.03,0.2,no_decoy,competitor,0,8.536
5,68,perceptual,0.1,0.05,competitor,target,1,10.681
5,69,perceptual,0.1,0.05,target,decoy,0,8.216
5,70,perceptual,0.1,0.05,competitor,target,1,6.921
5,71,numeric,0.03,0.05,target,target,1,14.579
5,72,numeric,0.1,0.05,no_decoy,target,1,15.435
5,73,perceptual,0.03,0.2,competitor,competitor,0,11.351
5,74,perceptual,0.03,0.2,no_decoy,target,1,11.116
5,75,numeric,0.03,0.2,competitor,target,1,5.582
5,76,perceptual,0.03,0.2,no_decoy,target,1,4.647
5,77,perceptual,0.1,0.05,competitor,target,1,11.349
5,78,numeric,0.1,0.2,no_decoy,target,1,6.124
5,79,numeric,0.1,0.05,target,competitor,0,7.483
5,80,numeric,0.1,0.05,competitor,target,1,15.825
5,81,numeric,0.03,0.2,no_decoy,target,1,5.149
5,82,perceptual,0.03,0.05,competitor,competitor,0,9.408
5,83,perceptual,0.03,0.05,target,target,1,6.373
5,84,numeric,0.1,0.05,target,target,1,14.548
5,85,numeric,0.03,0.2,no_decoy,competitor,0,6.258
5,86,perceptual,0.1,0.05,no_decoy,competitor,0,6.718
5,87,numeric,0.1,0.05,competitor,target,1,10.684
5,88,numeric,0.1,0.2,competitor,target,1,14.895
5,89,numeric,0.03,0.2,competitor,competitor,0,13.756
5,90,perceptual,0.03,0.2,competitor,competitor,0,10.25
5,91,numeric,0.1,0.05,no_decoy,target,1,11.915
5,92,perceptual,0.1,0.2,no_decoy,competitor,0,11.09
5,93,numeric,0.1,0.2,target,target,1,15.046
5,94,numeric,0.1,0.2,target,target,1,6.953
5,95,numeric,0.03,0.2,no_decoy,target,1,4.836
5,96,perceptual,0.1,0.05,target,decoy,0,7.042
5,97,perceptual,0.1,0.2,no_decoy,target,1,5.116
5,98,numeric,0.1,0.2,no_decoy,target,1,5.039
5,99,perceptual,0.03,0.2,no_decoy,target,1,10.755
5,100,numeric,0.1,0.2,target,target,1,10.003
5,101,perceptual,0.03,0.05,target,target,1,9.056
5,102,perceptual,0.1,0.05,no_decoy,target,1,5.184
5,103,perceptual,0.1,0.2,no_decoy,target,1,9.433
5,104,numeric,0.03,0.05,target,competitor,0,8.15
5,105,numeric,0.1,0.2,no_decoy,competitor,0,6.396
5,106,numeric,0.1,0.2,no_decoy,target,1,11.703
5,107,perceptual,0.1,0.2,target,target,1,6.85
5,108,perceptual,0.1,0.05,no_decoy,target,1,8.543
5,109,perceptual,0.1,0.2,target,target,1,7.3
5,110,numeric,0.1,0.05,target,decoy,0,7.383
5,111,perceptual,0.1,0.05,target,target,1,10.592
5,112,numeric,0.03,0.05,competitor,competitor,0,14.6
5,113,numeric,0.03,0.05,target,target,1,13.342
5,114,perceptual,0.1,0.05,target,target,1,5.91
5,115,perceptual,0.03,0.05,target,target,1,8.521
5,116,perceptual,0.03,0.2,target,target,1,9.214
5,117,perceptual,0.03,0.2,competitor,target,1,11.504
5,118,numeric,0.03,0.05,target,target,1,7.447
5,119,numeric,0.1,0.05,target,target,1,8.341
5,120,perceptual,0.1,0.05,no_decoy,target,1,12.074
5,121,perceptual,0.03,0.2,competitor,decoy,0,0.001
5,122,numeric,0.1,0.2,no_decoy,target,1,4.154
5,123,perceptual,0.03,0.2,target,target,1,6.894
5,124,numeric,0.1,0.05,competitor,competitor,0,10.953
5,125,numeric,0.03,0.05,no_decoy,target,1,14.286
5,126,numeric,0.1,0.05,no_decoy,target,1,7.658
5,127,numeric,0.1,0.05,no_decoy,target,1,4.489
5,128,perceptual,0.03,0.05,target,decoy,0,6.603
5,129,numeric,0.03,0.2,competitor,target,1,10.535
5,130,numeric,0.1,0.2,competitor,target,1,9.822
5,131,perceptual,0.03,0.05,no_decoy,target,1,8.249
5,132,numeric,0.03,0.05,no_decoy,target,1,10.6
5,133,numeric,0.1,0.2,competitor,competitor,0,9.659
5,134,perceptual,0.03,0.2,competitor,target,1,5.817
5,135,numeric,0.03,0.05,competitor,competitor,0,14.275
5,136,perceptual,0.03,0.05,target,target,1,5.286
5,138,perceptual,0.1,0.05,no_decoy,competitor,0,5.642
5,139,numeric,0.1,0.2,target,target,1,5.806
5,140,numeric,0.03,0.05,competitor,competitor,0,17.892
5,141,perceptual,0.1,0.2,no_decoy,target,1,3.743
5,142,perceptual,0.1,0.2,competitor,target,1,5.42
5,143,numeric,0.03,0.05,competitor,competitor,0,9.445
5,144,numeric,0.1,0.2,target,target,1,9.372
5,145,perceptual,0.03,0.05,competitor,decoy,0,7.133
5,146,perceptual,0.03,0.05,competitor,target,1,5.197
5,147,numeric,0.03,0.05,competitor,competitor,0,10.69
5,148,perceptual,0.03,0.2,target,decoy,0,13.086
5,149,numeric,0.03,0.2,competitor,target,1,12.436
5,150,numeric,0.1,0.05,competitor,target,1,10.101
5,151,numeric,0.03,0.05,target,competitor,0,13.257
5,152,numeric,0.1,0.2,target,target,1,16.075
5,153,perceptual,0.03,0.2,competitor,target,1,5.702
5,154,perceptual,0.03,0.2,competitor,competitor,0,4.766
5,155,numeric,0.03,0.2,competitor,competitor,0,16.462
5,156,numeric,0.1,0.2,competitor,target,1,13.766
5,157,perceptual,0.1,0.05,target,target,1,10.231
5,158,perceptual,0.03,0.2,no_decoy,target,1,4.875
5,159,numeric,0.03,0.2,target,target,1,15.714
5,160,numeric,0.1,0.2,target,target,1,8.977
5,161,perceptual,0.1,0.05,no_decoy,target,1,2.806
5,162,numeric,0.03,0.05,target,target,1,11.09
5,163,numeric,0.03,0.2,no_decoy,competitor,0,6.376
5,164,numeric,0.03,0.05,target,competitor,0,16.009
5,165,perceptual,0.03,0.05,no_decoy,competitor,0,5.637
5,166,perceptual,0.1,0.2,competitor,target,1,5.287
5,167,numeric,0.03,0.2,target,target,1,6.907
5,168,perceptual,0.1,0.2,competitor,target,1,5.038
5,169,numeric,0.03,0.05,competitor,competitor,0,17.373
5,170,perceptual,0.1,0.05,no_decoy,target,1,9.212
5,171,perceptual,0.03,0.05,competitor,target,1,7.519
5,172,perceptual,0.1,0.05,competitor,competitor,0,10.988
5,173,perceptual,0.1,0.2,no_decoy,target,1,8.585
5,174,perceptual,0.1,0.2,target,target,1,8.16
5,175,perceptual,0.1,0.05,target,target,1,7.779
5,176,perceptual,0.03,0.2,no_decoy,target,1,7.974
5,177,numeric,0.1,0.05,target,target,1,13.407
5,178,perceptual,0.03,0.05,competitor,competitor,0,9.253
5,179,numeric,0.1,0.05,target,target,1,8.848
5,180,numeric,0.03,0.2,no_decoy,target,1,6.143
5,181,perceptual,0.03,0.2,target,target,1,4.712
5,182,numeric,0.03,0.2,competitor,competitor,0,13.597
5,183,perceptual,0.1,0.05,target,target,1,7.878
5,184,numeric,0.1,0.2,competitor,target,1,16.364
5,185,perceptual,0.1,0.2,competitor,target,1,7.48
5,186,numeric,0.03,0.2,target,target,1,15.92
5,187,numeric,0.1,0.2,target,target,1,11.402
5,188,numeric,0.1,0.2,target,target,1,9.319
5,189,numeric,0.1,0.2,competitor,competitor,0,17.395
5,190,numeric,0.1,0.05,competitor,target,1,7.918
5,191,perceptual,0.1,0.2,target,target,1,8.32
5,192,numeric,0.1,0.2,competitor,target,1,9.992
5,193,perceptual,0.1,0.05,competitor,target,1,5.861
5,194,perceptual,0.1,0.2,competitor,target,1,9.158
5,195,perceptual,0.1,0.05,competitor,target,1,5.561
5,196,perceptual,0.03,0.05,competitor,competitor,0,9.862
5,197,perceptual,0.03,0.05,target,decoy,0,0.008
5,198,numeric,0.1,0.05,no_decoy,competitor,0,3.414
5,199,numeric,0.1,0.05,target,target,1,11.53
5,200,numeric,0.1,0.05,competitor,target,1,10.427
5,201,numeric,0.1,0.05,no_decoy,target,1,7.988
5,202,perceptual,0.03,0.2,no_decoy,target,1,8.439
5,203,perceptual,0.1,0.05,target,target,1,14.185
5,204,perceptual,0.1,0.2,no_decoy,target,1,7.075
5,205,numeric,0.03,0.2,no_decoy,target,1,4.836
5,206,numeric,0.1,0.2,target,target,1,8.972
5,207,perceptual,0.1,0.2,no_decoy,target,1,3.946
5,208,numeric,0.03,0.05,target,competitor,0,17.024
5,209,perceptual,0.03,0.2,competitor,competitor,0,3.639
5,210,perceptual,0.03,0.05,no_decoy,competitor,0,3.932
5,211,numeric,0.03,0.2,target,target,1,9.389
5,212,perceptual,0.03,0.2,no_decoy,competitor,0,3.737
5,213,numeric,0.03,0.05,no_decoy,target,1,5.128
5,214,numeric,0.03,0.2,competitor,target,1,9.645
5,215,perceptual,0.1,0.2,target,target,1,6.264
5,216,perceptual,0.03,0.2,competitor,target,1,4.061
5,217,perceptual,0.03,0.05,no_decoy,competitor,0,4.111
5,218,numeric,0.1,0.05,target,competitor,0,8.83
5,219,perceptual,0.1,0.2,target,target,1,3.799
5,220,numeric,0.1,0.2,no_decoy,target,1,4.198
5,221,perceptual,0.03,0.05,no_decoy,competitor,0,3.358
5,222,numeric,0.1,0.05,no_decoy,competitor,0,6.783
5,223,numeric,0.03,0.05,competitor,competitor,0,13.039
5,224,perceptual,0.03,0.2,target,target,1,6.868
5,225,perceptual,0.1,0.05,target,target,1,4.731
5,226,perceptual,0.03,0.2,no_decoy,competitor,0,3.56
5,227,numeric,0.1,0.05,no_decoy,competitor,0,15.7
5,228,numeric,0.03,0.2,no_decoy,target,1,4.506
5,229,perceptual,0.1,0.2,competitor,target,1,5.702
5,230,perceptual,0.03,0.2,target,competitor,0,6.008
5,231,numeric,0.03,0.05,competitor,competitor,0,16.01
5,232,numeric,0.03,0.2,no_decoy,target,1,14.02
5,233,perceptual,0.03,0.05,target,target,1,5.847
5,234,numeric,0.1,0.2,competitor,competitor,0,8.813
5,235,numeric,0.03,0.2,target,competitor,0,10.146
5,236,numeric,0.1,0.05,competitor,target,1,10.901
5,237,perceptual,0.1,0.05,no_decoy,competitor,0,4.544
5,238,numeric,0.03,0.05,competitor,target,1,18.29
5,239,numeric,0.03,0.2,no_decoy,target,1,7.364
5,240,numeric,0.03,0.2,competitor,competitor,0,11.301
5,241,perceptual,0.03,0.2,competitor,target,1,4.605
5,242,numeric,0.03,0.2,target,competitor,0,12.087
5,243,perceptual,0.03,0.05,no_decoy,competitor,0,3.989
5,244,numeric,0.1,0.05,no_decoy,target,1,5.839
5,245,numeric,0.1,0.05,competitor,target,1,10.562
5,246,numeric,0.03,0.05,no_decoy,competitor,0,5.918
5,247,numeric,0.03,0.2,competitor,target,1,16.107
5,248,numeric,0.03,0.05,competitor,target,1,9.726
5,249,numeric,0.1,0.2,competitor,target,1,13.242
5,250,perceptual,0.03,0.05,no_decoy,target,1,5.004
5,251,numeric,0.1,0.2,no_decoy,target,1,6.346
5,252,perceptual,0.1,0.2,competitor,target,1,5.374
5,253,perceptual,0.03,0.05,target,competitor,0,4.642
5,254,numeric,0.03,0.05,no_decoy,target,1,10.161
5,255,numeric,0.03,0.2,target,target,1,14.716
5,256,perceptual,0.03,0.2,target,target,1,4.143
5,257,numeric,0.1,0.2,no_decoy,target,1,4.188
5,258,numeric,0.03,0.2,target,target,1,9.199
5,259,perceptual,0.03,0.2,no_decoy,target,1,4.698
5,260,numeric,0.1,0.05,no_decoy,target,1,5.084
5,261,numeric,0.03,0.2,no_decoy,target,1,5.798
5,262,numeric,0.1,0.05,competitor,target,1,7.601
5,263,perceptual,0.03,0.05,competitor,competitor,0,12.949
5,264,perceptual,0.03,0.05,competitor,competitor,0,7.767
5,265,perceptual,0.03,0.05,competitor,target,1,5.244
5,266,numeric,0.03,0.2,no_decoy,competitor,0,7.814
5,267,numeric,0.03,0.05,no_decoy,target,1,11.499
5,268,numeric,0.1,0.2,target,target,1,9.345
5,269,numeric,0.1,0.05,target,target,1,11.235
5,270,numeric,0.03,0.05,competitor,target,1,9.635
5,271,perceptual,0.1,0.2,target,target,1,5.028
5,272,perceptual,0.1,0.2,competitor,target,1,4.248
5,273,perceptual,0.1,0.2,no_decoy,target,1,10.043
5,274,perceptual,0.03,0.2,competitor,target,1,5.153
5,275,perceptual,0.03,0.05,competitor,competitor,0,6.445
5,276,perceptual,0.03,0.05,target,competitor,0,14.73
5,277,numeric,0.03,0.05,no_decoy,target,1,5.389
5,278,perceptual,0.1,0.05,competitor,target,1,6.451
5,279,numeric,0.1,0.2,no_decoy,target,1,8.82
5,280,numeric,0.03,0.2,target,competitor,0,8.005
5,281,perceptual,0.1,0.05,no_decoy,target,1,5.621
5,282,perceptual,0.03,0.2,target,target,1,5.204
5,283,perceptual,0.03,0.2,target,target,1,5.021
5,284,perceptual,0.1,0.2,target,target,1,12.401
5,285,numeric,0.03,0.05,no_decoy,target,1,4.317
5,286,perceptual,0.03,0.05,competitor,target,1,5.108
5,287,perceptual,0.1,0.2,competitor,target,1,7.046
5,288,numeric,0.1,0.2,target,competitor,0,10.415
6,1,perceptual,0.03,0.05,target,decoy,0,9.889
6,2,perceptual,0.03,0.2,target,competitor,0,6.177
6,3,numeric,0.03,0.2,target,competitor,0,8.739
6,4,numeric,0.1,0.2,target,competitor,0,6.832
6,5,perceptual,0.1,0.2,no_decoy,target,1,4.239
6,6,numeric,0.03,0.05,competitor,decoy,0,5.146
6,7,perceptual,0.03,0.05,no_decoy,competitor,0,3.824
6,8,numeric,0.03,0.2,target,competitor,0,7.689
6,9,numeric,0.03,0.05,competitor,target,1,4.718
6,10,numeric,0.03,0.05,target,target,1,9.164
6,11,perceptual,0.03,0.2,target,competitor,0,5.927
6,12,numeric,0.1,0.2,no_decoy,target,1,6.349
6,13,numeric,0.1,0.05,no_decoy,target,1,4.141
6,14,perceptual,0.1,0.05,competitor,target,1,5.288
6,15,numeric,0.03,0.05,no_decoy,competitor,0,4.594
6,16,numeric,0.1,0.2,competitor,target,1,10.649
6,17,perceptual,0.03,0.2,competitor,target,1,2.473
6,18,perceptual,0.1,0.05,competitor,target,1,4.46
6,19,numeric,0.03,0.05,no_decoy,competitor,0,5.066
6,20,perceptual,0.1,0.05,no_decoy,target,1,5.421
6,21,numeric,0.03,0.2,competitor,competitor,0,7.402
6,22,numeric,0.03,0.2,no_decoy,competitor,0,3.886
6,23,perceptual,0.1,0.2,competitor,competitor,0,9.268
6,24,perceptual,0.1,0.05,no_decoy,target,1,3.145
6,25,numeric,0.1,0.05,competitor,target,1,6.789
6,26,perceptual,0.1,0.05,no_decoy,competitor,0,6.848
6,27,perceptual,0.03,0.05,competitor,competitor,0,4.184
6,28,numeric,0.1,0.2,no_decoy,competitor,0,8.907
6,29,numeric,0.1,0.2,competitor,competitor,0,7.729
6,30,perceptual,0.1,0.2,no_decoy,target,1,5.135
6,31,numeric,0.1,0.2,target,target,1,7.007
6,32,numeric,0.1,0.2,target,target,1,8.674
6,33,perceptual,0.03,0.05,target,target,1,5.564
6,34,numeric,0.1,0.05,target,target,1,5.902
6,35,numeric,0.03,0.05,competitor,target,1,6.809
6,36,numeric,0.1,0.2,competitor,target,1,8.982
6,37,numeric,0.1,0.2,no_decoy,target,1,7.891
6,38,numeric,0.1,0.2,competitor,target,1,6.551
6,39,perceptual,0.03,0.05,no_decoy,target,1,2.773
6,40,numeric,0.03,0.05,competitor,target,1,9.197
6,41,numeric,0.1,0.05,no_decoy,competitor,0,4.865
6,42,numeric,0.03,0.05,no_decoy,target,1,8.592
6,43,perceptual,0.1,0.05,competitor,target,1,5.248
6,44,numeric,0.03,0.2,competitor,target,1,7.267
6,45,numeric,0.03,0.05,target,target,1,10.101
6,46,numeric,0.03,0.05,no_decoy,target,1,5.75
6,47,numeric,0.03,0.2,no_decoy,target,1,17.358
6,48,numeric,0.1,0.2,no_decoy,target,1,10.375
6,49,perceptual,0.03,0.2,competitor,competitor,0,6.541
6,50,perceptual,0.1,0.05,competitor,target,1,7.586
6,51,perceptual,0.03,0.2,target,target,1,6.536
6,52,perceptual,0.1,0.2,target,target,1,3.957
6,53,perceptual,0.1,0.05,no_decoy,target,1,7.886
6,54,numeric,0.1,0.2,no_decoy,competitor,0,10.733
6,55,numeric,0.1,0.2,no_decoy,target,1,11.907
6,56,numeric,0.03,0.05,competitor,competitor,0,3.572
6,57,numeric,0.03,0.05,no_decoy,competitor,0,4.86
6,58,numeric,0.1,0.2,target,target,1,13.026
6,59,numeric,0.1,0.2,target,target,1,4.635
6,60,numeric,0.1,0.2,competitor,competitor,0,9.25
6,61,numeric,0.03,0.05,target,target,1,14.586
6,62,perceptual,0.03,0.2,no_decoy,target,1,4.63
6,63,perceptual,0.1,0.2,competitor,target,1,2.684
6,64,numeric,0.03,0.2,no_decoy,target,1,6.814
6,65,numeric,0.03,0.2,target,target,1,5.762
6,66,perceptual,0.03,0.2,no_decoy,target,1,4.467
6,67,perceptual,0.03,0.05,competitor,target,1,13.287
6,68,numeric,0.1,0.05,target,target,1,9.096
6,69,perceptual,0.1,0.05,no_decoy,target,1,3.99
6,70,perceptual,0.03,0.05,competitor,decoy,0,6.405
6,71,perceptual,0.1,0.05,competitor,target,1,5.058
6,72,numeric,0.1,0.2,target,target,1,13.186
6,73,numeric,0.1,0.05,competitor,competitor,0,8.151
6,74,numeric,0.03,0.2,no_decoy,target,1,3.193
6,75,numeric,0.1,0.05,competitor,competitor,0,3.64
6,76,perceptual,0.03,0.05,target,decoy,0,11.113
6,77,perceptual,0.1,0.05,competitor,target,1,6.419
6,78,perceptual,0.03,0.2,competitor,target,1,6.232
6,79,numeric,0.03,0.05,target,target,1,11.869
6,80,numeric,0.03,0.2,competitor,target,1,7.218
6,81,perceptual,0.1,0.05,target,target,1,4.829
6,82,perceptual,0.1,0.05,no_decoy,target,1,5.146
6,83,numeric,0.1,0.05,no_decoy,target,1,6.274
6,84,perceptual,0.1,0.2,no_decoy,target,1,4.594
6,85,perceptual,0.1,0.05,no_decoy,target,1,6.113
6,86,numeric,0.1,0.2,no_decoy,target,1,8.297
6,87,perceptual,0.1,0.05,no_decoy,target,1,6.687
6,88,numeric,0.03,0.2,target,target,1,9.106
6,89,perceptual,0.1,0.05,target,target,1,6.927
6,90,perceptual,0.03,0.05,target,target,1,9.062
6,91,perceptual,0.1,0.05,competitor,target,1,8.855
6,92,numeric,0.1,0.05,target,target,1,4.89
6,93,numeric,0.1,0.05,competitor,competitor,0,12.873
6,94,perceptual,0.1,0.05,competitor,target,1,7.197
6,95,perceptual,0.03,0.2,competitor,target,1,8.682
6,96,numeric,0.03,0.2,target,target,1,7.598
6,97,perceptual,0.03,0.05,target,decoy,0,3.883
6,98,numeric,0.1,0.05,target,target,1,8.773
6,99,perceptual,0.1,0.05,target,target,1,9.297
6,100,perceptual,0.1,0.05,no_decoy,target,1,9.579
6,101,numeric,0.03,0.2,target,target,1,12.582
6,102,numeric,0.1,0.05,competitor,competitor,0,10.095
6,103,numeric,0.03,0.05,target,target,1,8.244
6,104,perceptual,0.1,0.05,target,competitor,0,8.959
6,105,numeric,0.03,0.2,target,target,1,5.663
6,106,numeric,0.1,0.2,competitor,target,1,9.306
6,107,perceptual,0.1,0.05,no_decoy,target,1,4.144
6,108,numeric,0.1,0.2,target,target,1,14.483
6,109,numeric,0.1,0.2,target,target,1,9.943
6,110,numeric,0.03,0.05,competitor,competitor,0,10.316
6,111,numeric,0.1,0.05,target,decoy,0,7.523
6,112,perceptual,0.1,0.2,no_decoy,target,1,3.639
6,113,numeric,0.1,0.05,target,target,1,8.577
6,114,perceptual,0.1,0.2,no_decoy,target,1,3.733
6,115,perceptual,0.1,0.2,no_decoy,target,1,3.239
6,116,perceptual,0.1,0.2,target,target,1,4.921
6,117,perceptual,0.03,0.05,target,target,1,8.773
6,118,perceptual,0.1,0.2,competitor,target,1,6.863
6,119,perceptual,0.1,0.05,target,target,1,10.792
6,120,numeric,0.1,0.2,competitor,competitor,0,14.549
6,121,perceptual,0.03,0.2,competitor,target,1,9.801
6,122,numeric,0.1,0.05,target,target,1,8.462
6,123,numeric,0.03,0.05,no_decoy,target,1,7.827
6,124,numeric,0.1,0.05,target,target,1,7.271
6,125,numeric,0.03,0.2,competitor,target,1,10.666
6,126,numeric,0.03,0.05,target,target,1,12.749
6,127,numeric,0.03,0.05,target,target,1,10.664
6,128,perceptual,0.03,0.05,no_decoy,competitor,0,5.12
6,129,perceptual,0.03,0.05,competitor,target,1,3.905
6,130,perceptual,0.1,0.2,competitor,target,1,4.087
6,131,numeric,0.03,0.2,no_decoy,competitor,0,6.181
6,132,numeric,0.1,0.05,competitor,competitor,0,10.481
6,133,numeric,0.03,0.2,target,competitor,0,14.056
6,134,numeric,0.03,0.2,no_decoy,target,1,6.233
6,135,perceptual,0.1,0.2,no_decoy,target,1,3.601
6,136,perceptual,0.03,0.05,no_decoy,target,1,6.834
6,137,perceptual,0.1,0.05,target,target,1,7.483
6,138,numeric,0.03,0.05,no_decoy,competitor,0,7.096
6,139,perceptual,0.1,0.05,target,target,1,6.471
6,140,perceptual,0.03,0.2,target,target,1,4.42
6,141,perceptual,0.03,0.2,target,target,1,6.151
6,142,perceptual,0.1,0.2,competitor,target,1,3.533
6,143,numeric,0.1,0.2,competitor,target,1,6.083
6,144,perceptual,0.1,0.2,no_decoy,target,1,5.502
6,145,perceptual,0.03,0.2,target,competitor,0,9.106
6,146,perceptual,0.03,0.05,no_decoy,target,1,4.05
6,147,numeric,0.03,0.2,target,target,1,8.051
6,148,numeric,0.03,0.2,no_decoy,target,1,11.788
6,149,perceptual,0.1,0.2,target,target,1,3.838
6,150,perceptual,0.03,0.05,no_decoy,competitor,0,6.137
6,151,perceptual,0.1,0.2,no_decoy,target,1,4.444
6,152,perceptual,0.03,0.05,target,competitor,0,5.558
6,153,perceptual,0.1,0.05,target,target,1,5.464
6,154,numeric,0.1,0.2,competitor,target,1,7.799
6,155,perceptual,0.03,0.2,target,competitor,0,10.384
6,156,numeric,0.1,0.05,target,target,1,5.503
6,157,perceptual,0.1,0.2,target,target,1,3.934
6,158,perceptual,0.03,0.05,no_decoy,competitor,0,3.188
6,159,perceptual,0.03,0.2,competitor,target,1,2.805
6,160,perceptual,0.03,0.2,no_decoy,competitor,0,2.346
6,161,perceptual,0.03,0.05,no_decoy,competitor,0,3.993
6,162,numeric,0.03,0.2,target,target,1,5.75
6,163,numeric,0.1,0.2,competitor,competitor,0,6.691
6,164,perceptual,0.03,0.05,competitor,decoy,0,5.122
6,165,numeric,0.03,0.05,target,target,1,4.181
6,166,numeric,0.1,0.05,no_decoy,target,1,3.39
6,167,numeric,0.03,0.05,no_decoy,target,1,4.998
6,168,numeric,0.1,0.2,no_decoy,target,1,7.276
6,169,numeric,0.1,0.05,target,target,1,4.335
6,170,perceptual,0.03,0.05,target,target,1,8.144
6,171,numeric,0.1,0.05,no_decoy,target,1,3.629
6,172,numeric,0.03,0.2,no_decoy,target,1,4.353
6,173,perceptual,0.03,0.2,competitor,target,1,5.847
6,174,numeric,0.03,0.2,target,target,1,5.236
6,175,numeric,0.1,0.2,no_decoy,target,1,4.512
6,176,perceptual,0.03,0.05,competitor,competitor,0,8.542
6,177,numeric,0.03,0.05,competitor,competitor,0,3.684
6,178,numeric,0.1,0.05,competitor,target,1,3.088
6,179,perceptual,0.03,0.05,no_decoy,competitor,0,3.194
6,180,perceptual,0.03,0.2,target,target,1,4.157
6,181,numeric,0.03,0.2,no_decoy,target,1,6.72
6,182,perceptual,0.1,0.05,competitor,competitor,0,3.12
6,183,perceptual,0.03,0.05,no_decoy,competitor,0,2.97
6,184,perceptual,0.03,0.2,no_decoy,target,1,3.997
6,185,numeric,0.03,0.2,competitor,target,1,6.107
6,186,perceptual,0.1,0.2,competitor,target,1,4.615
6,187,perceptual,0.1,0.05,competitor,target,1,7.152
6,188,perceptual,0.1,0.2,target,target,1,9.059
6,189,perceptual,0.03,0.2,target,target,1,4.048
6,190,numeric,0.03,0.2,competitor,target,1,8.795
6,191,perceptual,0.03,0.2,no_decoy,competitor,0,4.037
6,192,numeric,0.1,0.2,target,target,1,8.073
6,193,numeric,0.1,0.05,competitor,decoy,0,10.538
6,194,perceptual,0.03,0.2,no_decoy,target,1,3.75
6,195,numeric,0.03,0.05,no_decoy,target,1,8.512
6,196,perceptual,0.1,0.2,competitor,target,1,3.762
6,197,numeric,0.03,0.05,no_decoy,target,1,8.1
6,198,perceptual,0.03,0.05,competitor,decoy,0,5.802
6,199,perceptual,0.03,0.05,competitor,target,1,4.513
6,200,numeric,0.03,0.05,target,target,1,10.527
6,201,perceptual,0.1,0.2,target,target,1,5.9
6,202,numeric,0.03,0.05,target,target,1,9.574
6,203,perceptual,0.03,0.05,target,competitor,0,6.786
6,204,perceptual,0.03,0.2,target,target,1,6.734
6,205,perceptual,0.1,0.2,target,target,1,4.82
6,206,perceptual,0.1,0.2,competitor,target,1,4.716
6,207,numeric,0.1,0.2,no_decoy,target,1,5.561
6,208,perceptual,0.03,0.2,no_decoy,competitor,0,3.504
6,209,perceptual,0.03,0.05,competitor,competitor,0,6.31
6,210,numeric,0.03,0.2,competitor,competitor,0,6.384
6,211,numeric,0.1,0.2,no_decoy,target,1,4.423
6,212,perceptual,0.1,0.2,target,decoy,0,0.065
6,213,numeric,0.03,0.2,competitor,target,1,4.502
6,214,perceptual,0.1,0.05,target,target,1,2.808
6,215,perceptual,0.03,0.05,no_decoy,target,1,3.548
6,216,numeric,0.03,0.05,competitor,competitor,0,7.621
6,217,numeric,0.1,0.05,no_decoy,target,1,6.666
6,218,numeric,0.1,0.2,competitor,competitor,0,5.434
6,219,numeric,0.03,0.05,target,target,1,7.541
6,220,numeric,0.1,0.05,competitor,target,1,10.447
6,221,perceptual,0.03,0.2,no_decoy,target,1,5.034
6,222,perceptual,0.03,0.05,no_decoy,target,1,3.418
6,223,perceptual,0.03,0.2,competitor,target,1,3.982
6,224,perceptual,0.03,0.2,competitor,target,1,5.835
6,225,numeric,0.1,0.05,competitor,target,1,3.61
6,226,perceptual,0.03,0.05,competitor,target,1,5.85
6,227,perceptual,0.1,0.05,no_decoy,target,1,4.902
6,228,numeric,0.1,0.05,target,target,1,6.981
6,229,perceptual,0.1,0.2,competitor,competitor,0,6.042
6,230,perceptual,0.1,0.05,no_decoy,target,1,4.439
6,231,numeric,0.1,0.05,no_decoy,target,1,4.451
6,232,numeric,0.1,0.2,target,decoy,0,8.047
6,233,numeric,0.1,0.05,no_decoy,target,1,3.898
6,234,perceptual,0.03,0.05,competitor,target,1,5.248
6,235,numeric,0.1,0.2,target,competitor,0,8.812
6,236,perceptual,0.1,0.2,competitor,target,1,4.062
6,237,perceptual,0.03,0.2,competitor,competitor,0,2.934
6,238,numeric,0.1,0.05,no_decoy,target,1,4.835
6,239,numeric,0.03,0.2,no_decoy,target,1,4.767
6,240,numeric,0.03,0.2,competitor,competitor,0,9.332
6,241,perceptual,0.03,0.2,target,target,1,2.498
6,242,numeric,0.03,0.2,no_decoy,competitor,0,6.348
6,243,perceptual,0.1,0.2,target,target,1,5.106
6,244,numeric,0.1,0.2,target,target,1,5.951
6,245,numeric,0.03,0.05,competitor,target,1,7.88
6,246,perceptual,0.03,0.2,no_decoy,target,1,3.936
6,247,perceptual,0.1,0.05,competitor,target,1,4.087
6,248,perceptual,0.1,0.2,target,target,1,4.952
6,249,numeric,0.1,0.05,competitor,target,1,6.826
6,250,numeric,0.03,0.2,competitor,target,1,3.573
6,251,numeric,0.03,0.05,competitor,competitor,0,9.748
6,252,numeric,0.1,0.05,target,target,1,7.578
6,253,perceptual,0.03,0.05,target,decoy,0,6.368
6,254,perceptual,0.1,0.2,target,competitor,0,7.267
6,255,numeric,0.03,0.2,no_decoy,target,1,6.824
6,256,perceptual,0.03,0.2,target,target,1,9.983
6,257,numeric,0.03,0.05,target,competitor,0,5.858
6,258,numeric,0.1,0.2,no_decoy,target,1,3.845
6,259,perceptual,0.1,0.05,target,decoy,0,3.288
6,260,numeric,0.03,0.2,competitor,competitor,0,9.33
6,261,perceptual,0.1,0.2,target,competitor,0,5.322
6,262,perceptual,0.1,0.2,competitor,target,1,6.533
6,263,perceptual,0.1,0.2,competitor,target,1,5.472
6,264,perceptual,0.1,0.2,no_decoy,target,1,8.008
6,265,perceptual,0.03,0.05,target,competitor,0,10.654
6,266,perceptual,0.1,0.2,no_decoy,competitor,0,3.281
6,267,perceptual,0.1,0.05,target,target,1,4.376
6,268,perceptual,0.03,0.2,competitor,competitor,0,3.244
6,269,perceptual,0.1,0.05,target,target,1,4.698
6,270,perceptual,0.1,0.2,no_decoy,target,1,5.542
6,271,numeric,0.1,0.05,no_decoy,target,1,4.085
6,272,perceptual,0.03,0.2,no_decoy,target,1,6.247
6,273,numeric,0.03,0.05,competitor,decoy,0,8.675
6,274,numeric,0.03,0.2,target,competitor,0,5.478
6,275,numeric,0.03,0.05,no_decoy,target,1,7.712
6,276,perceptual,0.1,0.05,competitor,target,1,3.754
6,277,numeric,0.03,0.05,no_decoy,target,1,7.728
6,278,perceptual,0.03,0.05,target,target,1,5.061
6,279,numeric,0.03,0.2,competitor,competitor,0,8.027
6,280,numeric,0.1,0.05,no_decoy,target,1,5.216
6,281,perceptual,0.03,0.2,no_decoy,target,1,5.511
6,282,perceptual,0.03,0.05,competitor,competitor,0,5.139
6,283,numeric,0.1,0.2,competitor,target,1,7.949
6,284,numeric,0.03,0.05,competitor,target,1,11.213
6,285,numeric,0.1,0.05,no_decoy,competitor,0,5.399
6,286,numeric,0.1,0.05,competitor,target,1,8.099
6,287,perceptual,0.03,0.2,competitor,competitor,0,7.016
6,288,perceptual,0.03,0.2,no_decoy,competitor,0,3.1
7,2,perceptual,0.03,0.2,target,competitor,0,10.522
7,3,numeric,0.03,0.05,no_decoy,target,1,8.091
7,4,perceptual,0.03,0.05,no_decoy,competitor,0,6.951
7,5,numeric,0.03,0.05,target,decoy,0,9.312
7,6,numeric,0.03,0.05,no_decoy,target,1,6.19
7,7,perceptual,0.1,0.2,no_decoy,target,1,3.922
7,8,numeric,0.03,0.2,competitor,target,1,10.784
7,9,perceptual,0.1,0.2,no_decoy,target,1,5.464
7,10,perceptual,0.03,0.05,target,decoy,0,12.539
7,11,perceptual,0.03,0.05,target,decoy,0,8.574
7,12,perceptual,0.03,0.2,no_decoy,target,1,4.868
7,13,numeric,0.03,0.2,competitor,competitor,0,10.106
7,14,numeric,0.1,0.05,competitor,competitor,0,11.148
7,15,perceptual,0.1,0.05,no_decoy,target,1,6.784
7,16,numeric,0.03,0.05,target,competitor,0,5.507
7,17,numeric,0.1,0.05,competitor,decoy,0,1.487
7,18,perceptual,0.03,0.05,target,target,1,2.839
7,19,numeric,0.03,0.2,target,target,1,3.875
7,20,perceptual,0.1,0.05,target,decoy,0,2.091
7,21,numeric,0.03,0.2,no_decoy,competitor,0,1.648
7,22,perceptual,0.03,0.05,target,decoy,0,1.499
7,23,perceptual,0.1,0.2,target,competitor,0,1.393
7,24,perceptual,0.03,0.2,target,decoy,0,1.422
7,25,perceptual,0.1,0.2,no_decoy,competitor,0,2.908
7,26,numeric,0.1,0.2,no_decoy,target,1,3.458
7,27,perceptual,0.1,0.2,no_decoy,competitor,0,4.283
7,28,perceptual,0.1,0.2,competitor,target,1,6.839
7,29,numeric,0.03,0.2,no_decoy,target,1,6.752
7,30,perceptual,0.03,0.05,competitor,target,1,2.617
7,31,perceptual,0.1,0.05,no_decoy,target,1,2.542
7,32,numeric,0.03,0.05,competitor,decoy,0,2.348
7,33,perceptual,0.03,0.05,competitor,target,1,1.492
7,34,perceptual,0.03,0.05,target,competitor,0,1.508
7,35,perceptual,0.03,0.05,target,competitor,0,2.076
7,36,perceptual,0.1,0.2,target,decoy,0,3.18
7,37,perceptual,0.1,0.2,competitor,target,1,6.195
7,38,numeric,0.03,0.05,target,competitor,0,5.346
7,39,numeric,0.1,0.2,no_decoy,competitor,0,2.807
7,40,numeric,0.03,0.05,competitor,decoy,0,2.213
7,41,perceptual,0.03,0.05,no_decoy,target,1,3.445
7,42,perceptual,0.1,0.05,target,target,1,4.098
7,43,perceptual,0.03,0.2,competitor,competitor,0,5.001
7,44,perceptual,0.1,0.05,target,target,1,1.883
7,45,perceptual,0.1,0.05,competitor,decoy,0,1.553
7,46,numeric,0.1,0.2,competitor,decoy,0,1.603
7,47,numeric,0.1,0.05,competitor,competitor,0,3.17
7,48,perceptual,0.1,0.05,competitor,decoy,0,1.802
7,49,perceptual,0.03,0.2,no_decoy,target,1,2.708
7,50,perceptual,0.03,0.05,competitor,target,1,4.524
7,51,perceptual,0.1,0.2,competitor,decoy,0,4.476
7,52,numeric,0.1,0.2,competitor,competitor,0,5.64
7,53,numeric,0.1,0.2,target,decoy,0,4.432
7,54,numeric,0.1,0.05,no_decoy,target,1,6.589
7,55,perceptual,0.03,0.2,competitor,decoy,0,3.798
7,56,numeric,0.03,0.2,no_decoy,target,1,6.575
7,57,perceptual,0.1,0.05,competitor,target,1,4.542
7,58,numeric,0.1,0.05,no_decoy,competitor,0,6.015
7,59,numeric,0.1,0.05,no_decoy,target,1,5.271
7,60,numeric,0.1,0.05,no_decoy,target,1,6.004
7,61,numeric,0.1,0.05,competitor,competitor,0,5.475
7,62,perceptual,0.03,0.2,target,decoy,0,4.158
7,63,perceptual,0.1,0.05,target,decoy,0,0.384
7,64,numeric,0.1,0.2,target,decoy,0,3.097
7,65,perceptual,0.03,0.05,no_decoy,target,1,3.59
7,66,numeric,0.1,0.05,competitor,target,1,5.397
7,67,numeric,0.03,0.05,target,decoy,0,2.507
7,68,perceptual,0.03,0.05,no_decoy,competitor,0,2.908
7,69,numeric,0.03,0.05,competitor,decoy,0,2.714
7,70,perceptual,0.1,0.2,target,target,1,1.573
7,71,numeric,0.03,0.2,competitor,target,1,1.674
7,72,perceptual,0.03,0.05,competitor,target,1,2.572
7,73,numeric,0.1,0.2,target,competitor,0,2.474
7,74,perceptual,0.03,0.2,competitor,target,1,1.902
7,75,perceptual,0.1,0.05,competitor,competitor,0,6.439
7,76,perceptual,0.03,0.05,competitor,target,1,3.673
7,77,numeric,0.1,0.05,competitor,competitor,0,1.781
7,78,numeric,0.03,0.05,no_decoy,competitor,0,3.095
7,79,perceptual,0.03,0.2,target,target,1,3.534
7,80,perceptual,0.03,0.05,target,decoy,0,3.2
7,81,numeric,0.1,0.2,competitor,target,1,3.747
7,82,perceptual,0.1,0.05,no_decoy,competitor,0,3.354
7,83,numeric,0.03,0.05,target,decoy,0,5.636
7,84,numeric,0.03,0.05,no_decoy,target,1,5.098
7,85,perceptual,0.1,0.2,competitor,target,1,5.554
7,86,perceptual,0.03,0.2,competitor,target,1,3.423
7,87,numeric,0.03,0.2,no_decoy,competitor,0,3.067
7,88,perceptual,0.1,0.2,target,decoy,0,4.34
7,89,numeric,0.1,0.2,target,competitor,0,2.222
7,90,numeric,0.1,0.2,no_decoy,competitor,0,2.641
7,91,numeric,0.1,0.05,no_decoy,target,1,3.614
7,92,numeric,0.03,0.2,competitor,target,1,1.857
7,93,numeric,0.03,0.05,no_decoy,target,1,3.803
7,94,perceptual,0.1,0.2,competitor,decoy,0,3.727
7,95,numeric,0.03,0.2,no_decoy,competitor,0,3.31
7,96,numeric,0.03,0.05,target,competitor,0,2.332
7,97,numeric,0.1,0.05,competitor,target,1,3.471
7,98,numeric,0.03,0.05,target,competitor,0,2.609
7,99,numeric,0.03,0.05,competitor,competitor,0,4.022
7,100,numeric,0.03,0.2,competitor,competitor,0,3.479
7,101,perceptual,0.1,0.05,no_decoy,target,1,4.096
7,102,perceptual,0.03,0.05,no_decoy,competitor,0,3.583
7,103,numeric,0.1,0.05,target,target,1,1.821
7,104,numeric,0.1,0.05,no_decoy,target,1,3.807
7,105,numeric,0.1,0.2,target,target,1,4.91
7,106,numeric,0.1,0.05,no_decoy,target,1,3.009
7,107,perceptual,0.1,0.05,no_decoy,competitor,0,6.004
7,108,numeric,0.1,0.2,competitor,target,1,4.27
7,109,numeric,0.1,0.2,competitor,target,1,5.981
7,110,perceptual,0.1,0.2,no_decoy,competitor,0,4.069
7,111,perceptual,0.03,0.2,competitor,competitor,0,5.075
7,112,numeric,0.03,0.05,target,competitor,0,2.396
7,113,numeric,0.03,0.2,target,target,1,2.048
7,114,perceptual,0.1,0.2,competitor,competitor,0,3.02
7,115,numeric,0.03,0.2,competitor,decoy,0,3.223
7,116,perceptual,0.03,0.2,target,competitor,0,1.978
7,117,numeric,0.03,0.2,no_decoy,target,1,4.909
7,118,numeric,0.1,0.05,no_decoy,target,1,2.23
7,119,numeric,0.1,0.05,no_decoy,target,1,5.83
7,120,perceptual,0.03,0.05,no_decoy,target,1,4.888
7,121,numeric,0.1,0.2,no_decoy,competitor,0,3.007
7,122,numeric,0.1,0.2,no_decoy,competitor,0,2.208
7,123,perceptual,0.03,0.05,competitor,target,1,3.233
7,124,perceptual,0.03,0.2,no_decoy,competitor,0,2.013
7,125,numeric,0.03,0.2,competitor,competitor,0,1.566
7,126,perceptual,0.1,0.2,target,competitor,0,1.495
7,127,perceptual,0.1,0.05,competitor,decoy,0,3.083
7,128,perceptual,0.1,0.05,no_decoy,target,1,2.369
7,129,perceptual,0.03,0.05,competitor,decoy,0,4.905
7,130,numeric,0.1,0.05,no_decoy,target,1,2.147
7,131,perceptual,0.03,0.05,no_decoy,competitor,0,2.529
7,132,perceptual,0.03,0.2,target,decoy,0,3.367
7,133,perceptual,0.1,0.05,no_decoy,competitor,0,2.884
7,134,numeric,0.03,0.05,no_decoy,target,1,5.061
7,135,perceptual,0.1,0.05,target,target,1,3.389
7,136,perceptual,0.1,0.05,competitor,target,1,3.877
7,137,numeric,0.03,0.2,competitor,target,1,5.113
7,138,numeric,0.1,0.05,competitor,target,1,4.822
7,139,perceptual,0.03,0.2,target,competitor,0,4.721
7,140,numeric,0.1,0.05,target,target,1,6.203
7,141,numeric,0.1,0.05,no_decoy,competitor,0,3.336
7,142,perceptual,0.03,0.2,no_decoy,competitor,0,3.533
7,143,perceptual,0.1,0.2,target,target,1,5.241
7,144,numeric,0.1,0.05,target,target,1,3.273
7,145,numeric,0.03,0.05,target,decoy,0,1.636
7,146,numeric,0.1,0.05,target,decoy,0,1.343
7,147,numeric,0.03,0.2,competitor,target,1,1.452
7,148,numeric,0.03,0.05,no_decoy,target,1,1.444
7,149,numeric,0.03,0.2,target,decoy,0,1.672
7,150,perceptual,0.1,0.2,competitor,decoy,0,1.502
7,151,perceptual,0.03,0.05,target,competitor,0,1.403
7,152,perceptual,0.03,0.05,competitor,target,1,1.445
7,153,numeric,0.03,0.05,no_decoy,competitor,0,1.596
7,154,numeric,0.1,0.2,no_decoy,competitor,0,1.479
7,155,perceptual,0.1,0.2,no_decoy,competitor,0,1.526
7,156,numeric,0.1,0.05,competitor,decoy,0,1.591
7,157,numeric,0.1,0.2,target,target,1,1.77
7,158,numeric,0.03,0.05,no_decoy,target,1,1.601
7,159,numeric,0.03,0.05,no_decoy,competitor,0,1.758
7,160,perceptual,0.03,0.2,competitor,decoy,0,1.403
7,161,numeric,0.1,0.2,competitor,decoy,0,1.598
7,162,perceptual,0.03,0.05,competitor,decoy,0,1.267
7,163,perceptual,0.1,0.2,target,decoy,0,1.336
7,164,numeric,0.1,0.05,target,decoy,0,1.435
7,165,numeric,0.1,0.05,target,decoy,0,1.451
7,166,perceptual,0.1,0.05,target,target,1,1.627
7,167,perceptual,0.1,0.05,target,target,1,1.411
7,168,numeric,0.03,0.2,no_decoy,target,1,1.776
7,169,numeric,0.03,0.05,competitor,competitor,0,1.61
7,170,perceptual,0.1,0.05,target,decoy,0,1.336
7,171,numeric,0.03,0.2,no_decoy,competitor,0,1.352
7,172,perceptual,0.1,0.05,target,decoy,0,1.335
7,173,numeric,0.1,0.05,competitor,target,1,1.364
7,174,perceptual,0.03,0.05,target,competitor,0,1.435
7,175,perceptual,0.03,0.05,no_decoy,competitor,0,1.949
7,176,perceptual,0.1,0.05,competitor,target,1,1.589
7,177,perceptual,0.03,0.2,no_decoy,competitor,0,1.448
7,178,numeric,0.1,0.05,target,decoy,0,1.291
7,179,perceptual,0.03,0.2,no_decoy,target,1,1.445
7,180,numeric,0.1,0.2,competitor,decoy,0,1.326
7,181,numeric,0.1,0.2,competitor,target,1,2.114
7,182,numeric,0.1,0.2,no_decoy,target,1,1.31
7,183,perceptual,0.1,0.05,no_decoy,target,1,1.502
7,184,perceptual,0.03,0.05,no_decoy,target,1,1.841
7,185,perceptual,0.03,0.05,target,competitor,0,1.418
7,186,perceptual,0.1,0.2,target,decoy,0,1.365
7,187,numeric,0.03,0.05,target,decoy,0,1.378
7,188,numeric,0.1,0.05,no_decoy,target,1,1.582
7,189,perceptual,0.1,0.2,competitor,target,1,1.886
7,190,perceptual,0.1,0.2,target,decoy,0,1.928
7,191,perceptual,0.1,0.05,no_decoy,target,1,1.459
7,192,numeric,0.1,0.2,target,decoy,0,1.376
7,193,numeric,0.1,0.05,target,decoy,0,1.495
7,194,perceptual,0.1,0.2,no_decoy,target,1,1.055
7,195,numeric,0.1,0.2,competitor,decoy,0,1.236
7,196,perceptual,0.03,0.2,no_decoy,target,1,1.776
7,197,perceptual,0.03,0.2,target,decoy,0,1.609
7,198,perceptual,0.03,0.05,competitor,decoy,0,1.008
7,199,numeric,0.03,0.2,target,target,1,1.314
7,200,numeric,0.1,0.2,target,target,1,1.279
7,201,perceptual,0.03,0.2,no_decoy,target,1,1.422
7,202,perceptual,0.1,0.05,target,competitor,0,1.422
7,203,perceptual,0.1,0.2,competitor,decoy,0,1.653
7,204,numeric,0.1,0.05,target,decoy,0,6.805
7,205,perceptual,0.03,0.05,no_decoy,competitor,0,1.767
7,206,numeric,0.1,0.2,no_decoy,target,1,2.358
7,207,perceptual,0.1,0.2,no_decoy,competitor,0,1.544
7,208,numeric,0.03,0.05,competitor,decoy,0,1.885
7,209,perceptual,0.1,0.2,competitor,target,1,7.4
7,210,numeric,0.1,0.05,competitor,competitor,0,7.939
7,211,perceptual,0.1,0.05,no_decoy,competitor,0,8.219
7,212,numeric,0.1,0.05,competitor,decoy,0,3.077
7,213,perceptual,0.03,0.2,target,competitor,0,1.631
7,214,perceptual,0.03,0.2,target,decoy,0,2.017
7,215,numeric,0.03,0.05,target,decoy,0,1.576
7,216,numeric,0.1,0.2,target,decoy,0,1.471
7,217,numeric,0.03,0.2,competitor,target,1,1.517
7,218,perceptual,0.03,0.2,competitor,competitor,0,1.393
7,219,numeric,0.03,0.2,target,target,1,1.757
7,220,numeric,0.1,0.2,no_decoy,competitor,0,3.339
7,221,perceptual,0.1,0.2,target,target,1,1.856
7,222,numeric,0.03,0.05,competitor,decoy,0,1.585
7,223,perceptual,0.1,0.05,target,target,1,1.676
7,224,numeric,0.1,0.2,no_decoy,target,1,1.776
7,225,perceptual,0.03,0.2,competitor,competitor,0,1.668
7,226,numeric,0.03,0.2,target,competitor,0,1.495
7,227,numeric,0.1,0.2,target,decoy,0,1.512
7,228,numeric,0.03,0.05,competitor,competitor,0,1.168
7,229,perceptual,0.1,0.05,target,target,1,1.607
7,230,numeric,0.03,0.2,target,decoy,0,1.343
7,231,numeric,0.03,0.2,no_decoy,target,1,1.364
7,232,perceptual,0.03,0.05,competitor,competitor,0,2.456
7,233,perceptual,0.1,0.05,competitor,decoy,0,1.093
7,234,numeric,0.1,0.2,target,target,1,1.762
7,235,numeric,0.03,0.2,no_decoy,competitor,0,0.382
7,236,perceptual,0.1,0.2,no_decoy,target,1,2.506
7,237,numeric,0.03,0.2,target,decoy,0,1.561
7,238,numeric,0.03,0.2,target,decoy,0,1.255
7,239,numeric,0.03,0.05,no_decoy,target,1,2.015
7,240,numeric,0.1,0.05,target,decoy,0,2.329
7,241,numeric,0.03,0.05,competitor,target,1,1.503
7,242,numeric,0.1,0.2,target,decoy,0,1.36
7,243,numeric,0.03,0.05,competitor,target,1,1.361
7,244,perceptual,0.1,0.2,competitor,target,1,1.271
7,245,numeric,0.1,0.2,competitor,decoy,0,1.268
7,246,perceptual,0.1,0.05,no_decoy,competitor,0,1.286
7,247,numeric,0.1,0.2,competitor,competitor,0,1.4
7,248,numeric,0.03,0.2,no_decoy,target,1,1.271
7,249,perceptual,0.1,0.2,target,target,1,1.382
7,250,numeric,0.1,0.2,no_decoy,target,1,1.877
7,251,perceptual,0.03,0.05,no_decoy,target,1,1.921
7,252,perceptual,0.1,0.05,competitor,target,1,1.285
7,253,numeric,0.03,0.2,competitor,target,1,1.302
7,254,numeric,0.03,0.05,target,decoy,0,3.009
7,255,perceptual,0.1,0.2,no_decoy,target,1,4.964
7,256,perceptual,0.03,0.2,competitor,decoy,0,7.758
7,257,numeric,0.03,0.05,competitor,competitor,0,1.518
7,258,perceptual,0.1,0.2,target,competitor,0,1.362
7,259,numeric,0.1,0.2,no_decoy,target,1,1.433
7,260,perceptual,0.1,0.2,no_decoy,target,1,1.311
7,261,perceptual,0.03,0.05,competitor,target,1,1.348
7,262,perceptual,0.03,0.05,no_decoy,target,1,1.299
7,263,numeric,0.1,0.05,target,target,1,1.286
7,264,numeric,0.1,0.2,competitor,competitor,0,1.387
7,265,numeric,0.03,0.05,competitor,target,1,1.283
7,266,numeric,0.1,0.05,target,decoy,0,1.305
7,267,perceptual,0.03,0.2,competitor,decoy,0,1.424
7,268,numeric,0.03,0.05,no_decoy,competitor,0,1.438
7,269,perceptual,0.03,0.2,competitor,decoy,0,1.437
7,270,perceptual,0.03,0.2,no_decoy,target,1,1.993
7,271,perceptual,0.1,0.05,competitor,competitor,0,4.443
7,272,perceptual,0.03,0.2,no_decoy,competitor,0,1.397
7,273,numeric,0.03,0.2,competitor,target,1,1.389
7,274,numeric,0.03,0.2,no_decoy,competitor,0,1.519
7,275,perceptual,0.03,0.2,no_decoy,target,1,1.482
7,276,numeric,0.03,0.2,target,target,1,1.308
7,277,perceptual,0.1,0.2,competitor,competitor,0,1.45
7,278,numeric,0.03,0.2,target,target,1,1.449
7,279,perceptual,0.03,0.2,target,target,1,1.401
7,280,numeric,0.03,0.2,target,competitor,0,1.438
7,281,perceptual,0.03,0.2,target,competitor,0,1.345
7,282,perceptual,0.1,0.05,competitor,competitor,0,1.334
7,283,perceptual,0.03,0.05,target,competitor,0,1.639
7,284,perceptual,0.1,0.2,no_decoy,competitor,0,1.562
7,285,perceptual,0.1,0.05,competitor,decoy,0,1.374
7,286,perceptual,0.03,0.2,no_decoy,competitor,0,1.346
7,287,perceptual,0.1,0.05,no_decoy,competitor,0,1.385
7,288,perceptual,0.03,0.2,competitor,decoy,0,1.336
8,1,perceptual,0.03,0.2,target,decoy,0,7.346
8,2,numeric,0.03,0.2,no_decoy,target,1,8.466
8,3,perceptual,0.03,0.05,competitor,decoy,0,7.79
8,4,numeric,0.1,0.2,competitor,target,1,9.71
8,5,numeric,0.1,0.2,competitor,competitor,0,10.074
8,6,numeric,0.03,0.2,no_decoy,competitor,0,10.107
8,8,perceptual,0.03,0.2,no_decoy,target,1,5.89
8,9,numeric,0.03,0.05,competitor,target,1,8.411
8,10,perceptual,0.03,0.05,target,target,1,7.976
8,11,perceptual,0.1,0.2,target,target,1,8.354
8,12,numeric,0.03,0.05,competitor,target,1,13.117
8,13,perceptual,0.03,0.2,competitor,decoy,0,6.163
8,14,numeric,0.03,0.05,target,target,1,8.828
8,15,perceptual,0.1,0.2,target,competitor,0,8.959
8,16,perceptual,0.1,0.05,no_decoy,target,1,4.495
8,17,perceptual,0.03,0.05,target,competitor,0,5.602
8,18,perceptual,0.1,0.2,target,competitor,0,5.889
8,19,perceptual,0.1,0.2,competitor,target,1,7.493
8,20,numeric,0.03,0.05,target,competitor,0,13.965
8,21,numeric,0.03,0.2,no_decoy,competitor,0,7.065
8,22,numeric,0.03,0.2,target,target,1,9.173
8,23,perceptual,0.03,0.05,no_decoy,target,1,4.627
8,24,perceptual,0.1,0.05,no_decoy,target,1,5.123
8,25,perceptual,0.03,0.05,competitor,target,1,8.461
8,26,perceptual,0.1,0.2,competitor,target,1,6.576
8,27,numeric,0.03,0.05,no_decoy,target,1,6.412
8,28,numeric,0.03,0.2,competitor,target,1,9.875
8,29,numeric,0.03,0.2,competitor,target,1,8.096
8,30,perceptual,0.1,0.2,no_decoy,competitor,0,4.661
8,31,numeric,0.1,0.2,competitor,target,1,10.13
8,32,numeric,0.03,0.2,target,target,1,8.674
8,33,perceptual,0.03,0.05,competitor,target,1,6.981
8,34,numeric,0.1,0.2,target,target,1,8.551
8,35,perceptual,0.1,0.2,competitor,target,1,6.844
8,36,perceptual,0.1,0.2,competitor,target,1,5.929
8,37,numeric,0.03,0.05,competitor,target,1,11.329
8,38,perceptual,0.03,0.2,no_decoy,target,1,5.459
8,39,numeric,0.03,0.05,target,target,1,9.766
8,40,perceptual,0.1,0.05,target,target,1,8.277
8,41,numeric,0.1,0.05,target,target,1,12.239
8,42,perceptual,0.1,0.05,target,target,1,9.576
8,43,numeric,0.1,0.05,target,target,1,7.619
8,44,perceptual,0.1,0.05,target,competitor,0,8.288
8,45,numeric,0.03,0.05,target,target,1,9.648
8,46,perceptual,0.1,0.2,target,target,1,7.338
8,47,numeric,0.1,0.05,competitor,target,1,10.602
8,48,perceptual,0.03,0.2,target,decoy,0,5.341
8,49,perceptual,0.03,0.2,no_decoy,competitor,0,6.003
8,50,perceptual,0.1,0.2,target,target,1,8.846
8,51,perceptual,0.03,0.05,target,competitor,0,6.557
8,52,perceptual,0.03,0.05,target,decoy,0,7.105
8,53,perceptual,0.03,0.2,competitor,competitor,0,7.674
8,54,perceptual,0.03,0.05,competitor,target,1,6.149
8,55,numeric,0.03,0.2,competitor,target,1,9.165
8,56,numeric,0.1,0.05,no_decoy,competitor,0,9.111
8,57,perceptual,0.03,0.2,no_decoy,target,1,5.618
8,58,numeric,0.1,0.2,target,target,1,8.652
8,59,numeric,0.03,0.2,competitor,target,1,11.009
8,60,perceptual,0.1,0.05,no_decoy,target,1,4.343
8,61,numeric,0.1,0.05,target,target,1,10.936
8,62,numeric,0.1,0.05,no_decoy,target,1,8.847
8,63,perceptual,0.1,0.05,no_decoy,target,1,8.051
8,64,numeric,0.1,0.05,target,target,1,9.447
8,65,perceptual,0.1,0.2,target,competitor,0,5.149
8,66,numeric,0.03,0.05,no_decoy,competitor,0,9.367
8,67,numeric,0.1,0.05,target,target,1,12.498
8,68,perceptual,0.1,0.05,competitor,target,1,6.691
8,69,numeric,0.03,0.05,competitor,target,1,9.224
8,70,numeric,0.03,0.05,no_decoy,competitor,0,5.221
8,71,numeric,0.03,0.05,no_decoy,competitor,0,12.202
8,72,numeric,0.1,0.2,competitor,competitor,0,12.19
8,73,numeric,0.1,0.2,no_decoy,target,1,6.992
8,74,numeric,0.03,0.2,no_decoy,target,1,5.629
8,75,perceptual,0.1,0.05,competitor,target,1,5.945
8,76,numeric,0.03,0.2,competitor,target,1,9.502
8,77,numeric,0.1,0.2,target,target,1,9.484
8,78,perceptual,0.1,0.2,no_decoy,target,1,4.52
8,79,numeric,0.1,0.2,competitor,target,1,7.959
8,80,perceptual,0.03,0.2,competitor,target,1,10.535
8,81,perceptual,0.1,0.2,competitor,target,1,5.039
8,82,perceptual,0.1,0.2,competitor,target,1,4.571
8,83,numeric,0.1,0.05,no_decoy,target,1,6.493
8,84,numeric,0.1,0.05,no_decoy,competitor,0,5.301
8,85,numeric,0.03,0.2,competitor,target,1,8.779
8,86,perceptual,0.03,0.05,target,target,1,6.175
8,87,numeric,0.1,0.05,no_decoy,competitor,0,9.305
8,88,numeric,0.1,0.05,no_decoy,competitor,0,6.266
8,89,perceptual,0.1,0.05,no_decoy,target,1,6.409
8,90,perceptual,0.1,0.05,target,target,1,11.024
8,91,perceptual,0.1,0.05,competitor,target,1,4.806
8,92,perceptual,0.1,0.2,competitor,competitor,0,8.846
8,93,numeric,0.03,0.05,target,target,1,11.818
8,94,perceptual,0.1,0.2,competitor,target,1,6.518
8,95,numeric,0.03,0.05,no_decoy,competitor,0,10.202
8,96,numeric,0.03,0.2,no_decoy,target,1,7.725
8,97,numeric,0.03,0.2,competitor,target,1,13.248
8,98,perceptual,0.1,0.05,competitor,target,1,6.776
8,99,perceptual,0.03,0.2,target,target,1,5.833
8,100,numeric,0.1,0.05,no_decoy,competitor,0,10.041
8,101,perceptual,0.1,0.05,competitor,target,1,7.188
8,102,numeric,0.1,0.2,target,target,1,12.071
8,103,numeric,0.03,0.05,no_decoy,target,1,4.2
8,104,perceptual,0.1,0.2,no_decoy,target,1,3.764
8,105,numeric,0.03,0.2,target,competitor,0,9.984
8,106,perceptual,0.1,0.2,target,target,1,4.739
8,107,numeric,0.03,0.2,no_decoy,target,1,4.658
8,108,numeric,0.1,0.2,target,competitor,0,7.477
8,109,numeric,0.1,0.2,no_decoy,target,1,4.493
8,110,perceptual,0.1,0.2,no_decoy,target,1,3.862
8,111,perceptual,0.03,0.05,target,target,1,7.66
8,112,numeric,0.03,0.05,competitor,target,1,8.684
8,113,perceptual,0.03,0.2,no_decoy,competitor,0,3.782
8,114,perceptual,0.03,0.2,competitor,competitor,0,6.381
8,115,perceptual,0.03,0.2,target,target,1,6.777
8,116,numeric,0.03,0.2,target,competitor,0,7.658
8,117,numeric,0.1,0.2,no_decoy,competitor,0,7.959
8,118,numeric,0.03,0.05,competitor,competitor,0,8.396
8,119,numeric,0.1,0.05,no_decoy,target,1,5.59
8,120,numeric,0.03,0.05,target,target,1,9.492
8,121,perceptual,0.03,0.2,target,target,1,9.576
8,122,perceptual,0.1,0.2,competitor,target,1,5.467
8,123,perceptual,0.03,0.2,competitor,competitor,0,9.129
8,124,numeric,0.03,0.2,target,competitor,0,8.513
8,125,perceptual,0.1,0.05,target,decoy,0,6.268
8,126,numeric,0.03,0.05,no_decoy,target,1,5.485
8,127,numeric,0.1,0.2,no_decoy,target,1,9.104
8,128,numeric,0.1,0.2,no_decoy,target,1,8.125
8,129,numeric,0.1,0.2,no_decoy,target,1,4.539
8,130,numeric,0.03,0.05,target,competitor,0,11.689
8,131,perceptual,0.03,0.2,no_decoy,competitor,0,5.113
8,132,perceptual,0.03,0.05,target,target,1,9.137
8,133,numeric,0.03,0.05,target,target,1,7.098
8,134,numeric,0.1,0.2,competitor,target,1,7.537
8,135,numeric,0.1,0.05,competitor,target,1,7.653
8,136,numeric,0.03,0.2,target,competitor,0,6.601
8,137,perceptual,0.03,0.05,competitor,competitor,0,7.974
8,138,perceptual,0.03,0.05,target,target,1,5.73
8,139,perceptual,0.03,0.2,target,competitor,0,7.595
8,140,perceptual,0.1,0.2,no_decoy,target,1,4.235
8,141,numeric,0.1,0.05,competitor,target,1,10.173
8,142,perceptual,0.03,0.05,target,competitor,0,8.246
8,143,numeric,0.1,0.05,target,competitor,0,9.619
8,144,perceptual,0.1,0.05,no_decoy,target,1,4.185
8,145,numeric,0.1,0.05,competitor,target,1,8.211
8,146,perceptual,0.1,0.2,target,target,1,6.541
8,147,perceptual,0.1,0.05,no_decoy,target,1,3.634
8,148,numeric,0.1,0.05,competitor,target,1,8.188
8,149,numeric,0.1,0.2,no_decoy,target,1,10.604
8,150,numeric,0.1,0.2,competitor,target,1,9.888
8,151,perceptual,0.03,0.2,competitor,competitor,0,5.781
8,152,numeric,0.1,0.05,no_decoy,target,1,4.745
8,153,perceptual,0.03,0.2,no_decoy,target,1,6.86
8,154,perceptual,0.03,0.2,target,target,1,8.175
8,155,numeric,0.1,0.05,no_decoy,target,1,5.612
8,156,perceptual,0.03,0.2,target,target,1,11.288
8,157,numeric,0.03,0.2,target,target,1,7.451
8,158,numeric,0.1,0.2,competitor,target,1,6.89
8,159,perceptual,0.03,0.2,competitor,target,1,8.097
8,160,numeric,0.03,0.05,target,target,1,9.507
8,161,perceptual,0.1,0.05,target,target,1,8.223
8,162,perceptual,0.03,0.2,competitor,target,1,5.464
8,163,perceptual,0.1,0.05,no_decoy,target,1,5.922
8,164,numeric,0.03,0.2,no_decoy,target,1,4.392
8,165,perceptual,0.03,0.2,no_decoy,target,1,5.394
8,166,numeric,0.03,0.05,competitor,target,1,9.762
8,167,perceptual,0.03,0.05,competitor,target,1,8.712
8,168,numeric,0.1,0.05,competitor,target,1,13.595
8,169,numeric,0.03,0.2,competitor,target,1,12.941
8,170,perceptual,0.03,0.2,competitor,target,1,5.944
8,171,numeric,0.03,0.05,no_decoy,competitor,0,5.245
8,172,numeric,0.1,0.05,target,target,1,9.768
8,173,perceptual,0.03,0.05,competitor,competitor,0,7.906
8,174,perceptual,0.1,0.05,competitor,target,1,5.722
8,175,numeric,0.1,0.05,target,target,1,12.863
8,176,perceptual,0.1,0.2,no_decoy,target,1,3.758
8,177,numeric,0.1,0.05,no_decoy,target,1,4.643
8,178,numeric,0.1,0.05,competitor,target,1,7.162
8,179,perceptual,0.1,0.05,target,target,1,8.978
8,180,perceptual,0.1,0.2,competitor,target,1,7.561
8,181,numeric,0.03,0.05,competitor,target,1,7.045
8,182,numeric,0.1,0.2,competitor,target,1,9.627
8,183,numeric,0.03,0.2,target,target,1,9.292
8,184,numeric,0.1,0.2,target,target,1,10.168
8,185,numeric,0.03,0.2,target,target,1,5.59
8,186,numeric,0.03,0.2,competitor,competitor,0,6.928
8,187,numeric,0.03,0.05,no_decoy,competitor,0,4.784
8,188,perceptual,0.1,0.2,no_decoy,target,1,7.175
8,189,numeric,0.03,0.05,target,competitor,0,6.471
8,190,perceptual,0.1,0.05,competitor,competitor,0,6.397
8,191,perceptual,0.03,0.05,no_decoy,target,1,8.119
8,192,perceptual,0.03,0.2,no_decoy,target,1,4.498
8,193,numeric,0.03,0.2,no_decoy,competitor,0,6.404
8,194,numeric,0.1,0.2,target,target,1,9.618
8,195,perceptual,0.1,0.05,competitor,competitor,0,7.42
8,196,perceptual,0.03,0.05,no_decoy,competitor,0,4.562
8,197,numeric,0.1,0.05,competitor,target,1,7.719
8,198,perceptual,0.03,0.2,target,target,1,5.478
8,199,numeric,0.1,0.05,target,target,1,8.377
8,200,perceptual,0.03,0.05,competitor,target,1,9.536
8,201,numeric,0.03,0.2,target,target,1,7.803
8,202,numeric,0.1,0.05,competitor,competitor,0,12.16
8,203,numeric,0.1,0.2,competitor,target,1,6.745
8,204,perceptual,0.03,0.2,no_decoy,target,1,6.525
8,205,perceptual,0.1,0.05,no_decoy,target,1,4.796
8,206,perceptual,0.1,0.05,target,competitor,0,10.447
8,207,perceptual,0.1,0.05,no_decoy,target,1,5.211
8,208,numeric,0.1,0.05,target,target,1,8.005
8,209,numeric,0.03,0.2,competitor,competitor,0,6.823
8,210,numeric,0.03,0.2,target,target,1,6.892
8,211,perceptual,0.03,0.05,no_decoy,competitor,0,6.091
8,212,numeric,0.1,0.05,competitor,target,1,8.896
8,213,perceptual,0.03,0.05,no_decoy,target,1,5.181
8,214,perceptual,0.1,0.05,no_decoy,target,1,3.952
8,215,perceptual,0.1,0.05,competitor,target,1,4.889
8,216,numeric,0.03,0.2,competitor,target,1,7.816
8,217,perceptual,0.1,0.05,competitor,target,1,7.768
8,218,perceptual,0.1,0.2,no_decoy,target,1,4.763
8,219,perceptual,0.1,0.2,no_decoy,target,1,4.689
8,220,perceptual,0.03,0.05,target,target,1,9.348
8,221,perceptual,0.03,0.2,target,competitor,0,4.642
8,222,perceptual,0.03,0.2,target,competitor,0,6.416
8,223,perceptual,0.03,0.2,competitor,target,1,7.07
8,224,perceptual,0.03,0.05,no_decoy,target,1,4.276
8,225,perceptual,0.03,0.05,no_decoy,competitor,0,3.499
8,226,perceptual,0.1,0.05,no_decoy,competitor,0,3.202
8,227,perceptual,0.03,0.05,competitor,competitor,0,7.456
8,228,numeric,0.1,0.05,no_decoy,target,1,4.795
8,229,numeric,0.1,0.05,competitor,competitor,0,5.845
8,230,numeric,0.03,0.2,target,target,1,11.098
8,231,perceptual,0.1,0.05,target,decoy,0,5.663
8,232,perceptual,0.03,0.05,no_decoy,target,1,4.426
8,233,perceptual,0.03,0.2,competitor,target,1,4.712
8,234,perceptual,0.03,0.05,target,target,1,8.561
8,235,numeric,0.1,0.2,no_decoy,competitor,0,8.06
8,236,numeric,0.1,0.2,target,competitor,0,5.747
8,237,perceptual,0.1,0.05,competitor,target,1,5.022
8,238,numeric,0.1,0.05,competitor,target,1,12.901
8,239,numeric,0.03,0.2,competitor,target,1,8.377
8,240,numeric,0.1,0.2,target,target,1,8.749
8,241,numeric,0.1,0.05,target,target,1,7.008
8,242,perceptual,0.03,0.2,no_decoy,target,1,4.212
8,243,numeric,0.1,0.2,target,competitor,0,7.863
8,244,numeric,0.03,0.05,competitor,target,1,9.847
8,245,perceptual,0.1,0.2,competitor,competitor,0,4.667
8,246,perceptual,0.03,0.05,competitor,competitor,0,5.416
8,247,numeric,0.1,0.2,no_decoy,target,1,7.362
8,248,numeric,0.03,0.05,competitor,target,1,6.6
8,249,numeric,0.1,0.2,competitor,target,1,6.787
8,250,perceptual,0.03,0.05,target,target,1,5.489
8,251,numeric,0.03,0.05,competitor,competitor,0,5.664
8,252,numeric,0.03,0.2,no_decoy,competitor,0,7.971
8,253,perceptual,0.03,0.2,target,target,1,6.314
8,254,perceptual,0.03,0.05,no_decoy,target,1,4.093
8,255,perceptual,0.1,0.05,competitor,competitor,0,8.128
8,256,perceptual,0.03,0.2,no_decoy,competitor,0,3.739
8,257,numeric,0.03,0.2,no_decoy,competitor,0,5.305
8,258,numeric,0.1,0.2,target,target,1,8.783
8,259,perceptual,0.1,0.2,target,target,1,4.029
8,260,perceptual,0.03,0.05,no_decoy,competitor,0,3.767
8,261,perceptual,0.1,0.2,no_decoy,target,1,4.545
8,262,perceptual,0.1,0.05,target,target,1,9.107
8,263,numeric,0.03,0.05,competitor,target,1,11.348
8,264,numeric,0.03,0.2,no_decoy,competitor,0,5.25
8,265,numeric,0.03,0.05,target,target,1,8.849
8,266,perceptual,0.03,0.05,competitor,competitor,0,8.932
8,267,numeric,0.1,0.2,no_decoy,competitor,0,4.661
8,268,numeric,0.03,0.05,no_decoy,target,1,6.072
8,269,numeric,0.1,0.2,no_decoy,target,1,4.6
8,270,numeric,0.03,0.05,no_decoy,competitor,0,3.84
8,271,numeric,0.03,0.2,no_decoy,competitor,0,4.743
8,272,perceptual,0.1,0.05,target,decoy,0,4.327
8,273,perceptual,0.03,0.05,competitor,competitor,0,5.699
8,274,numeric,0.1,0.2,competitor,competitor,0,6.046
8,275,perceptual,0.1,0.2,target,target,1,5.373
8,276,perceptual,0.1,0.2,no_decoy,target,1,3.911
8,277,numeric,0.1,0.2,target,target,1,13.858
8,278,perceptual,0.1,0.2,target,target,1,5.569
8,279,numeric,0.03,0.05,target,target,1,11.286
8,280,numeric,0.1,0.2,no_decoy,target,1,5.365
8,281,perceptual,0.03,0.2,competitor,target,1,5.698
8,282,perceptual,0.03,0.05,no_decoy,target,1,3.77
8,283,numeric,0.03,0.05,no_decoy,target,1,5.743
8,284,perceptual,0.03,0.05,no_decoy,competitor,0,6.808
8,285,perceptual,0.1,0.2,target,decoy,0,6.821
8,286,perceptual,0.1,0.2,no_decoy,target,1,3.178
8,287,perceptual,0.1,0.05,target,target,1,4.292
8,288,perceptual,0.1,0.2,competitor,target,1,3.891
9,1,numeric,0.03,0.05,target,target,1,11.593
9,2,numeric,0.1,0.05,target,target,1,10.816
9,3,numeric,0.03,0.2,target,competitor,0,10.39
9,4,perceptual,0.1,0.2,competitor,target,1,6.365
9,5,perceptual,0.1,0.2,competitor,target,1,7.549
9,6,numeric,0.03,0.05,no_decoy,competitor,0,8.583
9,7,perceptual,0.1,0.05,target,target,1,7.338
9,8,numeric,0.03,0.05,target,competitor,0,7.712
9,9,perceptual,0.1,0.05,competitor,target,1,7.782
9,10,perceptual,0.1,0.2,no_decoy,target,1,6.262
9,11,numeric,0.03,0.05,no_decoy,competitor,0,10.257
9,12,numeric,0.1,0.2,competitor,target,1,11.206
9,13,perceptual,0.1,0.05,no_decoy,target,1,6.283
9,14,numeric,0.03,0.2,competitor,competitor,0,14.774
9,15,perceptual,0.03,0.2,competitor,competitor,0,6.633
9,16,perceptual,0.03,0.05,no_decoy,competitor,0,6.704
9,17,numeric,0.1,0.2,target,target,1,8.892
9,18,numeric,0.1,0.2,competitor,target,1,5.392
9,19,numeric,0.1,0.2,no_decoy,target,1,8.511
9,20,numeric,0.03,0.2,no_decoy,competitor,0,13.534
9,21,numeric,0.03,0.2,no_decoy,target,1,9.55
9,22,numeric,0.1,0.2,competitor,target,1,10.614
9,23,numeric,0.1,0.2,target,competitor,0,9.848
9,24,perceptual,0.1,0.05,no_decoy,target,1,6.716
9,25,numeric,0.1,0.2,competitor,target,1,7.692
9,26,numeric,0.1,0.05,target,target,1,10.791
9,27,numeric,0.03,0.2,no_decoy,target,1,8.466
9,28,numeric,0.1,0.05,no_decoy,target,1,11.309
9,29,perceptual,0.1,0.05,target,decoy,0,5.126
9,30,numeric,0.1,0.2,no_decoy,target,1,8.266
9,31,numeric,0.1,0.2,competitor,target,1,10.918
9,32,perceptual,0.1,0.05,no_decoy,target,1,3.835
9,33,numeric,0.03,0.2,no_decoy,competitor,0,10.824
9,34,perceptual,0.03,0.2,target,competitor,0,4.892
9,35,perceptual,0.1,0.05,no_decoy,target,1,4.895
9,36,numeric,0.03,0.05,target,target,1,11.731
9,37,numeric,0.1,0.05,no_decoy,target,1,7.504
9,38,perceptual,0.03,0.05,competitor,competitor,0,9.113
9,39,numeric,0.1,0.2,no_decoy,target,1,12.856
9,40,perceptual,0.03,0.05,no_decoy,target,1,5.006
9,41,perceptual,0.03,0.2,no_decoy,competitor,0,6.039
9,42,perceptual,0.03,0.2,target,target,1,4.665
9,43,numeric,0.03,0.2,target,competitor,0,12.067
9,44,numeric,0.03,0.2,target,target,1,9.767
9,45,numeric,0.03,0.05,no_decoy,target,1,12.05
9,46,numeric,0.1,0.2,competitor,target,1,13.952
9,47,numeric,0.03,0.2,target,competitor,0,10.91
9,48,numeric,0.1,0.05,target,target,1,12.784
9,49,perceptual,0.03,0.2,target,competitor,0,3.739
9,50,perceptual,0.1,0.05,no_decoy,competitor,0,6.508
9,51,perceptual,0.1,0.2,competitor,target,1,4.711
9,52,perceptual,0.03,0.2,competitor,target,1,4.208
9,53,perceptual,0.03,0.05,target,decoy,0,10.114
9,54,numeric,0.1,0.05,competitor,target,1,8.096
9,55,perceptual,0.03,0.2,competitor,competitor,0,6.907
9,56,numeric,0.03,0.2,competitor,target,1,10.277
9,57,perceptual,0.03,0.05,no_decoy,target,1,4.87
9,58,perceptual,0.1,0.2,no_decoy,target,1,8.765
9,59,numeric,0.1,0.05,target,target,1,6.476
9,60,perceptual,0.1,0.05,target,target,1,6.055
9,61,perceptual,0.03,0.2,competitor,target,1,4.517
9,62,numeric,0.1,0.2,competitor,target,1,11.773
9,63,numeric,0.1,0.05,competitor,target,1,7.419
9,64,perceptual,0.03,0.05,competitor,target,1,6.988
9,65,numeric,0.03,0.05,no_decoy,target,1,2.865
9,66,perceptual,0.03,0.2,competitor,competitor,0,4.545
9,67,numeric,0.1,0.2,no_decoy,target,1,6.667
9,68,perceptual,0.1,0.05,target,competitor,0,3.562
9,69,perceptual,0.1,0.2,no_decoy,competitor,0,6.606
9,70,numeric,0.1,0.05,target,target,1,9.812
9,71,numeric,0.03,0.05,target,target,1,9.471
9,72,perceptual,0.03,0.05,competitor,target,1,5.115
9,73,numeric,0.03,0.05,competitor,target,1,10.057
9,74,perceptual,0.1,0.05,no_decoy,target,1,5.577
9,75,numeric,0.03,0.05,no_decoy,target,1,12.221
9,76,perceptual,0.1,0.2,competitor,target,1,4.583
9,77,numeric,0.1,0.05,competitor,competitor,0,9.082
9,78,numeric,0.1,0.05,target,target,1,13.382
9,79,numeric,0.03,0.05,competitor,competitor,0,9.911
9,80,perceptual,0.1,0.2,competitor,competitor,0,5.824
9,81,perceptual,0.1,0.05,target,target,1,7.212
9,82,numeric,0.1,0.2,no_decoy,target,1,6.879
9,83,perceptual,0.1,0.2,no_decoy,competitor,0,4.495
9,84,perceptual,0.1,0.05,target,competitor,0,3.447
9,85,numeric,0.03,0.05,no_decoy,target,1,6.978
9,86,numeric,0.03,0.2,no_decoy,target,1,9.087
9,87,numeric,0.03,0.05,competitor,competitor,0,10.402
9,88,perceptual,0.1,0.05,competitor,target,1,4.969
9,89,perceptual,0.1,0.2,target,target,1,4.967
9,90,perceptual,0.1,0.2,target,target,1,4.577
9,91,numeric,0.03,0.2,competitor,target,1,16.523
9,92,numeric,0.1,0.2,target,competitor,0,12.825
9,93,numeric,0.1,0.05,no_decoy,target,1,13.271
9,94,perceptual,0.03,0.05,no_decoy,target,1,4.408
9,95,numeric,0.1,0.05,competitor,target,1,12.559
9,96,numeric,0.1,0.2,target,target,1,8.167
9,97,numeric,0.03,0.05,target,target,1,11.882
9,98,numeric,0.1,0.05,no_decoy,target,1,5.85
9,99,perceptual,0.1,0.05,competitor,target,1,3.621
9,100,perceptual,0.03,0.2,competitor,target,1,4.643
9,101,perceptual,0.1,0.05,no_decoy,target,1,4.772
9,102,numeric,0.03,0.05,target,target,1,13.876
9,103,perceptual,0.1,0.05,target,decoy,0,5.928
9,104,perceptual,0.03,0.05,target,decoy,0,4.759
9,105,numeric,0.03,0.2,no_decoy,target,1,7.179
9,106,numeric,0.1,0.2,no_decoy,target,1,11.302
9,107,perceptual,0.03,0.05,target,competitor,0,4.406
9,108,perceptual,0.03,0.2,no_decoy,target,1,4.104
9,109,numeric,0.1,0.05,competitor,target,1,9.974
9,110,perceptual,0.1,0.05,no_decoy,target,1,4.957
9,111,perceptual,0.1,0.05,no_decoy,target,1,3.362
9,112,perceptual,0.1,0.05,competitor,competitor,0,3.454
9,113,perceptual,0.03,0.05,no_decoy,competitor,0,3.138
9,114,numeric,0.1,0.05,no_decoy,target,1,4.677
9,115,numeric,0.1,0.2,competitor,competitor,0,7.065
9,116,perceptual,0.1,0.2,target,competitor,0,3.383
9,117,numeric,0.1,0.2,competitor,target,1,8.415
9,118,numeric,0.1,0.05,no_decoy,target,1,6.221
9,119,perceptual,0.03,0.2,competitor,competitor,0,3.214
9,120,perceptual,0.1,0.2,no_decoy,target,1,5.884
9,121,perceptual,0.1,0.05,no_decoy,target,1,4.489
9,122,numeric,0.03,0.2,target,target,1,11.259
9,123,perceptual,0.1,0.2,no_decoy,competitor,0,2.808
9,124,numeric,0.03,0.05,competitor,target,1,19.618
9,125,numeric,0.1,0.2,target,target,1,8.99
9,126,numeric,0.03,0.05,no_decoy,competitor,0,7.458
9,127,numeric,0.1,0.05,competitor,target,1,7.51
9,128,numeric,0.1,0.05,target,target,1,9.637
9,129,numeric,0.03,0.2,competitor,competitor,0,10.378
9,130,numeric,0.1,0.2,no_decoy,competitor,0,8.79
9,131,numeric,0.1,0.05,competitor,target,1,8.879
9,132,numeric,0.1,0.05,competitor,target,1,11.756
9,133,perceptual,0.1,0.2,no_decoy,target,1,3.174
9,134,perceptual,0.1,0.2,no_decoy,target,1,3.156
9,135,numeric,0.1,0.05,competitor,decoy,0,10.217
9,136,numeric,0.03,0.2,competitor,competitor,0,18.059
9,137,numeric,0.03,0.05,no_decoy,target,1,5.979
9,138,numeric,0.1,0.05,no_decoy,target,1,6.523
9,139,numeric,0.1,0.05,target,target,1,8.333
9,140,numeric,0.1,0.05,no_decoy,competitor,0,6.013
9,141,perceptual,0.03,0.05,target,target,1,3.261
9,142,perceptual,0.03,0.2,target,target,1,3.526
9,143,perceptual,0.03,0.2,target,target,1,3.332
9,144,perceptual,0.03,0.05,target,competitor,0,3.666
9,145,perceptual,0.1,0.2,target,target,1,3.227
9,146,perceptual,0.1,0.2,target,target,1,2.963
9,147,perceptual,0.1,0.05,target,competitor,0,3.524
9,148,numeric,0.03,0.2,target,target,1,6.626
9,149,numeric,0.03,0.05,target,target,1,9.777
9,150,numeric,0.1,0.2,no_decoy,target,1,5.186
9,151,numeric,0.03,0.2,target,target,1,10.181
9,152,perceptual,0.1,0.2,no_decoy,target,1,3.221
9,153,numeric,0.1,0.05,competitor,competitor,0,9.802
9,154,perceptual,0.03,0.2,no_decoy,competitor,0,3.956
9,155,numeric,0.03,0.05,no_decoy,competitor,0,9.949
9,156,perceptual,0.1,0.2,competitor,competitor,0,3.631
9,157,perceptual,0.1,0.2,target,competitor,0,2.797
9,158,perceptual,0.03,0.2,target,competitor,0,4.359
9,159,numeric,0.03,0.05,no_decoy,target,1,6.118
9,160,numeric,0.1,0.05,no_decoy,target,1,7.352
9,161,perceptual,0.03,0.05,no_decoy,target,1,3.155
9,162,perceptual,0.03,0.05,competitor,target,1,2.762
9,163,perceptual,0.1,0.05,target,target,1,3.146
9,164,numeric,0.03,0.2,target,target,1,5.932
9,165,numeric,0.1,0.2,competitor,target,1,9.352
9,166,numeric,0.03,0.05,competitor,target,1,11.144
9,167,numeric,0.03,0.2,competitor,target,1,10.581
9,168,perceptual,0.1,0.2,competitor,decoy,0,3.155
9,169,perceptual,0.03,0.2,no_decoy,competitor,0,3.396
9,170,numeric,0.1,0.2,target,competitor,0,9.563
9,171,perceptual,0.03,0.05,no_decoy,target,1,5.721
9,172,perceptual,0.03,0.05,target,target,1,3.839
9,173,perceptual,0.03,0.05,no_decoy,target,1,7.105
9,174,numeric,0.1,0.2,target,target,1,7.265
9,175,perceptual,0.03,0.2,target,competitor,0,5.592
9,176,perceptual,0.03,0.05,competitor,target,1,5.12
9,177,numeric,0.1,0.2,no_decoy,target,1,4.18
9,178,numeric,0.03,0.2,competitor,target,1,10.511
9,179,perceptual,0.03,0.2,target,target,1,2.738
9,180,numeric,0.1,0.05,competitor,competitor,0,10.024
9,181,perceptual,0.1,0.2,competitor,target,1,4.429
9,182,perceptual,0.1,0.2,competitor,target,1,4.548
9,183,perceptual,0.03,0.2,competitor,target,1,7.141
9,184,numeric,0.1,0.05,no_decoy,target,1,5.768
9,185,numeric,0.03,0.05,competitor,competitor,0,7.515
9,186,numeric,0.03,0.2,target,competitor,0,13.142
9,187,numeric,0.03,0.05,competitor,competitor,0,11.699
9,188,perceptual,0.1,0.05,no_decoy,target,1,2.969
9,189,numeric,0.1,0.05,target,target,1,10.793
9,190,perceptual,0.03,0.05,no_decoy,competitor,0,2.961
9,191,numeric,0.03,0.05,no_decoy,target,1,7.693
9,192,perceptual,0.03,0.05,competitor,target,1,3.169
9,193,perceptual,0.1,0.05,target,target,1,3.155
9,194,perceptual,0.1,0.2,no_decoy,target,1,2.731
9,195,perceptual,0.1,0.05,no_decoy,target,1,3.176
9,196,perceptual,0.03,0.05,target,competitor,0,3.237
9,197,numeric,0.03,0.2,no_decoy,competitor,0,7.163
9,198,perceptual,0.03,0.05,competitor,competitor,0,2.783
9,199,perceptual,0.1,0.05,target,competitor,0,2.919
9,200,perceptual,0.03,0.05,target,competitor,0,4.715
9,201,perceptual,0.03,0.2,target,target,1,3.285
9,202,numeric,0.1,0.2,no_decoy,target,1,6.14
9,203,perceptual,0.03,0.05,no_decoy,competitor,0,2.584
9,204,numeric,0.1,0.2,target,target,1,11.108
9,205,numeric,0.03,0.05,target,target,1,11.446
9,206,perceptual,0.03,0.05,target,competitor,0,3.093
9,207,perceptual,0.03,0.05,target,competitor,0,2.889
9,208,perceptual,0.1,0.2,target,decoy,0,2.272
9,209,numeric,0.03,0.2,no_decoy,target,1,5.834
9,210,numeric,0.03,0.05,competitor,decoy,0,8.89
9,211,numeric,0.03,0.2,no_decoy,target,1,4.184
9,212,perceptual,0.03,0.2,competitor,decoy,0,2.662
9,213,perceptual,0.1,0.2,no_decoy,target,1,4.296
9,214,numeric,0.1,0.2,competitor,target,1,14.597
9,215,perceptual,0.03,0.2,target,decoy,0,3.408
9,216,perceptual,0.03,0.2,no_decoy,competitor,0,2.546
9,217,numeric,0.03,0.05,target,competitor,0,8.353
9,218,numeric,0.03,0.05,target,target,1,10.322
9,219,perceptual,0.03,0.05,no_decoy,competitor,0,2.312
9,220,numeric,0.03,0.05,competitor,target,1,13.201
9,221,perceptual,0.1,0.2,target,competitor,0,3.237
9,222,numeric,0.03,0.05,no_decoy,target,1,5.873
9,223,numeric,0.1,0.05,no_decoy,target,1,5.719
9,224,numeric,0.1,0.2,target,competitor,0,12.936
9,225,perceptual,0.1,0.05,competitor,target,1,2.988
9,226,numeric,0.03,0.2,target,target,1,7.335
9,227,perceptual,0.03,0.2,no_decoy,competitor,0,4.465
9,228,numeric,0.03,0.2,target,target,1,17.936
9,229,perceptual,0.1,0.2,target,decoy,0,2.416
9,230,perceptual,0.03,0.05,target,target,1,3.662
9,231,numeric,0.03,0.2,competitor,target,1,11.421
9,232,perceptual,0.03,0.2,no_decoy,competitor,0,2.662
9,233,perceptual,0.1,0.2,target,competitor,0,3.133
9,234,perceptual,0.1,0.2,target,competitor,0,3.851
9,235,perceptual,0.03,0.2,competitor,target,1,3.963
9,236,perceptual,0.03,0.2,target,target,1,3.287
9,237,numeric,0.1,0.05,target,target,1,8.876
9,238,perceptual,0.1,0.05,competitor,competitor,0,2.768
9,239,numeric,0.1,0.2,no_decoy,target,1,4.435
9,240,perceptual,0.1,0.05,competitor,target,1,2.777
9,241,perceptual,0.03,0.2,competitor,decoy,0,3.316
9,242,perceptual,0.1,0.05,target,decoy,0,2.855
9,243,numeric,0.03,0.05,target,target,1,11.156
9,244,numeric,0.1,0.2,competitor,target,1,8.2
9,245,numeric,0.03,0.2,no_decoy,target,1,2.951
9,246,numeric,0.03,0.2,target,target,1,12.689
9,247,perceptual,0.1,0.05,competitor,decoy,0,2.509
9,248,perceptual,0.03,0.05,competitor,target,1,2.935
9,250,perceptual,0.1,0.2,target,decoy,0,0.416
9,251,perceptual,0.03,0.2,target,target,1,2.676
9,252,numeric,0.03,0.05,target,target,1,8.685
9,253,numeric,0.1,0.05,target,target,1,12.562
9,254,numeric,0.1,0.2,target,target,1,11.073
9,255,perceptual,0.03,0.2,no_decoy,target,1,2.798
9,256,perceptual,0.03,0.2,no_decoy,target,1,2.84
9,257,perceptual,0.03,0.05,competitor,competitor,0,2.766
9,258,perceptual,0.1,0.2,competitor,target,1,2.891
9,259,numeric,0.03,0.05,competitor,target,1,11.747
9,260,perceptual,0.03,0.2,no_decoy,competitor,0,2.218
9,261,perceptual,0.03,0.05,competitor,target,1,3.178
9,262,numeric,0.1,0.2,target,target,1,7.583
9,263,perceptual,0.03,0.2,competitor,competitor,0,2.566
9,264,numeric,0.03,0.2,no_decoy,competitor,0,8.141
9,265,perceptual,0.1,0.05,competitor,target,1,4.974
9,266,numeric,0.03,0.2,no_decoy,target,1,6.727
9,267,numeric,0.1,0.2,target,target,1,10.828
9,268,perceptual,0.03,0.05,no_decoy,target,1,2.52
9,269,numeric,0.03,0.2,competitor,target,1,6.966
9,270,numeric,0.03,0.2,competitor,competitor,0,13.879
9,271,perceptual,0.1,0.2,competitor,competitor,0,3.354
9,272,perceptual,0.1,0.05,competitor,target,1,2.812
9,273,numeric,0.03,0.2,competitor,competitor,0,11.734
9,274,perceptual,0.1,0.2,competitor,competitor,0,3.046
9,275,perceptual,0.03,0.2,no_decoy,competitor,0,3.97
9,276,numeric,0.1,0.05,no_decoy,target,1,5.113
9,277,perceptual,0.03,0.05,target,target,1,5.098
9,278,numeric,0.1,0.05,target,target,1,8.544
9,279,perceptual,0.03,0.2,no_decoy,competitor,0,3.059
9,280,numeric,0.03,0.05,competitor,target,1,7.917
9,281,perceptual,0.1,0.05,competitor,target,1,3.917
9,282,perceptual,0.03,0.05,competitor,decoy,0,5.426
9,283,perceptual,0.1,0.2,no_decoy,competitor,0,4.84
9,284,numeric,0.03,0.05,competitor,target,1,12.351
9,285,perceptual,0.1,0.05,competitor,competitor,0,4.192
9,286,perceptual,0.03,0.05,competitor,target,1,4.614
9,287,numeric,0.03,0.2,competitor,decoy,0,10.401
9,288,numeric,0.1,0.2,no_decoy,target,1,5.621
10,1,perceptual,0.03,0.05,competitor,competitor,0,6.535
10,2,perceptual,0.1,0.2,competitor,target,1,4.139
10,3,perceptual,0.1,0.05,no_decoy,target,1,3.083
10,4,perceptual,0.1,0.05,no_decoy,competitor,0,2.544
10,5,perceptual,0.1,0.2,no_decoy,target,1,0.086
10,6,numeric,0.03,0.05,target,competitor,0,4.562
10,7,perceptual,0.03,0.2,no_decoy,competitor,0,3.625
10,8,perceptual,0.03,0.2,target,competitor,0,3.792
10,9,numeric,0.03,0.2,no_decoy,competitor,0,4.874
10,10,numeric,0.1,0.05,no_decoy,target,1,5.844
10,11,perceptual,0.03,0.2,competitor,competitor,0,3.367
10,12,numeric,0.1,0.05,target,target,1,7.168
10,13,numeric,0.1,0.2,target,competitor,0,5.805
10,14,perceptual,0.1,0.05,competitor,competitor,0,3.149
10,15,perceptual,0.1,0.2,target,decoy,0,5.166
10,16,perceptual,0.03,0.2,no_decoy,target,1,3.254
10,17,numeric,0.03,0.05,competitor,competitor,0,5.933
10,18,perceptual,0.1,0.2,competitor,target,1,4.018
10,19,perceptual,0.1,0.2,competitor,decoy,0,2.73
10,20,numeric,0.1,0.05,competitor,target,1,4.845
10,21,numeric,0.03,0.05,competitor,target,1,5.023
10,22,numeric,0.03,0.05,no_decoy,target,1,6.623
10,23,numeric,0.03,0.2,no_decoy,target,1,3.137
10,24,numeric,0.03,0.05,target,target,1,7.751
10,25,numeric,0.1,0.2,no_decoy,target,1,6.186
10,26,perceptual,0.03,0.2,competitor,competitor,0,4.603
10,27,perceptual,0.03,0.05,target,decoy,0,4.896
10,28,perceptual,0.03,0.2,target,competitor,0,3.634
10,29,perceptual,0.1,0.05,no_decoy,target,1,2.534
10,30,numeric,0.03,0.2,competitor,competitor,0,9.06
10,31,perceptual,0.03,0.05,no_decoy,competitor,0,3.872
10,32,numeric,0.1,0.2,no_decoy,target,1,4.18
10,33,perceptual,0.03,0.05,competitor,target,1,2.862
10,34,numeric,0.03,0.05,no_decoy,competitor,0,6.152
10,35,perceptual,0.1,0.2,target,target,1,3.81
10,36,perceptual,0.03,0.2,competitor,target,1,3.58
10,37,numeric,0.03,0.05,no_decoy,target,1,3.439
10,38,numeric,0.1,0.2,competitor,target,1,4.575
10,39,numeric,0.03,0.05,target,competitor,0,5.615
10,40,perceptual,0.1,0.2,no_decoy,target,1,2.837
10,41,perceptual,0.03,0.05,target,target,1,3.411
10,42,perceptual,0.1,0.2,target,target,1,3.044
10,43,perceptual,0.03,0.2,target,competitor,0,4.199
10,44,numeric,0.1,0.05,target,competitor,0,4.965
10,45,perceptual,0.1,0.05,target,target,1,4.285
10,46,numeric,0.1,0.2,no_decoy,competitor,0,4.254
10,47,numeric,0.1,0.05,target,competitor,0,3.926
10,48,numeric,0.1,0.05,no_decoy,competitor,0,3.023
10,49,perceptual,0.03,0.2,no_decoy,target,1,2.648
10,50,perceptual,0.1,0.2,no_decoy,competitor,0,2.209
10,51,numeric,0.1,0.2,target,competitor,0,5.984
10,52,perceptual,0.03,0.2,no_decoy,target,1,2.918
10,53,numeric,0.03,0.2,competitor,competitor,0,4.453
10,54,perceptual,0.03,0.2,competitor,target,1,3.415
10,55,numeric,0.03,0.05,no_decoy,target,1,2.793
10,56,perceptual,0.03,0.05,target,competitor,0,3.921
10,57,numeric,0.1,0.05,competitor,target,1,5.925
10,58,numeric,0.1,0.2,target,target,1,3.9
10,59,perceptual,0.03,0.05,target,target,1,4.432
10,60,perceptual,0.03,0.2,competitor,target,1,4.091
10,61,perceptual,0.1,0.05,competitor,target,1,3.886
10,62,numeric,0.03,0.2,competitor,competitor,0,7.661
10,63,numeric,0.03,0.05,target,decoy,0,8.583
10,64,perceptual,0.1,0.05,target,competitor,0,4.085
10,65,perceptual,0.03,0.2,no_decoy,competitor,0,2.129
10,66,numeric,0.1,0.2,competitor,target,1,6.837
10,67,perceptual,0.1,0.2,target,target,1,4.321
10,68,perceptual,0.1,0.2,competitor,target,1,4.508
10,69,perceptual,0.1,0.2,no_decoy,target,1,3.831
10,70,perceptual,0.1,0.05,no_decoy,target,1,4.064
10,71,perceptual,0.1,0.05,target,competitor,0,4.063
10,72,numeric,0.1,0.05,no_decoy,target,1,5.311
10,73,perceptual,0.03,0.2,competitor,target,1,3.121
10,74,numeric,0.03,0.05,no_decoy,target,1,5.483
10,75,numeric,0.03,0.2,target,competitor,0,3.813
10,76,numeric,0.1,0.2,no_decoy,target,1,3.783
10,77,numeric,0.03,0.05,target,competitor,0,5.474
10,78,numeric,0.1,0.05,target,target,1,2.728
10,79,perceptual,0.1,0.05,target,target,1,2.517
10,80,perceptual,0.03,0.2,no_decoy,competitor,0,2.238
10,81,perceptual,0.1,0.2,no_decoy,competitor,0,2.054
10,82,numeric,0.1,0.05,competitor,target,1,5.576
10,83,numeric,0.1,0.2,target,target,1,4.208
10,84,numeric,0.03,0.05,target,target,1,4.789
10,85,perceptual,0.1,0.05,competitor,decoy,0,2.896
10,86,numeric,0.1,0.2,target,target,1,4.138
10,87,numeric,0.03,0.05,competitor,competitor,0,10.094
10,88,numeric,0.03,0.2,no_decoy,competitor,0,5.038
10,89,numeric,0.1,0.05,competitor,competitor,0,5.847
10,90,numeric,0.03,0.05,target,decoy,0,7.241
10,91,numeric,0.03,0.05,competitor,target,1,6.455
10,92,numeric,0.03,0.2,no_decoy,competitor,0,5.441
10,93,perceptual,0.03,0.2,competitor,competitor,0,3.526
10,94,perceptual,0.03,0.05,no_decoy,competitor,0,3.487
10,95,numeric,0.03,0.2,competitor,target,1,6.647
10,96,perceptual,0.03,0.2,target,target,1,3.792
10,97,perceptual,0.03,0.05,target,target,1,3.335
10,98,numeric,0.1,0.2,target,target,1,4.858
10,99,perceptual,0.03,0.2,competitor,target,1,2.931
10,100,numeric,0.03,0.05,no_decoy,target,1,3.633
10,101,numeric,0.03,0.05,target,competitor,0,4.294
10,102,perceptual,0.03,0.2,target,target,1,3.23
10,103,perceptual,0.1,0.2,target,target,1,3.142
10,104,perceptual,0.03,0.05,target,target,1,3.777
10,105,perceptual,0.1,0.05,no_decoy,competitor,0,3.774
10,106,perceptual,0.1,0.2,no_decoy,target,1,3.546
10,107,numeric,0.03,0.2,target,target,1,6.932
10,108,perceptual,0.03,0.05,competitor,target,1,2.795
10,109,numeric,0.1,0.2,competitor,target,1,6.654
10,110,numeric,0.1,0.2,competitor,competitor,0,4.949
10,111,numeric,0.1,0.2,no_decoy,target,1,5.298
10,112,perceptual,0.03,0.2,target,target,1,3.9
10,113,perceptual,0.1,0.05,competitor,target,1,2.624
10,114,numeric,0.1,0.05,competitor,target,1,3.329
10,115,numeric,0.1,0.05,no_decoy,target,1,4.485
10,116,numeric,0.1,0.05,no_decoy,target,1,4.132
10,117,numeric,0.03,0.2,competitor,target,1,3.666
10,118,numeric,0.1,0.05,target,target,1,5.891
10,119,numeric,0.1,0.05,no_decoy,target,1,3.825
10,120,perceptual,0.1,0.05,no_decoy,target,1,2.862
10,121,perceptual,0.1,0.05,target,target,1,3.89
10,122,perceptual,0.03,0.05,target,target,1,2.964
10,123,numeric,0.1,0.05,no_decoy,target,1,4.983
10,124,numeric,0.03,0.05,competitor,competitor,0,8.267
10,125,perceptual,0.03,0.2,target,competitor,0,3.857
10,126,perceptual,0.03,0.05,competitor,competitor,0,2.545
10,127,numeric,0.1,0.05,no_decoy,target,1,4.192
10,128,perceptual,0.03,0.05,target,decoy,0,5.031
10,129,numeric,0.1,0.2,competitor,target,1,5.202
10,130,numeric,0.1,0.2,competitor,target,1,4.334
10,131,perceptual,0.1,0.2,no_decoy,target,1,2.434
10,132,perceptual,0.03,0.05,no_decoy,competitor,0,2.559
10,133,perceptual,0.1,0.2,target,target,1,4.62
10,134,numeric,0.1,0.2,no_decoy,target,1,4.258
10,135,perceptual,0.1,0.2,target,target,1,3.442
10,136,perceptual,0.1,0.05,no_decoy,target,1,5.13
10,137,perceptual,0.03,0.05,competitor,target,1,3.414
10,138,numeric,0.03,0.05,no_decoy,competitor,0,5.552
10,139,perceptual,0.1,0.2,no_decoy,target,1,3.834
10,140,numeric,0.03,0.2,no_decoy,target,1,4.439
10,141,perceptual,0.03,0.2,target,target,1,3.883
10,142,perceptual,0.1,0.05,competitor,competitor,0,3.742
10,143,perceptual,0.1,0.05,no_decoy,competitor,0,2.679
10,144,numeric,0.03,0.2,no_decoy,target,1,5.168
10,145,perceptual,0.03,0.2,target,competitor,0,2.403
10,146,numeric,0.1,0.2,target,target,1,6.122
10,147,numeric,0.1,0.2,no_decoy,target,1,5.303
10,148,numeric,0.1,0.05,target,target,1,6.472
10,149,perceptual,0.03,0.05,no_decoy,competitor,0,3.637
10,150,perceptual,0.1,0.2,target,competitor,0,3.612
10,151,numeric,0.03,0.2,target,target,1,5.306
10,152,perceptual,0.1,0.2,target,target,1,2.594
10,153,numeric,0.1,0.2,target,competitor,0,6.177
10,154,numeric,0.1,0.05,competitor,target,1,4.41
10,155,numeric,0.1,0.2,no_decoy,target,1,3.533
10,156,perceptual,0.03,0.2,competitor,competitor,0,4.073
10,157,numeric,0.03,0.2,competitor,competitor,0,9.157
10,158,perceptual,0.03,0.05,competitor,target,1,2.743
10,159,perceptual,0.1,0.05,no_decoy,target,1,2.178
10,160,numeric,0.03,0.2,no_decoy,target,1,4.255
10,161,numeric,0.03,0.2,target,competitor,0,4.765
10,162,perceptual,0.1,0.2,competitor,competitor,0,2.737
10,163,perceptual,0.1,0.2,no_decoy,target,1,3.088
10,164,numeric,0.1,0.05,competitor,target,1,6.453
10,165,perceptual,0.03,0.05,competitor,decoy,0,2.804
10,166,perceptual,0.1,0.05,target,competitor,0,3.351
10,167,numeric,0.03,0.2,target,target,1,7.612
10,168,perceptual,0.1,0.2,competitor,competitor,0,4.06
10,169,numeric,0.1,0.05,target,target,1,7.647
10,170,numeric,0.1,0.2,competitor,target,1,5.292
10,171,perceptual,0.03,0.2,no_decoy,competitor,0,2.656
10,172,numeric,0.1,0.05,competitor,competitor,0,9.521
10,173,numeric,0.1,0.2,target,target,1,6.054
10,174,perceptual,0.03,0.2,no_decoy,competitor,0,2.595
10,175,numeric,0.03,0.05,no_decoy,competitor,0,3.242
10,176,perceptual,0.1,0.05,competitor,target,1,2.906
10,177,numeric,0.1,0.2,competitor,target,1,6.181
10,178,perceptual,0.1,0.05,no_decoy,competitor,0,2.607
10,179,numeric,0.03,0.2,competitor,competitor,0,5.679
10,180,numeric,0.03,0.2,target,target,1,4.733
10,181,numeric,0.1,0.05,competitor,competitor,0,10.031
10,182,numeric,0.1,0.05,target,target,1,6.398
10,183,numeric,0.03,0.2,target,target,1,5.961
10,184,perceptual,0.1,0.2,competitor,competitor,0,3.196
10,185,numeric,0.03,0.2,competitor,target,1,7.308
10,186,numeric,0.03,0.2,target,competitor,0,5.53
10,187,perceptual,0.03,0.05,competitor,decoy,0,2.802
10,188,numeric,0.03,0.05,target,target,1,5.939
10,189,perceptual,0.03,0.05,competitor,target,1,2.732
10,190,numeric,0.1,0.05,no_decoy,target,1,3.824
10,191,numeric,0.03,0.05,no_decoy,competitor,0,6.783
10,192,numeric,0.03,0.05,competitor,target,1,4.368
10,193,perceptual,0.03,0.05,target,competitor,0,2.506
10,194,perceptual,0.1,0.05,target,decoy,0,2.371
10,195,numeric,0.03,0.2,no_decoy,competitor,0,3.362
10,196,perceptual,0.1,0.2,target,target,1,3.011
10,197,numeric,0.03,0.05,target,target,1,7.813
10,198,perceptual,0.1,0.2,no_decoy,target,1,3.374
10,199,numeric,0.03,0.05,competitor,target,1,8.848
10,200,perceptual,0.1,0.05,target,decoy,0,3.061
10,201,numeric,0.03,0.05,target,competitor,0,5.487
10,202,numeric,0.03,0.05,competitor,competitor,0,6.926
10,203,perceptual,0.1,0.05,target,decoy,0,3.3
10,204,numeric,0.03,0.2,no_decoy,target,1,3.12
10,205,numeric,0.03,0.2,target,decoy,0,5.438
10,206,perceptual,0.1,0.05,competitor,decoy,0,2.24
10,207,perceptual,0.03,0.05,target,competitor,0,3.59
10,208,perceptual,0.03,0.2,no_decoy,competitor,0,4.427
10,209,perceptual,0.1,0.2,competitor,competitor,0,2.832
10,210,numeric,0.1,0.2,target,target,1,5.501
10,211,perceptual,0.1,0.2,no_decoy,target,1,3.492
10,212,perceptual,0.1,0.2,target,competitor,0,4.238
10,213,numeric,0.1,0.05,target,decoy,0,7.463
10,214,numeric,0.1,0.05,competitor,target,1,4.186
10,215,perceptual,0.03,0.05,target,competitor,0,3.469
10,216,perceptual,0.1,0.05,target,decoy,0,3.898
10,217,numeric,0.1,0.2,no_decoy,target,1,3.861
10,218,perceptual,0.03,0.05,no_decoy,target,1,2.426
10,219,numeric,0.1,0.05,no_decoy,target,1,3.961
10,220,numeric,0.03,0.05,target,target,1,6.269
10,221,perceptual,0.03,0.05,competitor,target,1,4.877
10,222,numeric,0.03,0.05,competitor,target,1,6.826
10,223,perceptual,0.1,0.05,no_decoy,target,1,2.199
10,224,numeric,0.1,0.05,target,target,1,6.777
10,225,numeric,0.1,0.05,no_decoy,target,1,3.557
10,226,numeric,0.1,0.2,no_decoy,target,1,5.54
10,227,perceptual,0.03,0.05,no_decoy,target,1,3.292
10,228,numeric,0.1,0.05,no_decoy,competitor,0,6.423
10,229,perceptual,0.03,0.2,target,target,1,2.517
10,230,numeric,0.03,0.05,no_decoy,competitor,0,3.903
10,231,perceptual,0.03,0.2,no_decoy,competitor,0,2.452
10,232,numeric,0.03,0.2,target,target,1,7.536
10,233,numeric,0.03,0.2,no_decoy,target,1,6.183
10,234,numeric,0.03,0.05,competitor,competitor,0,7.218
10,235,perceptual,0.1,0.05,competitor,target,1,2.557
10,236,perceptual,0.03,0.2,target,target,1,2.856
10,237,perceptual,0.03,0.2,no_decoy,competitor,0,2.306
10,238,numeric,0.03,0.05,no_decoy,target,1,4.033
10,239,perceptual,0.03,0.05,no_decoy,competitor,0,2.908
10,240,perceptual,0.03,0.05,no_decoy,competitor,0,3.434
10,241,numeric,0.03,0.05,competitor,competitor,0,5.488
10,242,perceptual,0.1,0.2,competitor,target,1,4.215
10,243,numeric,0.03,0.2,competitor,target,1,5.6
10,244,numeric,0.1,0.2,no_decoy,target,1,5.306
10,245,numeric,0.03,0.2,competitor,competitor,0,7.877
10,246,perceptual,0.03,0.2,competitor,target,1,3.536
10,247,perceptual,0.03,0.2,competitor,target,1,3.262
10,248,perceptual,0.1,0.05,competitor,target,1,3.407
10,249,perceptual,0.1,0.2,no_decoy,competitor,0,2.596
10,250,perceptual,0.03,0.05,target,target,1,3.494
10,251,numeric,0.03,0.05,no_decoy,target,1,3.912
10,252,numeric,0.1,0.05,competitor,competitor,0,6.325
10,253,perceptual,0.03,0.05,no_decoy,target,1,2.915
10,254,numeric,0.03,0.2,no_decoy,target,1,4.855
10,255,perceptual,0.03,0.05,competitor,competitor,0,3.635
10,256,numeric,0.1,0.2,no_decoy,target,1,4.205
10,257,numeric,0.03,0.2,target,competitor,0,5.369
10,258,numeric,0.03,0.05,competitor,competitor,0,5.495
10,259,perceptual,0.1,0.05,target,decoy,0,2.863
10,260,numeric,0.1,0.2,target,competitor,0,5.237
10,261,perceptual,0.1,0.05,no_decoy,target,1,2.906
10,262,perceptual,0.03,0.2,competitor,target,1,3.096
10,263,perceptual,0.03,0.2,target,target,1,3.292
10,264,numeric,0.03,0.2,competitor,target,1,5.728
10,265,numeric,0.1,0.2,target,target,1,7.949
10,266,perceptual,0.03,0.05,competitor,competitor,0,2.701
10,267,perceptual,0.1,0.05,competitor,target,1,2.968
10,268,perceptual,0.1,0.05,target,target,1,3.294
10,269,numeric,0.1,0.05,target,competitor,0,5.033
10,270,numeric,0.1,0.2,competitor,competitor,0,5.118
10,271,numeric,0.03,0.2,target,target,1,6.49
10,272,numeric,0.1,0.2,competitor,target,1,8.691
10,273,perceptual,0.03,0.2,no_decoy,competitor,0,3.068
10,274,perceptual,0.1,0.05,competitor,target,1,3.1
10,275,numeric,0.03,0.2,competitor,competitor,0,6.792
10,276,perceptual,0.1,0.2,target,competitor,0,2.999
10,277,perceptual,0.03,0.05,no_decoy,competitor,0,3.319
10,278,perceptual,0.1,0.2,competitor,competitor,0,3.823
10,279,perceptual,0.1,0.2,competitor,target,1,3.07
10,280,perceptual,0.03,0.05,no_decoy,target,1,4.117
10,281,numeric,0.1,0.2,competitor,target,1,5.208
10,282,perceptual,0.03,0.05,no_decoy,target,1,2.547
10,283,numeric,0.1,0.05,competitor,target,1,5.503
10,284,numeric,0.1,0.05,target,competitor,0,5.031
10,285,numeric,0.1,0.2,competitor,competitor,0,6.196
10,286,perceptual,0.1,0.2,competitor,competitor,0,3.464
10,287,numeric,0.03,0.2,no_decoy,target,1,4.084
10,288,perceptual,0.1,0.05,competitor,target,1,3.542
11,1,perceptual,0.03,0.05,no_decoy,competitor,0,8.098
11,2,numeric,0.03,0.05,competitor,decoy,0,9.563
11,3,perceptual,0.03,0.05,no_decoy,target,1,11.864
11,4,perceptual,0.03,0.05,target,decoy,0,7.374
11,5,numeric,0.03,0.2,competitor,target,1,14.115
11,6,numeric,0.03,0.2,competitor,competitor,0,12.337
11,7,numeric,0.03,0.2,competitor,target,1,7.788
11,8,numeric,0.1,0.05,target,target,1,7.689
11,9,numeric,0.03,0.05,competitor,target,1,8.251
11,10,perceptual,0.03,0.2,no_decoy,competitor,0,6.209
11,11,numeric,0.03,0.2,target,competitor,0,8.478
11,12,numeric,0.03,0.2,target,target,1,5.99
11,13,numeric,0.03,0.2,no_decoy,competitor,0,10.419
11,14,numeric,0.1,0.05,competitor,competitor,0,14.566
11,15,numeric,0.1,0.2,target,target,1,17.411
11,16,perceptual,0.1,0.05,target,competitor,0,9.46
11,17,numeric,0.1,0.2,competitor,competitor,0,15.26
11,18,numeric,0.1,0.2,target,target,1,8.033
11,19,perceptual,0.03,0.2,competitor,target,1,7.95
11,20,perceptual,0.03,0.05,no_decoy,target,1,3.151
11,21,perceptual,0.03,0.2,no_decoy,target,1,4.353
11,22,perceptual,0.1,0.2,no_decoy,target,1,6.058
11,23,numeric,0.1,0.05,no_decoy,competitor,0,6.931
11,24,perceptual,0.1,0.05,target,target,1,12.35
11,25,perceptual,0.1,0.2,target,target,1,11.707
11,28,perceptual,0.03,0.05,no_decoy,target,1,8.842
11,29,numeric,0.03,0.2,target,target,1,5.7
11,30,perceptual,0.03,0.2,target,competitor,0,8.373
11,31,perceptual,0.03,0.05,no_decoy,target,1,4.641
11,32,numeric,0.1,0.05,competitor,target,1,14.074
11,33,numeric,0.03,0.05,target,decoy,0,5.638
11,34,numeric,0.03,0.05,no_decoy,target,1,7.117
11,35,perceptual,0.1,0.05,no_decoy,target,1,4.415
11,36,numeric,0.03,0.05,target,target,1,13.085
11,37,perceptual,0.03,0.05,competitor,target,1,10.999
11,38,numeric,0.1,0.05,competitor,target,1,7.683
11,39,perceptual,0.1,0.2,competitor,target,1,8.483
11,40,perceptual,0.1,0.05,no_decoy,competitor,0,4.496
11,41,numeric,0.1,0.05,competitor,target,1,10.999
11,42,perceptual,0.03,0.2,target,target,1,3.831
11,43,perceptual,0.03,0.2,competitor,competitor,0,1.814
11,44,perceptual,0.03,0.2,no_decoy,competitor,0,1.919
11,45,perceptual,0.1,0.2,target,target,1,2.759
11,46,numeric,0.1,0.05,competitor,competitor,0,7.504
11,47,perceptual,0.1,0.2,target,competitor,0,3.768
11,48,numeric,0.1,0.2,target,competitor,0,5.577
11,49,perceptual,0.03,0.05,no_decoy,target,1,5.462
11,50,numeric,0.1,0.05,target,target,1,7.851
11,51,numeric,0.03,0.2,no_decoy,target,1,5.723
11,52,numeric,0.03,0.05,target,competitor,0,3.959
11,53,perceptual,0.1,0.05,no_decoy,target,1,2.479
11,54,perceptual,0.03,0.05,no_decoy,target,1,4.429
11,55,numeric,0.1,0.2,competitor,target,1,5.539
11,56,perceptual,0.03,0.05,target,target,1,5.029
11,57,perceptual,0.1,0.2,no_decoy,target,1,4.098
11,59,numeric,0.03,0.2,target,competitor,0,5.386
11,60,perceptual,0.1,0.2,target,competitor,0,3.077
11,61,numeric,0.03,0.2,competitor,competitor,0,2.825
11,62,numeric,0.1,0.05,target,target,1,3.806
11,63,numeric,0.03,0.2,target,target,1,7.201
11,64,perceptual,0.1,0.2,competitor,target,1,3.703
11,65,perceptual,0.03,0.05,target,target,1,5.15
11,66,numeric,0.1,0.2,target,target,1,3.649
11,67,numeric,0.1,0.05,target,decoy,0,7.718
11,68,numeric,0.03,0.05,no_decoy,competitor,0,4.976
11,69,perceptual,0.03,0.05,competitor,target,1,5.854
11,70,numeric,0.03,0.05,competitor,competitor,0,6.051
11,71,perceptual,0.03,0.2,target,competitor,0,2.87
11,72,numeric,0.1,0.05,target,decoy,0,6.943
11,73,perceptual,0.03,0.05,competitor,target,1,5.143
11,74,numeric,0.1,0.2,target,competitor,0,18.28
11,75,numeric,0.03,0.2,competitor,target,1,4.693
11,76,numeric,0.1,0.2,target,target,1,6.694
11,78,perceptual,0.03,0.05,competitor,competitor,0,18.883
11,79,numeric,0.1,0.05,competitor,competitor,0,0.26
11,80,perceptual,0.03,0.05,competitor,competitor,0,3.905
11,81,numeric,0.03,0.05,no_decoy,target,1,4.747
11,82,perceptual,0.03,0.05,no_decoy,target,1,4.417
11,83,numeric,0.03,0.05,no_decoy,target,1,11.16
11,84,perceptual,0.03,0.2,no_decoy,competitor,0,4.518
11,85,numeric,0.1,0.2,no_decoy,competitor,0,4.481
11,86,perceptual,0.1,0.2,competitor,target,1,3.406
11,87,numeric,0.03,0.05,no_decoy,competitor,0,5.306
11,88,numeric,0.1,0.05,target,decoy,0,6.84
11,89,numeric,0.03,0.05,competitor,target,1,4.005
11,90,numeric,0.1,0.05,no_decoy,target,1,4.708
11,91,numeric,0.03,0.2,no_decoy,target,1,2.86
11,92,perceptual,0.03,0.2,target,competitor,0,2.183
11,93,numeric,0.03,0.2,no_decoy,competitor,0,2.397
11,94,numeric,0.03,0.2,target,target,1,7.085
11,95,numeric,0.1,0.05,no_decoy,target,1,8.456
11,96,perceptual,0.1,0.2,target,decoy,0,4.11
11,97,numeric,0.1,0.05,competitor,target,1,12.101
11,98,perceptual,0.1,0.05,target,target,1,3.824
11,99,perceptual,0.1,0.05,no_decoy,competitor,0,2.839
11,100,numeric,0.1,0.2,competitor,decoy,0,3.334
11,101,perceptual,0.1,0.2,no_decoy,target,1,3.217
11,102,numeric,0.03,0.2,no_decoy,competitor,0,4.639
11,103,perceptual,0.1,0.2,competitor,target,1,2.821
11,104,numeric,0.03,0.05,target,competitor,0,3.765
11,105,perceptual,0.1,0.2,no_decoy,target,1,2.932
11,106,numeric,0.1,0.2,competitor,target,1,3.868
11,107,numeric,0.03,0.2,no_decoy,competitor,0,2.482
11,108,numeric,0.1,0.05,no_decoy,competitor,0,3.798
11,109,perceptual,0.1,0.2,no_decoy,target,1,3.107
11,110,perceptual,0.1,0.2,competitor,target,1,2.9
11,111,perceptual,0.1,0.05,competitor,target,1,3.346
11,112,numeric,0.1,0.2,competitor,competitor,0,3.574
11,113,numeric,0.1,0.05,competitor,competitor,0,9.603
11,114,perceptual,0.03,0.2,no_decoy,target,1,3.524
11,115,numeric,0.03,0.05,target,target,1,13.27
11,116,perceptual,0.03,0.05,no_decoy,competitor,0,2.552
11,117,perceptual,0.03,0.2,competitor,decoy,0,3.526
11,118,numeric,0.1,0.2,target,decoy,0,6.259
11,119,numeric,0.1,0.2,no_decoy,competitor,0,3.758
11,120,numeric,0.1,0.2,no_decoy,competitor,0,6.89
11,121,numeric,0.1,0.2,no_decoy,target,1,2.885
11,122,numeric,0.1,0.05,competitor,target,1,6.191
11,123,numeric,0.1,0.2,target,competitor,0,7.188
11,124,perceptual,0.03,0.2,no_decoy,competitor,0,3.451
11,125,perceptual,0.1,0.2,competitor,competitor,0,3.733
11,126,perceptual,0.1,0.05,competitor,target,1,4.769
11,127,numeric,0.03,0.2,competitor,competitor,0,5.826
11,128,perceptual,0.03,0.2,target,target,1,6.811
11,129,perceptual,0.03,0.05,target,target,1,3.054
11,130,numeric,0.03,0.05,no_decoy,competitor,0,3.775
11,131,perceptual,0.1,0.05,target,target,1,3.882
11,132,numeric,0.1,0.05,target,target,1,4.237
11,133,perceptual,0.1,0.2,no_decoy,target,1,3.213
11,134,numeric,0.1,0.2,competitor,target,1,11.347
11,135,numeric,0.03,0.05,no_decoy,target,1,3.899
11,136,perceptual,0.03,0.2,competitor,target,1,4.264
11,137,numeric,0.1,0.05,no_decoy,target,1,6.662
11,138,numeric,0.03,0.2,no_decoy,target,1,6.704
11,139,numeric,0.1,0.05,competitor,competitor,0,4.125
11,140,numeric,0.03,0.2,competitor,target,1,7.782
11,141,perceptual,0.1,0.05,competitor,competitor,0,2.917
11,142,numeric,0.03,0.05,competitor,target,1,10.224
11,143,perceptual,0.1,0.05,competitor,target,1,4.511
11,144,perceptual,0.1,0.05,competitor,target,1,4.802
11,145,perceptual,0.1,0.05,no_decoy,competitor,0,2.427
11,146,numeric,0.03,0.2,no_decoy,competitor,0,6.577
11,147,perceptual,0.03,0.2,competitor,target,1,3.35
11,148,perceptual,0.1,0.05,no_decoy,competitor,0,3.203
11,149,perceptual,0.1,0.05,no_decoy,target,1,3.788
11,150,numeric,0.1,0.2,target,target,1,16.962
11,151,perceptual,0.1,0.2,target,target,1,3.424
11,152,numeric,0.03,0.2,target,target,1,5.074
11,153,perceptual,0.1,0.05,no_decoy,competitor,0,3.096
11,154,numeric,0.1,0.05,competitor,competitor,0,7.013
11,156,numeric,0.1,0.2,no_decoy,competitor,0,2.787
11,157,numeric,0.1,0.05,competitor,target,1,5.237
11,158,numeric,0.1,0.2,competitor,target,1,4.959
11,159,numeric,0.03,0.05,no_decoy,competitor,0,5.188
11,160,numeric,0.03,0.05,no_decoy,target,1,9.458
11,161,perceptual,0.1,0.05,competitor,competitor,0,3.189
11,162,perceptual,0.03,0.2,no_decoy,target,1,3.051
11,163,perceptual,0.1,0.05,target,decoy,0,2.841
11,164,numeric,0.1,0.2,competitor,competitor,0,4.475
11,165,numeric,0.1,0.05,no_decoy,target,1,2.779
11,166,perceptual,0.03,0.2,competitor,target,1,2.895
11,167,numeric,0.03,0.05,target,target,1,5.205
11,168,perceptual,0.03,0.05,no_decoy,target,1,2.73
11,169,perceptual,0.1,0.05,competitor,target,1,3.547
11,170,numeric,0.03,0.2,no_decoy,target,1,7.573
11,171,perceptual,0.1,0.2,no_decoy,target,1,5.427
11,172,perceptual,0.1,0.2,competitor,target,1,5.268
11,173,perceptual,0.03,0.05,target,competitor,0,6.633
11,174,perceptual,0.1,0.05,competitor,decoy,0,5.25
11,175,numeric,0.1,0.05,target,target,1,7.622
11,176,perceptual,0.1,0.05,target,target,1,5.913
11,177,perceptual,0.1,0.05,target,target,1,6.122
11,178,perceptual,0.03,0.2,target,target,1,3.705
11,179,numeric,0.1,0.2,competitor,target,1,7.082
11,180,perceptual,0.1,0.2,target,target,1,5.566
11,181,numeric,0.1,0.05,target,target,1,6.315
11,182,numeric,0.03,0.2,target,competitor,0,4.473
11,183,numeric,0.1,0.2,no_decoy,competitor,0,4.888
11,184,perceptual,0.1,0.2,competitor,target,1,2.892
11,185,numeric,0.1,0.05,target,target,1,7.925
11,186,perceptual,0.03,0.05,no_decoy,competitor,0,5.006
11,187,numeric,0.03,0.05,competitor,target,1,6.967
11,188,perceptual,0.03,0.05,competitor,target,1,4.372
11,189,numeric,0.03,0.05,competitor,competitor,0,5.534
11,190,perceptual,0.03,0.2,competitor,target,1,3.634
11,191,numeric,0.1,0.2,target,competitor,0,8.288
11,192,numeric,0.1,0.05,no_decoy,competitor,0,11.286
11,193,perceptual,0.03,0.05,target,competitor,0,10.513
11,194,numeric,0.1,0.2,competitor,competitor,0,3.768
11,195,numeric,0.1,0.2,no_decoy,target,1,3.683
11,196,numeric,0.03,0.05,no_decoy,competitor,0,2.584
11,197,numeric,0.1,0.2,no_decoy,competitor,0,1.835
11,198,perceptual,0.1,0.2,target,target,1,3.144
11,199,perceptual,0.03,0.2,target,target,1,2.716
11,200,perceptual,0.1,0.2,target,competitor,0,3.139
11,201,numeric,0.03,0.05,target,target,1,4.312
11,202,perceptual,0.1,0.2,target,target,1,4.452
11,203,perceptual,0.1,0.05,competitor,competitor,0,7.552
11,204,numeric,0.03,0.05,target,competitor,0,7.412
11,205,numeric,0.03,0.05,target,target,1,14.421
11,206,numeric,0.1,0.05,target,target,1,4.239
11,207,perceptual,0.03,0.05,target,target,1,3.629
11,208,perceptual,0.03,0.2,competitor,target,1,3.856
11,209,perceptual,0.1,0.05,competitor,decoy,0,3.758
11,210,perceptual,0.1,0.05,target,decoy,0,3.301
11,211,numeric,0.1,0.2,no_decoy,target,1,3.792
11,212,perceptual,0.1,0.2,competitor,target,1,2.361
11,213,perceptual,0.03,0.2,no_decoy,target,1,2.974
11,214,perceptual,0.1,0.05,competitor,target,1,5.446
11,215,perceptual,0.03,0.05,target,target,1,3.844
11,216,numeric,0.03,0.2,target,target,1,6.101
11,217,perceptual,0.03,0.2,no_decoy,competitor,0,2.95
11,218,numeric,0.1,0.2,no_decoy,target,1,6.001
11,219,numeric,0.1,0.05,no_decoy,target,1,5.067
11,220,perceptual,0.03,0.2,no_decoy,competitor,0,6.138
11,221,numeric,0.03,0.05,target,decoy,0,16.285
11,222,perceptual,0.03,0.05,target,decoy,0,11.703
11,223,perceptual,0.03,0.05,competitor,target,1,3.291
11,224,numeric,0.03,0.2,competitor,competitor,0,4.674
11,225,numeric,0.03,0.05,target,decoy,0,4.574
11,226,numeric,0.1,0.05,target,target,1,17.558
11,227,perceptual,0.03,0.2,competitor,competitor,0,3.475
11,228,numeric,0.03,0.05,competitor,competitor,0,8.465
11,229,perceptual,0.03,0.2,target,decoy,0,4.493
11,230,perceptual,0.03,0.2,competitor,competitor,0,3.227
11,231,perceptual,0.03,0.05,competitor,target,1,2.832
11,232,perceptual,0.1,0.2,competitor,competitor,0,3.91
11,233,numeric,0.1,0.2,target,target,1,4.273
11,234,numeric,0.03,0.05,no_decoy,competitor,0,4.681
11,235,numeric,0.03,0.2,no_decoy,competitor,0,3.671
11,236,perceptual,0.03,0.2,no_decoy,competitor,0,3.872
11,237,perceptual,0.03,0.2,competitor,decoy,0,4.567
11,238,perceptual,0.1,0.05,target,target,1,3.525
11,239,numeric,0.03,0.2,target,target,1,4.468
11,240,perceptual,0.1,0.05,target,target,1,4.893
11,241,perceptual,0.1,0.05,target,target,1,5.08
11,242,perceptual,0.1,0.2,no_decoy,competitor,0,2.525
11,243,perceptual,0.1,0.2,no_decoy,competitor,0,2.853
11,244,perceptual,0.1,0.05,no_decoy,target,1,2.335
11,245,perceptual,0.03,0.05,competitor,target,1,2.45
11,246,numeric,0.03,0.2,competitor,competitor,0,6.999
11,247,perceptual,0.1,0.2,competitor,target,1,3.243
11,248,numeric,0.03,0.2,target,target,1,8.317
11,249,perceptual,0.1,0.05,no_decoy,target,1,3.135
11,250,numeric,0.03,0.05,no_decoy,target,1,3.66
11,251,numeric,0.03,0.2,competitor,target,1,2.81
11,252,perceptual,0.03,0.2,competitor,target,1,2.3
11,253,perceptual,0.1,0.05,target,decoy,0,4.3
11,254,numeric,0.03,0.2,no_decoy,competitor,0,4.568
11,255,perceptual,0.1,0.2,target,target,1,3.654
11,256,numeric,0.03,0.2,competitor,competitor,0,4.981
11,257,numeric,0.1,0.2,target,target,1,4.734
11,258,numeric,0.1,0.2,no_decoy,target,1,3.628
11,259,perceptual,0.1,0.05,no_decoy,competitor,0,2.709
11,260,perceptual,0.03,0.2,target,target,1,3.314
11,261,perceptual,0.03,0.05,competitor,competitor,0,4.156
11,262,perceptual,0.03,0.05,target,competitor,0,3.36
11,263,numeric,0.1,0.05,no_decoy,target,1,6.896
11,264,numeric,0.1,0.2,no_decoy,target,1,3.583
11,265,perceptual,0.03,0.05,competitor,target,1,3.11
11,266,perceptual,0.03,0.05,target,target,1,3.201
11,267,numeric,0.03,0.05,competitor,competitor,0,8.543
11,268,numeric,0.03,0.2,target,target,1,9.903
11,269,perceptual,0.1,0.2,target,decoy,0,3.003
11,270,perceptual,0.03,0.2,no_decoy,target,1,4.592
11,271,perceptual,0.03,0.05,no_decoy,target,1,2.568
11,272,numeric,0.03,0.05,target,target,1,7.274
11,273,perceptual,0.03,0.05,competitor,competitor,0,3.592
11,274,perceptual,0.1,0.2,no_decoy,competitor,0,2.661
11,275,perceptual,0.1,0.2,no_decoy,target,1,3.033
11,276,numeric,0.1,0.2,competitor,competitor,0,5.837
11,277,numeric,0.1,0.05,no_decoy,target,1,7.457
11,278,perceptual,0.03,0.2,target,competitor,0,2.874
11,279,perceptual,0.03,0.05,target,decoy,0,3.643
11,280,numeric,0.03,0.2,no_decoy,target,1,3.719
11,281,numeric,0.03,0.05,competitor,competitor,0,6.432
11,282,numeric,0.1,0.2,competitor,target,1,8.219
11,283,numeric,0.1,0.05,no_decoy,target,1,15.787
11,284,perceptual,0.1,0.2,competitor,target,1,3.117
11,285,perceptual,0.03,0.2,target,target,1,3.333
11,286,numeric,0.1,0.05,no_decoy,target,1,6.877
11,287,perceptual,0.1,0.2,no_decoy,target,1,2.761
11,288,perceptual,0.1,0.05,no_decoy,competitor,0,3.151
12,1,perceptual,0.1,0.2,competitor,target,1,12.241
12,2,numeric,0.1,0.05,competitor,target,1,10.937
12,3,perceptual,0.1,0.05,no_decoy,competitor,0,8.084
12,4,perceptual,0.1,0.05,no_decoy,competitor,0,10.107
12,5,numeric,0.03,0.05,no_decoy,target,1,8.175
12,6,perceptual,0.1,0.05,competitor,decoy,0,12.982
12,7,numeric,0.1,0.05,competitor,target,1,11.985
12,8,perceptual,0.1,0.2,competitor,target,1,7.714
12,9,perceptual,0.03,0.05,competitor,target,1,9.109
12,10,numeric,0.03,0.05,no_decoy,competitor,0,6.601
12,11,numeric,0.03,0.05,target,target,1,10.588
12,12,numeric,0.03,0.05,target,target,1,8.802
12,13,perceptual,0.03,0.2,target,competitor,0,6.655
12,14,perceptual,0.03,0.05,competitor,competitor,0,11.101
12,15,numeric,0.1,0.05,no_decoy,target,1,12.116
12,16,numeric,0.03,0.05,target,target,1,10.467
12,17,numeric,0.1,0.2,competitor,target,1,6.858
12,18,numeric,0.03,0.2,no_decoy,target,1,10.545
12,19,numeric,0.1,0.05,target,target,1,11.318
12,20,perceptual,0.03,0.2,no_decoy,competitor,0,10.837
12,21,numeric,0.03,0.05,target,target,1,13.553
12,22,numeric,0.03,0.2,no_decoy,competitor,0,9.684
12,23,perceptual,0.1,0.05,target,decoy,0,13.285
12,24,numeric,0.1,0.2,no_decoy,target,1,5.776
12,25,numeric,0.1,0.2,target,target,1,10.235
12,26,numeric,0.03,0.05,no_decoy,target,1,6.732
12,27,numeric,0.1,0.05,target,target,1,13.205
12,28,perceptual,0.03,0.05,competitor,competitor,0,6.455
12,29,perceptual,0.1,0.2,no_decoy,competitor,0,8.723
12,30,numeric,0.03,0.2,competitor,competitor,0,11.791
12,31,numeric,0.1,0.2,no_decoy,target,1,6.282
12,32,numeric,0.03,0.2,competitor,competitor,0,13.563
12,33,perceptual,0.03,0.05,no_decoy,target,1,7.185
12,34,perceptual,0.1,0.2,competitor,competitor,0,5.401
12,35,numeric,0.03,0.2,no_decoy,competitor,0,14.016
12,36,perceptual,0.1,0.2,no_decoy,target,1,6.165
12,37,numeric,0.1,0.2,target,target,1,12.849
12,38,perceptual,0.03,0.05,target,target,1,14.171
12,39,numeric,0.1,0.2,no_decoy,target,1,5.6
12,40,numeric,0.03,0.2,no_decoy,target,1,9.389
12,41,perceptual,0.1,0.2,target,decoy,0,11.924
12,42,perceptual,0.1,0.05,competitor,target,1,13.323
12,43,numeric,0.1,0.05,no_decoy,target,1,6.764
12,44,perceptual,0.03,0.05,target,decoy,0,10.203
12,45,numeric,0.1,0.2,target,competitor,0,16.671
12,46,perceptual,0.1,0.2,competitor,target,1,13.455
12,47,perceptual,0.03,0.2,competitor,competitor,0,7.641
12,48,perceptual,0.03,0.05,no_decoy,competitor,0,11.075
12,49,perceptual,0.1,0.2,no_decoy,target,1,4.572
12,50,numeric,0.03,0.2,competitor,competitor,0,6.931
12,51,perceptual,0.03,0.05,competitor,target,1,12.133
12,52,perceptual,0.03,0.2,competitor,competitor,0,6.986
12,53,perceptual,0.03,0.05,target,target,1,9.185
12,54,perceptual,0.03,0.2,no_decoy,target,1,6.537
12,55,perceptual,0.03,0.05,target,decoy,0,13.115
12,56,perceptual,0.1,0.2,target,target,1,6.538
12,57,perceptual,0.1,0.2,target,target,1,7.533
12,58,perceptual,0.03,0.2,target,target,1,8.28
12,59,perceptual,0.1,0.05,no_decoy,target,1,4.611
12,60,numeric,0.03,0.05,competitor,competitor,0,14.022
12,61,perceptual,0.1,0.2,target,target,1,11.741
12,62,perceptual,0.03,0.05,target,competitor,0,9.781
12,63,numeric,0.03,0.05,competitor,competitor,0,16.91
12,64,numeric,0.03,0.05,target,competitor,0,17.548
12,65,perceptual,0.03,0.2,competitor,target,1,9.315
12,67,perceptual,0.03,0.2,no_decoy,target,1,4.428
12,68,numeric,0.1,0.05,target,competitor,0,8.298
12,69,numeric,0.03,0.2,competitor,target,1,11.152
12,70,perceptual,0.1,0.05,target,target,1,5.788
12,71,perceptual,0.1,0.05,no_decoy,target,1,4.342
12,72,perceptual,0.1,0.05,competitor,target,1,5.422
12,73,perceptual,0.03,0.2,target,target,1,5.474
12,74,numeric,0.03,0.2,no_decoy,competitor,0,10.029
12,75,perceptual,0.03,0.05,no_decoy,target,1,7.834
12,76,numeric,0.1,0.2,competitor,target,1,8.792
12,77,numeric,0.1,0.05,no_decoy,target,1,7.99
12,78,numeric,0.1,0.2,target,target,1,3.926
12,79,perceptual,0.03,0.05,target,decoy,0,9.589
12,80,numeric,0.1,0.05,no_decoy,target,1,7.272
12,81,perceptual,0.03,0.2,no_decoy,competitor,0,6.346
12,82,numeric,0.03,0.2,no_decoy,target,1,11.436
12,83,perceptual,0.03,0.2,target,target,1,9.45
12,84,perceptual,0.03,0.2,competitor,target,1,9.28
12,85,perceptual,0.03,0.2,competitor,competitor,0,6.877
12,86,perceptual,0.03,0.2,competitor,target,1,5.882
12,87,numeric,0.03,0.05,competitor,target,1,11.758
12,88,numeric,0.03,0.05,target,competitor,0,10.749
12,89,perceptual,0.03,0.2,target,target,1,10.497
12,90,numeric,0.03,0.2,no_decoy,target,1,11.113
12,91,numeric,0.1,0.05,competitor,target,1,10.996
12,92,numeric,0.03,0.05,no_decoy,target,1,9.414
12,93,perceptual,0.03,0.05,no_decoy,target,1,12.905
12,94,numeric,0.1,0.2,no_decoy,target,1,6.474
12,95,perceptual,0.03,0.05,target,target,1,10.385
12,96,perceptual,0.1,0.05,competitor,target,1,18.725
12,97,numeric,0.1,0.2,competitor,target,1,7.251
12,98,perceptual,0.1,0.2,no_decoy,target,1,9.263
12,99,numeric,0.03,0.05,competitor,competitor,0,9.314
12,100,numeric,0.1,0.05,no_decoy,target,1,8.778
12,101,numeric,0.03,0.2,target,target,1,8.533
12,102,numeric,0.1,0.05,target,target,1,6.631
12,103,numeric,0.1,0.2,target,target,1,11.502
12,104,numeric,0.03,0.05,competitor,competitor,0,9.054
12,105,numeric,0.1,0.2,competitor,target,1,12.482
12,106,perceptual,0.03,0.2,target,competitor,0,8.496
12,107,numeric,0.1,0.05,competitor,target,1,5
12,108,perceptual,0.1,0.05,competitor,target,1,6.649
12,109,perceptual,0.1,0.05,target,target,1,6.973
12,110,perceptual,0.03,0.05,no_decoy,target,1,7.873
12,111,perceptual,0.03,0.2,target,target,1,7.058
12,112,numeric,0.03,0.05,competitor,competitor,0,9.107
12,113,numeric,0.03,0.2,competitor,competitor,0,8.671
12,114,perceptual,0.1,0.05,no_decoy,target,1,5.994
12,115,perceptual,0.03,0.2,competitor,target,1,7.015
12,116,numeric,0.1,0.2,competitor,target,1,5.701
12,117,perceptual,0.03,0.2,competitor,competitor,0,8.105
12,118,numeric,0.1,0.05,competitor,target,1,8.954
12,119,perceptual,0.03,0.05,competitor,target,1,6.449
12,120,perceptual,0.03,0.2,target,competitor,0,6.506
12,121,numeric,0.1,0.2,no_decoy,competitor,0,7.096
12,122,numeric,0.1,0.05,competitor,target,1,11.332
12,123,numeric,0.03,0.2,no_decoy,target,1,4.864
12,124,perceptual,0.03,0.05,competitor,competitor,0,8.678
12,125,numeric,0.03,0.05,competitor,target,1,6.394
12,126,perceptual,0.1,0.2,target,target,1,7.234
12,127,perceptual,0.1,0.05,competitor,competitor,0,5.152
12,128,perceptual,0.1,0.05,target,target,1,8.024
12,129,numeric,0.03,0.05,no_decoy,target,1,5.39
12,130,perceptual,0.03,0.2,competitor,target,1,4.653
12,131,numeric,0.1,0.05,no_decoy,target,1,5.447
12,132,perceptual,0.1,0.2,competitor,competitor,0,8.393
12,133,numeric,0.1,0.2,competitor,target,1,7.069
12,134,numeric,0.1,0.2,target,target,1,7.901
12,135,perceptual,0.1,0.05,competitor,target,1,5.635
12,136,numeric,0.03,0.05,no_decoy,target,1,6.582
12,137,perceptual,0.03,0.05,no_decoy,competitor,0,5.889
12,138,perceptual,0.1,0.2,target,target,1,6.566
12,139,numeric,0.03,0.2,target,target,1,9.086
12,140,numeric,0.03,0.2,target,target,1,9.354
12,141,perceptual,0.03,0.05,competitor,target,1,5.7
12,142,numeric,0.1,0.2,no_decoy,target,1,7.558
12,143,numeric,0.03,0.2,target,target,1,5.899
12,144,numeric,0.1,0.05,target,target,1,6.415
12,145,numeric,0.03,0.05,no_decoy,competitor,0,7.585
12,146,numeric,0.1,0.05,target,target,1,7.643
12,147,perceptual,0.1,0.2,target,target,1,6.314
12,148,perceptual,0.03,0.2,target,target,1,5.969
12,149,numeric,0.1,0.2,target,target,1,8.1
12,150,numeric,0.03,0.2,target,target,1,8.89
12,151,numeric,0.1,0.05,target,target,1,13.024
12,152,perceptual,0.03,0.2,no_decoy,target,1,6.722
12,153,perceptual,0.1,0.2,no_decoy,target,1,4.704
12,154,perceptual,0.03,0.05,competitor,target,1,6.09
12,155,numeric,0.03,0.05,competitor,competitor,0,8.184
12,156,numeric,0.1,0.2,target,target,1,7.532
12,157,numeric,0.03,0.05,target,target,1,10.315
12,158,perceptual,0.03,0.05,target,competitor,0,8.207
12,159,perceptual,0.03,0.05,no_decoy,competitor,0,5.868
12,160,perceptual,0.03,0.05,target,competitor,0,7.436
12,161,perceptual,0.03,0.05,competitor,competitor,0,6.472
12,162,numeric,0.1,0.2,target,target,1,7.499
12,163,numeric,0.03,0.2,competitor,competitor,0,8.42
12,164,perceptual,0.1,0.05,target,target,1,6.204
12,165,numeric,0.03,0.2,competitor,target,1,9.797
12,166,perceptual,0.1,0.2,target,target,1,5.471
12,167,perceptual,0.1,0.2,no_decoy,target,1,3.822
12,168,perceptual,0.03,0.2,competitor,target,1,7.688
12,169,numeric,0.03,0.2,no_decoy,competitor,0,9.61
12,170,numeric,0.03,0.2,target,target,1,13.57
12,171,perceptual,0.1,0.2,no_decoy,target,1,4.348
12,172,perceptual,0.03,0.05,competitor,competitor,0,9.572
12,173,perceptual,0.03,0.05,competitor,decoy,0,5.293
12,174,perceptual,0.03,0.05,target,target,1,12.368
12,175,perceptual,0.1,0.05,target,decoy,0,5.382
12,176,numeric,0.03,0.2,competitor,target,1,9.535
12,177,perceptual,0.1,0.05,target,target,1,5.311
12,178,numeric,0.1,0.2,no_decoy,target,1,6.346
12,179,perceptual,0.03,0.05,target,competitor,0,8.131
12,180,numeric,0.1,0.05,target,target,1,6.606
12,181,numeric,0.03,0.05,target,target,1,9.449
12,182,numeric,0.03,0.2,target,competitor,0,8.88
12,183,perceptual,0.03,0.2,no_decoy,competitor,0,4.712
12,184,perceptual,0.1,0.05,no_decoy,target,1,6.231
12,185,perceptual,0.03,0.2,competitor,competitor,0,6.945
12,186,perceptual,0.1,0.2,no_decoy,target,1,6.435
12,187,numeric,0.1,0.2,competitor,target,1,10.685
12,188,perceptual,0.03,0.2,target,target,1,10.106
12,189,numeric,0.03,0.05,target,target,1,15.266
12,190,numeric,0.1,0.05,target,target,1,10.325
12,191,perceptual,0.1,0.05,target,competitor,0,16.27
12,192,perceptual,0.03,0.05,no_decoy,competitor,0,8.089
12,193,numeric,0.1,0.05,target,target,1,9.277
12,194,numeric,0.03,0.05,competitor,competitor,0,7.716
12,195,numeric,0.1,0.05,no_decoy,target,1,6.932
12,196,numeric,0.1,0.05,competitor,competitor,0,8.753
12,197,numeric,0.1,0.05,competitor,target,1,8.503
12,198,numeric,0.1,0.2,no_decoy,target,1,9.157
12,199,numeric,0.03,0.05,target,competitor,0,11.087
12,200,numeric,0.1,0.2,target,target,1,6.654
12,201,numeric,0.03,0.05,target,competitor,0,16.719
12,202,perceptual,0.1,0.2,competitor,competitor,0,6.824
12,203,perceptual,0.03,0.2,target,competitor,0,7.036
12,204,numeric,0.1,0.2,no_decoy,target,1,5.119
12,205,perceptual,0.03,0.2,no_decoy,target,1,6.558
12,206,numeric,0.03,0.05,no_decoy,target,1,5.262
12,207,numeric,0.1,0.05,competitor,target,1,11.465
12,208,numeric,0.03,0.05,competitor,target,1,13.115
12,209,perceptual,0.03,0.05,target,target,1,11.39
12,210,perceptual,0.1,0.2,competitor,target,1,6.882
12,211,perceptual,0.03,0.05,no_decoy,target,1,3.772
12,212,numeric,0.03,0.2,competitor,competitor,0,9.617
12,213,numeric,0.03,0.2,target,target,1,10.889
12,214,numeric,0.03,0.2,competitor,competitor,0,12.275
12,215,perceptual,0.03,0.05,no_decoy,target,1,6.552
12,216,numeric,0.1,0.05,competitor,target,1,11.255
12,217,perceptual,0.1,0.05,no_decoy,target,1,7.18
12,218,numeric,0.1,0.05,competitor,target,1,6.51
12,219,numeric,0.1,0.2,competitor,target,1,10.904
12,220,perceptual,0.1,0.2,target,target,1,9.885
12,221,perceptual,0.1,0.05,competitor,target,1,7.547
12,222,perceptual,0.1,0.05,competitor,competitor,0,6.262
12,223,numeric,0.1,0.2,no_decoy,target,1,8.688
12,224,perceptual,0.1,0.05,target,target,1,7.77
12,225,perceptual,0.1,0.05,no_decoy,target,1,4.388
12,226,perceptual,0.03,0.2,no_decoy,target,1,5.141
12,227,perceptual,0.1,0.2,no_decoy,target,1,4.366
12,228,numeric,0.03,0.05,competitor,target,1,13.832
12,229,perceptual,0.1,0.05,competitor,target,1,7.852
12,230,numeric,0.1,0.2,competitor,target,1,8.852
12,231,numeric,0.03,0.2,no_decoy,target,1,13.276
12,232,numeric,0.1,0.05,no_decoy,target,1,6.284
12,233,numeric,0.03,0.2,target,target,1,0.272
12,234,perceptual,0.1,0.05,competitor,target,1,6.232
12,235,numeric,0.03,0.05,no_decoy,target,1,5.783
12,236,perceptual,0.03,0.2,target,target,1,7.922
12,237,perceptual,0.03,0.05,competitor,target,1,7.382
12,238,numeric,0.1,0.2,competitor,competitor,0,7.748
12,239,numeric,0.1,0.2,no_decoy,target,1,12.72
12,240,perceptual,0.03,0.2,no_decoy,competitor,0,6.733
12,241,perceptual,0.1,0.2,competitor,target,1,8.225
12,242,perceptual,0.1,0.05,no_decoy,target,1,4.769
12,243,numeric,0.03,0.2,no_decoy,target,1,9.283
12,244,numeric,0.1,0.05,no_decoy,target,1,10.173
12,245,perceptual,0.1,0.05,no_decoy,target,1,4.85
12,246,perceptual,0.1,0.05,competitor,competitor,0,9.005
12,247,numeric,0.03,0.05,no_decoy,target,1,4.814
12,248,numeric,0.1,0.05,no_decoy,target,1,6.319
12,249,numeric,0.03,0.2,competitor,competitor,0,6.271
12,250,perceptual,0.1,0.05,target,target,1,5.103
12,251,numeric,0.1,0.2,competitor,target,1,7.481
12,252,numeric,0.1,0.05,competitor,competitor,0,8.482
12,253,perceptual,0.1,0.05,target,target,1,6.956
12,254,numeric,0.03,0.2,competitor,competitor,0,9.002
12,255,perceptual,0.1,0.2,competitor,target,1,7.653
12,256,perceptual,0.1,0.2,competitor,target,1,9.039
12,257,perceptual,0.03,0.2,competitor,target,1,7.078
12,258,perceptual,0.03,0.2,no_decoy,target,1,6.565
12,259,perceptual,0.1,0.2,competitor,target,1,5.406
12,260,perceptual,0.1,0.2,no_decoy,target,1,3.935
12,261,perceptual,0.1,0.2,competitor,target,1,8.961
12,262,perceptual,0.1,0.2,target,competitor,0,11.844
12,263,numeric,0.1,0.2,competitor,target,1,4.469
12,264,perceptual,0.1,0.2,target,target,1,7.602
12,265,perceptual,0.1,0.2,no_decoy,target,1,4.457
12,266,numeric,0.1,0.05,target,decoy,0,6.963
12,267,numeric,0.1,0.05,no_decoy,target,1,4.216
12,268,perceptual,0.03,0.2,no_decoy,competitor,0,4.655
12,269,perceptual,0.1,0.05,no_decoy,competitor,0,6.999
12,270,numeric,0.03,0.2,target,target,1,7.152
12,271,perceptual,0.1,0.2,no_decoy,target,1,4.3
12,272,numeric,0.03,0.2,no_decoy,target,1,4.949
12,273,perceptual,0.1,0.05,no_decoy,target,1,6.726
12,274,numeric,0.03,0.05,target,target,1,9.071
12,275,numeric,0.03,0.05,no_decoy,target,1,4.824
12,276,perceptual,0.1,0.05,target,target,1,7.833
12,277,numeric,0.1,0.05,target,target,1,6.924
12,278,numeric,0.1,0.2,no_decoy,target,1,6.539
12,279,numeric,0.1,0.2,target,target,1,8.45
12,280,perceptual,0.03,0.2,no_decoy,target,1,5.284
12,281,numeric,0.1,0.2,target,target,1,8.732
12,282,numeric,0.03,0.2,target,target,1,9.021
12,283,numeric,0.03,0.2,target,competitor,0,10.45
12,284,perceptual,0.03,0.05,no_decoy,competitor,0,5.041
12,285,perceptual,0.03,0.05,no_decoy,target,1,5.566
12,286,numeric,0.03,0.05,no_decoy,target,1,5.284
12,287,numeric,0.1,0.05,no_decoy,target,1,7.979
12,288,perceptual,0.1,0.2,target,target,1,5.36
13,1,numeric,0.03,0.2,target,competitor,0,11.502
13,2,perceptual,0.03,0.2,competitor,competitor,0,9.736
13,3,perceptual,0.03,0.2,competitor,target,1,12.578
13,4,perceptual,0.1,0.05,competitor,decoy,0,11.83
13,5,perceptual,0.03,0.2,no_decoy,target,1,4.76
13,6,numeric,0.03,0.05,competitor,target,1,5.532
13,7,numeric,0.03,0.2,no_decoy,competitor,0,6.498
13,8,perceptual,0.1,0.05,competitor,target,1,13.647
13,9,numeric,0.1,0.05,no_decoy,target,1,4.472
13,10,numeric,0.1,0.2,competitor,competitor,0,9.157
13,11,perceptual,0.03,0.05,competitor,competitor,0,8.798
13,12,perceptual,0.03,0.2,competitor,target,1,5.597
13,13,perceptual,0.1,0.2,target,target,1,10.112
13,14,numeric,0.1,0.2,target,competitor,0,5.951
13,15,perceptual,0.1,0.05,target,target,1,5.648
13,16,numeric,0.03,0.05,target,competitor,0,10.872
13,17,numeric,0.1,0.2,no_decoy,target,1,4.398
13,18,numeric,0.03,0.2,competitor,decoy,0,7.533
13,19,numeric,0.1,0.05,competitor,competitor,0,5.263
13,20,numeric,0.1,0.05,target,competitor,0,13.831
13,21,numeric,0.1,0.2,no_decoy,competitor,0,4.751
13,22,perceptual,0.03,0.2,competitor,target,1,6.424
13,23,perceptual,0.1,0.2,target,target,1,5.663
13,24,numeric,0.1,0.2,target,target,1,10.968
13,25,perceptual,0.03,0.05,no_decoy,target,1,2.982
13,26,perceptual,0.1,0.2,no_decoy,target,1,3.42
13,27,perceptual,0.03,0.05,no_decoy,competitor,0,2.625
13,28,numeric,0.1,0.2,competitor,competitor,0,7.484
13,29,numeric,0.03,0.2,no_decoy,target,1,3.245
13,30,perceptual,0.1,0.05,competitor,target,1,3.823
13,31,numeric,0.1,0.05,target,competitor,0,4.619
13,32,numeric,0.03,0.05,competitor,target,1,4.702
13,33,perceptual,0.1,0.2,no_decoy,target,1,3.824
13,34,numeric,0.1,0.2,target,competitor,0,5.735
13,35,perceptual,0.03,0.2,target,competitor,0,4.423
13,36,perceptual,0.1,0.05,no_decoy,competitor,0,3.438
13,37,numeric,0.03,0.05,no_decoy,competitor,0,2.68
13,38,numeric,0.1,0.05,no_decoy,target,1,3.649
13,39,numeric,0.03,0.05,target,target,1,7.769
13,40,numeric,0.03,0.05,competitor,target,1,6.331
13,41,perceptual,0.1,0.2,competitor,competitor,0,5.343
13,42,perceptual,0.03,0.2,no_decoy,target,1,2.564
13,43,numeric,0.03,0.2,no_decoy,target,1,3.18
13,44,perceptual,0.1,0.2,target,target,1,3.849
13,45,numeric,0.03,0.05,target,competitor,0,3.946
13,46,numeric,0.1,0.05,no_decoy,target,1,6.264
13,47,perceptual,0.1,0.2,target,target,1,2.85
13,48,perceptual,0.1,0.05,target,competitor,0,2.802
13,49,perceptual,0.1,0.2,competitor,competitor,0,2.958
13,50,perceptual,0.1,0.2,competitor,target,1,3.676
13,51,perceptual,0.03,0.2,no_decoy,target,1,2.854
13,52,numeric,0.1,0.2,competitor,target,1,7.181
13,53,numeric,0.03,0.2,no_decoy,target,1,2.289
13,54,perceptual,0.03,0.05,competitor,competitor,0,2.88
13,55,perceptual,0.03,0.05,competitor,target,1,2.82
13,56,numeric,0.1,0.2,no_decoy,target,1,3.782
13,57,numeric,0.1,0.05,competitor,decoy,0,6.871
13,58,perceptual,0.1,0.05,no_decoy,target,1,2.235
13,59,perceptual,0.1,0.2,target,competitor,0,1.961
13,60,numeric,0.1,0.2,no_decoy,target,1,2.354
13,61,perceptual,0.1,0.05,target,competitor,0,2.68
13,62,perceptual,0.03,0.05,target,competitor,0,2.435
13,63,numeric,0.03,0.2,competitor,target,1,3.165
13,64,numeric,0.1,0.2,target,decoy,0,3.826
13,65,perceptual,0.03,0.05,no_decoy,competitor,0,3.233
13,66,numeric,0.1,0.2,target,competitor,0,4.278
13,67,perceptual,0.1,0.2,no_decoy,target,1,2.05
13,68,numeric,0.03,0.2,target,target,1,3.222
13,69,numeric,0.1,0.05,target,target,1,2.439
13,70,perceptual,0.1,0.05,competitor,target,1,2.657
13,71,numeric,0.1,0.05,target,target,1,3.336
13,72,perceptual,0.03,0.05,no_decoy,competitor,0,1.933
13,73,perceptual,0.1,0.05,no_decoy,competitor,0,1.741
13,74,perceptual,0.1,0.2,no_decoy,competitor,0,2.32
13,75,perceptual,0.03,0.2,target,target,1,2.562
13,76,numeric,0.1,0.2,target,decoy,0,2.068
13,77,numeric,0.03,0.05,no_decoy,competitor,0,2.589
13,78,perceptual,0.03,0.05,target,target,1,3.362
13,79,numeric,0.03,0.05,competitor,target,1,2.984
13,80,perceptual,0.1,0.2,target,competitor,0,2.146
13,81,perceptual,0.1,0.2,target,target,1,2.051
13,82,numeric,0.03,0.05,no_decoy,target,1,3.437
13,83,numeric,0.1,0.2,no_decoy,target,1,3.228
13,84,numeric,0.03,0.2,no_decoy,target,1,4.715
13,85,numeric,0.1,0.2,no_decoy,target,1,5.043
13,86,numeric,0.1,0.05,no_decoy,target,1,2.509
13,87,perceptual,0.03,0.05,target,competitor,0,1.874
13,88,numeric,0.03,0.2,target,target,1,2.82
13,89,perceptual,0.03,0.05,no_decoy,competitor,0,2.272
13,90,perceptual,0.03,0.05,no_decoy,target,1,3.785
13,91,numeric,0.03,0.2,competitor,competitor,0,2.503
13,92,numeric,0.1,0.2,no_decoy,competitor,0,2.387
13,93,perceptual,0.03,0.05,competitor,decoy,0,2.046
13,94,numeric,0.1,0.2,competitor,target,1,2.392
13,95,numeric,0.03,0.05,target,competitor,0,2.195
13,96,perceptual,0.03,0.05,competitor,target,1,1.89
13,97,perceptual,0.1,0.05,no_decoy,competitor,0,0.851
13,98,perceptual,0.03,0.2,target,competitor,0,2.679
13,99,numeric,0.03,0.2,competitor,decoy,0,2.829
13,100,perceptual,0.03,0.2,competitor,target,1,2.747
13,101,perceptual,0.03,0.05,competitor,target,1,2.462
13,102,numeric,0.03,0.2,competitor,target,1,2.328
13,103,perceptual,0.03,0.05,target,competitor,0,3.511
13,104,numeric,0.03,0.05,competitor,decoy,0,2.86
13,105,numeric,0.03,0.2,no_decoy,competitor,0,2.409
13,106,perceptual,0.03,0.05,no_decoy,competitor,0,2.247
13,107,numeric,0.1,0.05,target,competitor,0,5.443
13,108,perceptual,0.1,0.2,no_decoy,target,1,2.962
13,109,numeric,0.03,0.2,no_decoy,competitor,0,2.155
13,110,numeric,0.03,0.2,target,target,1,2.781
13,111,numeric,0.1,0.2,target,competitor,0,2.572
13,112,numeric,0.03,0.05,no_decoy,competitor,0,2.185
13,113,numeric,0.03,0.05,target,target,1,3.76
13,114,perceptual,0.1,0.2,competitor,decoy,0,2.106
13,115,perceptual,0.03,0.05,no_decoy,target,1,2.113
13,116,numeric,0.1,0.05,competitor,target,1,2.154
13,117,perceptual,0.03,0.05,no_decoy,competitor,0,1.952
13,118,numeric,0.1,0.05,no_decoy,target,1,2.19
13,119,numeric,0.03,0.05,no_decoy,target,1,2.187
13,120,numeric,0.03,0.05,target,target,1,3.221
13,121,numeric,0.03,0.05,target,decoy,0,1.989
13,122,perceptual,0.1,0.05,competitor,target,1,2.338
13,123,numeric,0.1,0.2,no_decoy,competitor,0,1.896
13,124,perceptual,0.03,0.2,competitor,target,1,2.448
13,125,perceptual,0.03,0.05,target,decoy,0,2.667
13,126,numeric,0.03,0.2,competitor,target,1,2.011
13,127,numeric,0.1,0.05,target,decoy,0,3.034
13,128,perceptual,0.03,0.05,target,decoy,0,2.068
13,129,numeric,0.1,0.05,no_decoy,target,1,2.268
13,130,numeric,0.1,0.05,target,target,1,3.53
13,131,numeric,0.03,0.05,no_decoy,competitor,0,2.461
13,132,perceptual,0.1,0.05,target,decoy,0,1.813
13,133,numeric,0.03,0.2,target,competitor,0,2.506
13,134,numeric,0.03,0.05,no_decoy,target,1,1.945
13,135,perceptual,0.1,0.2,target,decoy,0,2.374
13,136,numeric,0.1,0.05,target,competitor,0,1.908
13,137,numeric,0.1,0.2,no_decoy,competitor,0,1.93
13,138,numeric,0.1,0.05,competitor,decoy,0,2.186
13,139,numeric,0.03,0.2,target,decoy,0,1.711
13,140,perceptual,0.1,0.05,competitor,target,1,2.839
13,141,perceptual,0.03,0.05,competitor,competitor,0,1.962
13,142,perceptual,0.1,0.05,no_decoy,target,1,1.861
13,143,numeric,0.03,0.2,competitor,target,1,2.092
13,144,perceptual,0.1,0.2,no_decoy,competitor,0,1.856
13,145,perceptual,0.03,0.2,target,competitor,0,2.368
13,146,numeric,0.03,0.05,competitor,target,1,2.082
13,147,numeric,0.03,0.2,target,decoy,0,2.178
13,148,perceptual,0.03,0.05,target,decoy,0,1.818
13,149,numeric,0.03,0.05,no_decoy,target,1,2.463
13,150,numeric,0.03,0.05,no_decoy,competitor,0,2.03
13,151,numeric,0.03,0.05,no_decoy,target,1,1.941
13,152,perceptual,0.1,0.2,competitor,target,1,2.418
13,153,perceptual,0.1,0.05,target,target,1,1.906
13,154,perceptual,0.03,0.2,no_decoy,competitor,0,2.102
13,155,numeric,0.1,0.05,no_decoy,competitor,0,2.092
13,156,perceptual,0.1,0.05,no_decoy,target,1,1.955
13,157,perceptual,0.1,0.05,no_decoy,target,1,3.131
13,158,perceptual,0.03,0.2,target,target,1,3.931
13,159,numeric,0.1,0.2,target,target,1,2.391
13,160,perceptual,0.1,0.05,competitor,competitor,0,2.797
13,161,numeric,0.1,0.05,no_decoy,target,1,1.949
13,162,perceptual,0.03,0.2,no_decoy,competitor,0,2.416
13,163,numeric,0.03,0.2,target,competitor,0,3.465
13,164,perceptual,0.1,0.2,no_decoy,competitor,0,2.931
13,165,perceptual,0.1,0.05,no_decoy,target,1,2.367
13,166,numeric,0.1,0.2,competitor,target,1,3.218
13,167,perceptual,0.03,0.05,competitor,competitor,0,2.718
13,168,numeric,0.1,0.2,no_decoy,target,1,2.566
13,169,numeric,0.03,0.2,target,target,1,2.345
13,170,perceptual,0.1,0.05,target,decoy,0,1.925
13,171,perceptual,0.1,0.2,competitor,decoy,0,1.838
13,172,perceptual,0.03,0.05,competitor,target,1,2.269
13,173,perceptual,0.1,0.2,competitor,competitor,0,1.814
13,174,numeric,0.1,0.05,target,competitor,0,2.107
13,175,perceptual,0.1,0.05,target,competitor,0,2.456
13,176,numeric,0.03,0.05,target,decoy,0,2.02
13,177,numeric,0.03,0.05,target,competitor,0,2.689
13,178,perceptual,0.03,0.2,no_decoy,target,1,2.54
13,179,numeric,0.03,0.05,target,competitor,0,3.163
13,180,numeric,0.1,0.2,target,target,1,1.822
13,181,perceptual,0.1,0.2,competitor,competitor,0,3.113
13,182,numeric,0.1,0.05,no_decoy,target,1,2.242
13,183,perceptual,0.1,0.2,target,decoy,0,2.151
13,184,perceptual,0.1,0.05,target,competitor,0,2.219
13,185,perceptual,0.1,0.05,target,target,1,3.138
13,186,numeric,0.1,0.2,competitor,competitor,0,1.922
13,187,numeric,0.03,0.2,no_decoy,target,1,3.169
13,188,perceptual,0.03,0.2,competitor,target,1,2.351
13,189,perceptual,0.03,0.2,target,target,1,2.367
13,190,perceptual,0.1,0.05,target,target,1,2.64
13,191,perceptual,0.03,0.05,competitor,competitor,0,1.754
13,192,numeric,0.03,0.05,competitor,target,1,2.432
13,193,perceptual,0.1,0.2,target,target,1,2.306
13,194,numeric,0.03,0.2,no_decoy,competitor,0,2.134
13,195,numeric,0.03,0.2,no_decoy,competitor,0,1.729
13,196,perceptual,0.03,0.2,target,target,1,1.739
13,197,perceptual,0.1,0.2,competitor,competitor,0,2.012
13,198,numeric,0.1,0.05,competitor,competitor,0,1.661
13,199,numeric,0.1,0.2,competitor,competitor,0,2.245
13,200,numeric,0.1,0.05,target,competitor,0,2.034
13,201,perceptual,0.03,0.05,target,competitor,0,3.181
13,202,perceptual,0.1,0.2,competitor,decoy,0,2.417
13,203,numeric,0.1,0.2,target,target,1,2.991
13,204,numeric,0.1,0.05,competitor,target,1,3.453
13,205,numeric,0.03,0.2,competitor,competitor,0,2.178
13,206,numeric,0.1,0.2,target,competitor,0,2.906
13,207,perceptual,0.1,0.05,no_decoy,target,1,2.468
13,208,numeric,0.1,0.2,competitor,target,1,2.271
13,209,perceptual,0.1,0.05,competitor,target,1,1.967
13,210,numeric,0.1,0.05,competitor,decoy,0,2.35
13,211,numeric,0.1,0.2,competitor,target,1,1.886
13,212,perceptual,0.03,0.05,target,competitor,0,2.157
13,213,perceptual,0.03,0.2,no_decoy,competitor,0,2.429
13,214,numeric,0.03,0.2,target,target,1,2.562
13,215,perceptual,0.03,0.2,competitor,competitor,0,2.08
13,216,perceptual,0.03,0.2,target,decoy,0,2.12
13,217,numeric,0.03,0.05,target,competitor,0,3.779
13,218,perceptual,0.1,0.05,target,competitor,0,2.565
13,219,numeric,0.03,0.05,no_decoy,target,1,2.379
13,220,numeric,0.03,0.05,target,competitor,0,2.562
13,221,perceptual,0.1,0.05,competitor,competitor,0,4
13,222,numeric,0.1,0.2,competitor,target,1,4.805
13,223,perceptual,0.1,0.2,competitor,target,1,2.052
13,224,perceptual,0.1,0.2,no_decoy,target,1,3.158
13,225,perceptual,0.1,0.2,no_decoy,target,1,2.479
13,226,perceptual,0.1,0.2,no_decoy,competitor,0,2.477
13,227,numeric,0.1,0.2,no_decoy,target,1,2.741
13,228,perceptual,0.03,0.05,no_decoy,competitor,0,2.596
13,229,numeric,0.03,0.05,competitor,competitor,0,3.712
13,230,perceptual,0.1,0.05,no_decoy,competitor,0,2.479
13,231,numeric,0.03,0.05,competitor,competitor,0,3.496
13,232,numeric,0.03,0.2,competitor,target,1,2.694
13,233,perceptual,0.03,0.2,no_decoy,competitor,0,2.646
13,234,numeric,0.1,0.05,target,target,1,2.669
13,235,perceptual,0.03,0.2,no_decoy,competitor,0,2.254
13,236,numeric,0.03,0.05,competitor,decoy,0,2.724
13,237,perceptual,0.1,0.05,target,target,1,2.389
13,238,perceptual,0.03,0.2,target,competitor,0,2.726
13,239,perceptual,0.03,0.2,competitor,competitor,0,3.29
13,240,perceptual,0.1,0.2,no_decoy,competitor,0,2.22
13,241,perceptual,0.03,0.2,no_decoy,target,1,2.956
13,242,numeric,0.1,0.05,competitor,decoy,0,3.158
13,243,numeric,0.03,0.2,no_decoy,competitor,0,2.082
13,244,perceptual,0.1,0.05,competitor,decoy,0,2.255
13,245,numeric,0.03,0.2,target,target,1,2.321
13,246,perceptual,0.1,0.2,no_decoy,competitor,0,2.453
13,247,perceptual,0.03,0.2,target,competitor,0,1.902
13,248,numeric,0.1,0.05,competitor,target,1,3.642
13,249,perceptual,0.03,0.05,competitor,target,1,2.185
13,250,numeric,0.1,0.2,target,decoy,0,2.053
13,251,numeric,0.03,0.2,competitor,target,1,2.396
13,252,numeric,0.1,0.05,competitor,target,1,2.388
13,253,numeric,0.1,0.2,competitor,competitor,0,2.263
13,254,perceptual,0.03,0.05,target,decoy,0,2.649
13,255,perceptual,0.03,0.2,no_decoy,target,1,2.265
13,256,perceptual,0.1,0.05,competitor,competitor,0,3.066
13,257,perceptual,0.03,0.05,target,competitor,0,2.302
13,258,numeric,0.1,0.2,no_decoy,target,1,2.153
13,259,perceptual,0.1,0.05,no_decoy,target,1,1.787
13,260,perceptual,0.1,0.05,no_decoy,target,1,2.231
13,261,perceptual,0.03,0.2,competitor,competitor,0,2.66
13,262,numeric,0.03,0.2,competitor,target,1,2.335
13,263,perceptual,0.03,0.05,no_decoy,competitor,0,2.362
13,264,perceptual,0.03,0.2,no_decoy,competitor,0,2.034
13,265,perceptual,0.03,0.2,target,competitor,0,2.315
13,266,perceptual,0.03,0.2,competitor,competitor,0,2.048
13,267,numeric,0.03,0.05,competitor,competitor,0,2.885
13,268,numeric,0.1,0.05,no_decoy,target,1,2.702
13,269,numeric,0.1,0.05,no_decoy,target,1,2.057
13,270,perceptual,0.03,0.2,competitor,target,1,1.987
13,271,numeric,0.1,0.05,no_decoy,competitor,0,2.387
13,272,perceptual,0.03,0.05,target,competitor,0,1.852
13,273,perceptual,0.1,0.2,target,target,1,1.806
13,274,perceptual,0.03,0.05,competitor,target,1,2.154
13,275,numeric,0.03,0.2,target,competitor,0,2.879
13,276,numeric,0.03,0.05,no_decoy,competitor,0,1.823
13,277,numeric,0.1,0.05,target,decoy,0,2.271
13,278,perceptual,0.03,0.2,target,target,1,2.022
13,279,perceptual,0.1,0.05,competitor,target,1,2.109
13,280,numeric,0.1,0.2,competitor,competitor,0,2.18
13,281,numeric,0.03,0.2,competitor,competitor,0,1.745
13,282,perceptual,0.03,0.05,no_decoy,target,1,2.306
13,283,numeric,0.1,0.05,competitor,decoy,0,2.046
13,284,numeric,0.1,0.05,competitor,target,1,2.421
13,285,perceptual,0.1,0.2,competitor,competitor,0,2.382
13,286,perceptual,0.1,0.2,target,decoy,0,2.345
13,287,numeric,0.03,0.05,competitor,decoy,0,1.98
13,288,numeric,0.03,0.2,no_decoy,target,1,1.86
14,1,numeric,0.03,0.2,no_decoy,competitor,0,6.852
14,2,perceptual,0.1,0.2,no_decoy,target,1,8.1
14,3,numeric,0.03,0.05,target,competitor,0,9.38
14,4,perceptual,0.1,0.2,no_decoy,competitor,0,8.061
14,5,numeric,0.1,0.2,target,target,1,11.235
14,6,perceptual,0.1,0.05,competitor,target,1,6.233
14,7,perceptual,0.03,0.2,competitor,target,1,8.827
14,8,perceptual,0.03,0.2,competitor,competitor,0,6.488
14,9,perceptual,0.03,0.2,target,target,1,7.478
14,10,perceptual,0.03,0.2,target,target,1,11.479
14,11,numeric,0.1,0.2,no_decoy,target,1,10.635
14,12,perceptual,0.1,0.2,target,target,1,11.41
14,13,numeric,0.03,0.2,competitor,competitor,0,11.981
14,14,perceptual,0.1,0.2,competitor,competitor,0,10.614
14,15,numeric,0.1,0.2,competitor,target,1,14.576
14,16,perceptual,0.1,0.2,target,target,1,7.846
14,17,perceptual,0.1,0.05,target,target,1,14.866
14,18,perceptual,0.1,0.05,no_decoy,target,1,4.417
14,19,numeric,0.03,0.05,competitor,target,1,5.567
14,20,perceptual,0.03,0.2,competitor,competitor,0,12.436
14,21,numeric,0.03,0.2,no_decoy,competitor,0,9.884
14,22,numeric,0.1,0.05,no_decoy,target,1,13.469
14,23,perceptual,0.1,0.2,target,target,1,10.828
14,24,perceptual,0.1,0.2,no_decoy,target,1,5.628
14,25,perceptual,0.1,0.2,no_decoy,target,1,12.635
14,26,perceptual,0.1,0.05,no_decoy,target,1,5.248
14,27,perceptual,0.03,0.2,competitor,competitor,0,9.742
14,28,perceptual,0.1,0.2,competitor,target,1,8.622
14,29,perceptual,0.03,0.05,no_decoy,competitor,0,10.966
14,30,numeric,0.03,0.2,target,target,1,13.447
14,31,perceptual,0.03,0.05,target,competitor,0,19.223
14,32,numeric,0.1,0.05,competitor,target,1,13.997
14,33,numeric,0.03,0.2,target,target,1,10.805
14,34,numeric,0.1,0.05,target,target,1,14.747
14,35,numeric,0.1,0.2,target,target,1,10.46
14,36,perceptual,0.1,0.05,competitor,target,1,8.683
14,37,numeric,0.03,0.05,no_decoy,competitor,0,14.216
14,38,numeric,0.1,0.05,no_decoy,target,1,6.925
14,39,numeric,0.1,0.05,target,target,1,8.63
14,40,perceptual,0.1,0.05,target,target,1,8.943
14,41,numeric,0.1,0.05,no_decoy,target,1,10.923
14,42,numeric,0.1,0.05,no_decoy,target,1,11.257
14,43,perceptual,0.03,0.05,no_decoy,target,1,15.298
14,44,perceptual,0.03,0.05,no_decoy,competitor,0,9.609
14,45,perceptual,0.03,0.05,target,target,1,6.564
14,46,perceptual,0.1,0.05,competitor,target,1,12.441
14,47,perceptual,0.03,0.05,target,competitor,0,11.389
14,48,numeric,0.1,0.2,no_decoy,target,1,14.203
14,49,numeric,0.03,0.05,competitor,competitor,0,12.678
14,50,perceptual,0.03,0.05,no_decoy,target,1,9.607
14,51,perceptual,0.03,0.2,competitor,target,1,9.03
14,52,numeric,0.03,0.05,no_decoy,target,1,9.701
14,53,perceptual,0.03,0.05,competitor,target,1,12.801
14,54,numeric,0.03,0.2,no_decoy,target,1,11.56
14,55,perceptual,0.1,0.2,target,target,1,13.34
14,56,perceptual,0.03,0.05,no_decoy,target,1,4.968
14,57,numeric,0.03,0.05,no_decoy,target,1,3.898
14,58,perceptual,0.03,0.05,no_decoy,target,1,4.91
14,59,numeric,0.03,0.2,target,target,1,7.876
14,60,numeric,0.1,0.05,competitor,target,1,13.868
14,61,perceptual,0.03,0.2,target,competitor,0,10.463
14,62,numeric,0.03,0.05,competitor,target,1,14.946
14,63,numeric,0.1,0.2,target,target,1,12.573
14,64,numeric,0.1,0.05,competitor,target,1,8.385
14,65,numeric,0.1,0.2,competitor,target,1,9.706
14,66,perceptual,0.1,0.05,no_decoy,target,1,3.768
14,67,perceptual,0.1,0.2,no_decoy,target,1,7.321
14,68,numeric,0.03,0.05,competitor,competitor,0,6.852
14,69,numeric,0.1,0.2,competitor,competitor,0,11.011
14,70,numeric,0.1,0.05,target,target,1,12.509
14,71,numeric,0.1,0.2,target,target,1,8.575
14,72,numeric,0.03,0.2,competitor,competitor,0,11.444
14,73,numeric,0.1,0.05,target,target,1,7.294
14,74,numeric,0.1,0.2,no_decoy,target,1,8.506
14,75,numeric,0.1,0.2,no_decoy,target,1,8.592
14,76,perceptual,0.03,0.2,target,competitor,0,10.983
14,77,perceptual,0.03,0.05,no_decoy,target,1,5.901
14,78,perceptual,0.03,0.2,competitor,competitor,0,13.588
14,79,numeric,0.1,0.05,competitor,target,1,9.445
14,80,perceptual,0.1,0.05,competitor,target,1,7.937
14,81,perceptual,0.03,0.05,no_decoy,target,1,11.294
14,82,numeric,0.03,0.2,no_decoy,target,1,7.364
14,83,numeric,0.1,0.05,target,target,1,6.143
14,84,perceptual,0.1,0.05,no_decoy,target,1,5.048
14,85,perceptual,0.03,0.05,competitor,target,1,5.062
14,86,perceptual,0.03,0.2,no_decoy,target,1,10.615
14,87,perceptual,0.1,0.05,no_decoy,target,1,5.578
14,88,perceptual,0.1,0.05,competitor,decoy,0,10.422
14,89,perceptual,0.1,0.2,no_decoy,target,1,4.253
14,90,numeric,0.1,0.2,no_decoy,target,1,3.747
14,91,numeric,0.03,0.05,competitor,target,1,12.047
14,92,perceptual,0.1,0.2,competitor,target,1,11.814
14,93,numeric,0.03,0.2,no_decoy,target,1,9.73
14,94,numeric,0.03,0.2,competitor,competitor,0,12.894
14,95,numeric,0.1,0.2,competitor,target,1,14.692
14,96,perceptual,0.1,0.05,competitor,target,1,12.631
14,97,numeric,0.1,0.05,competitor,competitor,0,7.685
14,98,numeric,0.1,0.2,competitor,target,1,12.556
14,99,perceptual,0.1,0.2,competitor,target,1,12.196
14,100,perceptual,0.1,0.2,target,target,1,6.756
14,101,numeric,0.03,0.2,no_decoy,competitor,0,9.903
14,102,perceptual,0.1,0.05,target,target,1,13.39
14,103,numeric,0.03,0.2,no_decoy,competitor,0,10.296
14,104,numeric,0.03,0.05,no_decoy,target,1,14.767
14,105,numeric,0.1,0.05,no_decoy,target,1,4.532
14,106,perceptual,0.03,0.05,competitor,target,1,5.896
14,107,perceptual,0.1,0.2,target,target,1,5.441
14,108,numeric,0.03,0.05,competitor,competitor,0,9.71
14,109,numeric,0.1,0.05,target,target,1,11.794
14,110,numeric,0.03,0.2,competitor,target,1,18.067
14,111,perceptual,0.03,0.05,target,decoy,0,10.127
14,112,numeric,0.03,0.2,competitor,target,1,9.942
14,113,numeric,0.03,0.2,target,target,1,19.313
14,114,perceptual,0.03,0.05,no_decoy,competitor,0,8.575
14,115,perceptual,0.03,0.2,target,target,1,5.542
14,116,perceptual,0.1,0.2,competitor,target,1,6.46
14,117,numeric,0.1,0.2,no_decoy,target,1,5.428
14,118,perceptual,0.03,0.05,competitor,competitor,0,13.954
14,119,numeric,0.1,0.05,competitor,target,1,4.447
14,120,perceptual,0.1,0.2,competitor,target,1,8.21
14,121,perceptual,0.1,0.05,no_decoy,target,1,4.931
14,122,perceptual,0.1,0.05,target,target,1,9.221
14,123,perceptual,0.03,0.2,target,target,1,6.28
14,124,numeric,0.1,0.2,no_decoy,target,1,8.292
14,125,perceptual,0.03,0.05,competitor,competitor,0,14.076
14,126,numeric,0.1,0.2,competitor,target,1,16.87
14,127,perceptual,0.03,0.05,competitor,target,1,6.004
14,128,numeric,0.1,0.05,competitor,target,1,13.058
14,129,numeric,0.03,0.2,competitor,competitor,0,5.802
14,130,perceptual,0.03,0.2,no_decoy,competitor,0,7.339
14,131,numeric,0.03,0.2,competitor,competitor,0,11.008
14,132,perceptual,0.1,0.2,target,target,1,6.71
14,133,perceptual,0.1,0.05,target,target,1,4.309
14,134,numeric,0.03,0.2,competitor,competitor,0,7.77
14,135,perceptual,0.1,0.2,competitor,target,1,3.362
14,136,perceptual,0.03,0.05,target,target,1,7.905
14,137,perceptual,0.03,0.2,no_decoy,target,1,4.674
14,138,numeric,0.03,0.2,target,target,1,8.136
14,139,perceptual,0.1,0.2,no_decoy,target,1,5.268
14,140,numeric,0.1,0.2,target,target,1,14.71
14,141,perceptual,0.03,0.2,no_decoy,competitor,0,7.763
14,142,numeric,0.03,0.05,no_decoy,target,1,12.839
14,143,perceptual,0.03,0.2,target,target,1,11.131
14,144,perceptual,0.03,0.2,target,target,1,7.667
14,145,perceptual,0.03,0.2,target,competitor,0,9.638
14,146,numeric,0.03,0.2,competitor,competitor,0,16.943
14,147,perceptual,0.03,0.2,target,competitor,0,5.343
14,148,numeric,0.03,0.05,target,target,1,9.325
14,149,numeric,0.03,0.05,competitor,competitor,0,10.199
14,150,perceptual,0.03,0.2,target,competitor,0,5.629
14,151,numeric,0.1,0.05,target,target,1,4.865
14,152,numeric,0.1,0.05,no_decoy,target,1,7.496
14,153,numeric,0.1,0.2,no_decoy,target,1,9.782
14,154,perceptual,0.1,0.2,competitor,target,1,5.884
14,155,perceptual,0.1,0.05,competitor,competitor,0,3.711
14,156,perceptual,0.1,0.05,target,target,1,5.654
14,157,numeric,0.1,0.05,competitor,competitor,0,6.36
14,158,numeric,0.03,0.2,target,target,1,6.436
14,159,numeric,0.1,0.2,no_decoy,target,1,8.777
14,160,numeric,0.1,0.05,no_decoy,target,1,9.676
14,161,perceptual,0.1,0.2,target,competitor,0,9.624
14,162,perceptual,0.1,0.05,competitor,target,1,5.102
14,163,numeric,0.1,0.05,no_decoy,target,1,4.841
14,164,perceptual,0.03,0.2,no_decoy,target,1,7.783
14,165,perceptual,0.03,0.05,competitor,target,1,11.041
14,166,numeric,0.03,0.2,competitor,competitor,0,8.49
14,167,numeric,0.03,0.05,target,target,1,5.007
14,168,perceptual,0.03,0.2,no_decoy,target,1,4.315
14,169,perceptual,0.1,0.05,no_decoy,target,1,3.597
14,170,numeric,0.03,0.2,no_decoy,target,1,8.91
14,171,perceptual,0.03,0.05,target,target,1,9.165
14,172,numeric,0.03,0.2,competitor,competitor,0,7.03
14,173,numeric,0.1,0.2,competitor,target,1,9.624
14,174,perceptual,0.1,0.05,target,target,1,7.863
14,175,perceptual,0.03,0.05,target,target,1,10.881
14,176,perceptual,0.03,0.05,no_decoy,target,1,6.164
14,177,perceptual,0.03,0.2,target,target,1,7.333
14,178,numeric,0.1,0.05,no_decoy,target,1,6.363
14,179,perceptual,0.1,0.05,target,target,1,9.322
14,180,numeric,0.03,0.2,no_decoy,target,1,9.235
14,181,numeric,0.1,0.05,no_decoy,target,1,7.371
14,182,numeric,0.03,0.2,no_decoy,target,1,7.003
14,183,numeric,0.1,0.05,no_decoy,target,1,5.911
14,184,numeric,0.1,0.2,target,target,1,10.274
14,185,perceptual,0.03,0.05,target,target,1,8.56
14,186,numeric,0.03,0.05,target,target,1,11.189
14,187,perceptual,0.03,0.05,competitor,competitor,0,10.82
14,188,numeric,0.1,0.05,competitor,target,1,6.675
14,189,numeric,0.1,0.2,no_decoy,target,1,5.935
14,190,numeric,0.03,0.05,no_decoy,target,1,3.9
14,191,perceptual,0.03,0.2,no_decoy,target,1,9.254
14,192,numeric,0.1,0.2,competitor,target,1,15.898
14,193,numeric,0.1,0.05,competitor,target,1,12.266
14,194,perceptual,0.03,0.2,competitor,competitor,0,13.732
14,195,numeric,0.03,0.05,target,target,1,10.175
14,196,numeric,0.1,0.05,target,target,1,10.239
14,197,perceptual,0.03,0.05,competitor,competitor,0,9.861
14,198,perceptual,0.03,0.05,target,target,1,9.65
14,199,numeric,0.03,0.2,competitor,competitor,0,4.634
14,200,perceptual,0.1,0.05,competitor,target,1,8.79
14,201,numeric,0.03,0.05,competitor,target,1,10.63
14,202,numeric,0.03,0.05,competitor,target,1,14.471
14,203,numeric,0.03,0.2,target,competitor,0,3.101
14,204,perceptual,0.1,0.05,target,decoy,0,10.319
14,205,numeric,0.1,0.2,target,target,1,5.951
14,206,numeric,0.03,0.05,target,target,1,5.496
14,207,perceptual,0.1,0.05,target,decoy,0,8.427
14,208,perceptual,0.1,0.2,target,target,1,9.418
14,209,numeric,0.1,0.2,target,target,1,6.429
14,210,numeric,0.03,0.2,no_decoy,target,1,7.085
14,211,perceptual,0.1,0.05,target,target,1,5.504
14,212,numeric,0.03,0.05,no_decoy,competitor,0,10.121
14,213,perceptual,0.1,0.2,competitor,competitor,0,5.898
14,214,numeric,0.1,0.05,no_decoy,target,1,6.77
14,215,numeric,0.03,0.05,target,target,1,8.176
14,216,numeric,0.1,0.2,target,target,1,6.294
14,217,numeric,0.1,0.2,target,target,1,5.798
14,218,perceptual,0.03,0.05,target,target,1,11.375
14,219,perceptual,0.03,0.2,no_decoy,target,1,5.492
14,220,numeric,0.03,0.05,target,target,1,15.105
14,221,perceptual,0.1,0.05,competitor,target,1,8.352
14,222,perceptual,0.1,0.2,no_decoy,competitor,0,8.221
14,223,perceptual,0.03,0.2,competitor,competitor,0,7.246
14,224,numeric,0.1,0.05,target,target,1,9.975
14,225,perceptual,0.1,0.2,target,target,1,8.522
14,226,numeric,0.1,0.05,target,target,1,5.72
14,227,numeric,0.1,0.2,target,target,1,11.661
14,228,numeric,0.03,0.2,target,target,1,12.739
14,229,perceptual,0.1,0.05,competitor,target,1,11.541
14,230,numeric,0.1,0.05,target,competitor,0,9.887
14,231,numeric,0.03,0.05,competitor,target,1,9.766
14,232,perceptual,0.1,0.05,competitor,target,1,13.165
14,233,numeric,0.03,0.05,target,target,1,5.861
14,234,perceptual,0.03,0.05,competitor,competitor,0,10.451
14,235,perceptual,0.1,0.2,target,target,1,4.999
14,236,perceptual,0.1,0.2,competitor,target,1,7.936
14,237,numeric,0.03,0.05,target,target,1,7.314
14,238,numeric,0.03,0.2,target,target,1,11.703
14,239,numeric,0.1,0.05,target,target,1,6.216
14,240,numeric,0.03,0.2,target,target,1,5.415
14,241,perceptual,0.1,0.05,target,decoy,0,9.943
14,242,numeric,0.03,0.05,no_decoy,competitor,0,6.836
14,243,numeric,0.03,0.05,competitor,target,1,10.416
14,244,perceptual,0.1,0.05,no_decoy,target,1,5.845
14,245,numeric,0.03,0.05,no_decoy,target,1,4.08
14,246,numeric,0.1,0.05,competitor,competitor,0,9.98
14,247,numeric,0.03,0.05,no_decoy,target,1,4.124
14,248,numeric,0.1,0.2,competitor,target,1,4.615
14,249,numeric,0.1,0.2,competitor,target,1,4.972
14,250,perceptual,0.03,0.2,no_decoy,competitor,0,8.777
14,251,numeric,0.1,0.2,competitor,target,1,8.802
14,252,perceptual,0.1,0.2,no_decoy,target,1,7.189
14,253,numeric,0.03,0.2,target,target,1,4.198
14,254,perceptual,0.03,0.05,no_decoy,target,1,3.16
14,255,perceptual,0.03,0.05,competitor,target,1,6.303
14,256,perceptual,0.1,0.2,target,target,1,7.694
14,257,numeric,0.03,0.05,target,target,1,8.132
14,258,numeric,0.1,0.05,competitor,competitor,0,9.628
14,259,perceptual,0.1,0.2,no_decoy,target,1,4.318
14,260,perceptual,0.03,0.2,competitor,target,1,12.28
14,261,perceptual,0.1,0.05,no_decoy,target,1,4.295
14,262,perceptual,0.03,0.05,competitor,target,1,8.76
14,263,perceptual,0.1,0.05,no_decoy,competitor,0,8.535
14,264,numeric,0.1,0.2,no_decoy,target,1,10.623
14,265,perceptual,0.03,0.05,target,target,1,10.708
14,266,perceptual,0.1,0.2,competitor,competitor,0,9.184
14,267,numeric,0.03,0.05,no_decoy,target,1,11.924
14,268,numeric,0.03,0.2,target,competitor,0,11.999
14,269,numeric,0.1,0.2,competitor,target,1,12.482
14,270,perceptual,0.03,0.2,no_decoy,competitor,0,5.947
14,271,numeric,0.03,0.2,no_decoy,target,1,6.449
14,272,perceptual,0.03,0.2,competitor,target,1,8.605
14,273,perceptual,0.03,0.2,no_decoy,competitor,0,6.967
14,274,perceptual,0.03,0.05,no_decoy,target,1,6.364
14,275,numeric,0.03,0.05,target,target,1,7.071
14,276,numeric,0.1,0.2,no_decoy,target,1,7.411
14,277,perceptual,0.1,0.2,no_decoy,target,1,3.821
14,278,perceptual,0.03,0.2,no_decoy,competitor,0,6.449
14,279,perceptual,0.1,0.2,competitor,target,1,7.458
14,280,numeric,0.1,0.2,target,target,1,7.542
14,281,perceptual,0.1,0.05,no_decoy,target,1,10.929
14,282,numeric,0.03,0.05,competitor,competitor,0,12.756
14,283,perceptual,0.03,0.05,target,target,1,10.958
14,284,perceptual,0.1,0.05,no_decoy,competitor,0,10.405
14,285,perceptual,0.03,0.2,competitor,target,1,6.996
14,286,perceptual,0.1,0.2,no_decoy,target,1,5.584
14,287,numeric,0.03,0.05,no_decoy,target,1,5.903
14,288,perceptual,0.03,0.2,competitor,competitor,0,5.172
15,1,numeric,0.1,0.2,competitor,target,1,8.362
15,2,numeric,0.03,0.05,target,target,1,10.192
15,3,perceptual,0.1,0.05,competitor,target,1,9.537
15,4,numeric,0.03,0.05,no_decoy,target,1,6.258
15,5,perceptual,0.03,0.05,no_decoy,target,1,3.618
15,6,numeric,0.1,0.2,target,target,1,11.511
15,7,numeric,0.1,0.05,target,target,1,8.32
15,8,perceptual,0.03,0.2,competitor,competitor,0,8.423
15,9,perceptual,0.03,0.05,no_decoy,target,1,4.064
15,10,perceptual,0.03,0.2,target,target,1,7.619
15,11,numeric,0.03,0.05,target,target,1,8.204
15,12,perceptual,0.1,0.05,target,target,1,6.399
15,13,perceptual,0.1,0.2,target,target,1,4.595
15,14,numeric,0.03,0.2,target,target,1,13.712
15,15,perceptual,0.03,0.2,competitor,competitor,0,8.532
15,16,numeric,0.03,0.05,no_decoy,target,1,5.978
15,17,numeric,0.03,0.05,competitor,target,1,9.166
15,18,numeric,0.1,0.05,no_decoy,target,1,11.697
15,19,numeric,0.03,0.05,target,competitor,0,8.483
15,20,perceptual,0.1,0.05,competitor,target,1,3.985
15,21,numeric,0.03,0.05,no_decoy,target,1,4.924
15,22,numeric,0.1,0.2,competitor,target,1,6.717
15,23,perceptual,0.1,0.2,competitor,target,1,5.013
15,24,perceptual,0.03,0.05,competitor,target,1,5.887
15,25,perceptual,0.03,0.2,competitor,competitor,0,4.073
15,26,numeric,0.03,0.2,competitor,target,1,4.847
15,27,perceptual,0.1,0.2,no_decoy,competitor,0,3.754
15,28,numeric,0.03,0.05,no_decoy,target,1,5.924
15,29,perceptual,0.1,0.2,no_decoy,target,1,3.908
15,30,numeric,0.03,0.2,competitor,target,1,8.023
15,31,perceptual,0.1,0.05,no_decoy,target,1,3.986
15,32,numeric,0.1,0.05,target,target,1,9.81
15,33,perceptual,0.1,0.2,competitor,target,1,6.338
15,34,numeric,0.1,0.2,target,target,1,7.714
15,35,perceptual,0.1,0.05,competitor,target,1,3.582
15,36,numeric,0.03,0.2,no_decoy,target,1,11.247
15,37,numeric,0.03,0.2,competitor,target,1,5.487
15,38,perceptual,0.03,0.2,competitor,target,1,8.014
15,39,perceptual,0.03,0.2,target,competitor,0,5.264
15,40,numeric,0.1,0.05,competitor,target,1,14.886
15,41,perceptual,0.03,0.05,competitor,target,1,11.978
15,42,perceptual,0.1,0.2,target,competitor,0,3.452
15,43,perceptual,0.1,0.05,no_decoy,target,1,2.508
15,44,numeric,0.1,0.05,target,target,1,14.056
15,45,numeric,0.1,0.05,no_decoy,target,1,4.985
15,46,perceptual,0.1,0.05,target,target,1,7.93
15,47,numeric,0.03,0.05,no_decoy,competitor,0,5.288
15,48,perceptual,0.03,0.05,competitor,target,1,5.213
15,49,numeric,0.1,0.05,no_decoy,target,1,5.469
15,50,perceptual,0.03,0.05,target,target,1,3.632
15,51,perceptual,0.1,0.2,competitor,target,1,3.687
15,52,perceptual,0.03,0.05,target,target,1,4.673
15,53,perceptual,0.1,0.05,target,target,1,5.511
15,54,numeric,0.03,0.2,target,target,1,7.898
15,55,numeric,0.1,0.2,target,target,1,5.458
15,56,numeric,0.1,0.2,target,target,1,7.996
15,57,perceptual,0.03,0.2,competitor,competitor,0,6.171
15,58,numeric,0.1,0.05,competitor,decoy,0,9.984
15,59,perceptual,0.1,0.05,target,target,1,5.732
15,60,perceptual,0.1,0.2,competitor,competitor,0,4.409
15,61,numeric,0.1,0.2,no_decoy,target,1,4.517
15,62,numeric,0.1,0.2,target,target,1,8.477
15,63,numeric,0.1,0.2,no_decoy,target,1,5.008
15,64,perceptual,0.03,0.2,competitor,target,1,5.544
15,65,perceptual,0.1,0.05,no_decoy,competitor,0,5.305
15,66,numeric,0.03,0.2,target,target,1,6.542
15,67,perceptual,0.03,0.2,no_decoy,target,1,3.415
15,68,numeric,0.03,0.2,competitor,target,1,5.369
15,69,perceptual,0.1,0.2,competitor,target,1,3.927
15,70,perceptual,0.03,0.2,competitor,target,1,5.043
15,71,numeric,0.03,0.2,target,competitor,0,6.186
15,72,numeric,0.03,0.2,target,target,1,6.129
15,73,perceptual,0.03,0.05,target,target,1,5.381
15,74,numeric,0.1,0.2,competitor,target,1,7.187
15,75,perceptual,0.03,0.2,no_decoy,competitor,0,6.5
15,76,numeric,0.03,0.05,no_decoy,target,1,4.948
15,77,perceptual,0.1,0.05,competitor,competitor,0,5.931
15,78,numeric,0.1,0.2,target,target,1,7.356
15,79,numeric,0.1,0.2,no_decoy,target,1,5.855
15,80,perceptual,0.03,0.2,target,target,1,7.721
15,81,numeric,0.03,0.05,target,competitor,0,12.313
15,82,perceptual,0.03,0.05,target,competitor,0,3.294
15,83,numeric,0.03,0.05,target,target,1,7.762
15,84,perceptual,0.03,0.2,target,target,1,9.294
15,85,numeric,0.1,0.05,target,target,1,12.016
15,86,numeric,0.1,0.05,competitor,target,1,12.349
15,87,numeric,0.03,0.2,target,competitor,0,8.015
15,88,numeric,0.1,0.2,competitor,competitor,0,9.173
15,89,numeric,0.03,0.05,competitor,target,1,8.287
15,90,numeric,0.03,0.05,competitor,decoy,0,9.131
15,91,perceptual,0.03,0.05,target,target,1,7.032
15,92,numeric,0.1,0.05,target,target,1,11.409
15,93,numeric,0.1,0.05,competitor,target,1,10.079
15,94,numeric,0.1,0.2,competitor,target,1,11.834
15,95,numeric,0.1,0.05,no_decoy,target,1,5.38
15,96,perceptual,0.1,0.05,competitor,target,1,8.832
15,97,numeric,0.03,0.2,competitor,target,1,8.894
15,98,perceptual,0.1,0.05,competitor,competitor,0,3.944
15,99,perceptual,0.1,0.2,target,competitor,0,5.002
15,100,numeric,0.1,0.05,competitor,target,1,5.127
15,101,numeric,0.1,0.05,no_decoy,target,1,3.824
15,102,numeric,0.1,0.2,competitor,target,1,6.92
15,103,numeric,0.1,0.05,competitor,target,1,10.784
15,104,perceptual,0.03,0.05,no_decoy,target,1,7.043
15,105,numeric,0.03,0.2,target,competitor,0,11.711
15,106,numeric,0.1,0.2,competitor,target,1,9.625
15,107,numeric,0.1,0.2,no_decoy,target,1,7.163
15,108,perceptual,0.1,0.05,competitor,decoy,0,4.522
15,109,numeric,0.03,0.2,no_decoy,target,1,5.754
15,110,perceptual,0.1,0.05,target,decoy,0,8.796
15,111,numeric,0.03,0.2,target,competitor,0,6.767
15,112,perceptual,0.1,0.05,no_decoy,competitor,0,3.877
15,113,perceptual,0.03,0.05,target,target,1,3.84
15,114,perceptual,0.03,0.2,target,target,1,3.341
15,115,perceptual,0.03,0.05,no_decoy,competitor,0,2.391
15,116,perceptual,0.1,0.05,no_decoy,target,1,2.477
15,117,numeric,0.1,0.05,target,target,1,7.028
15,118,perceptual,0.1,0.05,no_decoy,target,1,2.306
15,119,perceptual,0.1,0.05,target,target,1,3.831
15,120,perceptual,0.03,0.05,target,competitor,0,5.218
15,121,numeric,0.03,0.05,competitor,competitor,0,12.667
15,122,perceptual,0.1,0.2,competitor,target,1,3.912
15,123,perceptual,0.1,0.2,target,target,1,4.581
15,124,numeric,0.03,0.05,target,target,1,5.817
15,125,perceptual,0.1,0.05,target,target,1,3.281
15,126,perceptual,0.03,0.2,competitor,target,1,2.978
15,127,numeric,0.03,0.2,competitor,target,1,5.346
15,128,numeric,0.03,0.05,target,target,1,10.257
15,129,numeric,0.03,0.05,competitor,competitor,0,10.301
15,130,numeric,0.03,0.05,no_decoy,target,1,5.179
15,131,perceptual,0.03,0.05,competitor,target,1,3.327
15,132,numeric,0.1,0.2,no_decoy,target,1,4.248
15,133,perceptual,0.03,0.05,no_decoy,target,1,5.997
15,134,perceptual,0.03,0.2,no_decoy,competitor,0,7.286
15,135,numeric,0.1,0.2,no_decoy,target,1,5.545
15,136,numeric,0.1,0.05,competitor,decoy,0,9.078
15,137,perceptual,0.03,0.05,competitor,competitor,0,5.266
15,138,perceptual,0.1,0.2,target,target,1,2.728
15,139,perceptual,0.03,0.05,no_decoy,target,1,2.682
15,140,perceptual,0.03,0.2,no_decoy,competitor,0,2.797
15,141,numeric,0.03,0.2,competitor,target,1,6.334
15,142,numeric,0.03,0.2,no_decoy,target,1,5.243
15,143,numeric,0.1,0.05,no_decoy,target,1,4.549
15,144,numeric,0.1,0.2,target,target,1,8.715
15,145,perceptual,0.1,0.2,target,target,1,3.405
15,146,numeric,0.1,0.2,target,target,1,3.57
15,147,perceptual,0.03,0.2,target,target,1,7.381
15,148,numeric,0.03,0.05,no_decoy,target,1,4.048
15,149,numeric,0.1,0.05,target,target,1,7.078
15,150,perceptual,0.1,0.05,competitor,competitor,0,5.437
15,151,numeric,0.03,0.2,competitor,target,1,7.035
15,152,numeric,0.03,0.05,competitor,target,1,9.178
15,153,perceptual,0.1,0.05,no_decoy,competitor,0,3.707
15,154,perceptual,0.1,0.2,no_decoy,target,1,3.081
15,155,perceptual,0.1,0.05,competitor,target,1,6.287
15,156,numeric,0.1,0.2,target,target,1,9.301
15,157,numeric,0.1,0.05,target,target,1,6.808
15,158,numeric,0.03,0.05,no_decoy,competitor,0,5.605
15,159,numeric,0.03,0.05,competitor,decoy,0,9.846
15,160,perceptual,0.03,0.2,target,target,1,4.269
15,161,perceptual,0.03,0.2,target,target,1,3.95
15,162,perceptual,0.03,0.05,target,decoy,0,3.848
15,163,numeric,0.03,0.2,no_decoy,competitor,0,5.068
15,164,numeric,0.03,0.05,target,target,1,12.246
15,165,perceptual,0.03,0.05,competitor,target,1,9.3
15,166,numeric,0.1,0.05,no_decoy,competitor,0,4.424
15,167,numeric,0.1,0.2,target,target,1,7.657
15,168,numeric,0.03,0.2,no_decoy,target,1,3.619
15,169,perceptual,0.03,0.05,no_decoy,competitor,0,4.188
15,170,perceptual,0.1,0.2,no_decoy,target,1,3.697
15,171,perceptual,0.1,0.2,no_decoy,target,1,3.043
15,172,perceptual,0.03,0.05,target,target,1,4.093
15,173,numeric,0.03,0.05,target,target,1,7.21
15,174,numeric,0.1,0.2,no_decoy,target,1,3.301
15,175,numeric,0.03,0.2,target,competitor,0,4.679
15,176,perceptual,0.03,0.05,target,target,1,4.395
15,177,numeric,0.03,0.2,no_decoy,competitor,0,6.478
15,178,perceptual,0.03,0.2,target,target,1,4.142
15,179,numeric,0.03,0.2,target,target,1,5.124
15,180,numeric,0.1,0.2,competitor,target,1,4.066
15,181,numeric,0.03,0.2,no_decoy,target,1,5.656
15,182,perceptual,0.03,0.05,no_decoy,target,1,3.008
15,183,numeric,0.1,0.2,competitor,target,1,4.589
15,184,perceptual,0.03,0.2,competitor,target,1,6.002
15,185,perceptual,0.1,0.2,target,target,1,3.649
15,186,numeric,0.1,0.05,target,competitor,0,5.371
15,187,numeric,0.03,0.05,no_decoy,target,1,6.013
15,188,perceptual,0.03,0.05,no_decoy,target,1,4.428
15,189,perceptual,0.1,0.2,competitor,target,1,4.839
15,190,numeric,0.1,0.05,no_decoy,target,1,5.955
15,191,numeric,0.03,0.05,target,target,1,5.834
15,192,numeric,0.03,0.05,competitor,competitor,0,9.762
15,193,perceptual,0.1,0.05,no_decoy,competitor,0,2.82
15,194,numeric,0.1,0.2,no_decoy,target,1,7.059
15,195,perceptual,0.03,0.2,no_decoy,competitor,0,2.77
15,196,numeric,0.1,0.2,competitor,competitor,0,6.021
15,197,perceptual,0.1,0.2,target,target,1,6.514
15,198,numeric,0.1,0.05,no_decoy,target,1,5.327
15,199,perceptual,0.1,0.2,no_decoy,competitor,0,3.539
15,200,numeric,0.03,0.05,competitor,decoy,0,4.882
15,201,perceptual,0.03,0.05,no_decoy,competitor,0,4.122
15,202,numeric,0.03,0.2,competitor,target,1,6.276
15,203,perceptual,0.1,0.2,no_decoy,target,1,4.905
15,204,perceptual,0.1,0.2,target,target,1,3.29
15,205,perceptual,0.03,0.05,competitor,target,1,3.642
15,206,numeric,0.03,0.2,competitor,target,1,5.465
15,207,perceptual,0.1,0.05,target,target,1,4.099
15,208,numeric,0.1,0.05,target,target,1,9.112
15,209,numeric,0.1,0.2,no_decoy,competitor,0,5.724
15,210,perceptual,0.03,0.05,competitor,competitor,0,3.461
15,211,perceptual,0.1,0.05,target,decoy,0,3.648
15,212,perceptual,0.1,0.05,target,decoy,0,4.121
15,213,numeric,0.03,0.2,no_decoy,target,1,4.309
15,214,perceptual,0.03,0.2,no_decoy,competitor,0,2.424
15,215,perceptual,0.1,0.2,target,target,1,3.098
15,216,perceptual,0.03,0.2,target,target,1,4.616
15,217,perceptual,0.1,0.2,no_decoy,target,1,2.805
15,218,numeric,0.03,0.05,target,target,1,5.691
15,219,numeric,0.1,0.05,no_decoy,target,1,3.592
15,220,numeric,0.1,0.05,competitor,target,1,4.692
15,221,perceptual,0.03,0.05,competitor,competitor,0,3.302
15,222,numeric,0.03,0.2,target,competitor,0,6.415
15,223,perceptual,0.1,0.2,competitor,target,1,3.05
15,224,perceptual,0.1,0.05,competitor,competitor,0,3.385
15,225,perceptual,0.03,0.05,target,competitor,0,3.989
15,226,numeric,0.03,0.05,no_decoy,competitor,0,3.729
15,227,perceptual,0.03,0.05,competitor,target,1,3.918
15,228,perceptual,0.1,0.2,no_decoy,target,1,2.729
15,229,perceptual,0.1,0.2,competitor,target,1,5.213
15,230,perceptual,0.1,0.05,target,target,1,2.715
15,231,perceptual,0.03,0.2,competitor,target,1,2.393
15,232,numeric,0.03,0.2,competitor,target,1,6.104
15,233,numeric,0.1,0.2,target,target,1,8.559
15,234,perceptual,0.1,0.05,no_decoy,target,1,3.114
15,235,perceptual,0.03,0.2,no_decoy,target,1,3.137
15,236,perceptual,0.1,0.2,no_decoy,target,1,3.71
15,237,perceptual,0.1,0.2,target,target,1,7.505
15,238,perceptual,0.03,0.05,no_decoy,target,1,3.751
15,239,numeric,0.03,0.05,competitor,target,1,9.338
15,240,perceptual,0.1,0.05,no_decoy,target,1,2.359
15,241,perceptual,0.03,0.2,target,competitor,0,2.33
15,242,numeric,0.1,0.2,no_decoy,target,1,3.302
15,243,perceptual,0.1,0.2,no_decoy,target,1,3.172
15,244,numeric,0.03,0.05,competitor,competitor,0,5.697
15,245,perceptual,0.1,0.05,no_decoy,target,1,2.456
15,246,perceptual,0.1,0.05,target,competitor,0,2.408
15,247,numeric,0.1,0.05,target,target,1,5.406
15,248,perceptual,0.1,0.05,competitor,target,1,4.688
15,249,perceptual,0.03,0.05,no_decoy,target,1,2.451
15,250,perceptual,0.03,0.05,competitor,target,1,8.234
15,251,numeric,0.03,0.05,no_decoy,competitor,0,5.787
15,252,perceptual,0.03,0.2,no_decoy,target,1,3.547
15,253,numeric,0.03,0.05,target,competitor,0,7.202
15,254,perceptual,0.1,0.2,competitor,target,1,3.034
15,255,numeric,0.03,0.2,no_decoy,target,1,4.008
15,256,numeric,0.1,0.05,competitor,target,1,6.537
15,257,perceptual,0.1,0.05,no_decoy,target,1,2.348
15,258,numeric,0.1,0.2,no_decoy,target,1,3.593
15,259,perceptual,0.03,0.2,competitor,competitor,0,0.441
15,260,numeric,0.1,0.05,competitor,decoy,0,7.171
15,261,numeric,0.1,0.05,no_decoy,target,1,5.066
15,262,numeric,0.1,0.2,target,target,1,7.706
15,263,numeric,0.03,0.2,no_decoy,target,1,7.8
15,264,perceptual,0.03,0.2,no_decoy,target,1,3.7
15,265,perceptual,0.03,0.05,competitor,target,1,4.693
15,266,perceptual,0.1,0.2,no_decoy,target,1,3.216
15,267,perceptual,0.1,0.2,target,competitor,0,4.333
15,268,numeric,0.03,0.05,competitor,competitor,0,6.427
15,269,numeric,0.03,0.2,target,competitor,0,5.301
15,270,numeric,0.03,0.2,no_decoy,competitor,0,5.134
15,271,numeric,0.1,0.2,competitor,target,1,8.03
15,272,numeric,0.1,0.05,competitor,target,1,5.224
15,273,perceptual,0.03,0.2,no_decoy,competitor,0,5.836
15,274,numeric,0.1,0.2,no_decoy,competitor,0,2.963
15,275,numeric,0.1,0.05,no_decoy,target,1,6.854
15,276,perceptual,0.03,0.2,no_decoy,target,1,4.758
15,277,numeric,0.03,0.2,competitor,competitor,0,5.139
15,278,numeric,0.1,0.05,target,target,1,8.104
15,279,perceptual,0.03,0.05,target,competitor,0,5.431
15,280,perceptual,0.03,0.2,competitor,target,1,3.232
15,281,numeric,0.03,0.2,no_decoy,competitor,0,2.584
15,282,perceptual,0.1,0.2,competitor,target,1,3.004
15,283,numeric,0.1,0.05,competitor,target,1,8.486
15,284,perceptual,0.1,0.05,competitor,competitor,0,3.055
15,285,numeric,0.1,0.2,competitor,target,1,5.479
15,286,perceptual,0.1,0.2,competitor,target,1,2.839
15,287,perceptual,0.03,0.2,target,target,1,2.622
15,288,perceptual,0.03,0.2,no_decoy,competitor,0,4.025
16,1,perceptual,0.1,0.2,competitor,target,1,8.61
16,2,numeric,0.03,0.05,competitor,target,1,9.448
16,3,perceptual,0.03,0.2,target,target,1,4.771
16,4,numeric,0.03,0.05,competitor,target,1,8.534
16,5,perceptual,0.03,0.05,competitor,competitor,0,8.153
16,6,perceptual,0.1,0.05,target,target,1,9.148
16,7,numeric,0.1,0.2,target,target,1,11.688
16,8,numeric,0.03,0.2,no_decoy,target,1,8.015
16,9,perceptual,0.1,0.05,target,decoy,0,9.994
16,10,perceptual,0.1,0.2,competitor,target,1,7.302
16,11,perceptual,0.1,0.2,target,target,1,5.873
16,12,numeric,0.03,0.2,target,target,1,12.356
16,13,numeric,0.03,0.05,competitor,competitor,0,11.864
16,14,perceptual,0.1,0.05,target,target,1,7.756
16,15,perceptual,0.1,0.2,target,target,1,5.141
16,16,perceptual,0.03,0.05,target,target,1,4.253
16,17,perceptual,0.03,0.2,competitor,target,1,7.403
16,18,numeric,0.03,0.05,competitor,target,1,10.384
16,19,numeric,0.03,0.2,target,target,1,9.523
16,20,numeric,0.03,0.05,no_decoy,competitor,0,10.069
16,21,perceptual,0.1,0.2,no_decoy,competitor,0,4.917
16,22,numeric,0.03,0.2,competitor,competitor,0,6.858
16,23,numeric,0.1,0.2,competitor,competitor,0,8.013
16,24,perceptual,0.03,0.2,competitor,target,1,6.979
16,25,perceptual,0.03,0.05,no_decoy,target,1,6.428
16,26,numeric,0.03,0.2,competitor,competitor,0,7.891
16,27,numeric,0.03,0.2,target,target,1,9.513
16,28,perceptual,0.03,0.2,competitor,target,1,11.165
16,29,numeric,0.1,0.05,no_decoy,target,1,4.51
16,30,perceptual,0.1,0.2,target,target,1,5.929
16,31,perceptual,0.03,0.05,no_decoy,target,1,4.383
16,32,numeric,0.03,0.2,competitor,competitor,0,11.711
16,33,perceptual,0.03,0.05,competitor,target,1,13.678
16,34,perceptual,0.03,0.2,no_decoy,target,1,6.656
16,35,numeric,0.1,0.05,no_decoy,target,1,7.034
16,36,perceptual,0.03,0.2,no_decoy,competitor,0,11.862
16,37,numeric,0.1,0.05,competitor,target,1,15.036
16,38,perceptual,0.03,0.05,competitor,competitor,0,8.586
16,39,perceptual,0.03,0.2,no_decoy,target,1,9.978
16,40,numeric,0.03,0.2,competitor,target,1,10.069
16,41,perceptual,0.03,0.2,no_decoy,target,1,9.24
16,42,numeric,0.1,0.2,competitor,target,1,9.634
16,43,numeric,0.03,0.05,no_decoy,competitor,0,8.219
16,44,perceptual,0.03,0.05,competitor,decoy,0,9.385
16,45,numeric,0.1,0.2,competitor,target,1,8.727
16,46,perceptual,0.03,0.2,competitor,competitor,0,10.286
16,47,perceptual,0.1,0.05,target,target,1,10.656
16,48,perceptual,0.03,0.2,no_decoy,target,1,6.749
16,49,numeric,0.1,0.2,no_decoy,target,1,10.177
16,50,numeric,0.03,0.05,target,target,1,8.678
16,51,numeric,0.03,0.05,target,target,1,13.02
16,52,numeric,0.1,0.05,no_decoy,competitor,0,9.808
16,53,numeric,0.03,0.05,competitor,target,1,12.921
16,54,perceptual,0.03,0.2,no_decoy,competitor,0,13.563
16,55,perceptual,0.03,0.2,target,target,1,11.79
16,56,numeric,0.1,0.05,competitor,target,1,14.515
16,57,perceptual,0.1,0.05,target,target,1,8.643
16,58,perceptual,0.1,0.2,target,target,1,6.774
16,59,numeric,0.03,0.05,target,competitor,0,8.546
16,60,numeric,0.1,0.2,competitor,target,1,8.313
16,61,perceptual,0.03,0.2,competitor,competitor,0,11.812
16,62,perceptual,0.03,0.2,target,target,1,6.664
16,63,numeric,0.1,0.2,target,target,1,7.788
16,64,perceptual,0.03,0.05,competitor,competitor,0,7.148
16,65,perceptual,0.03,0.05,no_decoy,competitor,0,7.64
16,66,numeric,0.1,0.05,target,target,1,17.397
16,67,perceptual,0.1,0.2,target,target,1,6.726
16,68,perceptual,0.03,0.05,no_decoy,target,1,10.329
16,69,numeric,0.1,0.05,competitor,target,1,10.142
16,70,perceptual,0.1,0.2,competitor,target,1,5.879
16,71,perceptual,0.03,0.05,target,target,1,5.318
16,72,numeric,0.1,0.2,competitor,target,1,7.965
16,73,numeric,0.03,0.05,no_decoy,target,1,8.704
16,74,numeric,0.03,0.05,no_decoy,target,1,7.512
16,75,perceptual,0.03,0.05,target,competitor,0,10.606
16,76,numeric,0.03,0.2,no_decoy,target,1,14.631
16,77,perceptual,0.03,0.2,target,target,1,10.806
16,78,perceptual,0.1,0.2,competitor,target,1,9.646
16,79,perceptual,0.03,0.2,target,target,1,10.519
16,80,numeric,0.1,0.05,no_decoy,target,1,10.978
16,81,perceptual,0.1,0.2,competitor,target,1,7.769
16,82,numeric,0.1,0.2,target,target,1,11.278
16,83,perceptual,0.1,0.2,no_decoy,target,1,7.271
16,84,perceptual,0.1,0.05,competitor,target,1,6.751
16,85,numeric,0.1,0.2,no_decoy,target,1,8.8
16,86,numeric,0.03,0.2,target,target,1,13.249
16,87,perceptual,0.1,0.05,competitor,target,1,8.227
16,88,perceptual,0.1,0.05,competitor,target,1,9.187
16,89,numeric,0.1,0.05,target,target,1,9.664
16,90,numeric,0.1,0.2,target,target,1,11.432
16,91,numeric,0.1,0.2,competitor,target,1,10.08
16,92,perceptual,0.03,0.05,competitor,competitor,0,10.951
16,93,perceptual,0.1,0.05,target,target,1,8.896
16,94,perceptual,0.03,0.2,no_decoy,target,1,9.254
16,95,perceptual,0.03,0.05,target,target,1,5.315
16,96,numeric,0.1,0.05,target,target,1,14.286
16,97,numeric,0.1,0.2,target,target,1,7.18
16,98,numeric,0.1,0.05,no_decoy,target,1,7.012
16,99,perceptual,0.1,0.05,no_decoy,target,1,5.133
16,100,perceptual,0.1,0.05,target,target,1,6.95
16,101,perceptual,0.03,0.2,competitor,target,1,15.394
16,103,perceptual,0.03,0.05,no_decoy,target,1,9.232
16,104,numeric,0.03,0.05,competitor,target,1,11.352
16,105,perceptual,0.03,0.05,target,target,1,9.587
16,106,numeric,0.03,0.2,no_decoy,target,1,10.782
16,107,numeric,0.03,0.2,competitor,target,1,10.517
16,108,perceptual,0.03,0.05,competitor,competitor,0,7.971
16,109,numeric,0.03,0.05,target,competitor,0,14.554
16,110,numeric,0.03,0.05,no_decoy,target,1,11.308
16,111,numeric,0.1,0.2,no_decoy,target,1,8.711
16,112,perceptual,0.03,0.05,no_decoy,target,1,9.301
16,113,perceptual,0.1,0.05,target,target,1,5.172
16,114,perceptual,0.03,0.2,no_decoy,target,1,3.802
16,115,perceptual,0.1,0.05,target,decoy,0,4.08
16,116,numeric,0.03,0.2,no_decoy,target,1,5.366
16,117,numeric,0.1,0.2,no_decoy,target,1,4.557
16,118,perceptual,0.03,0.05,no_decoy,target,1,6.698
16,119,numeric,0.1,0.2,target,decoy,0,7.23
16,120,perceptual,0.1,0.2,competitor,target,1,5.553
16,121,perceptual,0.1,0.05,competitor,target,1,6.945
16,122,numeric,0.1,0.05,competitor,target,1,7.586
16,123,numeric,0.03,0.2,no_decoy,target,1,9.614
16,124,perceptual,0.1,0.05,no_decoy,target,1,2.918
16,125,numeric,0.1,0.05,target,target,1,9.844
16,126,numeric,0.03,0.05,competitor,competitor,0,9.05
16,127,perceptual,0.03,0.2,competitor,target,1,5.528
16,128,perceptual,0.1,0.2,no_decoy,target,1,5.091
16,129,perceptual,0.03,0.2,competitor,target,1,3.095
16,130,numeric,0.03,0.2,no_decoy,target,1,3.145
16,131,perceptual,0.1,0.2,no_decoy,competitor,0,3.599
16,132,perceptual,0.1,0.05,no_decoy,target,1,3.266
16,133,numeric,0.1,0.2,competitor,competitor,0,4.527
16,134,numeric,0.03,0.05,target,target,1,8.902
16,135,perceptual,0.03,0.2,no_decoy,competitor,0,3.984
16,136,perceptual,0.1,0.05,target,target,1,4.928
16,137,numeric,0.1,0.05,competitor,target,1,3.44
16,138,perceptual,0.1,0.2,competitor,competitor,0,3.852
16,139,numeric,0.1,0.2,competitor,target,1,3.562
16,140,numeric,0.1,0.05,target,decoy,0,5.74
16,141,numeric,0.1,0.2,no_decoy,target,1,8.538
16,142,perceptual,0.1,0.05,competitor,competitor,0,3.769
16,143,numeric,0.1,0.2,target,target,1,4.456
16,144,numeric,0.03,0.2,target,competitor,0,4.264
16,145,numeric,0.1,0.2,competitor,competitor,0,4.901
16,146,numeric,0.03,0.05,target,competitor,0,5.171
16,147,numeric,0.03,0.05,no_decoy,target,1,3.245
16,148,numeric,0.1,0.2,target,target,1,4.177
16,149,perceptual,0.1,0.2,competitor,target,1,3.816
16,150,numeric,0.03,0.2,competitor,target,1,3.27
16,151,numeric,0.03,0.2,no_decoy,target,1,6.321
16,152,numeric,0.03,0.05,no_decoy,target,1,3.724
16,153,perceptual,0.1,0.05,competitor,target,1,3.278
16,154,perceptual,0.1,0.2,competitor,decoy,0,3.212
16,155,perceptual,0.03,0.05,no_decoy,target,1,3.129
16,156,numeric,0.03,0.2,target,target,1,3.536
16,157,perceptual,0.1,0.2,no_decoy,target,1,2.961
16,158,perceptual,0.03,0.05,no_decoy,target,1,2.705
16,159,numeric,0.1,0.05,no_decoy,competitor,0,2.921
16,160,numeric,0.1,0.05,target,target,1,5.366
16,161,numeric,0.03,0.05,no_decoy,competitor,0,3.827
16,162,numeric,0.03,0.2,competitor,decoy,0,4.536
16,163,perceptual,0.03,0.05,competitor,target,1,4.337
16,164,numeric,0.1,0.05,target,target,1,4.735
16,165,perceptual,0.03,0.05,target,target,1,4.315
16,166,numeric,0.1,0.05,target,target,1,7.043
16,167,perceptual,0.03,0.05,target,target,1,9.789
16,168,numeric,0.1,0.05,competitor,decoy,0,3.432
16,169,perceptual,0.1,0.2,target,decoy,0,5.056
16,170,perceptual,0.03,0.05,competitor,target,1,8.855
16,171,perceptual,0.03,0.2,target,competitor,0,3.347
16,172,numeric,0.1,0.2,target,target,1,4.2
16,173,perceptual,0.03,0.05,target,decoy,0,11.339
16,174,perceptual,0.1,0.2,competitor,target,1,4.903
16,175,numeric,0.03,0.2,competitor,target,1,5.135
16,176,numeric,0.1,0.05,no_decoy,target,1,2.814
16,177,numeric,0.1,0.2,competitor,target,1,4.58
16,178,perceptual,0.1,0.05,target,competitor,0,5.087
16,179,numeric,0.03,0.05,target,target,1,8.011
16,180,perceptual,0.1,0.2,no_decoy,competitor,0,3.507
16,181,perceptual,0.03,0.05,competitor,competitor,0,3.746
16,182,numeric,0.03,0.2,target,competitor,0,11.642
16,183,perceptual,0.1,0.2,target,competitor,0,5.953
16,184,perceptual,0.1,0.05,no_decoy,target,1,4.114
16,185,numeric,0.1,0.05,no_decoy,competitor,0,3.077
16,186,numeric,0.03,0.2,target,target,1,6.653
16,187,perceptual,0.03,0.05,no_decoy,competitor,0,2.449
16,188,perceptual,0.1,0.05,competitor,target,1,3.772
16,189,numeric,0.03,0.2,target,target,1,4.654
16,190,perceptual,0.1,0.2,no_decoy,target,1,3.238
16,191,perceptual,0.03,0.2,no_decoy,target,1,2.33
16,192,perceptual,0.03,0.2,target,competitor,0,2.727
16,193,perceptual,0.1,0.05,competitor,target,1,6.026
16,194,numeric,0.03,0.2,no_decoy,competitor,0,4.467
16,195,perceptual,0.03,0.05,target,decoy,0,3.755
16,196,perceptual,0.03,0.2,target,target,1,5.312
16,197,numeric,0.1,0.05,competitor,decoy,0,0.043
16,198,perceptual,0.1,0.2,target,competitor,0,3.954
16,199,perceptual,0.03,0.2,target,competitor,0,2.928
16,200,perceptual,0.1,0.2,no_decoy,target,1,2.181
16,201,numeric,0.03,0.2,target,target,1,5.119
16,202,numeric,0.1,0.05,target,competitor,0,7.628
16,203,numeric,0.03,0.2,competitor,decoy,0,3.869
16,204,numeric,0.03,0.05,target,target,1,7.12
16,205,perceptual,0.1,0.2,no_decoy,target,1,2.23
16,206,numeric,0.03,0.05,competitor,target,1,6.994
16,207,perceptual,0.03,0.2,competitor,target,1,4.881
16,208,numeric,0.1,0.2,competitor,competitor,0,6.421
16,209,numeric,0.1,0.2,competitor,target,1,5.329
16,210,perceptual,0.1,0.2,target,target,1,5.595
16,211,numeric,0.1,0.05,target,decoy,0,7.137
16,212,numeric,0.1,0.05,no_decoy,target,1,5.24
16,213,numeric,0.1,0.05,competitor,competitor,0,7.887
16,214,perceptual,0.03,0.2,target,competitor,0,7.858
16,215,perceptual,0.1,0.05,no_decoy,target,1,0.011
16,216,numeric,0.1,0.2,no_decoy,target,1,4.473
16,217,perceptual,0.1,0.05,target,target,1,4.935
16,218,numeric,0.1,0.05,target,competitor,0,8.395
16,219,perceptual,0.03,0.05,no_decoy,competitor,0,2.935
16,220,perceptual,0.03,0.2,no_decoy,competitor,0,2.913
16,221,numeric,0.1,0.2,target,target,1,3.777
16,222,numeric,0.1,0.2,no_decoy,competitor,0,3.979
16,223,numeric,0.03,0.05,competitor,competitor,0,6.297
16,224,numeric,0.1,0.2,target,target,1,4.428
16,225,perceptual,0.1,0.05,no_decoy,competitor,0,3.163
16,226,numeric,0.03,0.05,no_decoy,target,1,3.871
16,227,numeric,0.03,0.2,no_decoy,target,1,3.695
16,228,numeric,0.1,0.2,no_decoy,target,1,3.849
16,229,perceptual,0.1,0.2,competitor,target,1,2.681
16,230,perceptual,0.03,0.05,target,competitor,0,4.695
16,231,numeric,0.03,0.2,competitor,target,1,3.329
16,232,perceptual,0.1,0.05,no_decoy,target,1,3.983
16,233,numeric,0.03,0.2,no_decoy,competitor,0,3.568
16,234,numeric,0.1,0.2,no_decoy,target,1,5.902
16,235,perceptual,0.1,0.2,target,target,1,4.874
16,236,numeric,0.1,0.05,competitor,target,1,3.433
16,237,numeric,0.03,0.05,competitor,competitor,0,4.505
16,238,numeric,0.03,0.05,no_decoy,competitor,0,2.6
16,239,numeric,0.03,0.2,target,target,1,6.4
16,240,perceptual,0.1,0.05,no_decoy,competitor,0,2.566
16,241,perceptual,0.03,0.05,no_decoy,target,1,3.813
16,242,numeric,0.03,0.2,competitor,target,1,8.532
16,243,perceptual,0.1,0.05,competitor,target,1,7.333
16,244,numeric,0.03,0.05,no_decoy,target,1,5.516
16,245,numeric,0.03,0.05,target,target,1,10.395
16,246,perceptual,0.1,0.2,no_decoy,target,1,3.689
16,247,perceptual,0.1,0.2,no_decoy,target,1,3.351
16,248,perceptual,0.03,0.2,competitor,competitor,0,4.662
16,249,numeric,0.03,0.2,no_decoy,competitor,0,3.166
16,250,numeric,0.03,0.05,target,competitor,0,4.815
16,251,numeric,0.1,0.05,no_decoy,competitor,0,0.763
16,252,numeric,0.1,0.05,no_decoy,competitor,0,3.352
16,253,numeric,0.1,0.05,competitor,target,1,3.83
16,254,perceptual,0.03,0.05,competitor,target,1,3.572
16,255,numeric,0.03,0.2,target,target,1,4.534
16,256,perceptual,0.1,0.05,no_decoy,target,1,3.162
16,257,numeric,0.03,0.2,no_decoy,competitor,0,3.255
16,258,numeric,0.03,0.05,no_decoy,target,1,2.558
16,259,perceptual,0.03,0.2,competitor,target,1,4.73
16,260,perceptual,0.1,0.2,competitor,target,1,5.844
16,261,numeric,0.1,0.2,no_decoy,target,1,2.758
16,262,perceptual,0.1,0.2,target,target,1,4.064
16,263,numeric,0.1,0.2,target,target,1,4.294
16,264,perceptual,0.1,0.05,no_decoy,target,1,5.008
16,265,perceptual,0.03,0.2,target,target,1,5.49
16,266,perceptual,0.03,0.2,no_decoy,competitor,0,5.19
16,267,numeric,0.03,0.2,competitor,competitor,0,4.945
16,268,perceptual,0.1,0.05,competitor,target,1,6.739
16,269,perceptual,0.03,0.05,target,competitor,0,7.002
16,270,perceptual,0.03,0.2,competitor,target,1,4.261
16,271,perceptual,0.03,0.2,target,target,1,6.5
16,272,numeric,0.1,0.2,no_decoy,competitor,0,5.048
16,273,numeric,0.1,0.05,competitor,competitor,0,5.196
16,274,numeric,0.1,0.2,no_decoy,target,1,3.85
16,275,perceptual,0.1,0.2,target,target,1,3.462
16,276,numeric,0.1,0.05,target,target,1,9.514
16,277,numeric,0.03,0.05,competitor,competitor,0,7.711
16,278,perceptual,0.1,0.05,competitor,target,1,2.836
16,279,numeric,0.03,0.05,competitor,competitor,0,3.562
16,280,perceptual,0.1,0.2,no_decoy,target,1,3.472
16,281,numeric,0.1,0.05,competitor,target,1,5.937
16,282,numeric,0.1,0.05,no_decoy,target,1,3.896
16,283,perceptual,0.1,0.05,competitor,target,1,3.279
16,284,perceptual,0.03,0.05,competitor,target,1,3.672
16,285,perceptual,0.03,0.05,target,target,1,8.873
16,286,perceptual,0.1,0.05,no_decoy,target,1,3.756
16,287,perceptual,0.1,0.05,no_decoy,target,1,2.597
16,288,numeric,0.03,0.05,target,competitor,0,5.945
17,1,perceptual,0.03,0.2,competitor,decoy,0,16.883
17,2,numeric,0.1,0.2,competitor,target,1,9.607
17,3,numeric,0.03,0.2,no_decoy,target,1,8.394
17,4,numeric,0.03,0.2,no_decoy,competitor,0,6.025
17,5,perceptual,0.03,0.05,competitor,target,1,5.374
17,6,numeric,0.03,0.2,competitor,target,1,7.154
17,7,numeric,0.1,0.05,competitor,competitor,0,8.472
17,8,perceptual,0.03,0.05,competitor,competitor,0,5.321
17,9,numeric,0.1,0.2,competitor,competitor,0,3.446
17,10,numeric,0.1,0.05,target,target,1,7.23
17,11,perceptual,0.1,0.2,competitor,target,1,5.603
17,12,numeric,0.03,0.05,target,decoy,0,9.007
17,13,numeric,0.03,0.2,competitor,decoy,0,5.387
17,14,perceptual,0.03,0.2,no_decoy,target,1,3.969
17,15,numeric,0.1,0.2,no_decoy,target,1,4.011
17,16,perceptual,0.1,0.05,no_decoy,target,1,4.273
17,17,perceptual,0.03,0.05,target,target,1,5.296
17,18,numeric,0.03,0.05,no_decoy,target,1,3.558
17,19,numeric,0.03,0.2,competitor,target,1,5.348
17,20,perceptual,0.03,0.05,target,competitor,0,3.486
17,21,perceptual,0.1,0.05,competitor,target,1,4.372
17,22,perceptual,0.1,0.2,competitor,competitor,0,5.484
17,23,perceptual,0.1,0.05,competitor,target,1,6.092
17,24,perceptual,0.03,0.05,no_decoy,competitor,0,4.228
17,25,numeric,0.1,0.05,no_decoy,target,1,4.01
17,26,numeric,0.03,0.05,no_decoy,target,1,3.18
17,27,numeric,0.03,0.2,competitor,competitor,0,4.297
17,28,perceptual,0.03,0.05,no_decoy,target,1,3.307
17,29,numeric,0.03,0.05,target,target,1,3.973
17,30,perceptual,0.1,0.2,target,target,1,3.49
17,31,perceptual,0.03,0.2,no_decoy,target,1,3.613
17,32,perceptual,0.03,0.05,competitor,target,1,3.521
17,33,numeric,0.03,0.2,target,target,1,2.878
17,34,perceptual,0.03,0.2,target,target,1,2.606
17,35,numeric,0.03,0.05,target,target,1,4.029
17,36,perceptual,0.03,0.05,competitor,competitor,0,2.782
17,37,numeric,0.03,0.2,no_decoy,competitor,0,4.019
17,38,numeric,0.03,0.2,competitor,target,1,3.433
17,39,perceptual,0.1,0.05,no_decoy,target,1,3.327
17,40,numeric,0.1,0.05,competitor,competitor,0,4.035
17,41,numeric,0.03,0.05,competitor,competitor,0,4.782
17,42,numeric,0.03,0.05,competitor,target,1,3.307
17,43,perceptual,0.1,0.2,competitor,competitor,0,2.603
17,44,perceptual,0.03,0.05,no_decoy,target,1,3.114
17,45,numeric,0.1,0.05,no_decoy,target,1,5.839
17,46,numeric,0.1,0.05,no_decoy,target,1,3.436
17,47,perceptual,0.1,0.05,no_decoy,target,1,2.653
17,48,perceptual,0.03,0.05,competitor,target,1,4.468
17,49,numeric,0.1,0.2,competitor,target,1,2.76
17,50,numeric,0.03,0.05,target,competitor,0,2.349
17,51,numeric,0.03,0.05,no_decoy,competitor,0,2.196
17,52,numeric,0.1,0.05,competitor,target,1,2.833
17,53,numeric,0.03,0.2,no_decoy,target,1,2.3
17,54,numeric,0.1,0.2,no_decoy,competitor,0,2.539
17,55,numeric,0.1,0.2,target,competitor,0,2.658
17,56,numeric,0.03,0.05,target,competitor,0,2.567
17,57,perceptual,0.03,0.2,no_decoy,target,1,2.799
17,58,perceptual,0.03,0.05,no_decoy,competitor,0,2.95
17,59,perceptual,0.1,0.05,target,target,1,3.316
17,60,numeric,0.03,0.05,competitor,target,1,4.656
17,61,numeric,0.03,0.05,no_decoy,competitor,0,2.47
17,62,perceptual,0.1,0.2,target,target,1,3.159
17,63,perceptual,0.03,0.05,target,decoy,0,4.636
17,64,numeric,0.1,0.2,competitor,target,1,4.601
17,65,perceptual,0.1,0.2,competitor,target,1,3.085
17,66,perceptual,0.1,0.05,competitor,decoy,0,3.512
17,67,numeric,0.1,0.05,no_decoy,target,1,6.038
17,68,numeric,0.03,0.05,competitor,competitor,0,4.372
17,69,perceptual,0.03,0.2,no_decoy,competitor,0,2.956
17,70,perceptual,0.03,0.05,competitor,target,1,4.986
17,71,numeric,0.1,0.05,no_decoy,target,1,5.161
17,72,perceptual,0.03,0.2,competitor,target,1,2.62
17,73,perceptual,0.1,0.05,no_decoy,competitor,0,2.54
17,74,numeric,0.1,0.2,no_decoy,target,1,3.153
17,75,numeric,0.1,0.2,no_decoy,target,1,6.551
17,76,numeric,0.1,0.2,competitor,competitor,0,3.389
17,77,perceptual,0.1,0.05,target,decoy,0,3.168
17,78,perceptual,0.1,0.05,target,target,1,3.736
17,79,perceptual,0.1,0.05,no_decoy,target,1,2.438
17,80,perceptual,0.1,0.05,competitor,target,1,2.573
17,81,numeric,0.1,0.05,target,target,1,6.697
17,82,perceptual,0.1,0.2,target,target,1,3.547
17,83,perceptual,0.03,0.2,no_decoy,target,1,2.978
17,84,numeric,0.1,0.2,target,competitor,0,4.082
17,85,numeric,0.03,0.2,competitor,target,1,2.823
17,86,numeric,0.1,0.05,competitor,decoy,0,3.17
17,87,numeric,0.1,0.2,competitor,target,1,3.034
17,88,numeric,0.1,0.05,competitor,target,1,3.081
17,89,numeric,0.1,0.2,no_decoy,target,1,2.433
17,90,numeric,0.1,0.2,competitor,target,1,3.941
17,91,perceptual,0.1,0.2,target,target,1,3.462
17,92,perceptual,0.1,0.2,target,competitor,0,3.108
17,93,perceptual,0.1,0.2,no_decoy,target,1,3.504
17,94,numeric,0.03,0.2,target,competitor,0,4.287
17,95,numeric,0.03,0.2,target,competitor,0,4.643
17,96,perceptual,0.1,0.2,target,competitor,0,3.019
17,97,perceptual,0.1,0.2,no_decoy,competitor,0,2.302
17,98,perceptual,0.03,0.05,target,decoy,0,3.92
17,99,perceptual,0.1,0.05,competitor,target,1,3.75
17,100,perceptual,0.03,0.05,target,target,1,3.576
17,101,perceptual,0.03,0.2,competitor,target,1,3.933
17,102,numeric,0.03,0.05,no_decoy,target,1,4.617
17,103,numeric,0.1,0.05,competitor,decoy,0,5.235
17,104,perceptual,0.03,0.2,target,target,1,4.187
17,105,numeric,0.03,0.05,target,target,1,5.102
17,106,numeric,0.03,0.2,target,target,1,3.701
17,107,numeric,0.1,0.05,no_decoy,target,1,2.258
17,108,perceptual,0.03,0.2,target,target,1,2.992
17,109,perceptual,0.1,0.05,target,target,1,2.415
17,110,perceptual,0.1,0.05,no_decoy,target,1,2.251
17,111,numeric,0.03,0.2,target,competitor,0,2.982
17,112,numeric,0.1,0.05,target,target,1,3.296
17,113,perceptual,0.03,0.2,target,target,1,3.279
17,114,numeric,0.1,0.2,target,target,1,3.233
17,115,numeric,0.1,0.05,target,competitor,0,2.571
17,116,numeric,0.1,0.05,target,competitor,0,3.434
17,117,numeric,0.1,0.05,target,competitor,0,3.7
17,118,perceptual,0.1,0.05,competitor,target,1,3.902
17,119,numeric,0.1,0.05,target,target,1,3.18
17,120,perceptual,0.03,0.2,competitor,competitor,0,2.3
17,121,perceptual,0.1,0.2,no_decoy,competitor,0,3.134
17,122,perceptual,0.03,0.2,no_decoy,target,1,2.899
17,123,perceptual,0.03,0.2,competitor,competitor,0,3.109
17,124,numeric,0.03,0.05,target,competitor,0,5.636
17,125,perceptual,0.03,0.05,no_decoy,target,1,3.052
17,126,numeric,0.03,0.05,competitor,decoy,0,2.223
17,127,numeric,0.1,0.05,competitor,target,1,3.583
17,128,numeric,0.03,0.05,target,target,1,4.031
17,129,numeric,0.1,0.05,no_decoy,competitor,0,2.744
17,130,numeric,0.03,0.2,no_decoy,target,1,2.964
17,131,numeric,0.03,0.2,competitor,competitor,0,3.1
17,132,perceptual,0.1,0.2,no_decoy,target,1,3.045
17,133,numeric,0.03,0.05,no_decoy,competitor,0,2.755
17,134,numeric,0.1,0.2,target,decoy,0,5.703
17,135,numeric,0.03,0.2,competitor,competitor,0,3.82
17,136,perceptual,0.03,0.2,no_decoy,target,1,3.888
17,137,numeric,0.03,0.05,competitor,target,1,7.347
17,138,numeric,0.1,0.2,no_decoy,competitor,0,6.722
17,139,perceptual,0.03,0.2,target,target,1,4.691
17,140,numeric,0.03,0.2,target,competitor,0,3.635
17,141,perceptual,0.1,0.2,target,competitor,0,3.776
17,142,numeric,0.03,0.2,competitor,target,1,3.1
17,143,perceptual,0.1,0.05,competitor,target,1,2.73
17,144,numeric,0.1,0.05,competitor,target,1,2.803
17,145,perceptual,0.1,0.05,target,competitor,0,3.25
17,146,numeric,0.1,0.05,no_decoy,target,1,4.153
17,147,numeric,0.03,0.05,competitor,decoy,0,4.671
17,148,perceptual,0.03,0.05,target,target,1,3.616
17,149,numeric,0.03,0.2,target,competitor,0,3.835
17,150,numeric,0.1,0.05,no_decoy,target,1,3.111
17,151,numeric,0.1,0.2,no_decoy,target,1,2.715
17,152,numeric,0.03,0.05,target,decoy,0,3.886
17,153,numeric,0.1,0.05,no_decoy,target,1,3.091
17,154,perceptual,0.03,0.05,no_decoy,competitor,0,3.058
17,155,perceptual,0.1,0.2,competitor,competitor,0,3.664
17,156,perceptual,0.1,0.2,competitor,target,1,2.834
17,157,numeric,0.1,0.05,no_decoy,target,1,3.264
17,158,numeric,0.1,0.2,target,competitor,0,3.424
17,159,perceptual,0.03,0.2,competitor,target,1,3.645
17,160,numeric,0.03,0.05,no_decoy,target,1,2.923
17,161,perceptual,0.1,0.05,no_decoy,target,1,8.42
17,162,perceptual,0.03,0.05,target,target,1,5.832
17,163,numeric,0.03,0.2,target,competitor,0,3.929
17,164,perceptual,0.1,0.05,no_decoy,target,1,2.421
17,165,numeric,0.03,0.2,no_decoy,competitor,0,2.71
17,166,perceptual,0.03,0.2,no_decoy,target,1,3.248
17,167,numeric,0.03,0.05,no_decoy,competitor,0,2.557
17,168,perceptual,0.1,0.2,no_decoy,competitor,0,2.15
17,169,perceptual,0.03,0.2,target,target,1,2.96
17,170,numeric,0.03,0.2,no_decoy,target,1,3.362
17,171,numeric,0.03,0.05,target,decoy,0,5.247
17,172,perceptual,0.03,0.2,competitor,target,1,3.009
17,173,perceptual,0.1,0.2,target,target,1,4.074
17,174,perceptual,0.1,0.05,competitor,competitor,0,3.099
17,175,numeric,0.03,0.2,no_decoy,target,1,3.108
17,176,numeric,0.1,0.05,target,target,1,3.017
17,177,numeric,0.03,0.05,no_decoy,competitor,0,2.81
17,178,numeric,0.03,0.05,no_decoy,competitor,0,4.994
17,179,perceptual,0.1,0.2,target,target,1,3.492
17,180,numeric,0.1,0.05,target,target,1,3.785
17,181,perceptual,0.03,0.2,no_decoy,competitor,0,3.801
17,182,perceptual,0.1,0.2,target,decoy,0,2.855
17,183,numeric,0.03,0.05,competitor,target,1,3.793
17,184,numeric,0.1,0.2,target,competitor,0,3.212
17,185,perceptual,0.1,0.2,competitor,competitor,0,3.483
17,186,perceptual,0.1,0.05,target,target,1,2.681
17,187,numeric,0.03,0.2,target,competitor,0,3.12
17,188,perceptual,0.1,0.05,target,target,1,2.563
17,189,perceptual,0.03,0.2,competitor,target,1,2.481
17,190,perceptual,0.1,0.05,target,target,1,3.103
17,191,numeric,0.1,0.2,no_decoy,target,1,2.895
17,192,numeric,0.03,0.2,competitor,competitor,0,2.012
17,193,numeric,0.1,0.2,competitor,competitor,0,4.837
17,194,numeric,0.1,0.2,competitor,target,1,4.384
17,195,numeric,0.1,0.2,no_decoy,competitor,0,2.223
17,196,perceptual,0.03,0.2,target,target,1,2.847
17,197,perceptual,0.03,0.05,no_decoy,target,1,2.195
17,198,numeric,0.03,0.05,competitor,decoy,0,2.799
17,199,perceptual,0.03,0.2,competitor,target,1,3.64
17,200,perceptual,0.03,0.2,no_decoy,target,1,2.395
17,201,numeric,0.1,0.05,no_decoy,competitor,0,3.377
17,202,numeric,0.1,0.05,target,decoy,0,3.961
17,203,numeric,0.03,0.2,target,competitor,0,3.342
17,204,numeric,0.03,0.05,no_decoy,competitor,0,3.422
17,205,perceptual,0.1,0.05,no_decoy,competitor,0,2.785
17,206,perceptual,0.03,0.2,target,competitor,0,2.767
17,207,numeric,0.03,0.2,target,target,1,2.523
17,208,numeric,0.1,0.05,competitor,target,1,4.253
17,209,perceptual,0.03,0.05,target,competitor,0,3.933
17,210,numeric,0.03,0.2,competitor,competitor,0,5.795
17,211,perceptual,0.1,0.2,competitor,target,1,2.816
17,212,perceptual,0.03,0.05,competitor,competitor,0,3.81
17,213,perceptual,0.03,0.2,target,competitor,0,5.501
17,214,numeric,0.03,0.05,target,competitor,0,3.619
17,215,perceptual,0.03,0.05,no_decoy,target,1,4.573
17,216,perceptual,0.03,0.05,competitor,target,1,3.458
17,217,numeric,0.03,0.2,no_decoy,target,1,5.715
17,218,perceptual,0.1,0.2,competitor,competitor,0,4.338
17,219,numeric,0.1,0.2,target,target,1,4.603
17,220,perceptual,0.1,0.05,competitor,target,1,3.683
17,221,perceptual,0.03,0.05,no_decoy,target,1,3.052
17,222,numeric,0.1,0.05,target,target,1,3.075
17,223,numeric,0.1,0.05,target,decoy,0,3.099
17,224,perceptual,0.1,0.05,target,target,1,2.925
17,225,perceptual,0.03,0.2,target,competitor,0,2.412
17,226,numeric,0.03,0.2,no_decoy,competitor,0,2.322
17,227,perceptual,0.1,0.2,competitor,target,1,3.015
17,228,perceptual,0.03,0.2,competitor,decoy,0,2.6
17,229,perceptual,0.1,0.05,target,target,1,2.906
17,230,perceptual,0.03,0.2,competitor,competitor,0,3.92
17,231,numeric,0.1,0.2,target,target,1,3.883
17,232,numeric,0.1,0.2,no_decoy,target,1,3.283
17,233,numeric,0.03,0.2,target,target,1,4.145
17,234,perceptual,0.03,0.05,target,decoy,0,3.27
17,235,numeric,0.1,0.2,competitor,target,1,2.95
17,236,numeric,0.03,0.2,competitor,competitor,0,3.174
17,237,perceptual,0.1,0.2,no_decoy,target,1,2.701
17,238,perceptual,0.03,0.05,target,competitor,0,2.613
17,239,numeric,0.1,0.2,target,target,1,3.002
17,240,perceptual,0.03,0.05,competitor,competitor,0,4.031
17,241,numeric,0.03,0.05,target,target,1,2.472
17,242,perceptual,0.1,0.2,no_decoy,target,1,2.414
17,243,perceptual,0.1,0.2,target,decoy,0,3.896
17,244,numeric,0.1,0.2,no_decoy,competitor,0,3.134
17,245,perceptual,0.03,0.05,competitor,decoy,0,2.93
17,246,perceptual,0.1,0.05,competitor,target,1,2.849
17,247,perceptual,0.1,0.2,target,target,1,2.463
17,248,perceptual,0.03,0.2,target,competitor,0,3.235
17,249,numeric,0.1,0.05,competitor,competitor,0,5.093
17,250,numeric,0.1,0.2,target,target,1,3.235
17,251,perceptual,0.1,0.05,competitor,target,1,3.463
17,252,perceptual,0.03,0.05,target,decoy,0,3.343
17,253,numeric,0.03,0.05,competitor,competitor,0,3.285
17,254,numeric,0.1,0.2,no_decoy,competitor,0,5.232
17,255,numeric,0.03,0.05,competitor,decoy,0,4.256
17,256,perceptual,0.1,0.05,no_decoy,target,1,4.536
17,257,perceptual,0.1,0.2,no_decoy,target,1,2.789
17,258,perceptual,0.03,0.05,no_decoy,competitor,0,3.865
17,259,numeric,0.03,0.2,no_decoy,target,1,4.885
17,260,numeric,0.03,0.2,no_decoy,competitor,0,3.798
17,261,perceptual,0.03,0.2,no_decoy,competitor,0,3.778
17,262,perceptual,0.1,0.2,no_decoy,target,1,3.016
17,263,perceptual,0.1,0.2,no_decoy,target,1,3.243
17,264,perceptual,0.03,0.05,no_decoy,target,1,3.098
17,265,perceptual,0.1,0.05,no_decoy,competitor,0,3.32
17,266,perceptual,0.1,0.05,no_decoy,target,1,2.919
17,267,numeric,0.1,0.2,target,competitor,0,4.067
17,268,numeric,0.1,0.2,target,target,1,3.609
17,269,perceptual,0.03,0.2,no_decoy,target,1,3.602
17,270,perceptual,0.03,0.05,competitor,target,1,4.126
17,271,perceptual,0.03,0.05,competitor,target,1,3.378
17,272,numeric,0.1,0.05,competitor,competitor,0,3.422
17,273,perceptual,0.03,0.2,target,competitor,0,2.561
17,274,numeric,0.03,0.05,competitor,target,1,2.796
17,275,perceptual,0.1,0.2,no_decoy,target,1,2.571
17,276,perceptual,0.1,0.05,target,decoy,0,2.389
17,277,numeric,0.1,0.2,competitor,competitor,0,3.535
17,278,perceptual,0.03,0.05,target,target,1,2.566
17,279,numeric,0.1,0.05,competitor,competitor,0,2.806
17,280,perceptual,0.03,0.2,competitor,competitor,0,2.955
17,281,numeric,0.03,0.05,no_decoy,target,1,2.892
17,282,numeric,0.1,0.2,competitor,target,1,2.857
17,283,perceptual,0.1,0.05,target,target,1,3.006
17,284,perceptual,0.1,0.05,competitor,competitor,0,3.325
17,285,perceptual,0.1,0.2,competitor,target,1,2.383
17,286,perceptual,0.03,0.05,no_decoy,target,1,1.919
17,287,perceptual,0.1,0.2,competitor,target,1,2.609
17,288,perceptual,0.1,0.2,no_decoy,competitor,0,3.548
18,1,perceptual,0.03,0.05,competitor,target,1,9.665
18,2,perceptual,0.1,0.05,no_decoy,target,1,6.128
18,3,numeric,0.1,0.05,no_decoy,target,1,9.789
18,4,perceptual,0.1,0.2,competitor,target,1,9.684
18,5,numeric,0.03,0.05,no_decoy,target,1,8.013
18,6,perceptual,0.03,0.2,no_decoy,target,1,7.589
18,7,numeric,0.03,0.2,competitor,target,1,8.924
18,8,perceptual,0.03,0.2,no_decoy,target,1,7.268
18,9,numeric,0.03,0.05,competitor,target,1,9.367
18,10,perceptual,0.03,0.2,target,target,1,9.323
18,11,numeric,0.03,0.05,target,target,1,7.369
18,12,numeric,0.1,0.05,target,target,1,11.887
18,13,perceptual,0.1,0.2,target,target,1,8.313
18,14,perceptual,0.1,0.05,no_decoy,target,1,5.005
18,15,perceptual,0.1,0.2,competitor,target,1,9.212
18,16,numeric,0.03,0.05,competitor,target,1,8.593
18,17,numeric,0.03,0.05,no_decoy,target,1,3.864
18,18,perceptual,0.1,0.05,competitor,competitor,0,5.696
18,19,numeric,0.1,0.2,competitor,competitor,0,6.945
18,20,perceptual,0.1,0.05,target,target,1,6.878
18,21,perceptual,0.03,0.2,target,target,1,5.031
18,22,perceptual,0.03,0.2,no_decoy,target,1,6.129
18,23,perceptual,0.1,0.2,target,target,1,7.237
18,24,numeric,0.1,0.2,no_decoy,competitor,0,5.423
18,25,numeric,0.1,0.05,no_decoy,target,1,9.342
18,26,perceptual,0.03,0.2,target,target,1,10.236
18,27,numeric,0.03,0.2,competitor,target,1,14.192
18,28,perceptual,0.03,0.05,no_decoy,target,1,5.864
18,29,numeric,0.03,0.2,target,competitor,0,11.329
18,30,numeric,0.1,0.05,competitor,target,1,11.189
18,31,numeric,0.03,0.05,no_decoy,competitor,0,6.686
18,32,perceptual,0.03,0.2,no_decoy,target,1,6.012
18,33,perceptual,0.03,0.2,no_decoy,target,1,6.338
18,34,perceptual,0.1,0.05,target,target,1,5.847
18,35,numeric,0.1,0.05,no_decoy,target,1,7.326
18,36,perceptual,0.03,0.05,target,target,1,7.509
18,37,perceptual,0.1,0.2,competitor,target,1,6.002
18,38,perceptual,0.03,0.05,no_decoy,competitor,0,5.386
18,39,perceptual,0.1,0.05,target,decoy,0,5.182
18,40,perceptual,0.03,0.2,target,target,1,6.933
18,41,perceptual,0.03,0.05,target,target,1,8.879
18,42,perceptual,0.1,0.2,target,target,1,7.234
18,43,perceptual,0.1,0.2,competitor,target,1,6.43
18,44,perceptual,0.1,0.2,competitor,target,1,5.038
18,45,numeric,0.1,0.2,target,target,1,10.615
18,46,perceptual,0.1,0.05,competitor,competitor,0,9.71
18,47,numeric,0.1,0.2,target,target,1,8.966
18,48,numeric,0.1,0.05,competitor,target,1,8.052
18,49,perceptual,0.03,0.05,competitor,target,1,4.947
18,50,perceptual,0.1,0.05,no_decoy,target,1,5.098
18,51,perceptual,0.1,0.05,no_decoy,target,1,5.161
18,52,perceptual,0.03,0.2,competitor,competitor,0,7.829
18,53,perceptual,0.1,0.05,competitor,target,1,9.368
18,54,perceptual,0.03,0.2,competitor,target,1,7.217
18,55,perceptual,0.03,0.05,target,target,1,8.811
18,56,perceptual,0.03,0.05,target,competitor,0,17.235
18,57,numeric,0.03,0.05,competitor,decoy,0,9.196
18,58,perceptual,0.1,0.2,competitor,target,1,7.41
18,59,numeric,0.03,0.05,target,target,1,10.484
18,60,numeric,0.03,0.05,target,target,1,15.594
18,61,numeric,0.1,0.05,competitor,competitor,0,18.1
18,62,perceptual,0.03,0.05,target,target,1,10.126
18,63,numeric,0.1,0.05,competitor,target,1,7.911
18,64,perceptual,0.03,0.2,target,target,1,11.299
18,65,perceptual,0.1,0.2,no_decoy,target,1,3.522
18,66,numeric,0.1,0.05,target,target,1,11.319
18,67,numeric,0.03,0.2,competitor,target,1,7.919
18,68,perceptual,0.1,0.2,competitor,target,1,10.696
18,69,perceptual,0.03,0.2,competitor,target,1,6.251
18,70,perceptual,0.03,0.05,no_decoy,target,1,9.63
18,71,perceptual,0.1,0.2,target,target,1,10.482
18,72,numeric,0.1,0.2,competitor,target,1,13.03
18,73,numeric,0.03,0.05,target,target,1,15.037
18,74,numeric,0.1,0.2,competitor,target,1,9.768
18,75,numeric,0.1,0.2,target,target,1,9.113
18,76,perceptual,0.03,0.2,competitor,target,1,13.667
18,77,numeric,0.03,0.05,competitor,competitor,0,12.175
18,78,perceptual,0.03,0.05,competitor,decoy,0,13.201
18,79,numeric,0.1,0.05,target,target,1,10.073
18,80,numeric,0.1,0.05,no_decoy,target,1,5.704
18,81,perceptual,0.1,0.05,competitor,target,1,4.429
18,82,perceptual,0.03,0.2,no_decoy,target,1,5.77
18,83,numeric,0.03,0.2,no_decoy,target,1,9.452
18,84,perceptual,0.1,0.2,no_decoy,target,1,6.856
18,85,numeric,0.03,0.2,target,target,1,7.189
18,86,perceptual,0.03,0.05,target,target,1,10.212
18,87,perceptual,0.03,0.2,no_decoy,competitor,0,13.211
18,88,perceptual,0.03,0.05,target,competitor,0,7.013
18,89,numeric,0.03,0.05,competitor,competitor,0,8.581
18,90,numeric,0.03,0.2,competitor,competitor,0,12.354
18,91,numeric,0.03,0.2,competitor,competitor,0,6.186
18,92,numeric,0.1,0.05,no_decoy,target,1,10.751
18,93,perceptual,0.03,0.05,no_decoy,target,1,6.979
18,94,numeric,0.03,0.05,no_decoy,target,1,8.328
18,95,numeric,0.03,0.2,no_decoy,competitor,0,5.228
18,96,perceptual,0.1,0.2,target,target,1,4.862
18,97,numeric,0.03,0.2,target,target,1,6.619
18,98,numeric,0.1,0.05,no_decoy,target,1,9.068
18,99,perceptual,0.03,0.2,competitor,target,1,14.062
18,100,perceptual,0.1,0.05,no_decoy,target,1,4.912
18,101,numeric,0.03,0.2,no_decoy,competitor,0,5.049
18,102,numeric,0.03,0.05,target,target,1,15.063
18,103,perceptual,0.03,0.05,target,target,1,8.414
18,104,numeric,0.1,0.05,target,target,1,9.557
18,105,perceptual,0.1,0.2,target,target,1,7.163
18,106,numeric,0.03,0.05,target,target,1,8.262
18,107,perceptual,0.03,0.05,no_decoy,competitor,0,6.125
18,108,numeric,0.03,0.2,no_decoy,target,1,5.049
18,109,perceptual,0.03,0.2,competitor,competitor,0,6.364
18,110,perceptual,0.1,0.2,competitor,target,1,10.444
18,111,perceptual,0.1,0.2,target,competitor,0,8.361
18,112,numeric,0.1,0.05,competitor,target,1,10.779
18,113,numeric,0.03,0.2,no_decoy,target,1,9.114
18,114,numeric,0.1,0.2,competitor,target,1,13.082
18,115,perceptual,0.1,0.2,no_decoy,target,1,8.835
18,116,perceptual,0.1,0.05,competitor,competitor,0,9.074
18,117,perceptual,0.1,0.2,no_decoy,target,1,9.087
18,118,perceptual,0.03,0.05,competitor,competitor,0,12.802
18,119,numeric,0.1,0.2,no_decoy,competitor,0,11.35
18,120,perceptual,0.1,0.2,no_decoy,target,1,5.295
18,121,perceptual,0.03,0.2,target,target,1,8.567
18,122,numeric,0.03,0.05,no_decoy,target,1,12.212
18,123,perceptual,0.1,0.05,competitor,target,1,9.063
18,124,perceptual,0.03,0.2,target,target,1,7.576
18,125,numeric,0.03,0.05,competitor,competitor,0,12.058
18,126,perceptual,0.03,0.05,target,target,1,12.006
18,127,numeric,0.03,0.05,no_decoy,competitor,0,10.818
18,128,numeric,0.03,0.2,no_decoy,competitor,0,10.612
18,129,numeric,0.1,0.2,competitor,target,1,5.334
18,130,numeric,0.03,0.05,target,target,1,5.662
18,131,numeric,0.03,0.2,competitor,competitor,0,6.408
18,132,perceptual,0.03,0.05,target,competitor,0,11.422
18,133,perceptual,0.03,0.05,competitor,competitor,0,10.587
18,134,perceptual,0.03,0.2,competitor,target,1,8.613
18,135,numeric,0.1,0.2,no_decoy,target,1,13.089
18,136,perceptual,0.1,0.05,no_decoy,target,1,6.279
18,137,numeric,0.1,0.2,target,target,1,12.696
18,138,numeric,0.03,0.2,target,target,1,8.966
18,139,perceptual,0.1,0.05,no_decoy,target,1,9.935
18,140,perceptual,0.03,0.2,target,target,1,6.471
18,141,perceptual,0.03,0.05,no_decoy,target,1,6.931
18,142,numeric,0.03,0.05,competitor,target,1,19.306
18,143,numeric,0.1,0.05,competitor,target,1,13.291
18,144,perceptual,0.03,0.05,no_decoy,target,1,11.203
18,145,numeric,0.03,0.05,competitor,competitor,0,12.319
18,146,perceptual,0.03,0.05,competitor,competitor,0,9.519
18,147,numeric,0.1,0.2,no_decoy,target,1,5.318
18,148,perceptual,0.03,0.2,competitor,target,1,8.767
18,149,numeric,0.1,0.2,competitor,target,1,13.981
18,150,numeric,0.03,0.2,target,competitor,0,12.228
18,151,numeric,0.1,0.05,no_decoy,target,1,10.019
18,152,numeric,0.03,0.2,competitor,competitor,0,8.535
18,153,perceptual,0.1,0.2,competitor,decoy,0,8.998
18,154,numeric,0.1,0.05,no_decoy,target,1,9.016
18,156,numeric,0.1,0.05,no_decoy,competitor,0,0.393
18,157,numeric,0.03,0.05,competitor,target,1,10.612
18,158,numeric,0.1,0.05,target,target,1,5.516
18,159,perceptual,0.03,0.2,competitor,target,1,9.92
18,160,perceptual,0.03,0.05,no_decoy,competitor,0,4.868
18,161,perceptual,0.03,0.05,target,target,1,7.168
18,162,perceptual,0.03,0.05,competitor,competitor,0,11.038
18,163,numeric,0.1,0.2,target,target,1,13.197
18,164,perceptual,0.03,0.05,target,competitor,0,12.431
18,165,numeric,0.03,0.05,no_decoy,target,1,13.954
18,166,numeric,0.1,0.2,no_decoy,target,1,6.689
18,167,perceptual,0.03,0.05,competitor,competitor,0,8.38
18,168,perceptual,0.1,0.2,no_decoy,target,1,8.73
18,169,numeric,0.03,0.2,competitor,competitor,0,8.969
18,170,numeric,0.1,0.2,competitor,competitor,0,8.291
18,171,perceptual,0.1,0.2,no_decoy,target,1,7.841
18,172,numeric,0.03,0.05,no_decoy,competitor,0,9.713
18,173,numeric,0.1,0.05,competitor,competitor,0,8.97
18,174,numeric,0.1,0.2,no_decoy,target,1,10.345
18,175,perceptual,0.03,0.2,no_decoy,target,1,3.994
18,176,perceptual,0.1,0.2,competitor,target,1,5.229
18,177,numeric,0.03,0.05,target,target,1,7.199
18,178,perceptual,0.03,0.2,no_decoy,competitor,0,5.879
18,179,numeric,0.03,0.05,no_decoy,competitor,0,9.01
18,180,numeric,0.1,0.05,no_decoy,target,1,5.453
18,181,perceptual,0.03,0.05,competitor,competitor,0,11.534
18,182,numeric,0.1,0.2,no_decoy,target,1,7.856
18,183,numeric,0.03,0.05,competitor,competitor,0,10.347
18,184,perceptual,0.1,0.05,no_decoy,target,1,7.674
18,185,numeric,0.1,0.05,target,target,1,10.009
18,186,numeric,0.1,0.2,no_decoy,target,1,12.531
18,187,perceptual,0.1,0.05,target,decoy,0,7.233
18,188,perceptual,0.1,0.2,target,target,1,8.556
18,189,perceptual,0.03,0.2,target,competitor,0,7.572
18,190,perceptual,0.1,0.2,target,target,1,4.952
18,191,perceptual,0.1,0.2,no_decoy,target,1,4.853
18,192,perceptual,0.03,0.05,no_decoy,target,1,8.889
18,193,numeric,0.03,0.05,competitor,target,1,15.37
18,194,numeric,0.1,0.05,competitor,competitor,0,7.917
18,195,numeric,0.03,0.05,target,target,1,9.446
18,196,perceptual,0.1,0.2,target,target,1,7.974
18,197,numeric,0.03,0.05,no_decoy,target,1,6.756
18,198,numeric,0.1,0.2,competitor,competitor,0,9.296
18,199,perceptual,0.1,0.2,no_decoy,target,1,4.944
18,200,numeric,0.03,0.2,target,target,1,10.437
18,201,numeric,0.1,0.2,target,target,1,8.938
18,202,numeric,0.03,0.05,target,target,1,7.768
18,203,numeric,0.1,0.05,target,target,1,6.564
18,204,perceptual,0.1,0.05,target,competitor,0,8.811
18,205,numeric,0.1,0.2,target,target,1,12.229
18,206,perceptual,0.03,0.2,target,competitor,0,9.396
18,207,numeric,0.1,0.05,target,target,1,7.664
18,208,numeric,0.1,0.2,target,target,1,15.902
18,209,numeric,0.1,0.2,target,target,1,12.83
18,210,numeric,0.1,0.05,no_decoy,competitor,0,5.888
18,211,numeric,0.03,0.2,target,target,1,6.729
18,212,numeric,0.1,0.2,target,target,1,8.402
18,213,numeric,0.03,0.2,target,target,1,9.248
18,214,perceptual,0.1,0.2,competitor,target,1,13.026
18,215,perceptual,0.1,0.2,competitor,target,1,5.161
18,216,perceptual,0.1,0.05,target,decoy,0,7.329
18,217,numeric,0.03,0.2,no_decoy,target,1,7.062
18,218,numeric,0.03,0.05,no_decoy,competitor,0,15.143
18,219,perceptual,0.1,0.05,no_decoy,target,1,4.983
18,220,numeric,0.1,0.2,competitor,target,1,10.321
18,221,numeric,0.03,0.2,competitor,target,1,7.679
18,222,numeric,0.03,0.2,no_decoy,target,1,10.322
18,223,numeric,0.1,0.05,competitor,target,1,14.574
18,224,perceptual,0.1,0.2,no_decoy,target,1,5.306
18,225,numeric,0.1,0.05,no_decoy,target,1,4.379
18,226,numeric,0.03,0.2,competitor,competitor,0,7.294
18,227,perceptual,0.03,0.2,no_decoy,competitor,0,4.503
18,228,perceptual,0.03,0.05,no_decoy,target,1,7.449
18,229,perceptual,0.1,0.05,competitor,target,1,7.123
18,230,perceptual,0.03,0.2,no_decoy,target,1,5.174
18,231,perceptual,0.1,0.05,competitor,competitor,0,5.096
18,232,numeric,0.03,0.05,target,target,1,7.343
18,233,perceptual,0.1,0.05,target,target,1,8.96
18,234,numeric,0.1,0.05,target,target,1,5.079
18,235,perceptual,0.1,0.05,competitor,target,1,6.845
18,236,perceptual,0.03,0.05,no_decoy,target,1,9.913
18,237,perceptual,0.03,0.2,competitor,competitor,0,5.498
18,238,perceptual,0.1,0.05,competitor,target,1,5.248
18,239,numeric,0.03,0.2,target,target,1,3.92
18,240,numeric,0.03,0.05,competitor,competitor,0,10.849
18,241,numeric,0.1,0.2,no_decoy,target,1,8.865
18,242,numeric,0.1,0.2,target,target,1,10.42
18,243,numeric,0.03,0.2,target,target,1,10.462
18,244,numeric,0.1,0.05,target,target,1,7.004
18,245,numeric,0.03,0.05,target,target,1,6.183
18,246,perceptual,0.03,0.2,competitor,competitor,0,7.255
18,247,numeric,0.03,0.2,target,target,1,8.517
18,248,numeric,0.1,0.2,no_decoy,target,1,8.646
18,249,numeric,0.03,0.2,competitor,target,1,11.849
18,250,numeric,0.1,0.2,no_decoy,target,1,5.182
18,251,numeric,0.03,0.2,no_decoy,target,1,8.162
18,252,perceptual,0.1,0.05,target,target,1,6.447
18,253,numeric,0.03,0.05,no_decoy,target,1,8.285
18,254,perceptual,0.1,0.05,target,target,1,5.82
18,255,numeric,0.03,0.2,target,target,1,7.53
18,256,numeric,0.03,0.2,no_decoy,target,1,7.08
18,257,numeric,0.03,0.2,no_decoy,competitor,0,6.87
18,258,numeric,0.1,0.05,target,target,1,16.942
18,259,perceptual,0.1,0.05,no_decoy,target,1,5.133
18,260,perceptual,0.03,0.05,competitor,competitor,0,7.342
18,261,numeric,0.1,0.05,competitor,competitor,0,11.933
18,262,numeric,0.1,0.2,target,target,1,12.958
18,263,numeric,0.1,0.2,no_decoy,target,1,8.179
18,264,numeric,0.1,0.2,competitor,target,1,6.493
18,265,perceptual,0.1,0.2,target,target,1,4.337
18,266,perceptual,0.1,0.2,no_decoy,target,1,9.735
18,267,perceptual,0.1,0.05,competitor,decoy,0,7.383
18,268,numeric,0.1,0.05,target,target,1,8.395
18,269,perceptual,0.1,0.2,no_decoy,target,1,4.238
18,270,perceptual,0.1,0.05,target,target,1,4.996
18,271,perceptual,0.03,0.2,competitor,target,1,8.676
18,272,perceptual,0.1,0.05,no_decoy,target,1,5.727
18,273,perceptual,0.1,0.2,target,target,1,7.264
18,274,perceptual,0.1,0.05,competitor,decoy,0,8.008
18,275,numeric,0.1,0.2,competitor,competitor,0,12.518
18,276,perceptual,0.03,0.05,competitor,decoy,0,9.441
18,277,perceptual,0.03,0.05,no_decoy,target,1,9.021
18,278,numeric,0.03,0.2,no_decoy,competitor,0,9.62
18,279,perceptual,0.03,0.05,competitor,target,1,8.114
18,280,numeric,0.1,0.05,competitor,target,1,5.42
18,281,perceptual,0.1,0.05,no_decoy,target,1,3.785
18,282,perceptual,0.03,0.2,target,target,1,7.972
18,283,perceptual,0.1,0.05,target,target,1,6.559
18,284,perceptual,0.1,0.05,target,decoy,0,9.97
18,285,numeric,0.1,0.2,competitor,target,1,11.063
18,286,perceptual,0.03,0.2,no_decoy,target,1,7.668
18,287,perceptual,0.03,0.2,target,target,1,7.045
18,288,numeric,0.1,0.05,competitor,target,1,9.763
19,1,perceptual,0.03,0.2,competitor,target,1,9.387
19,2,perceptual,0.03,0.05,competitor,competitor,0,15.01
19,3,numeric,0.03,0.2,target,target,1,18.567
19,4,numeric,0.1,0.05,no_decoy,target,1,9.567
19,5,numeric,0.03,0.2,target,target,1,11.636
19,6,numeric,0.1,0.05,target,target,1,10.924
19,7,perceptual,0.1,0.05,competitor,target,1,11.989
19,8,numeric,0.03,0.2,competitor,competitor,0,16.247
19,9,numeric,0.03,0.05,target,target,1,9.623
19,10,perceptual,0.03,0.2,no_decoy,target,1,6.971
19,11,numeric,0.03,0.2,competitor,target,1,8.448
19,12,numeric,0.1,0.05,target,target,1,12.774
19,13,numeric,0.1,0.05,competitor,competitor,0,10.708
19,14,numeric,0.03,0.2,target,target,1,17.213
19,15,numeric,0.1,0.2,competitor,target,1,14.23
19,16,numeric,0.1,0.2,no_decoy,target,1,10.582
19,17,numeric,0.1,0.05,competitor,competitor,0,4.522
19,18,numeric,0.03,0.05,no_decoy,target,1,9.169
19,19,numeric,0.03,0.05,competitor,competitor,0,10.265
19,20,perceptual,0.03,0.05,no_decoy,competitor,0,4.752
19,21,numeric,0.03,0.05,no_decoy,target,1,9.482
19,22,numeric,0.03,0.2,target,target,1,11.236
19,23,numeric,0.1,0.2,target,target,1,14.032
19,24,perceptual,0.1,0.2,target,competitor,0,8.079
19,25,perceptual,0.1,0.2,competitor,target,1,9.632
19,26,perceptual,0.03,0.2,competitor,competitor,0,8.668
19,27,perceptual,0.03,0.2,target,target,1,8.917
19,28,numeric,0.1,0.05,competitor,target,1,10.074
19,29,numeric,0.1,0.05,target,target,1,15.864
19,30,perceptual,0.1,0.2,no_decoy,target,1,5.006
19,31,numeric,0.03,0.2,target,competitor,0,8.935
19,32,perceptual,0.03,0.2,no_decoy,target,1,6.366
19,33,numeric,0.1,0.05,no_decoy,target,1,6.644
19,34,perceptual,0.1,0.05,competitor,target,1,6.78
19,35,numeric,0.1,0.05,competitor,competitor,0,9.243
19,36,numeric,0.03,0.05,competitor,target,1,8.241
19,37,numeric,0.1,0.05,competitor,target,1,8.531
19,38,numeric,0.03,0.05,competitor,target,1,9.319
19,39,perceptual,0.03,0.05,no_decoy,target,1,4.867
19,40,numeric,0.1,0.2,competitor,target,1,8.298
19,41,perceptual,0.1,0.05,target,target,1,8.135
19,42,perceptual,0.1,0.2,target,target,1,8.725
19,43,numeric,0.03,0.2,no_decoy,competitor,0,5.417
19,44,numeric,0.1,0.05,competitor,competitor,0,12.073
19,45,numeric,0.1,0.2,no_decoy,target,1,6.693
19,46,numeric,0.1,0.2,target,target,1,12.783
19,47,numeric,0.1,0.2,no_decoy,target,1,6.977
19,48,perceptual,0.1,0.05,target,target,1,5.813
19,49,numeric,0.1,0.2,competitor,competitor,0,9.493
19,50,perceptual,0.03,0.2,target,competitor,0,5.588
19,51,perceptual,0.1,0.05,target,competitor,0,4.667
19,52,perceptual,0.03,0.05,target,competitor,0,6.123
19,53,numeric,0.1,0.05,competitor,target,1,7.457
19,54,numeric,0.1,0.2,competitor,target,1,5.988
19,55,numeric,0.1,0.2,target,target,1,7.545
19,56,perceptual,0.1,0.2,competitor,decoy,0,11.167
19,57,perceptual,0.1,0.05,competitor,target,1,9.123
19,58,perceptual,0.1,0.05,no_decoy,target,1,5.381
19,59,perceptual,0.03,0.2,target,target,1,7.931
19,60,numeric,0.1,0.2,no_decoy,target,1,5.642
19,61,perceptual,0.03,0.05,no_decoy,target,1,5.222
19,62,numeric,0.1,0.05,target,target,1,7.967
19,63,numeric,0.03,0.05,target,target,1,7.115
19,64,numeric,0.1,0.2,competitor,competitor,0,12.706
19,65,perceptual,0.03,0.2,competitor,competitor,0,5.671
19,66,numeric,0.03,0.2,target,decoy,0,5.375
19,67,numeric,0.1,0.05,no_decoy,target,1,4.311
19,68,numeric,0.1,0.2,target,target,1,8.175
19,69,numeric,0.03,0.05,target,target,1,8.583
19,70,perceptual,0.1,0.05,target,target,1,6.994
19,71,perceptual,0.03,0.2,competitor,competitor,0,5.684
19,72,perceptual,0.1,0.2,competitor,target,1,5.723
19,73,perceptual,0.1,0.2,competitor,competitor,0,4.547
19,74,perceptual,0.03,0.05,no_decoy,target,1,5.524
19,75,perceptual,0.03,0.05,target,competitor,0,5.999
19,76,numeric,0.03,0.2,target,competitor,0,8.352
19,77,perceptual,0.03,0.05,target,competitor,0,7.876
19,78,numeric,0.1,0.05,no_decoy,competitor,0,5.949
19,79,perceptual,0.1,0.2,competitor,target,1,7.486
19,80,perceptual,0.03,0.2,no_decoy,target,1,7.318
19,81,numeric,0.03,0.05,target,target,1,5.967
19,82,numeric,0.03,0.2,no_decoy,competitor,0,4.618
19,83,numeric,0.1,0.05,target,competitor,0,10.317
19,84,numeric,0.1,0.2,competitor,target,1,6.231
19,85,perceptual,0.1,0.2,no_decoy,target,1,5.57
19,86,numeric,0.1,0.05,no_decoy,target,1,5.51
19,87,numeric,0.03,0.05,competitor,competitor,0,5.685
19,88,perceptual,0.1,0.2,no_decoy,target,1,3.555
19,89,perceptual,0.03,0.2,competitor,target,1,5.915
19,90,perceptual,0.03,0.2,no_decoy,target,1,5.254
19,91,perceptual,0.03,0.2,target,target,1,8.233
19,92,perceptual,0.1,0.2,no_decoy,competitor,0,9.756
19,93,numeric,0.03,0.05,competitor,competitor,0,9.281
19,94,numeric,0.1,0.05,no_decoy,target,1,5.074
19,95,perceptual,0.03,0.05,competitor,target,1,6.645
19,96,perceptual,0.03,0.2,competitor,target,1,5.251
19,97,perceptual,0.03,0.2,target,target,1,5.95
19,98,perceptual,0.03,0.2,target,competitor,0,4.28
19,99,perceptual,0.03,0.2,no_decoy,competitor,0,4.29
19,100,numeric,0.1,0.2,no_decoy,target,1,4.842
19,101,perceptual,0.1,0.2,target,target,1,5.973
19,102,perceptual,0.1,0.2,no_decoy,target,1,2.639
19,103,perceptual,0.03,0.2,competitor,target,1,3.716
19,104,numeric,0.03,0.2,competitor,target,1,4.408
19,105,numeric,0.1,0.2,competitor,target,1,5.673
19,106,numeric,0.03,0.05,competitor,decoy,0,7.541
19,107,numeric,0.03,0.05,target,competitor,0,10.603
19,108,perceptual,0.03,0.05,no_decoy,target,1,2.756
19,109,perceptual,0.1,0.05,no_decoy,competitor,0,5.386
19,110,perceptual,0.1,0.2,competitor,target,1,4.287
19,111,perceptual,0.1,0.2,target,target,1,5.658
19,112,perceptual,0.1,0.05,target,target,1,5.318
19,113,perceptual,0.03,0.05,competitor,target,1,12.036
19,114,perceptual,0.03,0.05,no_decoy,target,1,2.997
19,115,perceptual,0.1,0.05,competitor,decoy,0,3.917
19,116,perceptual,0.1,0.05,no_decoy,competitor,0,5.302
19,117,numeric,0.03,0.2,competitor,target,1,10.337
19,118,perceptual,0.03,0.05,competitor,target,1,4.474
19,119,numeric,0.03,0.2,no_decoy,competitor,0,6.648
19,120,perceptual,0.1,0.05,no_decoy,target,1,4.965
19,121,perceptual,0.03,0.05,target,target,1,10.237
19,122,numeric,0.1,0.05,target,target,1,10.918
19,123,perceptual,0.03,0.05,competitor,competitor,0,4.498
19,124,perceptual,0.1,0.2,target,competitor,0,8.152
19,125,perceptual,0.1,0.05,no_decoy,target,1,4.097
19,126,perceptual,0.1,0.2,target,target,1,7.901
19,127,numeric,0.03,0.2,competitor,competitor,0,6.932
19,128,perceptual,0.03,0.2,no_decoy,competitor,0,5.817
19,129,perceptual,0.03,0.05,no_decoy,target,1,2.768
19,130,numeric,0.03,0.2,no_decoy,competitor,0,4.59
19,131,perceptual,0.03,0.05,no_decoy,target,1,7.32
19,132,numeric,0.1,0.05,target,decoy,0,6.663
19,133,perceptual,0.1,0.05,target,decoy,0,7.226
19,134,perceptual,0.1,0.2,target,target,1,3.879
19,135,perceptual,0.03,0.05,no_decoy,target,1,3.061
19,136,numeric,0.1,0.2,target,target,1,9.374
19,137,perceptual,0.1,0.2,no_decoy,target,1,5.012
19,138,numeric,0.1,0.05,target,target,1,13.9
19,139,numeric,0.03,0.2,no_decoy,competitor,0,5.974
19,140,numeric,0.1,0.2,no_decoy,target,1,4.876
19,141,perceptual,0.1,0.05,no_decoy,competitor,0,3.318
19,142,numeric,0.1,0.05,competitor,target,1,7.425
19,143,perceptual,0.03,0.2,no_decoy,competitor,0,3.861
19,144,perceptual,0.03,0.05,target,decoy,0,6.947
19,145,perceptual,0.1,0.2,no_decoy,target,1,2.462
19,146,perceptual,0.03,0.05,target,target,1,11.626
19,147,numeric,0.03,0.05,no_decoy,target,1,8.261
19,148,perceptual,0.03,0.2,competitor,target,1,4.221
19,149,numeric,0.1,0.05,target,target,1,6.574
19,150,perceptual,0.03,0.2,no_decoy,competitor,0,3.672
19,151,numeric,0.03,0.05,no_decoy,competitor,0,6.752
19,152,perceptual,0.03,0.05,competitor,decoy,0,7.241
19,153,perceptual,0.03,0.2,target,competitor,0,5.057
19,154,numeric,0.03,0.2,no_decoy,competitor,0,7.71
19,155,numeric,0.03,0.05,competitor,target,1,9.102
19,156,numeric,0.03,0.2,competitor,competitor,0,8.643
19,157,perceptual,0.1,0.05,competitor,target,1,7.122
19,158,perceptual,0.03,0.05,target,competitor,0,6.757
19,159,perceptual,0.1,0.05,target,target,1,10.266
19,160,numeric,0.03,0.2,competitor,target,1,4.824
19,161,numeric,0.03,0.05,target,target,1,10.862
19,162,numeric,0.03,0.2,no_decoy,target,1,3.364
19,163,numeric,0.1,0.2,target,target,1,10.128
19,164,numeric,0.03,0.05,no_decoy,target,1,5.226
19,165,numeric,0.03,0.2,competitor,competitor,0,13.321
19,166,perceptual,0.03,0.05,competitor,competitor,0,8.751
19,167,numeric,0.1,0.05,competitor,target,1,8.304
19,168,numeric,0.03,0.05,competitor,competitor,0,10.507
19,169,numeric,0.1,0.2,no_decoy,competitor,0,7.711
19,170,numeric,0.03,0.2,competitor,competitor,0,8.326
19,171,numeric,0.03,0.05,target,target,1,12.091
19,172,perceptual,0.03,0.2,competitor,competitor,0,9.077
19,173,perceptual,0.1,0.05,competitor,target,1,7.572
19,174,perceptual,0.1,0.2,competitor,target,1,5.375
19,175,numeric,0.03,0.05,no_decoy,target,1,5.815
19,176,numeric,0.03,0.05,target,decoy,0,7.205
19,177,perceptual,0.03,0.2,competitor,target,1,3.828
19,178,perceptual,0.1,0.05,no_decoy,target,1,2.877
19,179,perceptual,0.1,0.2,no_decoy,competitor,0,3.124
19,180,perceptual,0.03,0.05,target,target,1,5.226
19,181,perceptual,0.1,0.05,competitor,target,1,5.738
19,182,numeric,0.1,0.2,competitor,competitor,0,9.157
19,183,perceptual,0.1,0.2,target,target,1,6.104
19,184,numeric,0.03,0.05,no_decoy,competitor,0,5.848
19,185,numeric,0.03,0.05,target,competitor,0,7.03
19,186,perceptual,0.03,0.2,target,target,1,7.724
19,187,numeric,0.03,0.05,no_decoy,competitor,0,4.868
19,188,perceptual,0.1,0.2,competitor,target,1,6.053
19,189,perceptual,0.1,0.05,competitor,target,1,2.818
19,190,perceptual,0.03,0.2,competitor,target,1,8.05
19,191,perceptual,0.1,0.05,competitor,target,1,5.294
19,192,perceptual,0.1,0.05,target,target,1,4.201
19,193,perceptual,0.1,0.2,no_decoy,competitor,0,3.611
19,194,numeric,0.1,0.2,target,target,1,4.341
19,195,perceptual,0.03,0.2,target,competitor,0,5.531
19,196,numeric,0.1,0.2,target,target,1,6.975
19,197,perceptual,0.1,0.05,no_decoy,target,1,2.967
19,198,numeric,0.1,0.05,no_decoy,target,1,6.784
19,199,numeric,0.03,0.05,no_decoy,target,1,4.946
19,200,perceptual,0.03,0.2,target,target,1,3.286
19,201,numeric,0.03,0.2,target,target,1,7.092
19,202,perceptual,0.1,0.05,no_decoy,target,1,3.542
19,203,perceptual,0.1,0.05,competitor,competitor,0,10.639
19,204,numeric,0.1,0.05,no_decoy,competitor,0,7.134
19,205,numeric,0.1,0.05,no_decoy,target,1,5.601
19,206,perceptual,0.03,0.2,competitor,competitor,0,6.1
19,207,perceptual,0.03,0.05,target,target,1,5.085
19,208,numeric,0.03,0.05,no_decoy,target,1,5.811
19,209,perceptual,0.03,0.05,target,target,1,3.087
19,210,perceptual,0.1,0.05,competitor,target,1,5.619
19,211,perceptual,0.1,0.2,no_decoy,target,1,2.889
19,212,perceptual,0.03,0.2,no_decoy,competitor,0,2.684
19,213,perceptual,0.03,0.05,competitor,target,1,2.704
19,214,numeric,0.1,0.2,competitor,target,1,8.229
19,215,numeric,0.1,0.2,no_decoy,target,1,5.002
19,216,numeric,0.1,0.2,target,target,1,10.638
19,217,numeric,0.03,0.05,target,competitor,0,8.659
19,218,numeric,0.03,0.05,competitor,competitor,0,5.571
19,219,numeric,0.03,0.2,target,target,1,4.531
19,220,numeric,0.03,0.2,target,target,1,10.094
19,221,numeric,0.03,0.2,competitor,competitor,0,6.347
19,222,numeric,0.1,0.05,no_decoy,target,1,6.068
19,223,numeric,0.1,0.2,competitor,target,1,7.592
19,224,numeric,0.1,0.05,target,target,1,7.536
19,225,perceptual,0.03,0.05,competitor,target,1,3.129
19,226,perceptual,0.1,0.05,no_decoy,target,1,3.595
19,227,perceptual,0.1,0.2,target,competitor,0,4.304
19,228,perceptual,0.1,0.05,target,target,1,5.424
19,229,numeric,0.1,0.05,target,target,1,7.414
19,230,perceptual,0.1,0.2,competitor,target,1,3.714
19,231,numeric,0.1,0.2,no_decoy,target,1,4.768
19,232,numeric,0.1,0.2,no_decoy,target,1,8.907
19,233,numeric,0.03,0.05,target,competitor,0,7.682
19,234,perceptual,0.1,0.2,target,target,1,3.355
19,235,perceptual,0.1,0.2,competitor,target,1,5.404
19,236,numeric,0.1,0.05,competitor,competitor,0,5.702
19,237,numeric,0.03,0.2,no_decoy,target,1,7.21
19,238,numeric,0.03,0.2,competitor,target,1,10.206
19,239,numeric,0.1,0.05,no_decoy,target,1,5.245
19,240,perceptual,0.03,0.2,target,target,1,4.828
19,241,perceptual,0.1,0.05,target,target,1,3.586
19,242,perceptual,0.1,0.2,target,competitor,0,5.852
19,243,perceptual,0.03,0.2,no_decoy,competitor,0,3.375
19,244,perceptual,0.03,0.05,competitor,competitor,0,3.549
19,245,numeric,0.03,0.05,no_decoy,competitor,0,5.251
19,246,numeric,0.1,0.2,target,target,1,6.05
19,247,numeric,0.1,0.2,target,target,1,8.878
19,248,numeric,0.1,0.05,target,target,1,8.817
19,249,perceptual,0.1,0.05,no_decoy,target,1,4.339
19,250,perceptual,0.03,0.05,target,decoy,0,5.07
19,251,perceptual,0.1,0.2,no_decoy,target,1,3.856
19,252,numeric,0.03,0.2,no_decoy,target,1,7.018
19,253,numeric,0.03,0.05,no_decoy,target,1,11.192
19,254,numeric,0.03,0.05,competitor,decoy,0,5.933
19,255,perceptual,0.03,0.05,competitor,competitor,0,6.117
19,256,perceptual,0.1,0.2,no_decoy,target,1,2.675
19,257,numeric,0.1,0.2,no_decoy,competitor,0,5.186
19,258,numeric,0.03,0.05,target,target,1,7.848
19,259,numeric,0.1,0.05,competitor,competitor,0,8.31
19,260,perceptual,0.03,0.05,no_decoy,target,1,3.095
19,261,numeric,0.03,0.2,competitor,decoy,0,9.756
19,262,numeric,0.03,0.2,no_decoy,competitor,0,4.281
19,263,numeric,0.1,0.2,competitor,competitor,0,6.542
19,264,perceptual,0.03,0.2,no_decoy,target,1,4.337
19,265,numeric,0.1,0.2,competitor,target,1,7.215
19,266,numeric,0.03,0.05,competitor,competitor,0,7.188
19,267,numeric,0.03,0.2,no_decoy,competitor,0,8.041
19,268,perceptual,0.1,0.05,target,decoy,0,3.937
19,269,numeric,0.1,0.05,no_decoy,target,1,4.608
19,270,perceptual,0.1,0.05,target,target,1,3.459
19,271,perceptual,0.1,0.05,no_decoy,competitor,0,2.774
19,272,numeric,0.03,0.05,competitor,competitor,0,5.756
19,273,perceptual,0.03,0.05,no_decoy,competitor,0,3.156
19,274,perceptual,0.03,0.2,target,target,1,3.028
19,275,numeric,0.03,0.2,no_decoy,target,1,4.184
19,276,perceptual,0.03,0.05,target,competitor,0,4.816
19,277,numeric,0.1,0.05,competitor,competitor,0,8.236
19,278,perceptual,0.03,0.05,no_decoy,target,1,3.542
19,279,perceptual,0.1,0.2,competitor,target,1,6.121
19,280,numeric,0.03,0.2,target,competitor,0,8.451
19,281,perceptual,0.1,0.05,competitor,target,1,7.036
19,282,perceptual,0.03,0.05,competitor,target,1,5.407
19,283,numeric,0.1,0.2,no_decoy,target,1,4.933
19,284,numeric,0.1,0.2,target,target,1,6.435
19,285,perceptual,0.1,0.2,target,competitor,0,2.817
19,286,perceptual,0.03,0.2,no_decoy,competitor,0,6.392
19,287,perceptual,0.1,0.2,competitor,target,1,4.9
19,288,numeric,0.03,0.2,target,target,1,9.806
20,1,numeric,0.03,0.05,target,target,1,7.615
20,2,perceptual,0.03,0.2,no_decoy,competitor,0,4.252
20,3,perceptual,0.1,0.05,competitor,target,1,5.24
20,4,numeric,0.03,0.05,target,target,1,8.528
20,5,perceptual,0.03,0.2,no_decoy,target,1,5.694
20,6,perceptual,0.1,0.05,competitor,target,1,7.316
20,7,numeric,0.03,0.2,competitor,target,1,6.855
20,8,numeric,0.1,0.2,no_decoy,target,1,4.667
20,9,perceptual,0.03,0.2,no_decoy,target,1,5.251
20,10,perceptual,0.03,0.05,target,decoy,0,6.453
20,11,perceptual,0.03,0.05,competitor,competitor,0,5.787
20,12,numeric,0.03,0.2,competitor,target,1,6.685
20,13,numeric,0.03,0.2,target,target,1,7.689
20,14,numeric,0.03,0.05,no_decoy,target,1,9.27
20,15,numeric,0.03,0.2,target,competitor,0,9.052
20,16,numeric,0.03,0.05,competitor,target,1,10.088
20,17,perceptual,0.03,0.2,no_decoy,target,1,3.309
20,18,perceptual,0.03,0.05,target,decoy,0,6.487
20,19,perceptual,0.1,0.05,target,competitor,0,4.567
20,20,perceptual,0.03,0.05,no_decoy,target,1,8.4
20,21,perceptual,0.03,0.2,competitor,competitor,0,4.818
20,22,numeric,0.03,0.05,competitor,target,1,12.304
20,23,numeric,0.03,0.2,competitor,competitor,0,9.352
20,24,numeric,0.1,0.05,no_decoy,target,1,6.817
20,25,numeric,0.1,0.2,competitor,target,1,7.744
20,26,numeric,0.03,0.05,target,decoy,0,5.701
20,27,perceptual,0.03,0.2,no_decoy,target,1,2.537
20,28,numeric,0.1,0.05,competitor,competitor,0,8.849
20,29,numeric,0.1,0.05,competitor,target,1,8.818
20,30,perceptual,0.1,0.2,competitor,target,1,4.969
20,31,perceptual,0.03,0.05,target,decoy,0,5.374
20,32,perceptual,0.1,0.05,competitor,competitor,0,5.085
20,33,numeric,0.03,0.2,target,target,1,3.831
20,34,perceptual,0.03,0.2,target,target,1,6.141
20,35,numeric,0.03,0.2,competitor,competitor,0,10.131
20,36,perceptual,0.1,0.2,competitor,target,1,5.089
20,37,perceptual,0.03,0.05,competitor,competitor,0,6.436
20,38,numeric,0.03,0.05,competitor,decoy,0,0.885
20,39,numeric,0.1,0.2,target,target,1,9.756
20,40,numeric,0.03,0.05,no_decoy,target,1,4.719
20,41,numeric,0.1,0.05,target,target,1,6.351
20,42,perceptual,0.03,0.2,no_decoy,target,1,7.861
20,43,perceptual,0.1,0.05,no_decoy,competitor,0,3.936
20,44,numeric,0.03,0.2,no_decoy,target,1,4.843
20,45,numeric,0.03,0.2,competitor,competitor,0,7.289
20,46,numeric,0.03,0.05,competitor,target,1,8.078
20,47,perceptual,0.1,0.2,target,competitor,0,5.937
20,48,numeric,0.1,0.05,no_decoy,target,1,6.906
20,49,numeric,0.1,0.2,no_decoy,competitor,0,4.831
20,50,numeric,0.03,0.2,competitor,target,1,8.806
20,51,perceptual,0.1,0.2,competitor,target,1,5.318
20,52,numeric,0.03,0.05,target,competitor,0,10.589
20,53,perceptual,0.03,0.05,no_decoy,target,1,3.158
20,54,perceptual,0.03,0.2,competitor,competitor,0,3.849
20,55,numeric,0.03,0.05,no_decoy,target,1,8.182
20,56,numeric,0.03,0.05,competitor,target,1,8.833
20,57,numeric,0.1,0.2,competitor,target,1,6.964
20,58,perceptual,0.1,0.2,target,decoy,0,2.901
20,59,perceptual,0.1,0.05,no_decoy,target,1,3.184
20,60,perceptual,0.03,0.05,competitor,target,1,4.643
20,61,numeric,0.1,0.05,competitor,competitor,0,8.001
20,62,numeric,0.03,0.2,no_decoy,target,1,7.261
20,63,numeric,0.03,0.2,no_decoy,target,1,3.982
20,64,perceptual,0.1,0.05,target,target,1,3.85
20,65,perceptual,0.1,0.05,no_decoy,target,1,2.428
20,66,numeric,0.1,0.05,competitor,target,1,7.676
20,67,numeric,0.1,0.2,competitor,competitor,0,11.328
20,68,numeric,0.03,0.05,no_decoy,competitor,0,4.286
20,69,perceptual,0.1,0.05,competitor,competitor,0,5.236
20,70,numeric,0.1,0.05,target,target,1,6.308
20,71,numeric,0.1,0.05,target,target,1,6.538
20,72,numeric,0.1,0.2,target,competitor,0,7.915
20,73,perceptual,0.1,0.05,target,target,1,6.538
20,74,perceptual,0.1,0.2,competitor,target,1,6.215
20,75,numeric,0.1,0.2,target,target,1,9.405
20,76,perceptual,0.03,0.05,no_decoy,competitor,0,2.719
20,77,numeric,0.1,0.05,target,target,1,6.506
20,78,perceptual,0.03,0.2,competitor,competitor,0,3.851
20,79,numeric,0.03,0.2,target,target,1,6.073
20,80,perceptual,0.03,0.05,target,competitor,0,4.369
20,81,perceptual,0.1,0.2,no_decoy,competitor,0,3.362
20,82,perceptual,0.1,0.05,target,decoy,0,3.008
20,83,perceptual,0.03,0.2,target,competitor,0,3.788
20,84,numeric,0.03,0.2,target,competitor,0,7.409
20,85,numeric,0.03,0.05,target,target,1,9.9
20,86,perceptual,0.03,0.2,competitor,target,1,7.957
20,87,numeric,0.1,0.2,target,target,1,6.469
20,88,numeric,0.1,0.05,no_decoy,target,1,9.057
20,89,perceptual,0.1,0.2,no_decoy,target,1,5.093
20,90,numeric,0.1,0.2,target,decoy,0,5.952
20,91,numeric,0.03,0.05,no_decoy,competitor,0,5.459
20,92,perceptual,0.1,0.2,target,target,1,5.489
20,93,perceptual,0.03,0.05,no_decoy,target,1,3.402
20,94,perceptual,0.03,0.2,target,target,1,4.818
20,95,perceptual,0.1,0.2,target,competitor,0,7.184
20,96,perceptual,0.03,0.05,target,target,1,6.702
20,97,numeric,0.03,0.2,target,target,1,15.375
20,98,perceptual,0.1,0.2,competitor,target,1,3.031
20,99,perceptual,0.03,0.05,no_decoy,competitor,0,3.856
20,100,numeric,0.1,0.2,target,target,1,11.155
20,101,perceptual,0.1,0.2,target,target,1,6.01
20,102,perceptual,0.1,0.2,no_decoy,target,1,3.486
20,103,numeric,0.03,0.05,competitor,competitor,0,7.188
20,104,numeric,0.1,0.2,competitor,target,1,4.422
20,105,perceptual,0.03,0.2,target,target,1,3.484
20,106,numeric,0.1,0.05,no_decoy,target,1,6.594
20,107,perceptual,0.1,0.2,no_decoy,target,1,3.276
20,108,perceptual,0.1,0.2,no_decoy,competitor,0,3.55
20,109,perceptual,0.1,0.05,no_decoy,target,1,3.807
20,110,numeric,0.03,0.05,target,target,1,7.934
20,111,perceptual,0.1,0.2,no_decoy,target,1,3.201
20,112,perceptual,0.1,0.05,target,target,1,5.323
20,113,perceptual,0.03,0.2,target,competitor,0,4.769
20,114,numeric,0.1,0.2,no_decoy,target,1,5.555
20,115,numeric,0.1,0.05,no_decoy,target,1,4.343
20,116,perceptual,0.1,0.05,competitor,target,1,4.243
20,117,perceptual,0.1,0.05,no_decoy,target,1,3.601
20,118,perceptual,0.03,0.2,competitor,competitor,0,5.319
20,119,numeric,0.03,0.05,no_decoy,competitor,0,4.986
20,120,numeric,0.03,0.2,no_decoy,target,1,5.49
20,121,perceptual,0.03,0.2,no_decoy,competitor,0,3.186
20,122,numeric,0.1,0.05,no_decoy,target,1,6.306
20,123,numeric,0.03,0.05,target,target,1,12.909
20,124,numeric,0.1,0.05,competitor,target,1,7.671
20,125,numeric,0.1,0.05,no_decoy,competitor,0,5.969
20,126,numeric,0.1,0.05,target,competitor,0,5.969
20,127,numeric,0.03,0.2,no_decoy,competitor,0,2.825
20,128,perceptual,0.03,0.2,competitor,competitor,0,2.018
20,129,numeric,0.03,0.2,no_decoy,target,1,4.457
20,130,perceptual,0.03,0.05,target,target,1,2.936
20,131,numeric,0.1,0.2,target,target,1,7.727
20,132,perceptual,0.1,0.2,no_decoy,competitor,0,2.525
20,133,numeric,0.1,0.05,no_decoy,competitor,0,4.819
20,134,numeric,0.1,0.05,competitor,competitor,0,8.854
20,135,perceptual,0.1,0.2,no_decoy,target,1,2.706
20,136,perceptual,0.03,0.2,target,competitor,0,2.722
20,137,perceptual,0.03,0.2,no_decoy,target,1,2.535
20,138,numeric,0.03,0.2,competitor,target,1,6.202
20,139,perceptual,0.03,0.05,no_decoy,target,1,4.392
20,140,perceptual,0.1,0.05,target,target,1,4.2
20,141,perceptual,0.1,0.2,competitor,competitor,0,3.884
20,142,numeric,0.1,0.2,no_decoy,competitor,0,8.037
20,143,perceptual,0.1,0.2,competitor,target,1,3.923
20,144,numeric,0.03,0.2,target,target,1,5.599
20,145,perceptual,0.1,0.05,target,target,1,4.268
20,146,perceptual,0.03,0.2,target,decoy,0,2.953
20,147,perceptual,0.1,0.2,no_decoy,competitor,0,2.069
20,148,perceptual,0.03,0.2,target,competitor,0,5.992
20,149,numeric,0.1,0.2,competitor,target,1,4.918
20,150,numeric,0.1,0.05,target,decoy,0,6.191
20,151,perceptual,0.03,0.05,competitor,competitor,0,3.385
20,152,perceptual,0.03,0.05,target,target,1,5.442
20,153,numeric,0.1,0.2,no_decoy,target,1,4.92
20,154,numeric,0.03,0.05,target,target,1,4.351
20,155,perceptual,0.03,0.2,target,competitor,0,4.824
20,156,numeric,0.03,0.05,target,decoy,0,8.851
20,157,perceptual,0.1,0.05,competitor,target,1,3.303
20,158,numeric,0.03,0.2,competitor,competitor,0,12.375
20,159,numeric,0.1,0.05,competitor,decoy,0,5.118
20,160,numeric,0.03,0.05,no_decoy,target,1,5.888
20,161,numeric,0.03,0.05,target,target,1,7.99
20,162,perceptual,0.1,0.05,no_decoy,target,1,4.018
20,163,perceptual,0.03,0.05,competitor,decoy,0,8.234
20,164,perceptual,0.1,0.05,no_decoy,competitor,0,5.538
20,165,perceptual,0.1,0.2,target,target,1,3.552
20,166,perceptual,0.1,0.2,competitor,competitor,0,3.64
20,167,perceptual,0.1,0.05,target,decoy,0,4.051
20,168,numeric,0.1,0.2,competitor,competitor,0,7.04
20,169,numeric,0.03,0.2,no_decoy,target,1,5.941
20,170,numeric,0.03,0.05,competitor,target,1,7.608
20,171,numeric,0.03,0.2,target,target,1,6.834
20,172,numeric,0.03,0.2,competitor,target,1,4.611
20,173,perceptual,0.1,0.2,competitor,target,1,2.768
20,174,perceptual,0.03,0.2,target,competitor,0,3.141
20,175,perceptual,0.03,0.05,competitor,target,1,3.684
20,176,perceptual,0.1,0.05,competitor,target,1,4.2
20,177,perceptual,0.1,0.2,target,target,1,2.354
20,178,perceptual,0.1,0.2,target,target,1,2.752
20,179,numeric,0.03,0.05,competitor,competitor,0,11.919
20,180,perceptual,0.1,0.05,no_decoy,competitor,0,4.505
20,181,numeric,0.1,0.2,no_decoy,competitor,0,8.922
20,182,perceptual,0.1,0.05,competitor,target,1,3
20,183,perceptual,0.03,0.05,target,target,1,3.801
20,184,perceptual,0.03,0.05,target,target,1,3.715
20,185,perceptual,0.1,0.05,no_decoy,target,1,3.067
20,186,perceptual,0.03,0.05,competitor,decoy,0,4.03
20,187,numeric,0.03,0.05,no_decoy,target,1,4.9
20,188,perceptual,0.03,0.05,no_decoy,target,1,3.075
20,189,perceptual,0.1,0.2,no_decoy,target,1,3.299
20,190,perceptual,0.03,0.2,competitor,target,1,5.665
20,191,numeric,0.1,0.2,target,target,1,9.672
20,192,numeric,0.03,0.2,competitor,target,1,14.409
20,193,perceptual,0.03,0.2,target,target,1,2.767
20,194,numeric,0.1,0.05,target,target,1,4.203
20,195,numeric,0.1,0.2,target,competitor,0,3.689
20,196,numeric,0.1,0.05,target,target,1,6.675
20,197,numeric,0.1,0.05,no_decoy,target,1,5.554
20,198,numeric,0.03,0.05,no_decoy,target,1,5.333
20,199,perceptual,0.1,0.05,target,target,1,5.343
20,200,numeric,0.03,0.05,target,competitor,0,6.084
20,201,numeric,0.1,0.05,target,target,1,12.306
20,202,numeric,0.03,0.2,no_decoy,target,1,6.586
20,203,perceptual,0.1,0.05,competitor,target,1,5.523
20,204,perceptual,0.03,0.05,no_decoy,target,1,3.335
20,205,numeric,0.1,0.2,target,decoy,0,9.219
20,206,perceptual,0.03,0.05,no_decoy,target,1,3.819
20,207,numeric,0.1,0.05,competitor,target,1,8.802
20,208,perceptual,0.03,0.05,no_decoy,target,1,3.119
20,209,numeric,0.1,0.05,target,target,1,7.861
20,210,numeric,0.1,0.2,no_decoy,target,1,3.334
20,211,numeric,0.1,0.05,no_decoy,target,1,4.967
20,212,perceptual,0.03,0.2,competitor,competitor,0,3.223
20,213,numeric,0.1,0.05,target,target,1,3.618
20,214,numeric,0.1,0.2,no_decoy,target,1,3.968
20,215,perceptual,0.1,0.05,competitor,target,1,3.703
20,216,numeric,0.1,0.2,no_decoy,target,1,3.735
20,217,perceptual,0.1,0.2,no_decoy,target,1,3.076
20,218,perceptual,0.1,0.2,target,target,1,5.635
20,219,numeric,0.03,0.2,target,decoy,0,3.468
20,220,perceptual,0.03,0.05,competitor,target,1,4.551
20,221,perceptual,0.03,0.2,target,target,1,6.977
20,222,perceptual,0.03,0.2,no_decoy,target,1,5.136
20,223,numeric,0.03,0.2,target,target,1,12.157
20,224,numeric,0.03,0.2,competitor,target,1,11.207
20,225,perceptual,0.1,0.05,target,competitor,0,2.972
20,226,numeric,0.1,0.05,competitor,target,1,13.6
20,227,numeric,0.1,0.2,competitor,target,1,10.294
20,228,perceptual,0.03,0.05,competitor,target,1,4.134
20,229,perceptual,0.1,0.05,no_decoy,target,1,2.932
20,230,perceptual,0.03,0.2,competitor,target,1,5.303
20,231,numeric,0.03,0.2,no_decoy,target,1,7.487
20,232,numeric,0.1,0.2,target,target,1,11.939
20,233,numeric,0.1,0.2,target,target,1,12.924
20,234,perceptual,0.1,0.2,no_decoy,target,1,5.069
20,235,perceptual,0.03,0.05,competitor,target,1,3.968
20,236,perceptual,0.1,0.05,target,target,1,6.934
20,237,numeric,0.1,0.2,competitor,target,1,16.086
20,238,perceptual,0.03,0.2,no_decoy,target,1,3.817
20,239,perceptual,0.1,0.05,no_decoy,competitor,0,4.24
20,240,perceptual,0.1,0.05,no_decoy,target,1,4.987
20,241,numeric,0.1,0.05,no_decoy,target,1,6.348
20,242,perceptual,0.1,0.2,competitor,target,1,3.554
20,243,perceptual,0.1,0.2,target,target,1,4.221
20,244,numeric,0.1,0.05,competitor,target,1,5.369
20,245,perceptual,0.03,0.05,no_decoy,target,1,3.352
20,246,numeric,0.1,0.2,no_decoy,target,1,6.551
20,247,numeric,0.1,0.05,target,target,1,5.39
20,248,numeric,0.1,0.2,competitor,competitor,0,10.61
20,249,perceptual,0.03,0.2,no_decoy,target,1,4.449
20,250,perceptual,0.03,0.2,no_decoy,competitor,0,3.148
20,251,numeric,0.03,0.05,competitor,target,1,7.568
20,252,numeric,0.1,0.2,competitor,target,1,4.51
20,253,numeric,0.1,0.05,competitor,competitor,0,6.703
20,254,numeric,0.03,0.05,no_decoy,target,1,8.238
20,255,perceptual,0.1,0.2,target,target,1,3.66
20,256,perceptual,0.03,0.05,target,target,1,5.469
20,257,numeric,0.03,0.2,no_decoy,target,1,4.505
20,258,numeric,0.03,0.05,no_decoy,target,1,5.853
20,259,numeric,0.03,0.05,no_decoy,target,1,5.129
20,260,numeric,0.03,0.2,no_decoy,target,1,3.191
20,261,perceptual,0.1,0.2,competitor,target,1,3.465
20,262,perceptual,0.03,0.05,target,decoy,0,4.714
20,263,numeric,0.03,0.05,target,target,1,8.012
20,264,perceptual,0.1,0.05,target,target,1,6.125
20,265,numeric,0.1,0.2,competitor,target,1,10.776
20,266,numeric,0.03,0.2,competitor,target,1,9.627
20,267,perceptual,0.03,0.05,target,target,1,4.612
20,268,numeric,0.03,0.2,no_decoy,target,1,5.104
20,269,numeric,0.03,0.05,competitor,target,1,9.55
20,270,perceptual,0.03,0.2,competitor,competitor,0,8.033
20,271,numeric,0.1,0.2,competitor,target,1,6.001
20,272,numeric,0.03,0.05,competitor,target,1,11.155
20,273,perceptual,0.1,0.05,competitor,target,1,3.181
20,274,numeric,0.1,0.2,no_decoy,target,1,5.132
20,275,perceptual,0.03,0.2,competitor,target,1,3.469
20,276,numeric,0.03,0.2,target,competitor,0,4.869
20,277,numeric,0.1,0.05,competitor,competitor,0,5.609
20,278,perceptual,0.1,0.05,competitor,competitor,0,3.604
20,279,numeric,0.03,0.2,target,target,1,7.601
20,280,numeric,0.1,0.2,no_decoy,target,1,6.999
20,281,perceptual,0.03,0.05,no_decoy,target,1,4.7
20,282,perceptual,0.03,0.05,competitor,target,1,3.715
20,283,perceptual,0.1,0.2,target,decoy,0,7.49
20,284,perceptual,0.03,0.2,competitor,competitor,0,3.298
20,285,numeric,0.1,0.05,no_decoy,competitor,0,6.54
20,286,numeric,0.03,0.05,competitor,target,1,12.746
20,287,perceptual,0.1,0.2,competitor,target,1,4.434
20,288,perceptual,0.03,0.05,competitor,decoy,0,6.316
21,1,perceptual,0.1,0.05,competitor,target,1,7.5
21,2,perceptual,0.1,0.05,competitor,target,1,7.554
21,3,perceptual,0.1,0.2,target,competitor,0,9.121
21,4,numeric,0.1,0.2,competitor,target,1,6.003
21,5,perceptual,0.03,0.05,no_decoy,target,1,5.367
21,6,perceptual,0.1,0.2,target,target,1,5.565
21,7,numeric,0.1,0.05,competitor,target,1,6.144
21,8,perceptual,0.03,0.05,no_decoy,target,1,5.269
21,9,perceptual,0.03,0.05,no_decoy,competitor,0,5.643
21,10,perceptual,0.1,0.05,no_decoy,target,1,3.84
21,11,perceptual,0.1,0.2,competitor,target,1,5.744
21,12,numeric,0.1,0.2,no_decoy,target,1,6.637
21,13,numeric,0.1,0.2,target,target,1,5.998
21,14,perceptual,0.03,0.05,competitor,competitor,0,7.279
21,15,perceptual,0.1,0.2,no_decoy,target,1,4.49
21,16,numeric,0.03,0.05,no_decoy,target,1,6.175
21,17,numeric,0.03,0.2,target,target,1,6.823
21,18,perceptual,0.03,0.2,no_decoy,target,1,3.431
21,19,numeric,0.03,0.05,no_decoy,target,1,4.91
21,20,perceptual,0.1,0.05,no_decoy,target,1,5.079
21,21,perceptual,0.1,0.05,target,competitor,0,5.778
21,22,perceptual,0.1,0.05,target,competitor,0,5.716
21,23,numeric,0.1,0.05,competitor,target,1,5.992
21,24,numeric,0.1,0.05,target,target,1,6.282
21,25,perceptual,0.1,0.05,target,target,1,7.165
21,26,perceptual,0.03,0.05,competitor,target,1,7.479
21,27,numeric,0.03,0.05,no_decoy,target,1,6.446
21,28,perceptual,0.1,0.2,competitor,target,1,4.824
21,29,numeric,0.03,0.2,no_decoy,competitor,0,6.389
21,30,numeric,0.1,0.2,competitor,target,1,9.743
21,31,numeric,0.03,0.05,no_decoy,competitor,0,6.826
21,32,numeric,0.1,0.05,competitor,target,1,5.515
21,33,perceptual,0.03,0.2,competitor,target,1,4.474
21,34,perceptual,0.1,0.2,competitor,target,1,6.203
21,35,perceptual,0.03,0.05,target,target,1,7.211
21,36,perceptual,0.1,0.2,no_decoy,target,1,4.59
21,37,perceptual,0.03,0.2,competitor,competitor,0,8.755
21,38,numeric,0.03,0.05,target,target,1,7.625
21,39,numeric,0.03,0.05,no_decoy,target,1,6.754
21,40,numeric,0.1,0.05,target,target,1,6.622
21,41,perceptual,0.03,0.05,competitor,target,1,5.347
21,42,perceptual,0.1,0.2,target,target,1,5.85
21,43,numeric,0.1,0.2,target,target,1,6.769
21,44,numeric,0.03,0.05,no_decoy,target,1,6.014
21,45,perceptual,0.03,0.2,no_decoy,target,1,5.431
21,46,perceptual,0.1,0.2,target,competitor,0,5.861
21,47,numeric,0.1,0.2,competitor,competitor,0,5.693
21,48,perceptual,0.1,0.05,no_decoy,target,1,5.339
21,49,numeric,0.1,0.05,target,competitor,0,5.366
21,50,numeric,0.1,0.2,competitor,competitor,0,6.273
21,51,numeric,0.03,0.2,competitor,competitor,0,9.595
21,52,numeric,0.03,0.05,competitor,target,1,10.41
21,53,numeric,0.03,0.05,target,target,1,8.415
21,54,numeric,0.03,0.05,competitor,target,1,6.029
21,55,perceptual,0.1,0.2,no_decoy,target,1,5.11
21,56,perceptual,0.03,0.05,competitor,target,1,7.143
21,57,numeric,0.1,0.05,target,target,1,7.382
21,58,perceptual,0.1,0.05,competitor,competitor,0,6.714
21,59,numeric,0.03,0.2,no_decoy,target,1,4.545
21,60,perceptual,0.03,0.05,target,target,1,6.588
21,61,numeric,0.03,0.2,competitor,target,1,7.558
21,62,perceptual,0.1,0.2,target,competitor,0,0.186
21,63,numeric,0.03,0.05,no_decoy,target,1,5.04
21,64,perceptual,0.1,0.05,competitor,target,1,7.988
21,65,perceptual,0.1,0.05,no_decoy,target,1,3.22
21,66,numeric,0.1,0.2,target,competitor,0,5.53
21,67,perceptual,0.03,0.05,no_decoy,target,1,4.122
21,68,numeric,0.03,0.2,competitor,competitor,0,5.092
21,69,perceptual,0.03,0.05,competitor,target,1,6.144
21,70,numeric,0.1,0.05,no_decoy,target,1,5.781
21,71,numeric,0.1,0.2,no_decoy,target,1,4.892
21,72,perceptual,0.03,0.05,competitor,target,1,5.729
21,73,perceptual,0.1,0.2,competitor,target,1,6.454
21,74,numeric,0.1,0.05,competitor,target,1,4.96
21,75,numeric,0.03,0.2,no_decoy,competitor,0,4.266
21,76,perceptual,0.1,0.2,target,target,1,6.79
21,77,numeric,0.1,0.2,target,target,1,9.218
21,78,perceptual,0.1,0.05,competitor,competitor,0,6.698
21,79,numeric,0.03,0.05,target,target,1,5.621
21,80,perceptual,0.03,0.2,competitor,target,1,5.264
21,81,numeric,0.03,0.05,target,target,1,6.308
21,82,perceptual,0.03,0.2,target,decoy,0,4.866
21,83,numeric,0.03,0.2,no_decoy,target,1,4.564
21,84,perceptual,0.03,0.05,no_decoy,competitor,0,5.367
21,85,perceptual,0.1,0.05,competitor,target,1,7.16
21,86,perceptual,0.03,0.2,competitor,target,1,5.821
21,87,perceptual,0.1,0.05,no_decoy,target,1,6.246
21,88,numeric,0.03,0.05,target,target,1,6.594
21,89,perceptual,0.1,0.2,no_decoy,target,1,3.6
21,90,perceptual,0.03,0.05,target,decoy,0,8.162
21,91,numeric,0.1,0.05,no_decoy,target,1,4.547
21,92,numeric,0.03,0.2,no_decoy,target,1,5.961
21,93,perceptual,0.03,0.05,no_decoy,competitor,0,5.704
21,94,perceptual,0.1,0.05,competitor,target,1,7.902
21,95,numeric,0.03,0.05,competitor,target,1,10.247
21,96,numeric,0.03,0.05,competitor,target,1,8.529
21,97,numeric,0.03,0.2,competitor,target,1,6.68
21,98,perceptual,0.1,0.2,competitor,competitor,0,4.817
21,99,numeric,0.03,0.05,competitor,target,1,5.364
21,100,perceptual,0.1,0.2,target,target,1,4.473
21,101,numeric,0.03,0.2,no_decoy,target,1,4.135
21,102,perceptual,0.03,0.05,no_decoy,competitor,0,4.528
21,103,numeric,0.03,0.2,target,competitor,0,6.35
21,104,perceptual,0.1,0.05,competitor,target,1,6.075
21,105,perceptual,0.03,0.05,target,decoy,0,9.069
21,106,perceptual,0.1,0.05,target,target,1,5.684
21,107,numeric,0.03,0.05,no_decoy,target,1,5.262
21,108,perceptual,0.03,0.05,target,target,1,5.356
21,109,perceptual,0.03,0.2,competitor,target,1,6.358
21,110,numeric,0.1,0.05,no_decoy,target,1,6.638
21,111,numeric,0.1,0.2,target,decoy,0,10.883
21,112,perceptual,0.03,0.2,competitor,target,1,3.876
21,113,numeric,0.03,0.05,no_decoy,competitor,0,5.64
21,114,perceptual,0.1,0.2,competitor,target,1,5.529
21,115,perceptual,0.03,0.05,competitor,competitor,0,9.773
21,116,numeric,0.1,0.2,competitor,target,1,5.733
21,117,numeric,0.1,0.2,competitor,competitor,0,8.383
21,118,perceptual,0.03,0.2,target,decoy,0,6.368
21,119,numeric,0.03,0.05,competitor,target,1,5.964
21,120,numeric,0.1,0.2,no_decoy,target,1,5.325
21,121,perceptual,0.03,0.2,competitor,target,1,6.094
21,122,numeric,0.03,0.2,target,target,1,8.729
21,123,perceptual,0.1,0.05,target,target,1,6.894
21,124,numeric,0.1,0.05,no_decoy,target,1,6.614
21,125,numeric,0.03,0.05,target,decoy,0,7.599
21,126,perceptual,0.03,0.2,no_decoy,competitor,0,3.98
21,127,perceptual,0.1,0.2,target,target,1,6.544
21,128,perceptual,0.1,0.05,target,decoy,0,7.501
21,129,perceptual,0.03,0.2,no_decoy,target,1,4.507
21,130,perceptual,0.03,0.2,target,competitor,0,4.722
21,131,numeric,0.1,0.05,no_decoy,target,1,3.598
21,132,numeric,0.1,0.2,no_decoy,target,1,5.036
21,133,numeric,0.03,0.05,no_decoy,target,1,5.039
21,134,perceptual,0.03,0.05,target,competitor,0,4.575
21,135,numeric,0.1,0.05,target,target,1,5.903
21,136,numeric,0.03,0.2,target,target,1,5.807
21,137,numeric,0.1,0.2,target,target,1,8.809
21,138,numeric,0.03,0.2,target,competitor,0,5.88
21,139,perceptual,0.1,0.2,target,target,1,4.486
21,140,perceptual,0.1,0.05,competitor,target,1,3.909
21,141,perceptual,0.1,0.05,no_decoy,target,1,5.355
21,142,perceptual,0.1,0.05,target,competitor,0,4.476
21,143,numeric,0.03,0.2,competitor,target,1,5.654
21,144,perceptual,0.1,0.05,target,target,1,4.603
21,145,numeric,0.1,0.05,no_decoy,target,1,3.531
21,146,perceptual,0.03,0.2,competitor,competitor,0,4.37
21,147,numeric,0.03,0.05,competitor,competitor,0,8.216
21,148,perceptual,0.1,0.05,no_decoy,target,1,2.607
21,149,numeric,0.1,0.2,no_decoy,target,1,3.503
21,150,perceptual,0.03,0.05,target,target,1,5.132
21,151,numeric,0.1,0.05,no_decoy,target,1,5.736
21,152,perceptual,0.03,0.2,target,target,1,4.025
21,153,numeric,0.03,0.2,no_decoy,target,1,3.705
21,154,perceptual,0.03,0.2,no_decoy,competitor,0,4.675
21,155,numeric,0.03,0.05,target,target,1,8.125
21,156,perceptual,0.1,0.05,competitor,target,1,6.142
21,157,perceptual,0.1,0.05,target,target,1,7.553
21,158,perceptual,0.1,0.05,competitor,competitor,0,6.026
21,159,perceptual,0.03,0.2,no_decoy,target,1,4.546
21,160,perceptual,0.1,0.05,no_decoy,target,1,3.511
21,161,numeric,0.03,0.05,target,target,1,6.637
21,162,perceptual,0.03,0.2,target,competitor,0,6.294
21,163,numeric,0.1,0.05,competitor,target,1,6.978
21,164,perceptual,0.1,0.2,competitor,competitor,0,4.978
21,165,numeric,0.1,0.2,competitor,target,1,4.708
21,166,numeric,0.1,0.05,target,competitor,0,7.893
21,167,perceptual,0.1,0.2,competitor,target,1,4.711
21,168,numeric,0.03,0.2,no_decoy,competitor,0,4.984
21,169,perceptual,0.1,0.2,no_decoy,target,1,3.904
21,170,perceptual,0.03,0.2,target,target,1,4.989
21,171,perceptual,0.1,0.2,target,target,1,4.027
21,172,numeric,0.1,0.05,target,competitor,0,5.009
21,173,numeric,0.03,0.2,competitor,competitor,0,6.576
21,174,perceptual,0.03,0.05,target,decoy,0,6.305
21,175,perceptual,0.1,0.05,no_decoy,competitor,0,4.784
21,176,numeric,0.03,0.05,competitor,target,1,6.557
21,177,perceptual,0.1,0.2,competitor,target,1,3.692
21,178,numeric,0.03,0.05,competitor,target,1,6.128
21,179,perceptual,0.1,0.05,target,competitor,0,5.566
21,180,numeric,0.1,0.2,target,target,1,8.504
21,181,perceptual,0.1,0.2,competitor,competitor,0,4.876
21,182,perceptual,0.1,0.2,target,target,1,4.968
21,183,perceptual,0.03,0.2,no_decoy,target,1,3.012
21,184,numeric,0.1,0.2,competitor,competitor,0,7.004
21,185,numeric,0.1,0.2,no_decoy,target,1,4.333
21,186,perceptual,0.1,0.05,competitor,competitor,0,5.488
21,187,numeric,0.03,0.05,competitor,target,1,7.253
21,188,numeric,0.1,0.2,no_decoy,target,1,4.118
21,189,numeric,0.1,0.05,competitor,target,1,5.735
21,190,perceptual,0.03,0.2,competitor,target,1,5.189
21,191,perceptual,0.1,0.2,no_decoy,target,1,3.692
21,192,perceptual,0.1,0.05,no_decoy,target,1,4.239
21,193,perceptual,0.1,0.2,no_decoy,competitor,0,3.1
21,194,numeric,0.1,0.05,target,target,1,6.186
21,195,numeric,0.1,0.05,competitor,competitor,0,6.826
21,196,numeric,0.03,0.2,target,target,1,5.859
21,197,numeric,0.03,0.05,target,target,1,6.316
21,198,perceptual,0.1,0.2,no_decoy,target,1,3.907
21,199,numeric,0.1,0.05,competitor,target,1,5.272
21,200,numeric,0.1,0.2,target,target,1,5.642
21,201,numeric,0.1,0.2,no_decoy,target,1,4.341
21,202,numeric,0.03,0.2,competitor,competitor,0,7.38
21,203,perceptual,0.03,0.2,target,target,1,6.139
21,204,perceptual,0.03,0.05,target,target,1,4.394
21,205,numeric,0.1,0.05,no_decoy,competitor,0,4.599
21,206,numeric,0.1,0.2,target,decoy,0,6.149
21,207,numeric,0.1,0.2,no_decoy,competitor,0,4.318
21,208,numeric,0.1,0.2,target,target,1,9.853
21,209,numeric,0.03,0.05,target,target,1,5.685
21,210,perceptual,0.03,0.05,competitor,decoy,0,4.93
21,211,perceptual,0.03,0.2,target,competitor,0,4.64
21,212,numeric,0.03,0.2,target,target,1,5.891
21,213,numeric,0.1,0.2,competitor,competitor,0,7.666
21,214,numeric,0.03,0.05,competitor,target,1,6.404
21,215,perceptual,0.03,0.2,no_decoy,target,1,3.374
21,216,perceptual,0.1,0.05,target,target,1,4.068
21,217,numeric,0.1,0.2,no_decoy,competitor,0,5.673
21,218,perceptual,0.1,0.2,competitor,decoy,0,6.229
21,219,perceptual,0.03,0.2,no_decoy,target,1,4.806
21,220,perceptual,0.03,0.05,no_decoy,target,1,2.998
21,221,perceptual,0.03,0.05,competitor,target,1,5.771
21,222,perceptual,0.03,0.2,competitor,target,1,3.927
21,223,numeric,0.03,0.2,target,target,1,7.207
21,224,numeric,0.03,0.2,competitor,target,1,5.316
21,225,numeric,0.1,0.05,competitor,target,1,8.342
21,226,perceptual,0.03,0.2,no_decoy,target,1,3.574
21,227,numeric,0.03,0.05,no_decoy,target,1,3.627
21,228,perceptual,0.03,0.2,target,target,1,5.697
21,229,numeric,0.1,0.05,competitor,target,1,5.607
21,230,numeric,0.1,0.2,competitor,competitor,0,6.028
21,231,numeric,0.03,0.2,competitor,decoy,0,8.82
21,232,numeric,0.03,0.2,no_decoy,competitor,0,4.02
21,233,perceptual,0.1,0.2,target,decoy,0,4.013
21,234,perceptual,0.03,0.05,competitor,target,1,3.173
21,235,numeric,0.03,0.2,no_decoy,target,1,3.496
21,236,numeric,0.1,0.05,no_decoy,target,1,3.909
21,237,perceptual,0.03,0.05,no_decoy,competitor,0,4.458
21,238,perceptual,0.03,0.05,target,target,1,6.86
21,239,numeric,0.03,0.2,target,decoy,0,7.33
21,240,numeric,0.1,0.05,no_decoy,target,1,6.213
21,241,perceptual,0.03,0.2,target,target,1,3.703
21,242,numeric,0.03,0.2,target,target,1,4.65
21,243,perceptual,0.03,0.05,no_decoy,competitor,0,5.243
21,244,perceptual,0.1,0.05,no_decoy,competitor,0,5.653
21,245,numeric,0.1,0.2,competitor,target,1,6.658
21,246,perceptual,0.03,0.2,target,competitor,0,5.882
21,247,perceptual,0.1,0.05,target,decoy,0,6.506
21,248,numeric,0.03,0.2,target,competitor,0,6.946
21,249,numeric,0.03,0.2,competitor,competitor,0,5.593
21,250,perceptual,0.03,0.05,competitor,target,1,7.089
21,251,perceptual,0.1,0.05,no_decoy,competitor,0,3.652
21,252,numeric,0.03,0.05,target,target,1,6.211
21,253,numeric,0.1,0.05,no_decoy,target,1,5.027
21,254,numeric,0.03,0.05,target,target,1,6.721
21,255,perceptual,0.1,0.2,no_decoy,target,1,4.247
21,256,perceptual,0.1,0.2,competitor,competitor,0,7.691
21,257,numeric,0.1,0.05,no_decoy,target,1,5.83
21,258,numeric,0.03,0.05,competitor,target,1,5.457
21,259,numeric,0.03,0.2,competitor,target,1,5.016
21,260,perceptual,0.03,0.05,no_decoy,competitor,0,3.445
21,261,numeric,0.03,0.2,target,target,1,6.035
21,262,perceptual,0.03,0.2,competitor,target,1,4.26
21,263,numeric,0.03,0.2,no_decoy,competitor,0,3.879
21,264,numeric,0.1,0.2,no_decoy,competitor,0,5.029
21,265,perceptual,0.03,0.2,no_decoy,competitor,0,3.003
21,266,numeric,0.1,0.2,target,target,1,5.125
21,267,numeric,0.1,0.05,competitor,target,1,6.925
21,268,numeric,0.1,0.05,target,target,1,5.875
21,269,numeric,0.1,0.05,competitor,competitor,0,7.26
21,270,perceptual,0.03,0.2,no_decoy,competitor,0,5.307
21,271,perceptual,0.03,0.2,competitor,target,1,5.24
21,272,perceptual,0.03,0.2,target,competitor,0,3.977
21,273,numeric,0.1,0.2,competitor,target,1,4.125
21,274,numeric,0.03,0.2,no_decoy,target,1,5.664
21,275,perceptual,0.03,0.05,competitor,competitor,0,3.285
21,276,perceptual,0.03,0.05,target,target,1,4.501
21,277,numeric,0.03,0.05,no_decoy,target,1,4.499
21,278,perceptual,0.03,0.05,target,target,1,5.235
21,279,numeric,0.03,0.2,competitor,target,1,5.365
21,280,perceptual,0.03,0.05,no_decoy,competitor,0,4.067
21,281,numeric,0.1,0.2,no_decoy,target,1,4.148
21,282,perceptual,0.1,0.2,no_decoy,target,1,4.992
21,283,numeric,0.1,0.05,target,decoy,0,4.815
21,284,perceptual,0.1,0.2,no_decoy,competitor,0,4.034
21,285,numeric,0.1,0.05,target,target,1,6.958
21,286,numeric,0.1,0.2,target,target,1,6.503
21,287,numeric,0.1,0.05,target,target,1,4.32
21,288,perceptual,0.1,0.2,no_decoy,target,1,3.919
22,2,perceptual,0.1,0.05,competitor,target,1,10.684
22,3,perceptual,0.03,0.2,competitor,target,1,12.323
22,4,numeric,0.03,0.2,competitor,target,1,13.208
22,5,perceptual,0.1,0.2,competitor,target,1,3.657
22,6,perceptual,0.03,0.05,target,target,1,3.551
22,7,perceptual,0.1,0.2,competitor,target,1,7.249
22,8,numeric,0.1,0.05,competitor,target,1,7.761
22,9,perceptual,0.03,0.2,competitor,competitor,0,9.91
22,11,numeric,0.1,0.2,no_decoy,target,1,8.141
22,12,numeric,0.1,0.2,competitor,target,1,6.904
22,13,numeric,0.03,0.2,competitor,competitor,0,8.312
22,14,perceptual,0.1,0.2,no_decoy,competitor,0,8.843
22,15,perceptual,0.03,0.2,target,target,1,4.099
22,16,perceptual,0.03,0.05,competitor,target,1,9.34
22,17,numeric,0.1,0.05,competitor,decoy,0,6.391
22,18,numeric,0.1,0.2,no_decoy,target,1,5.717
22,19,perceptual,0.1,0.05,competitor,target,1,11.985
22,20,perceptual,0.1,0.2,competitor,target,1,6
22,21,perceptual,0.03,0.2,no_decoy,target,1,2.925
22,22,perceptual,0.03,0.05,target,target,1,5.1
22,23,numeric,0.1,0.05,no_decoy,target,1,3.946
22,24,numeric,0.03,0.05,target,target,1,5.492
22,25,numeric,0.1,0.05,target,target,1,4.921
22,26,numeric,0.1,0.2,target,target,1,7.963
22,27,numeric,0.03,0.2,target,target,1,5.701
22,28,numeric,0.03,0.05,target,target,1,7.204
22,29,perceptual,0.1,0.05,target,target,1,3.113
22,30,numeric,0.1,0.2,target,target,1,8.284
22,31,perceptual,0.03,0.2,target,target,1,2.594
22,32,perceptual,0.03,0.2,no_decoy,competitor,0,2.451
22,33,numeric,0.1,0.05,target,target,1,6.857
22,34,numeric,0.1,0.05,no_decoy,competitor,0,4.519
22,35,numeric,0.03,0.2,competitor,target,1,5.668
22,36,numeric,0.1,0.2,target,target,1,8.421
22,37,perceptual,0.1,0.05,target,competitor,0,5.124
22,38,perceptual,0.1,0.05,no_decoy,competitor,0,5.865
22,39,numeric,0.03,0.05,competitor,competitor,0,7.574
22,40,numeric,0.1,0.2,no_decoy,target,1,4.16
22,41,numeric,0.1,0.2,target,target,1,6.879
22,42,perceptual,0.03,0.05,no_decoy,competitor,0,2.79
22,43,numeric,0.03,0.05,no_decoy,target,1,7.234
22,44,numeric,0.03,0.05,no_decoy,target,1,4.172
22,45,perceptual,0.03,0.2,target,target,1,6.949
22,46,numeric,0.1,0.05,competitor,target,1,7.398
22,47,perceptual,0.03,0.2,competitor,target,1,3.649
22,48,perceptual,0.1,0.05,target,target,1,4.977
22,49,perceptual,0.1,0.05,no_decoy,target,1,3.338
22,50,perceptual,0.1,0.2,competitor,target,1,2.161
22,51,numeric,0.03,0.2,target,target,1,6.166
22,52,numeric,0.03,0.2,target,target,1,5.947
22,53,numeric,0.03,0.2,target,target,1,5.502
22,54,numeric,0.1,0.2,target,target,1,4.416
22,55,numeric,0.03,0.05,competitor,competitor,0,5.712
22,56,numeric,0.03,0.05,target,competitor,0,7.163
22,57,numeric,0.1,0.2,no_decoy,target,1,3.65
22,58,numeric,0.1,0.05,no_decoy,target,1,4.524
22,59,perceptual,0.03,0.2,no_decoy,competitor,0,5.753
22,60,numeric,0.1,0.05,competitor,competitor,0,8.005
22,61,numeric,0.1,0.05,no_decoy,target,1,4.464
22,62,numeric,0.03,0.05,no_decoy,target,1,5.257
22,63,perceptual,0.03,0.05,competitor,target,1,3.615
22,64,perceptual,0.1,0.2,target,target,1,4.02
22,65,perceptual,0.03,0.05,target,competitor,0,3.864
22,66,numeric,0.03,0.05,target,target,1,8.778
22,67,numeric,0.1,0.05,competitor,target,1,6.869
22,68,perceptual,0.03,0.2,target,target,1,3.531
22,69,perceptual,0.03,0.2,competitor,competitor,0,3.562
22,70,perceptual,0.03,0.2,no_decoy,target,1,2.65
22,71,perceptual,0.03,0.05,target,target,1,4.228
22,72,perceptual,0.03,0.05,no_decoy,target,1,2.625
22,73,perceptual,0.1,0.2,no_decoy,target,1,2.303
22,74,numeric,0.03,0.2,competitor,target,1,7.477
22,75,perceptual,0.03,0.2,competitor,competitor,0,7.362
22,76,perceptual,0.03,0.05,competitor,target,1,6.385
22,77,perceptual,0.1,0.2,target,target,1,9.113
22,78,perceptual,0.03,0.2,target,target,1,7.029
22,79,perceptual,0.03,0.05,no_decoy,competitor,0,2.773
22,80,numeric,0.03,0.05,target,target,1,8.24
22,81,numeric,0.1,0.05,no_decoy,competitor,0,6.243
22,82,numeric,0.1,0.05,target,target,1,7.413
22,83,perceptual,0.03,0.2,target,target,1,7.056
22,84,perceptual,0.1,0.2,no_decoy,target,1,4.472
22,85,numeric,0.03,0.05,target,target,1,8.051
22,86,numeric,0.03,0.2,target,target,1,9.572
22,87,perceptual,0.1,0.2,no_decoy,target,1,5.036
22,88,numeric,0.1,0.05,target,competitor,0,12.749
22,89,perceptual,0.03,0.2,target,competitor,0,5.811
22,90,perceptual,0.1,0.05,competitor,competitor,0,5.081
22,91,perceptual,0.03,0.05,no_decoy,target,1,10.161
22,92,numeric,0.1,0.2,competitor,competitor,0,7.185
22,93,numeric,0.03,0.05,target,target,1,7.926
22,94,perceptual,0.1,0.05,no_decoy,target,1,4.147
22,95,perceptual,0.1,0.05,target,target,1,8.831
22,96,perceptual,0.1,0.2,target,target,1,5.991
22,97,numeric,0.03,0.2,competitor,competitor,0,7.844
22,98,perceptual,0.1,0.05,target,decoy,0,3.044
22,99,numeric,0.03,0.05,competitor,decoy,0,3.812
22,100,numeric,0.1,0.2,no_decoy,target,1,5.509
22,101,numeric,0.1,0.05,competitor,competitor,0,4.644
22,102,numeric,0.03,0.05,target,competitor,0,5.601
22,103,numeric,0.03,0.2,no_decoy,target,1,5.899
22,104,perceptual,0.03,0.2,competitor,target,1,9.53
22,105,numeric,0.03,0.2,no_decoy,target,1,3.736
22,106,numeric,0.03,0.2,target,target,1,5.62
22,107,numeric,0.03,0.05,no_decoy,target,1,3.325
22,108,perceptual,0.1,0.05,target,decoy,0,5.697
22,109,perceptual,0.1,0.2,target,target,1,3.172
22,110,perceptual,0.1,0.2,target,target,1,3.035
22,111,numeric,0.1,0.05,target,target,1,4.925
22,112,numeric,0.03,0.2,competitor,target,1,5.694
22,113,perceptual,0.03,0.05,competitor,target,1,3.265
22,114,perceptual,0.1,0.05,no_decoy,competitor,0,3.396
22,115,perceptual,0.1,0.05,competitor,target,1,3.704
22,116,numeric,0.03,0.05,target,target,1,5.83
22,117,perceptual,0.1,0.2,target,target,1,6.801
22,118,perceptual,0.1,0.05,no_decoy,target,1,4.156
22,119,numeric,0.1,0.05,target,target,1,6.289
22,120,perceptual,0.03,0.05,no_decoy,target,1,4.318
22,121,perceptual,0.1,0.2,no_decoy,target,1,3.621
22,122,numeric,0.03,0.2,competitor,competitor,0,6.919
22,123,perceptual,0.1,0.05,no_decoy,target,1,5.119
22,124,perceptual,0.1,0.2,no_decoy,competitor,0,4.265
22,125,perceptual,0.1,0.2,target,target,1,3.726
22,126,perceptual,0.03,0.05,target,competitor,0,5.152
22,127,numeric,0.1,0.05,no_decoy,target,1,4.52
22,128,numeric,0.03,0.05,competitor,competitor,0,6.686
22,129,perceptual,0.03,0.2,no_decoy,target,1,3.341
22,130,perceptual,0.1,0.05,no_decoy,target,1,2.139
22,131,numeric,0.03,0.05,competitor,competitor,0,3.764
22,132,perceptual,0.1,0.2,competitor,competitor,0,2.653
22,133,numeric,0.03,0.2,target,competitor,0,6.298
22,134,perceptual,0.03,0.2,competitor,target,1,2.419
22,135,numeric,0.1,0.2,no_decoy,competitor,0,5.834
22,136,perceptual,0.03,0.05,no_decoy,competitor,0,4.907
22,137,perceptual,0.1,0.2,no_decoy,target,1,0.225
22,138,perceptual,0.1,0.2,no_decoy,target,1,2.483
22,139,numeric,0.03,0.2,target,target,1,6.109
22,140,numeric,0.1,0.2,no_decoy,competitor,0,6.951
22,141,perceptual,0.1,0.05,target,competitor,0,4.738
22,142,numeric,0.1,0.05,target,target,1,4.71
22,143,perceptual,0.1,0.05,no_decoy,competitor,0,4.074
22,144,numeric,0.1,0.2,target,target,1,6.128
22,145,numeric,0.03,0.2,competitor,target,1,7.637
22,146,numeric,0.03,0.05,competitor,competitor,0,5.273
22,147,numeric,0.03,0.05,target,target,1,8.355
22,148,perceptual,0.03,0.2,competitor,target,1,6.249
22,149,perceptual,0.1,0.2,competitor,competitor,0,2.624
22,150,perceptual,0.03,0.05,competitor,competitor,0,3.217
22,151,numeric,0.1,0.2,target,competitor,0,9.347
22,152,numeric,0.1,0.2,target,competitor,0,6.368
22,153,numeric,0.1,0.05,competitor,target,1,5.633
22,154,perceptual,0.03,0.05,no_decoy,target,1,5.036
22,155,numeric,0.1,0.05,target,target,1,6.552
22,156,numeric,0.1,0.2,no_decoy,competitor,0,4.091
22,157,perceptual,0.03,0.2,target,target,1,4.541
22,158,numeric,0.03,0.05,no_decoy,target,1,8.096
22,159,numeric,0.1,0.2,no_decoy,target,1,4.988
22,160,perceptual,0.03,0.2,competitor,competitor,0,4.591
22,161,numeric,0.1,0.05,no_decoy,competitor,0,4.825
22,162,numeric,0.03,0.2,competitor,competitor,0,5.842
22,163,numeric,0.03,0.2,target,competitor,0,5.478
22,164,perceptual,0.03,0.2,no_decoy,target,1,2.848
22,165,numeric,0.1,0.2,competitor,competitor,0,6.058
22,166,numeric,0.1,0.05,no_decoy,target,1,6.42
22,167,perceptual,0.1,0.2,target,target,1,3.282
22,168,perceptual,0.03,0.05,competitor,target,1,5.854
22,169,perceptual,0.03,0.2,no_decoy,competitor,0,2.949
22,170,numeric,0.03,0.05,competitor,competitor,0,5.969
22,171,perceptual,0.1,0.2,competitor,target,1,6.318
22,172,perceptual,0.1,0.2,no_decoy,competitor,0,2.551
22,173,perceptual,0.1,0.05,no_decoy,target,1,5.499
22,174,perceptual,0.03,0.05,target,target,1,4.213
22,175,perceptual,0.03,0.2,target,competitor,0,4.133
22,176,perceptual,0.03,0.2,target,target,1,7.241
22,177,numeric,0.03,0.2,competitor,competitor,0,6.946
22,178,numeric,0.03,0.05,no_decoy,competitor,0,5.425
22,179,numeric,0.1,0.2,target,target,1,5.33
22,180,numeric,0.03,0.2,no_decoy,competitor,0,6.773
22,181,numeric,0.03,0.05,competitor,target,1,8.19
22,182,numeric,0.1,0.2,competitor,target,1,5.157
22,183,numeric,0.03,0.05,no_decoy,competitor,0,3.347
22,184,numeric,0.03,0.05,target,target,1,8.887
22,185,numeric,0.1,0.2,no_decoy,competitor,0,3.607
22,186,perceptual,0.1,0.05,competitor,target,1,3.247
22,187,numeric,0.03,0.05,no_decoy,target,1,3.355
22,188,perceptual,0.1,0.05,competitor,target,1,4.27
22,189,numeric,0.1,0.2,competitor,target,1,8.249
22,190,perceptual,0.03,0.2,no_decoy,competitor,0,5.881
22,191,numeric,0.1,0.05,competitor,competitor,0,4.807
22,192,perceptual,0.1,0.05,competitor,competitor,0,3.499
22,193,numeric,0.03,0.2,no_decoy,competitor,0,4.028
22,194,perceptual,0.1,0.05,competitor,target,1,4.164
22,195,perceptual,0.03,0.2,no_decoy,target,1,2.995
22,196,numeric,0.1,0.2,competitor,decoy,0,5.373
22,197,numeric,0.03,0.05,target,competitor,0,9.874
22,198,perceptual,0.03,0.05,target,target,1,5.294
22,199,perceptual,0.1,0.2,target,target,1,4.856
22,200,perceptual,0.1,0.05,competitor,target,1,4.23
22,201,numeric,0.1,0.2,target,target,1,4.537
22,202,perceptual,0.1,0.05,target,target,1,5.056
22,203,perceptual,0.1,0.05,target,decoy,0,3.759
22,204,numeric,0.03,0.05,no_decoy,target,1,3.597
22,205,numeric,0.03,0.05,no_decoy,competitor,0,3.718
22,206,numeric,0.03,0.2,no_decoy,target,1,4.649
22,207,numeric,0.03,0.2,target,target,1,6.498
22,208,numeric,0.03,0.05,competitor,competitor,0,10.703
22,209,perceptual,0.1,0.05,no_decoy,target,1,3.826
22,210,perceptual,0.1,0.2,competitor,target,1,3.512
22,211,perceptual,0.03,0.2,no_decoy,target,1,3.238
22,212,numeric,0.1,0.05,competitor,competitor,0,9.087
22,213,perceptual,0.03,0.05,no_decoy,target,1,2.924
22,214,perceptual,0.03,0.05,competitor,decoy,0,4.437
22,215,numeric,0.1,0.2,target,target,1,3.943
22,216,numeric,0.1,0.05,competitor,target,1,5.15
22,217,perceptual,0.03,0.05,no_decoy,target,1,2.691
22,218,numeric,0.03,0.05,competitor,target,1,8.201
22,219,numeric,0.1,0.05,target,target,1,5.114
22,220,perceptual,0.1,0.2,competitor,target,1,8.785
22,221,numeric,0.03,0.2,no_decoy,competitor,0,3.112
22,222,perceptual,0.1,0.2,no_decoy,target,1,2.852
22,223,perceptual,0.03,0.05,target,target,1,11.485
22,224,perceptual,0.1,0.05,competitor,target,1,3.931
22,225,numeric,0.1,0.2,target,target,1,4.262
22,226,numeric,0.1,0.2,competitor,target,1,4.459
22,227,perceptual,0.03,0.05,competitor,target,1,2.827
22,228,perceptual,0.03,0.05,competitor,target,1,5.241
22,229,perceptual,0.03,0.05,target,target,1,6.563
22,230,perceptual,0.1,0.05,competitor,target,1,4.421
22,231,numeric,0.1,0.05,no_decoy,competitor,0,5.063
22,232,numeric,0.03,0.2,competitor,competitor,0,7.165
22,233,perceptual,0.03,0.05,no_decoy,competitor,0,5.2
22,234,perceptual,0.03,0.05,competitor,target,1,3.858
22,235,perceptual,0.03,0.2,competitor,competitor,0,2.74
22,236,numeric,0.1,0.05,no_decoy,target,1,4.497
22,237,perceptual,0.03,0.2,no_decoy,target,1,3.22
22,238,perceptual,0.1,0.2,no_decoy,target,1,2.596
22,239,numeric,0.1,0.05,target,target,1,4.751
22,240,numeric,0.1,0.2,no_decoy,competitor,0,4.331
22,241,perceptual,0.1,0.2,target,decoy,0,3.809
22,242,perceptual,0.03,0.05,target,target,1,2.027
22,243,perceptual,0.03,0.2,competitor,competitor,0,2.6
22,244,perceptual,0.03,0.05,competitor,competitor,0,4.537
22,245,perceptual,0.1,0.2,competitor,target,1,2.27
22,246,numeric,0.1,0.05,no_decoy,target,1,4.086
22,247,perceptual,0.03,0.2,target,competitor,0,3.645
22,248,perceptual,0.03,0.05,no_decoy,target,1,2.671
22,249,numeric,0.1,0.05,competitor,target,1,3.697
22,250,numeric,0.03,0.2,competitor,target,1,5.551
22,251,numeric,0.1,0.05,competitor,competitor,0,5.187
22,252,numeric,0.1,0.05,no_decoy,target,1,4.603
22,253,numeric,0.1,0.2,competitor,competitor,0,12.12
22,254,perceptual,0.03,0.05,target,decoy,0,3.038
22,255,numeric,0.1,0.05,target,target,1,6.318
22,256,numeric,0.1,0.2,competitor,competitor,0,5.034
22,257,numeric,0.03,0.2,no_decoy,competitor,0,3.384
22,258,numeric,0.1,0.05,target,target,1,4.989
22,259,numeric,0.03,0.2,no_decoy,competitor,0,6.52
22,260,perceptual,0.1,0.05,target,competitor,0,2.687
22,261,numeric,0.1,0.2,no_decoy,competitor,0,5.73
22,262,numeric,0.03,0.2,no_decoy,target,1,6.805
22,263,numeric,0.03,0.2,target,target,1,5.521
22,264,numeric,0.03,0.05,competitor,competitor,0,7.062
22,265,numeric,0.03,0.2,no_decoy,competitor,0,4.619
22,266,perceptual,0.03,0.2,no_decoy,competitor,0,2.529
22,267,perceptual,0.1,0.2,competitor,competitor,0,3.33
22,268,perceptual,0.03,0.05,competitor,competitor,0,3.58
22,269,perceptual,0.1,0.05,target,target,1,4.937
22,270,numeric,0.03,0.05,competitor,competitor,0,5.654
22,271,perceptual,0.03,0.05,target,decoy,0,3.08
22,272,numeric,0.03,0.05,no_decoy,competitor,0,4.034
22,273,perceptual,0.1,0.2,no_decoy,target,1,2.18
22,274,numeric,0.03,0.2,no_decoy,target,1,3.312
22,275,perceptual,0.1,0.05,no_decoy,competitor,0,2.287
22,276,perceptual,0.03,0.2,competitor,target,1,2.863
22,277,numeric,0.03,0.2,no_decoy,competitor,0,3.353
22,278,perceptual,0.03,0.05,no_decoy,target,1,3.81
22,279,numeric,0.1,0.2,competitor,target,1,4.052
22,280,perceptual,0.03,0.2,target,competitor,0,3.009
22,281,perceptual,0.1,0.05,competitor,target,1,4.295
22,282,numeric,0.03,0.2,target,target,1,7.253
22,283,perceptual,0.1,0.2,competitor,target,1,3.076
22,284,perceptual,0.1,0.2,target,target,1,4.099
22,285,perceptual,0.1,0.05,no_decoy,target,1,2.872
22,286,numeric,0.1,0.2,competitor,competitor,0,4.935
22,287,perceptual,0.1,0.05,target,target,1,2.481
22,288,perceptual,0.1,0.2,target,competitor,0,2.062
23,1,perceptual,0.03,0.2,no_decoy,target,1,7.895
23,2,numeric,0.1,0.2,no_decoy,competitor,0,8.819
23,3,perceptual,0.1,0.2,target,competitor,0,7.25
23,4,numeric,0.03,0.05,no_decoy,target,1,5.901
23,5,numeric,0.1,0.2,competitor,target,1,10.416
23,6,perceptual,0.1,0.05,target,decoy,0,6.181
23,7,numeric,0.03,0.05,competitor,target,1,7.867
23,8,perceptual,0.03,0.05,competitor,target,1,7.2
23,9,perceptual,0.03,0.2,competitor,target,1,8.417
23,10,perceptual,0.1,0.05,target,target,1,9.653
23,11,numeric,0.03,0.2,target,target,1,7.049
23,12,perceptual,0.1,0.2,target,target,1,4.416
23,13,perceptual,0.03,0.05,target,target,1,5.065
23,14,numeric,0.03,0.05,target,target,1,10.704
23,15,numeric,0.1,0.05,target,target,1,9.233
23,16,numeric,0.1,0.05,competitor,competitor,0,11.766
23,17,perceptual,0.1,0.05,no_decoy,competitor,0,7.63
23,18,perceptual,0.03,0.05,no_decoy,competitor,0,9.352
23,19,numeric,0.1,0.05,no_decoy,target,1,6.634
23,20,perceptual,0.1,0.05,no_decoy,target,1,5.586
23,21,perceptual,0.1,0.05,target,competitor,0,13.823
23,22,perceptual,0.1,0.05,target,competitor,0,3.23
23,23,perceptual,0.03,0.05,competitor,target,1,9.55
23,24,perceptual,0.1,0.05,target,decoy,0,7.016
23,25,numeric,0.03,0.05,no_decoy,target,1,6.1
23,26,numeric,0.1,0.05,target,target,1,14.865
23,27,perceptual,0.1,0.05,no_decoy,target,1,3.721
23,28,perceptual,0.03,0.05,no_decoy,target,1,6.55
23,29,perceptual,0.03,0.05,target,target,1,4.379
23,30,perceptual,0.1,0.2,no_decoy,target,1,4.865
23,31,numeric,0.1,0.2,no_decoy,target,1,6.249
23,32,numeric,0.03,0.2,competitor,competitor,0,9.984
23,33,perceptual,0.1,0.2,competitor,target,1,5.134
23,34,perceptual,0.1,0.05,competitor,decoy,0,7.083
23,35,perceptual,0.1,0.2,no_decoy,competitor,0,5.517
23,36,numeric,0.1,0.2,no_decoy,target,1,13.886
23,37,perceptual,0.1,0.2,competitor,competitor,0,17.64
23,38,perceptual,0.03,0.05,no_decoy,competitor,0,9.982
23,39,numeric,0.1,0.2,target,target,1,13.932
23,40,numeric,0.1,0.2,target,target,1,11.639
23,41,numeric,0.03,0.05,target,target,1,14.59
23,42,numeric,0.03,0.2,competitor,target,1,11.942
23,43,numeric,0.03,0.2,target,target,1,7.439
23,44,numeric,0.1,0.2,competitor,target,1,10.171
23,45,perceptual,0.1,0.05,no_decoy,competitor,0,7.716
23,46,numeric,0.03,0.05,target,target,1,6.849
23,47,numeric,0.03,0.05,target,target,1,14.04
23,48,perceptual,0.1,0.05,competitor,competitor,0,12.999
23,49,perceptual,0.03,0.05,competitor,decoy,0,9.306
23,50,perceptual,0.03,0.05,competitor,competitor,0,6.138
23,51,numeric,0.1,0.2,no_decoy,target,1,6.416
23,52,perceptual,0.03,0.05,competitor,decoy,0,10.689
23,53,numeric,0.1,0.05,target,target,1,5.716
23,55,perceptual,0.1,0.2,competitor,competitor,0,15.511
23,56,numeric,0.03,0.05,target,target,1,6.335
23,57,perceptual,0.1,0.2,target,competitor,0,6.433
23,58,numeric,0.1,0.2,target,target,1,7.615
23,59,numeric,0.1,0.05,competitor,competitor,0,8.973
23,60,numeric,0.03,0.05,no_decoy,target,1,13.042
23,61,perceptual,0.03,0.2,competitor,target,1,5.157
23,62,numeric,0.1,0.05,target,decoy,0,12.682
23,63,numeric,0.1,0.05,target,target,1,6.569
23,64,perceptual,0.1,0.05,no_decoy,target,1,4.5
23,65,numeric,0.03,0.05,no_decoy,competitor,0,5.761
23,66,numeric,0.1,0.05,no_decoy,competitor,0,11.3
23,67,numeric,0.1,0.05,target,target,1,8.83
23,68,perceptual,0.03,0.05,competitor,decoy,0,5.436
23,69,perceptual,0.03,0.2,competitor,competitor,0,12.157
23,70,perceptual,0.03,0.05,no_decoy,competitor,0,4.516
23,71,numeric,0.1,0.05,no_decoy,target,1,6.424
23,72,perceptual,0.1,0.2,target,target,1,9.315
23,73,numeric,0.1,0.05,target,target,1,13.767
23,74,perceptual,0.03,0.2,competitor,target,1,5.567
23,75,perceptual,0.03,0.2,no_decoy,target,1,4.219
23,76,numeric,0.1,0.2,no_decoy,target,1,5.4
23,77,numeric,0.03,0.05,no_decoy,target,1,5.146
23,78,perceptual,0.1,0.2,target,competitor,0,6.968
23,79,numeric,0.03,0.05,competitor,target,1,7.773
23,80,perceptual,0.1,0.05,no_decoy,target,1,4.947
23,81,perceptual,0.1,0.05,competitor,target,1,4.51
23,82,perceptual,0.03,0.05,target,target,1,5.79
23,83,numeric,0.1,0.05,no_decoy,competitor,0,8.733
23,84,perceptual,0.1,0.05,no_decoy,target,1,4.202
23,85,numeric,0.1,0.2,no_decoy,target,1,5.819
23,86,perceptual,0.1,0.05,competitor,competitor,0,7.257
23,87,numeric,0.1,0.2,competitor,target,1,10.382
23,88,perceptual,0.03,0.2,no_decoy,target,1,5.482
23,89,numeric,0.03,0.05,competitor,decoy,0,8.514
23,90,perceptual,0.1,0.2,competitor,target,1,5.849
23,91,numeric,0.1,0.05,competitor,competitor,0,18.555
23,92,perceptual,0.03,0.2,target,competitor,0,4.667
23,93,perceptual,0.1,0.05,no_decoy,target,1,9.933
23,94,numeric,0.03,0.05,no_decoy,competitor,0,6.605
23,95,numeric,0.03,0.2,target,target,1,10.303
23,96,numeric,0.03,0.2,no_decoy,target,1,14.715
23,97,numeric,0.03,0.05,no_decoy,target,1,6.833
23,98,numeric,0.1,0.05,target,target,1,5.88
23,99,numeric,0.1,0.05,competitor,competitor,0,6.967
23,100,numeric,0.03,0.2,competitor,target,1,5.9
23,101,perceptual,0.03,0.2,target,competitor,0,4.49
23,102,numeric,0.1,0.2,target,target,1,6.135
23,103,perceptual,0.03,0.05,target,competitor,0,4.399
23,104,perceptual,0.03,0.2,no_decoy,target,1,4.733
23,105,numeric,0.03,0.2,competitor,competitor,0,9.302
23,106,perceptual,0.1,0.05,competitor,decoy,0,6.582
23,107,perceptual,0.1,0.2,no_decoy,target,1,4.271
23,108,numeric,0.1,0.2,competitor,target,1,7.166
23,109,numeric,0.1,0.05,competitor,competitor,0,11.399
23,110,perceptual,0.03,0.2,target,competitor,0,10.215
23,111,numeric,0.03,0.05,no_decoy,competitor,0,10.5
23,112,numeric,0.1,0.2,competitor,competitor,0,6.303
23,113,perceptual,0.03,0.2,no_decoy,target,1,4.149
23,114,perceptual,0.1,0.2,competitor,competitor,0,4.947
23,115,perceptual,0.03,0.2,competitor,competitor,0,9.198
23,116,numeric,0.03,0.2,target,target,1,7.184
23,117,numeric,0.03,0.05,competitor,target,1,10.907
23,118,perceptual,0.1,0.2,target,competitor,0,6.797
23,119,numeric,0.1,0.05,competitor,competitor,0,7.772
23,120,numeric,0.03,0.2,no_decoy,competitor,0,5.596
23,121,numeric,0.03,0.2,competitor,competitor,0,10.351
23,122,numeric,0.03,0.05,target,target,1,9.463
23,123,perceptual,0.1,0.2,competitor,target,1,4.585
23,124,numeric,0.1,0.05,no_decoy,competitor,0,5.436
23,125,numeric,0.03,0.05,target,target,1,6.704
23,126,perceptual,0.03,0.05,target,competitor,0,4.338
23,127,perceptual,0.1,0.2,no_decoy,competitor,0,3.299
23,128,numeric,0.03,0.2,target,target,1,8.989
23,129,perceptual,0.1,0.2,no_decoy,target,1,4.151
23,130,perceptual,0.1,0.2,competitor,competitor,0,2.4
23,131,numeric,0.1,0.05,no_decoy,target,1,5.585
23,132,numeric,0.03,0.2,no_decoy,target,1,5.346
23,133,numeric,0.1,0.2,target,target,1,6.822
23,134,perceptual,0.03,0.05,competitor,target,1,2.864
23,135,numeric,0.03,0.05,competitor,target,1,6.059
23,136,perceptual,0.03,0.05,target,target,1,5.369
23,137,numeric,0.1,0.2,target,target,1,6.623
23,138,numeric,0.1,0.2,no_decoy,target,1,4.999
23,139,numeric,0.1,0.2,target,target,1,6.364
23,140,numeric,0.1,0.2,competitor,competitor,0,8.914
23,141,numeric,0.03,0.2,competitor,target,1,3.271
23,142,numeric,0.03,0.05,competitor,competitor,0,6.1
23,143,perceptual,0.03,0.05,no_decoy,competitor,0,3.617
23,144,numeric,0.03,0.2,competitor,target,1,10.616
23,145,numeric,0.1,0.2,target,target,1,6.794
23,146,perceptual,0.1,0.2,no_decoy,competitor,0,5.482
23,147,perceptual,0.03,0.05,target,decoy,0,4.748
23,148,perceptual,0.1,0.05,target,decoy,0,4.014
23,149,numeric,0.03,0.2,target,competitor,0,12.672
23,150,perceptual,0.03,0.05,no_decoy,target,1,2.599
23,151,perceptual,0.03,0.2,target,competitor,0,5.672
23,152,perceptual,0.03,0.2,no_decoy,competitor,0,5.397
23,153,perceptual,0.03,0.05,competitor,target,1,4.871
23,154,perceptual,0.03,0.2,target,target,1,9.184
23,155,numeric,0.03,0.05,target,target,1,6.34
23,156,numeric,0.1,0.2,no_decoy,target,1,5.191
23,157,numeric,0.1,0.05,no_decoy,target,1,9.649
23,158,perceptual,0.1,0.2,competitor,target,1,4.916
23,159,perceptual,0.03,0.2,no_decoy,competitor,0,5.184
23,160,numeric,0.03,0.05,no_decoy,target,1,8.999
23,161,numeric,0.1,0.2,no_decoy,target,1,7.933
23,162,perceptual,0.1,0.05,target,target,1,4.366
23,163,numeric,0.03,0.05,target,target,1,14.156
23,164,numeric,0.03,0.2,no_decoy,competitor,0,10.033
23,165,numeric,0.03,0.05,target,target,1,8.136
23,166,perceptual,0.1,0.2,no_decoy,target,1,3.8
23,167,perceptual,0.03,0.2,target,target,1,4.118
23,168,perceptual,0.03,0.2,competitor,competitor,0,4.866
23,169,numeric,0.03,0.05,competitor,competitor,0,7.515
23,170,numeric,0.03,0.2,no_decoy,target,1,5.28
23,171,numeric,0.03,0.05,no_decoy,target,1,5.111
23,172,perceptual,0.03,0.2,no_decoy,competitor,0,5.497
23,173,numeric,0.03,0.2,no_decoy,competitor,0,8.181
23,174,perceptual,0.1,0.05,no_decoy,target,1,4.544
23,175,numeric,0.03,0.05,no_decoy,target,1,9.633
23,176,numeric,0.03,0.05,competitor,target,1,8.883
23,177,numeric,0.1,0.05,no_decoy,target,1,6.937
23,178,numeric,0.03,0.05,competitor,competitor,0,7.769
23,179,numeric,0.1,0.2,competitor,target,1,14.659
23,180,perceptual,0.1,0.05,competitor,competitor,0,3.499
23,181,perceptual,0.03,0.05,target,competitor,0,4.817
23,182,numeric,0.1,0.05,competitor,competitor,0,9.286
23,183,perceptual,0.1,0.2,competitor,target,1,5.783
23,184,perceptual,0.03,0.2,no_decoy,target,1,4.251
23,185,numeric,0.03,0.05,competitor,competitor,0,14.765
23,186,perceptual,0.03,0.05,competitor,decoy,0,5.433
23,187,numeric,0.03,0.2,no_decoy,competitor,0,7.79
23,188,perceptual,0.1,0.2,target,target,1,4.031
23,189,numeric,0.03,0.2,competitor,competitor,0,5.246
23,190,perceptual,0.1,0.05,competitor,target,1,4.538
23,191,numeric,0.1,0.2,target,competitor,0,5.42
23,192,perceptual,0.1,0.2,no_decoy,competitor,0,8.155
23,193,perceptual,0.03,0.2,target,target,1,5.127
23,194,numeric,0.1,0.05,competitor,target,1,5.899
23,195,perceptual,0.03,0.05,no_decoy,target,1,4.79
23,196,numeric,0.1,0.2,competitor,competitor,0,8.888
23,197,perceptual,0.1,0.05,no_decoy,target,1,5.275
23,198,perceptual,0.03,0.05,no_decoy,target,1,6.183
23,199,numeric,0.1,0.2,target,target,1,7.73
23,200,numeric,0.03,0.05,target,target,1,10.061
23,201,perceptual,0.1,0.2,target,target,1,4.418
23,202,perceptual,0.1,0.2,competitor,competitor,0,6.672
23,203,perceptual,0.03,0.2,target,target,1,2.715
23,204,perceptual,0.1,0.05,competitor,target,1,4.147
23,205,perceptual,0.1,0.2,no_decoy,competitor,0,5.616
23,206,numeric,0.1,0.05,competitor,competitor,0,7.615
23,207,numeric,0.03,0.2,target,target,1,7.03
23,208,perceptual,0.1,0.2,competitor,target,1,3.779
23,209,numeric,0.1,0.05,target,target,1,6.046
23,210,numeric,0.1,0.05,no_decoy,target,1,9.257
23,211,perceptual,0.1,0.2,competitor,target,1,4.599
23,212,numeric,0.1,0.05,competitor,target,1,12.566
23,213,perceptual,0.1,0.05,target,competitor,0,4.897
23,214,numeric,0.03,0.2,competitor,target,1,10.913
23,215,numeric,0.1,0.2,no_decoy,target,1,5.717
23,216,numeric,0.1,0.2,competitor,target,1,9.464
23,217,numeric,0.1,0.05,competitor,competitor,0,8.746
23,218,perceptual,0.03,0.05,no_decoy,competitor,0,5.153
23,219,perceptual,0.1,0.2,no_decoy,target,1,3.7
23,220,numeric,0.03,0.2,target,target,1,11.381
23,221,perceptual,0.03,0.2,no_decoy,target,1,4.762
23,222,numeric,0.03,0.2,competitor,competitor,0,12.152
23,223,numeric,0.03,0.2,competitor,competitor,0,12.383
23,224,perceptual,0.1,0.05,target,target,1,4.517
23,225,numeric,0.03,0.2,no_decoy,target,1,5.569
23,226,numeric,0.03,0.05,no_decoy,target,1,5.321
23,227,perceptual,0.03,0.05,competitor,target,1,4.371
23,228,perceptual,0.03,0.05,target,competitor,0,5.39
23,229,perceptual,0.1,0.05,competitor,target,1,6.031
23,230,perceptual,0.03,0.2,competitor,competitor,0,3.584
23,231,perceptual,0.03,0.2,competitor,competitor,0,5.439
23,232,perceptual,0.1,0.05,competitor,competitor,0,4.218
23,233,numeric,0.1,0.2,no_decoy,competitor,0,7.114
23,234,numeric,0.1,0.05,no_decoy,competitor,0,4.855
23,235,perceptual,0.03,0.05,competitor,target,1,3.455
23,236,numeric,0.1,0.05,target,target,1,5.874
23,237,numeric,0.1,0.2,competitor,target,1,7.983
23,238,numeric,0.1,0.2,no_decoy,target,1,5.005
23,239,numeric,0.1,0.05,competitor,competitor,0,5.95
23,240,perceptual,0.03,0.2,target,decoy,0,3.697
23,241,perceptual,0.03,0.05,target,competitor,0,4.425
23,242,numeric,0.1,0.05,target,target,1,6.565
23,243,perceptual,0.03,0.2,no_decoy,target,1,3.81
23,244,perceptual,0.1,0.05,target,competitor,0,3.62
23,245,perceptual,0.1,0.2,no_decoy,target,1,4.716
23,246,perceptual,0.1,0.05,no_decoy,competitor,0,3.98
23,247,perceptual,0.03,0.2,target,target,1,3.68
23,248,numeric,0.03,0.2,no_decoy,target,1,6.1
23,249,perceptual,0.03,0.2,competitor,competitor,0,4.735
23,250,perceptual,0.1,0.2,target,target,1,3.529
23,251,numeric,0.03,0.2,target,target,1,8.765
23,252,numeric,0.1,0.05,no_decoy,target,1,5.733
23,253,numeric,0.03,0.2,target,target,1,7.108
23,254,numeric,0.03,0.2,no_decoy,target,1,5.567
23,255,numeric,0.1,0.05,target,target,1,9.638
23,256,perceptual,0.03,0.2,competitor,competitor,0,4.024
23,257,numeric,0.1,0.2,target,target,1,9.622
23,258,numeric,0.03,0.2,no_decoy,competitor,0,4.814
23,259,perceptual,0.03,0.05,no_decoy,target,1,3.956
23,260,numeric,0.03,0.05,competitor,competitor,0,10.297
23,261,perceptual,0.1,0.2,target,competitor,0,4.904
23,262,numeric,0.1,0.2,competitor,target,1,14.365
23,263,perceptual,0.03,0.05,competitor,target,1,3.483
23,264,perceptual,0.1,0.2,no_decoy,competitor,0,6.015
23,265,numeric,0.03,0.05,target,target,1,8.598
23,266,numeric,0.03,0.2,target,target,1,16.385
23,267,perceptual,0.03,0.05,target,competitor,0,5.383
23,268,perceptual,0.03,0.2,competitor,competitor,0,3.777
23,269,numeric,0.1,0.2,competitor,target,1,10.977
23,270,perceptual,0.03,0.2,no_decoy,target,1,4.078
23,271,perceptual,0.1,0.05,competitor,target,1,4.648
23,272,numeric,0.03,0.05,competitor,competitor,0,9.068
23,273,perceptual,0.03,0.05,no_decoy,target,1,3.376
23,274,perceptual,0.1,0.2,target,competitor,0,3.3
23,275,numeric,0.03,0.2,target,target,1,6.97
23,276,perceptual,0.1,0.05,target,target,1,3.014
23,277,numeric,0.1,0.05,no_decoy,target,1,6.42
23,278,perceptual,0.1,0.05,no_decoy,competitor,0,3.235
23,279,numeric,0.1,0.2,target,target,1,9.946
23,280,perceptual,0.03,0.2,target,competitor,0,4.453
23,281,numeric,0.03,0.2,no_decoy,target,1,4.488
23,282,perceptual,0.1,0.05,competitor,target,1,3.536
23,283,perceptual,0.03,0.2,target,target,1,4.507
23,284,numeric,0.03,0.2,competitor,target,1,9.148
23,285,perceptual,0.03,0.05,no_decoy,competitor,0,3.618
23,286,perceptual,0.03,0.2,competitor,target,1,3.081
23,287,perceptual,0.1,0.05,target,target,1,7.236
23,288,perceptual,0.1,0.2,target,target,1,4.618
24,1,numeric,0.03,0.2,target,competitor,0,16.546
24,2,numeric,0.03,0.2,competitor,target,1,6.85
24,3,numeric,0.03,0.2,target,target,1,10.268
24,4,numeric,0.03,0.2,competitor,target,1,6.715
24,5,perceptual,0.03,0.2,target,competitor,0,6.16
24,6,numeric,0.03,0.05,target,decoy,0,7.647
24,7,perceptual,0.03,0.05,competitor,target,1,5.369
24,8,numeric,0.1,0.2,target,decoy,0,8.292
24,9,numeric,0.1,0.2,target,competitor,0,6.19
24,10,numeric,0.03,0.05,competitor,target,1,13.64
24,11,numeric,0.1,0.05,competitor,decoy,0,12.114
24,12,perceptual,0.1,0.05,no_decoy,target,1,4.427
24,13,perceptual,0.03,0.2,no_decoy,competitor,0,3.954
24,14,perceptual,0.03,0.2,no_decoy,target,1,4.918
24,15,perceptual,0.1,0.05,target,decoy,0,5.198
24,16,numeric,0.1,0.05,target,target,1,11.693
24,17,perceptual,0.1,0.05,competitor,target,1,7.491
24,18,perceptual,0.1,0.2,competitor,target,1,8.82
24,19,numeric,0.1,0.05,no_decoy,target,1,5.772
24,20,perceptual,0.1,0.05,no_decoy,competitor,0,3.584
24,21,numeric,0.1,0.05,competitor,competitor,0,5.836
24,22,numeric,0.1,0.2,no_decoy,competitor,0,10.751
24,23,numeric,0.03,0.05,no_decoy,competitor,0,4.196
24,24,perceptual,0.1,0.05,competitor,decoy,0,9.011
24,25,numeric,0.03,0.05,no_decoy,target,1,4.269
24,26,perceptual,0.03,0.2,no_decoy,target,1,4.195
24,27,perceptual,0.03,0.2,competitor,target,1,5.88
24,28,numeric,0.1,0.2,no_decoy,target,1,6.803
24,29,numeric,0.03,0.2,target,competitor,0,6.404
24,30,numeric,0.03,0.2,competitor,competitor,0,6.001
24,31,numeric,0.1,0.2,target,target,1,7.18
24,32,perceptual,0.03,0.05,no_decoy,competitor,0,3.572
24,33,perceptual,0.03,0.05,no_decoy,competitor,0,5.009
24,34,perceptual,0.1,0.2,competitor,competitor,0,4.071
24,35,numeric,0.03,0.2,no_decoy,target,1,5.748
24,36,perceptual,0.1,0.2,target,competitor,0,4.113
24,37,numeric,0.1,0.2,competitor,target,1,3.818
24,38,numeric,0.03,0.05,no_decoy,competitor,0,5.501
24,39,numeric,0.03,0.2,competitor,target,1,8.281
24,40,perceptual,0.1,0.2,no_decoy,competitor,0,2.86
24,41,numeric,0.1,0.2,no_decoy,target,1,7.73
24,42,perceptual,0.03,0.05,no_decoy,target,1,4.219
24,43,numeric,0.1,0.05,target,target,1,7.723
24,44,numeric,0.03,0.2,target,target,1,11.623
24,45,numeric,0.03,0.05,no_decoy,competitor,0,7.755
24,46,perceptual,0.1,0.2,no_decoy,competitor,0,5.496
24,47,numeric,0.03,0.05,no_decoy,target,1,7.4
24,48,numeric,0.03,0.05,no_decoy,target,1,4.549
24,49,numeric,0.1,0.05,competitor,competitor,0,6.354
24,50,numeric,0.1,0.05,target,target,1,8.751
24,51,perceptual,0.03,0.05,no_decoy,target,1,3.197
24,52,numeric,0.1,0.2,competitor,competitor,0,12.188
24,53,perceptual,0.1,0.2,competitor,competitor,0,5.034
24,54,numeric,0.1,0.05,target,target,1,7.849
24,55,perceptual,0.1,0.2,no_decoy,competitor,0,7.426
24,56,numeric,0.03,0.05,competitor,target,1,4.981
24,57,numeric,0.1,0.2,target,target,1,5.097
24,58,numeric,0.1,0.2,no_decoy,target,1,4.233
24,59,perceptual,0.1,0.05,competitor,target,1,3.819
24,60,numeric,0.1,0.05,no_decoy,target,1,6.633
24,61,numeric,0.1,0.2,competitor,target,1,6.566
24,62,perceptual,0.03,0.05,competitor,competitor,0,5.027
24,63,numeric,0.1,0.2,target,target,1,6.251
24,64,perceptual,0.03,0.2,no_decoy,competitor,0,4.168
24,65,numeric,0.03,0.2,competitor,target,1,8.76
24,66,perceptual,0.1,0.2,target,decoy,0,4.323
24,67,perceptual,0.03,0.05,target,decoy,0,5.217
24,68,numeric,0.03,0.2,target,target,1,5.815
24,69,perceptual,0.1,0.05,competitor,decoy,0,5.266
24,70,perceptual,0.03,0.2,competitor,competitor,0,3.186
24,71,numeric,0.03,0.2,target,competitor,0,5.982
24,72,perceptual,0.1,0.2,target,competitor,0,7.797
24,73,perceptual,0.03,0.05,target,competitor,0,3.987
24,74,numeric,0.03,0.2,no_decoy,target,1,4.009
24,75,perceptual,0.1,0.05,no_decoy,competitor,0,5.247
24,76,perceptual,0.1,0.2,target,competitor,0,3.344
24,77,numeric,0.1,0.2,target,decoy,0,7.162
24,78,perceptual,0.03,0.05,target,target,1,4.889
24,79,perceptual,0.03,0.05,target,target,1,7.45
24,80,numeric,0.1,0.05,no_decoy,target,1,5.284
24,81,numeric,0.1,0.05,competitor,competitor,0,5.659
24,82,perceptual,0.03,0.05,competitor,target,1,5.033
24,83,numeric,0.03,0.2,no_decoy,competitor,0,5.508
24,84,perceptual,0.1,0.05,target,competitor,0,3.397
24,85,perceptual,0.03,0.2,competitor,target,1,7.338
24,86,perceptual,0.1,0.2,target,target,1,6.88
24,87,perceptual,0.1,0.05,target,decoy,0,6.966
24,88,numeric,0.1,0.2,target,target,1,8.396
24,89,numeric,0.03,0.05,target,target,1,5.219
24,90,numeric,0.03,0.2,target,target,1,7.632
24,91,perceptual,0.1,0.05,no_decoy,target,1,4.828
24,92,perceptual,0.1,0.05,target,competitor,0,5.15
24,93,numeric,0.1,0.05,no_decoy,target,1,5.701
24,94,numeric,0.03,0.2,no_decoy,target,1,6.822
24,95,perceptual,0.1,0.2,competitor,competitor,0,4.559
24,96,perceptual,0.03,0.05,target,target,1,11.421
24,97,numeric,0.1,0.05,no_decoy,target,1,5.015
24,98,numeric,0.1,0.2,target,target,1,6.819
24,99,perceptual,0.1,0.2,target,competitor,0,3.313
24,100,perceptual,0.1,0.2,no_decoy,competitor,0,5.665
24,101,numeric,0.1,0.2,competitor,target,1,8.147
24,102,perceptual,0.1,0.05,no_decoy,competitor,0,8.881
24,103,perceptual,0.1,0.2,no_decoy,competitor,0,3.63
24,104,perceptual,0.03,0.2,target,competitor,0,7.933
24,105,perceptual,0.1,0.2,no_decoy,target,1,4.719
24,106,numeric,0.03,0.05,target,target,1,7.154
24,107,numeric,0.1,0.05,competitor,target,1,6.848
24,108,numeric,0.03,0.05,competitor,target,1,6.577
24,109,perceptual,0.03,0.05,target,competitor,0,8.501
24,110,perceptual,0.1,0.05,target,target,1,6.608
24,111,perceptual,0.03,0.2,target,competitor,0,5.016
24,112,perceptual,0.1,0.05,competitor,target,1,3.951
24,113,perceptual,0.1,0.2,no_decoy,competitor,0,3.476
24,114,perceptual,0.1,0.2,no_decoy,target,1,3.286
24,115,perceptual,0.1,0.05,competitor,target,1,4.555
24,116,numeric,0.03,0.05,competitor,competitor,0,7.017
24,117,perceptual,0.1,0.05,no_decoy,target,1,2.658
24,118,numeric,0.03,0.05,competitor,competitor,0,6.859
24,119,numeric,0.1,0.05,target,target,1,5.034
24,120,perceptual,0.03,0.2,target,competitor,0,3.671
24,121,perceptual,0.1,0.05,no_decoy,target,1,2.902
24,122,perceptual,0.1,0.2,competitor,decoy,0,4.881
24,123,perceptual,0.1,0.2,target,competitor,0,4.38
24,124,perceptual,0.1,0.05,target,target,1,7.021
24,125,numeric,0.1,0.2,competitor,target,1,4.334
24,126,perceptual,0.03,0.2,competitor,target,1,4.168
24,127,perceptual,0.1,0.05,no_decoy,competitor,0,4.332
24,128,numeric,0.1,0.05,no_decoy,target,1,8.346
24,129,perceptual,0.03,0.05,no_decoy,target,1,3.119
24,130,perceptual,0.1,0.2,target,competitor,0,4.765
24,131,numeric,0.03,0.05,no_decoy,target,1,4.893
24,132,perceptual,0.1,0.2,target,target,1,4.066
24,133,perceptual,0.03,0.05,competitor,target,1,5.266
24,134,numeric,0.03,0.2,competitor,competitor,0,9.22
24,135,perceptual,0.03,0.2,competitor,target,1,5.263
24,136,perceptual,0.1,0.05,no_decoy,target,1,5.764
24,137,numeric,0.1,0.2,no_decoy,target,1,4.352
24,138,perceptual,0.03,0.05,target,target,1,8.061
24,139,perceptual,0.03,0.05,competitor,target,1,3.467
24,140,numeric,0.03,0.2,competitor,competitor,0,14.272
24,141,perceptual,0.03,0.05,no_decoy,competitor,0,5.172
24,142,numeric,0.03,0.05,no_decoy,target,1,5.402
24,143,perceptual,0.1,0.05,no_decoy,competitor,0,3.003
24,144,numeric,0.03,0.05,target,target,1,7.282
24,145,numeric,0.03,0.05,target,target,1,12.95
24,146,numeric,0.1,0.05,target,target,1,6.311
24,147,numeric,0.03,0.05,competitor,target,1,5.71
24,148,perceptual,0.03,0.05,competitor,competitor,0,4.329
24,149,perceptual,0.03,0.2,no_decoy,competitor,0,5.005
24,150,numeric,0.1,0.2,competitor,target,1,5.67
24,151,perceptual,0.03,0.2,no_decoy,target,1,3.992
24,152,perceptual,0.03,0.05,no_decoy,competitor,0,3.801
24,153,perceptual,0.1,0.2,target,competitor,0,3.703
24,154,numeric,0.1,0.05,target,target,1,10.882
24,155,numeric,0.03,0.05,target,target,1,8.946
24,156,numeric,0.1,0.05,competitor,target,1,5.352
24,157,numeric,0.1,0.05,competitor,target,1,6.782
24,158,numeric,0.03,0.2,target,target,1,10.314
24,159,perceptual,0.03,0.2,competitor,competitor,0,5.789
24,160,perceptual,0.03,0.05,target,decoy,0,4.684
24,161,perceptual,0.03,0.2,no_decoy,competitor,0,3.501
24,162,perceptual,0.03,0.2,no_decoy,target,1,4.413
24,163,numeric,0.03,0.05,target,target,1,5.788
24,164,numeric,0.1,0.05,no_decoy,target,1,5.367
24,165,perceptual,0.03,0.2,competitor,target,1,5.066
24,166,perceptual,0.1,0.05,target,target,1,5.684
24,167,perceptual,0.1,0.05,target,target,1,4.987
24,168,perceptual,0.1,0.05,target,competitor,0,3.168
24,169,perceptual,0.1,0.05,competitor,target,1,4.809
24,170,numeric,0.1,0.05,competitor,target,1,7.575
24,171,perceptual,0.03,0.05,competitor,target,1,4.969
24,172,numeric,0.1,0.05,target,target,1,6.331
24,173,numeric,0.03,0.05,target,target,1,6.781
24,174,numeric,0.03,0.05,target,competitor,0,9.167
24,175,numeric,0.1,0.05,no_decoy,target,1,3.659
24,176,perceptual,0.03,0.2,target,decoy,0,3.797
24,177,perceptual,0.1,0.05,no_decoy,target,1,3.063
24,178,numeric,0.03,0.2,competitor,target,1,7.165
24,179,perceptual,0.03,0.05,target,target,1,0.012
24,180,numeric,0.1,0.05,competitor,target,1,7.081
24,181,numeric,0.1,0.2,no_decoy,target,1,4.196
24,182,numeric,0.03,0.2,no_decoy,target,1,7.052
24,183,numeric,0.03,0.05,no_decoy,target,1,7.124
24,184,perceptual,0.1,0.05,competitor,decoy,0,4.3
24,185,perceptual,0.03,0.2,no_decoy,target,1,3.215
24,186,perceptual,0.03,0.2,no_decoy,competitor,0,3.178
24,187,numeric,0.03,0.2,target,competitor,0,7.776
24,188,numeric,0.1,0.05,no_decoy,target,1,5.763
24,189,numeric,0.03,0.05,no_decoy,target,1,6.255
24,190,numeric,0.03,0.2,no_decoy,competitor,0,6.881
24,191,perceptual,0.03,0.05,no_decoy,target,1,5.702
24,192,perceptual,0.1,0.05,target,decoy,0,4.835
24,193,numeric,0.03,0.05,competitor,competitor,0,6.3
24,194,perceptual,0.1,0.05,competitor,target,1,3.869
24,195,perceptual,0.1,0.05,competitor,target,1,3.502
24,196,perceptual,0.03,0.05,target,competitor,0,6.946
24,197,perceptual,0.1,0.2,no_decoy,competitor,0,3.235
24,198,numeric,0.03,0.05,competitor,competitor,0,10.453
24,199,numeric,0.03,0.05,no_decoy,competitor,0,7.356
24,200,numeric,0.1,0.2,target,target,1,7.668
24,201,perceptual,0.03,0.2,competitor,target,1,3.2
24,202,perceptual,0.1,0.05,no_decoy,competitor,0,3.267
24,203,numeric,0.03,0.2,target,competitor,0,5.071
24,204,numeric,0.03,0.05,target,competitor,0,9.397
24,205,numeric,0.1,0.2,target,target,1,11.054
24,206,numeric,0.03,0.05,competitor,target,1,5.153
24,207,perceptual,0.03,0.2,competitor,target,1,4.8
24,208,perceptual,0.03,0.05,competitor,target,1,3.719
24,209,numeric,0.03,0.05,no_decoy,target,1,5.347
24,210,numeric,0.1,0.2,competitor,target,1,7.924
24,211,numeric,0.1,0.2,competitor,target,1,7.652
24,212,perceptual,0.1,0.2,no_decoy,competitor,0,2.969
24,213,perceptual,0.03,0.2,target,competitor,0,3.418
24,214,numeric,0.1,0.2,competitor,competitor,0,4.841
24,215,perceptual,0.03,0.05,no_decoy,target,1,5.201
24,216,numeric,0.1,0.05,no_decoy,target,1,5.572
24,217,numeric,0.03,0.2,no_decoy,target,1,6.652
24,218,perceptual,0.03,0.05,no_decoy,competitor,0,3.037
24,219,numeric,0.1,0.2,competitor,target,1,5.102
24,220,perceptual,0.03,0.2,target,competitor,0,3.641
24,221,perceptual,0.03,0.05,competitor,target,1,4.921
24,222,numeric,0.03,0.2,competitor,competitor,0,7.329
24,223,numeric,0.1,0.05,competitor,competitor,0,5.632
24,224,numeric,0.1,0.2,target,target,1,5.839
24,225,perceptual,0.03,0.05,target,decoy,0,6.227
24,226,perceptual,0.1,0.05,competitor,target,1,2.636
24,227,perceptual,0.1,0.2,competitor,decoy,0,7.258
24,228,perceptual,0.1,0.2,target,decoy,0,6.491
24,229,numeric,0.03,0.2,competitor,target,1,4.947
24,230,numeric,0.1,0.2,no_decoy,target,1,3.32
24,231,numeric,0.1,0.2,no_decoy,target,1,3.637
24,232,numeric,0.03,0.2,competitor,competitor,0,6.868
24,233,perceptual,0.1,0.05,target,decoy,0,6.719
24,234,perceptual,0.03,0.05,no_decoy,competitor,0,3.748
24,235,perceptual,0.03,0.05,competitor,decoy,0,4.415
24,236,perceptual,0.03,0.2,target,competitor,0,3.507
24,237,numeric,0.1,0.05,no_decoy,target,1,5.604
24,238,numeric,0.1,0.2,target,target,1,7.073
24,239,numeric,0.1,0.05,target,target,1,4.049
24,240,numeric,0.1,0.05,no_decoy,target,1,5.486
24,241,perceptual,0.03,0.2,target,decoy,0,4.301
24,242,numeric,0.1,0.2,competitor,competitor,0,6.999
24,243,numeric,0.03,0.2,no_decoy,target,1,6.077
24,244,numeric,0.03,0.2,target,target,1,7.852
24,245,numeric,0.03,0.2,no_decoy,target,1,4.87
24,246,perceptual,0.1,0.2,competitor,target,1,3.768
24,247,numeric,0.03,0.05,competitor,competitor,0,4.812
24,248,perceptual,0.1,0.2,no_decoy,target,1,4.052
24,249,numeric,0.03,0.2,no_decoy,competitor,0,4.535
24,250,perceptual,0.03,0.2,target,decoy,0,3.734
24,251,perceptual,0.1,0.2,competitor,decoy,0,5.303
24,252,perceptual,0.1,0.05,competitor,decoy,0,5.773
24,253,numeric,0.1,0.2,no_decoy,target,1,4.397
24,254,perceptual,0.1,0.2,competitor,competitor,0,4.933
24,255,perceptual,0.03,0.2,target,decoy,0,4.669
24,256,perceptual,0.1,0.2,competitor,competitor,0,8.265
24,257,numeric,0.1,0.05,competitor,target,1,4.623
24,258,numeric,0.03,0.2,competitor,competitor,0,6.155
24,259,perceptual,0.03,0.2,competitor,target,1,2.918
24,260,perceptual,0.1,0.2,competitor,target,1,3.572
24,261,numeric,0.1,0.2,no_decoy,target,1,3.72
24,262,numeric,0.1,0.2,competitor,competitor,0,8.484
24,263,numeric,0.1,0.2,no_decoy,target,1,4.709
24,264,perceptual,0.1,0.2,no_decoy,competitor,0,4.407
24,265,perceptual,0.03,0.2,target,competitor,0,6.136
24,266,perceptual,0.03,0.05,target,target,1,3.53
24,267,perceptual,0.03,0.2,competitor,target,1,3.913
24,268,perceptual,0.03,0.2,competitor,competitor,0,3.51
24,269,numeric,0.1,0.05,target,target,1,5.36
24,270,numeric,0.03,0.2,no_decoy,competitor,0,5.378
24,271,numeric,0.03,0.05,target,target,1,7.176
24,272,perceptual,0.03,0.05,competitor,competitor,0,4.314
24,273,numeric,0.03,0.05,target,target,1,9.822
24,274,perceptual,0.1,0.2,target,decoy,0,4.057
24,275,perceptual,0.03,0.05,competitor,decoy,0,4.317
24,276,perceptual,0.1,0.05,target,competitor,0,5.239
24,277,perceptual,0.03,0.05,no_decoy,target,1,3.734
24,278,perceptual,0.03,0.2,no_decoy,target,1,3.335
24,279,numeric,0.03,0.05,competitor,target,1,4.475
24,280,numeric,0.1,0.05,target,target,1,6.918
24,281,numeric,0.03,0.05,competitor,competitor,0,10.8
24,282,numeric,0.1,0.05,target,target,1,10.067
24,283,perceptual,0.03,0.2,no_decoy,competitor,0,2.96
24,284,numeric,0.03,0.2,no_decoy,target,1,3.34
24,285,numeric,0.1,0.2,no_decoy,target,1,4.603
24,286,numeric,0.03,0.2,target,target,1,4.97
24,287,numeric,0.1,0.05,competitor,competitor,0,7.29
24,288,perceptual,0.1,0.2,competitor,competitor,0,3.948
25,1,perceptual,0.03,0.05,target,decoy,0,6.733
25,2,perceptual,0.03,0.2,competitor,competitor,0,6.971
25,3,numeric,0.03,0.05,no_decoy,target,1,5.102
25,4,numeric,0.1,0.05,target,target,1,6.035
25,5,numeric,0.1,0.2,competitor,competitor,0,10.879
25,6,perceptual,0.03,0.05,target,competitor,0,7.692
25,7,numeric,0.03,0.2,no_decoy,competitor,0,17.012
25,8,numeric,0.03,0.2,no_decoy,target,1,8.903
25,9,numeric,0.03,0.2,target,competitor,0,11.393
25,10,numeric,0.03,0.2,target,competitor,0,6.704
25,11,numeric,0.1,0.05,no_decoy,target,1,7.904
25,12,perceptual,0.1,0.05,competitor,competitor,0,8.389
25,13,numeric,0.03,0.2,competitor,target,1,6.244
25,14,numeric,0.03,0.05,competitor,competitor,0,11.803
25,15,perceptual,0.03,0.05,competitor,target,1,7.779
25,16,perceptual,0.1,0.05,competitor,target,1,5.25
25,17,numeric,0.03,0.05,target,decoy,0,13.3
25,18,numeric,0.03,0.2,target,target,1,3.629
25,19,perceptual,0.1,0.2,no_decoy,target,1,6.069
25,20,numeric,0.1,0.2,target,target,1,9.299
25,21,perceptual,0.1,0.05,no_decoy,competitor,0,11.848
25,22,perceptual,0.1,0.2,no_decoy,target,1,7.75
25,23,numeric,0.03,0.05,target,target,1,8.732
25,24,numeric,0.1,0.2,no_decoy,target,1,7.385
25,25,perceptual,0.1,0.05,target,decoy,0,5.546
25,26,numeric,0.03,0.05,no_decoy,competitor,0,6.673
25,27,numeric,0.1,0.2,target,target,1,4.579
25,28,perceptual,0.1,0.2,no_decoy,target,1,5.434
25,29,numeric,0.03,0.2,competitor,competitor,0,6.308
25,30,numeric,0.03,0.2,target,target,1,13.558
25,31,numeric,0.1,0.05,target,target,1,5.089
25,32,numeric,0.03,0.05,no_decoy,target,1,3.982
25,33,perceptual,0.03,0.2,no_decoy,target,1,3.899
25,34,perceptual,0.1,0.05,competitor,competitor,0,5.928
25,35,perceptual,0.03,0.2,no_decoy,target,1,3.832
25,36,numeric,0.03,0.05,no_decoy,target,1,6.359
25,37,perceptual,0.1,0.05,no_decoy,competitor,0,4.652
25,38,perceptual,0.03,0.2,target,target,1,5.714
25,39,perceptual,0.03,0.2,no_decoy,competitor,0,3.511
25,40,numeric,0.03,0.2,no_decoy,competitor,0,12.183
25,41,perceptual,0.1,0.2,no_decoy,target,1,3.866
25,42,numeric,0.03,0.2,target,competitor,0,6.87
25,43,numeric,0.03,0.05,no_decoy,target,1,6.223
25,44,numeric,0.1,0.2,target,target,1,9.385
25,45,perceptual,0.03,0.2,competitor,target,1,5.441
25,46,numeric,0.1,0.05,no_decoy,competitor,0,14.592
25,47,perceptual,0.1,0.2,competitor,target,1,9.101
25,48,perceptual,0.03,0.05,target,decoy,0,7.053
25,49,perceptual,0.03,0.05,competitor,target,1,10.423
25,50,numeric,0.03,0.05,competitor,target,1,7.013
25,51,perceptual,0.03,0.2,competitor,target,1,8.014
25,52,numeric,0.1,0.05,competitor,competitor,0,7.753
25,53,perceptual,0.03,0.05,target,decoy,0,9.936
25,54,numeric,0.1,0.2,no_decoy,target,1,10.149
25,55,numeric,0.1,0.05,competitor,target,1,7.309
25,56,perceptual,0.1,0.05,target,decoy,0,4.784
25,57,perceptual,0.1,0.2,competitor,target,1,4.804
25,58,numeric,0.1,0.2,target,target,1,7.727
25,59,perceptual,0.03,0.2,no_decoy,competitor,0,6.196
25,60,perceptual,0.1,0.05,competitor,target,1,7.814
25,61,numeric,0.03,0.2,target,competitor,0,16.71
25,62,numeric,0.03,0.05,target,target,1,8.772
25,63,perceptual,0.1,0.2,no_decoy,target,1,7.657
25,64,perceptual,0.1,0.05,no_decoy,target,1,3.995
25,65,perceptual,0.1,0.05,competitor,target,1,9.409
25,66,numeric,0.1,0.05,competitor,target,1,4.785
25,67,perceptual,0.03,0.05,competitor,target,1,3.153
25,68,numeric,0.03,0.05,competitor,target,1,8.917
25,69,numeric,0.03,0.05,target,competitor,0,6.563
25,70,perceptual,0.03,0.05,target,decoy,0,5.411
25,71,numeric,0.03,0.2,no_decoy,target,1,8.654
25,72,perceptual,0.03,0.2,target,target,1,7.993
25,73,numeric,0.1,0.2,no_decoy,target,1,5.871
25,74,perceptual,0.1,0.05,target,decoy,0,7.292
25,75,numeric,0.03,0.05,competitor,target,1,7.851
25,76,numeric,0.1,0.05,competitor,target,1,8.931
25,77,numeric,0.1,0.05,competitor,competitor,0,8.548
25,78,numeric,0.1,0.05,no_decoy,competitor,0,6.036
25,79,perceptual,0.1,0.2,no_decoy,target,1,2.88
25,80,perceptual,0.03,0.05,competitor,target,1,7.539
25,81,perceptual,0.1,0.05,target,target,1,7.409
25,82,numeric,0.03,0.05,competitor,target,1,12.133
25,83,numeric,0.1,0.2,no_decoy,target,1,5.32
25,84,numeric,0.1,0.05,target,target,1,5.733
25,85,numeric,0.1,0.2,target,target,1,11.374
25,86,perceptual,0.1,0.2,competitor,target,1,6.683
25,87,numeric,0.1,0.05,no_decoy,competitor,0,5.691
25,88,perceptual,0.1,0.2,competitor,competitor,0,9.895
25,89,numeric,0.1,0.2,competitor,target,1,5.562
25,90,numeric,0.1,0.2,target,target,1,4.945
25,91,numeric,0.03,0.05,no_decoy,target,1,5.122
25,92,perceptual,0.03,0.2,target,competitor,0,10.721
25,93,numeric,0.03,0.2,competitor,competitor,0,9.395
25,94,numeric,0.1,0.05,no_decoy,target,1,5.587
25,95,perceptual,0.03,0.05,no_decoy,target,1,8.742
25,96,numeric,0.1,0.2,competitor,target,1,4.701
25,97,perceptual,0.1,0.05,target,target,1,13.533
25,98,perceptual,0.1,0.2,target,target,1,7.43
25,99,numeric,0.1,0.05,target,target,1,10.156
25,100,numeric,0.03,0.2,target,competitor,0,7.542
25,101,numeric,0.03,0.05,competitor,competitor,0,11.581
25,102,perceptual,0.03,0.05,target,target,1,8.408
25,103,perceptual,0.03,0.2,competitor,competitor,0,7.648
25,104,numeric,0.1,0.2,competitor,target,1,15.229
25,105,perceptual,0.1,0.2,no_decoy,target,1,8.524
25,106,perceptual,0.1,0.2,target,target,1,10.641
25,107,perceptual,0.1,0.05,no_decoy,target,1,3.732
25,108,numeric,0.03,0.2,no_decoy,target,1,6.923
25,109,numeric,0.03,0.2,competitor,target,1,11.104
25,110,numeric,0.1,0.05,competitor,target,1,5.207
25,111,perceptual,0.03,0.2,competitor,target,1,10.399
25,112,perceptual,0.03,0.05,competitor,competitor,0,6.426
25,113,numeric,0.03,0.05,no_decoy,target,1,9.721
25,114,perceptual,0.03,0.05,competitor,target,1,8.131
25,115,numeric,0.03,0.2,competitor,target,1,14.088
25,116,perceptual,0.1,0.2,no_decoy,target,1,5.968
25,117,perceptual,0.1,0.05,target,target,1,7.321
25,118,perceptual,0.03,0.2,target,target,1,5.379
25,119,perceptual,0.03,0.2,no_decoy,target,1,5.398
25,120,perceptual,0.1,0.2,target,competitor,0,14.151
25,121,perceptual,0.03,0.2,no_decoy,target,1,4.528
25,122,perceptual,0.1,0.2,competitor,target,1,8.287
25,123,numeric,0.03,0.05,no_decoy,target,1,6.655
25,124,numeric,0.03,0.2,target,target,1,5.83
25,125,perceptual,0.03,0.2,competitor,target,1,5.059
25,126,numeric,0.03,0.05,no_decoy,target,1,3.73
25,127,numeric,0.1,0.05,competitor,target,1,4.006
25,128,numeric,0.1,0.2,no_decoy,target,1,4.888
25,129,perceptual,0.1,0.2,target,target,1,7.1
25,130,perceptual,0.03,0.05,no_decoy,target,1,4.353
25,131,perceptual,0.03,0.05,no_decoy,target,1,5.536
25,132,perceptual,0.03,0.05,no_decoy,competitor,0,8.767
25,133,perceptual,0.03,0.2,no_decoy,competitor,0,4.477
25,134,numeric,0.1,0.2,no_decoy,target,1,7.617
25,135,numeric,0.03,0.05,competitor,target,1,8.2
25,136,numeric,0.1,0.05,target,target,1,7.683
25,137,perceptual,0.1,0.05,competitor,target,1,4.284
25,138,numeric,0.03,0.05,no_decoy,target,1,3.869
25,139,numeric,0.1,0.2,target,target,1,5.177
25,140,perceptual,0.1,0.2,competitor,target,1,5.453
25,141,perceptual,0.1,0.2,target,decoy,0,4.39
25,142,numeric,0.1,0.05,competitor,target,1,6.569
25,143,numeric,0.03,0.2,no_decoy,competitor,0,9.308
25,144,numeric,0.1,0.05,target,target,1,11.054
25,145,perceptual,0.1,0.05,competitor,target,1,6.405
25,146,numeric,0.1,0.2,target,target,1,4.732
25,147,perceptual,0.1,0.2,no_decoy,target,1,3.988
25,148,perceptual,0.03,0.05,no_decoy,target,1,6.613
25,149,numeric,0.03,0.2,no_decoy,target,1,9.671
25,150,numeric,0.1,0.05,competitor,target,1,9.339
25,151,numeric,0.03,0.05,target,target,1,6.454
25,152,perceptual,0.03,0.05,target,target,1,8.099
25,153,numeric,0.1,0.05,target,target,1,7.071
25,154,numeric,0.1,0.05,target,target,1,8.516
25,155,perceptual,0.03,0.2,competitor,competitor,0,7.773
25,156,perceptual,0.03,0.2,target,target,1,4.388
25,157,perceptual,0.1,0.2,competitor,target,1,6.917
25,158,perceptual,0.03,0.2,no_decoy,competitor,0,7.237
25,159,perceptual,0.03,0.05,target,competitor,0,14.116
25,160,perceptual,0.1,0.05,no_decoy,competitor,0,7.496
25,161,numeric,0.1,0.2,competitor,target,1,15.184
25,162,perceptual,0.03,0.05,no_decoy,target,1,7.267
25,163,perceptual,0.03,0.05,target,decoy,0,9.372
25,164,perceptual,0.03,0.05,no_decoy,competitor,0,6.147
25,165,perceptual,0.1,0.05,no_decoy,target,1,4.77
25,166,perceptual,0.1,0.2,competitor,competitor,0,9.366
25,168,numeric,0.1,0.2,competitor,target,1,3.697
25,169,perceptual,0.1,0.2,no_decoy,target,1,3.91
25,170,numeric,0.03,0.05,no_decoy,target,1,4.422
25,171,perceptual,0.03,0.2,competitor,target,1,4.608
25,172,numeric,0.03,0.2,target,target,1,3.894
25,173,perceptual,0.03,0.2,target,decoy,0,8.284
25,174,numeric,0.03,0.2,competitor,competitor,0,5.03
25,175,perceptual,0.1,0.05,competitor,target,1,6.329
25,176,numeric,0.03,0.2,no_decoy,target,1,2.988
25,177,numeric,0.03,0.05,target,target,1,13.209
25,178,numeric,0.1,0.05,competitor,target,1,10.883
25,179,numeric,0.1,0.05,no_decoy,target,1,3.399
25,180,numeric,0.03,0.2,no_decoy,competitor,0,9.895
25,181,perceptual,0.1,0.2,target,target,1,8.262
25,182,perceptual,0.03,0.05,competitor,competitor,0,12.196
25,183,perceptual,0.03,0.2,target,target,1,9.489
25,184,numeric,0.1,0.05,target,target,1,6.118
25,185,numeric,0.1,0.05,no_decoy,target,1,6.854
25,186,numeric,0.1,0.2,competitor,target,1,7.751
25,187,perceptual,0.1,0.2,competitor,target,1,6.942
25,188,numeric,0.1,0.2,no_decoy,target,1,3.616
25,189,perceptual,0.03,0.2,competitor,competitor,0,6.009
25,190,numeric,0.03,0.2,no_decoy,target,1,7.787
25,191,numeric,0.1,0.2,no_decoy,target,1,4.691
25,192,numeric,0.03,0.2,no_decoy,target,1,5.987
25,193,numeric,0.1,0.2,no_decoy,target,1,7.085
25,194,perceptual,0.1,0.05,no_decoy,target,1,3.901
25,195,numeric,0.1,0.05,competitor,competitor,0,5.733
25,196,numeric,0.03,0.2,target,target,1,5.013
25,197,perceptual,0.1,0.2,target,competitor,0,6.148
25,198,numeric,0.1,0.05,target,competitor,0,7.249
25,199,perceptual,0.1,0.05,target,decoy,0,6.703
25,200,perceptual,0.03,0.05,target,target,1,7.807
25,201,numeric,0.1,0.2,no_decoy,target,1,8.232
25,202,numeric,0.1,0.2,no_decoy,target,1,7.642
25,203,numeric,0.03,0.05,competitor,competitor,0,9.093
25,204,perceptual,0.1,0.2,competitor,target,1,6.362
25,205,numeric,0.1,0.2,target,target,1,4.679
25,206,numeric,0.1,0.05,no_decoy,target,1,4.693
25,207,numeric,0.1,0.2,target,target,1,8.281
25,208,perceptual,0.03,0.2,no_decoy,target,1,4.1
25,209,numeric,0.1,0.05,no_decoy,target,1,4.054
25,210,perceptual,0.03,0.2,competitor,competitor,0,4.973
25,211,perceptual,0.1,0.05,target,target,1,13.189
25,212,numeric,0.1,0.05,no_decoy,target,1,4.459
25,213,perceptual,0.1,0.05,no_decoy,target,1,4.584
25,214,perceptual,0.03,0.2,target,competitor,0,4.986
25,215,perceptual,0.03,0.2,no_decoy,target,1,4.382
25,216,perceptual,0.03,0.2,no_decoy,target,1,8.816
25,217,perceptual,0.03,0.05,competitor,competitor,0,11.722
25,218,numeric,0.1,0.05,target,target,1,8.626
25,219,numeric,0.1,0.2,competitor,competitor,0,7.39
25,220,perceptual,0.1,0.05,competitor,target,1,4.326
25,221,numeric,0.1,0.05,competitor,target,1,5.47
25,222,perceptual,0.1,0.2,target,target,1,5.176
25,223,numeric,0.03,0.2,competitor,competitor,0,11.758
25,224,perceptual,0.03,0.2,target,target,1,6.573
25,225,numeric,0.03,0.05,competitor,target,1,11.923
25,226,perceptual,0.1,0.05,no_decoy,competitor,0,4.627
25,227,numeric,0.03,0.2,competitor,competitor,0,4.888
25,228,numeric,0.03,0.2,no_decoy,competitor,0,4.849
25,229,numeric,0.03,0.2,target,target,1,6.279
25,230,perceptual,0.03,0.2,no_decoy,target,1,5.26
25,231,perceptual,0.1,0.2,target,target,1,6.95
25,232,numeric,0.1,0.2,competitor,target,1,4.486
25,233,perceptual,0.03,0.05,competitor,competitor,0,6.686
25,234,numeric,0.03,0.05,target,target,1,7.117
25,235,perceptual,0.03,0.05,no_decoy,target,1,5.016
25,236,perceptual,0.03,0.05,target,decoy,0,3.604
25,237,numeric,0.03,0.05,target,target,1,8.075
25,238,perceptual,0.03,0.2,target,competitor,0,3.303
25,239,numeric,0.1,0.2,no_decoy,target,1,3.317
25,240,numeric,0.03,0.05,target,target,1,7.06
25,241,perceptual,0.03,0.05,competitor,decoy,0,7.573
25,242,numeric,0.1,0.05,target,competitor,0,6.154
25,243,perceptual,0.03,0.05,no_decoy,competitor,0,3.112
25,244,numeric,0.1,0.2,target,target,1,3.967
25,245,numeric,0.1,0.2,competitor,target,1,5.365
25,246,numeric,0.03,0.05,competitor,competitor,0,10.502
25,247,perceptual,0.1,0.05,competitor,target,1,3.755
25,248,perceptual,0.1,0.05,target,decoy,0,6.599
25,249,perceptual,0.1,0.2,target,target,1,7.004
25,250,perceptual,0.03,0.05,no_decoy,target,1,5.807
25,251,perceptual,0.1,0.05,no_decoy,target,1,5.579
25,252,numeric,0.1,0.2,target,target,1,4.502
25,253,perceptual,0.03,0.2,target,target,1,3.895
25,254,perceptual,0.03,0.05,no_decoy,target,1,6.651
25,255,perceptual,0.1,0.05,competitor,target,1,6.166
25,256,perceptual,0.1,0.05,no_decoy,target,1,3.392
25,257,perceptual,0.1,0.05,competitor,target,1,5.861
25,258,perceptual,0.03,0.05,competitor,target,1,4.188
25,259,numeric,0.1,0.2,competitor,target,1,6.078
25,260,perceptual,0.03,0.2,target,competitor,0,6.259
25,261,numeric,0.03,0.05,target,competitor,0,10.881
25,262,numeric,0.03,0.2,competitor,competitor,0,12.893
25,263,numeric,0.03,0.2,competitor,competitor,0,5.795
25,264,perceptual,0.1,0.2,no_decoy,target,1,6.635
25,265,perceptual,0.1,0.2,target,target,1,6.704
25,266,numeric,0.03,0.2,target,target,1,5.051
25,267,perceptual,0.03,0.2,competitor,decoy,0,3.919
25,268,numeric,0.03,0.2,competitor,target,1,7.865
25,269,numeric,0.1,0.05,no_decoy,competitor,0,4.364
25,270,perceptual,0.03,0.2,competitor,competitor,0,5.326
25,271,perceptual,0.1,0.2,competitor,target,1,6.112
25,272,numeric,0.1,0.05,no_decoy,target,1,4.786
25,273,perceptual,0.03,0.05,target,target,1,4.516
25,274,numeric,0.03,0.05,competitor,target,1,5.284
25,275,numeric,0.03,0.05,competitor,competitor,0,4.417
25,276,numeric,0.03,0.05,no_decoy,target,1,5.257
25,277,perceptual,0.1,0.05,target,target,1,4.21
25,278,perceptual,0.1,0.2,competitor,target,1,6.648
25,279,numeric,0.03,0.05,target,competitor,0,4.483
25,280,perceptual,0.1,0.2,target,target,1,4.504
25,281,numeric,0.03,0.05,target,competitor,0,5.187
25,282,perceptual,0.1,0.05,target,decoy,0,6.523
25,283,perceptual,0.1,0.05,target,target,1,5.795
25,284,perceptual,0.03,0.05,no_decoy,target,1,4.066
25,285,perceptual,0.1,0.2,no_decoy,competitor,0,4.216
25,286,perceptual,0.03,0.05,competitor,target,1,5.199
25,287,perceptual,0.1,0.05,no_decoy,target,1,6.051
25,288,numeric,0.1,0.2,competitor,competitor,0,7.877
26,1,perceptual,0.03,0.2,competitor,target,1,11.053
26,2,numeric,0.1,0.2,competitor,target,1,5.976
26,3,perceptual,0.1,0.2,no_decoy,target,1,4.27
26,4,perceptual,0.1,0.05,target,target,1,5.535
26,5,perceptual,0.1,0.05,target,target,1,5.01
26,6,perceptual,0.03,0.05,no_decoy,target,1,6.779
26,7,numeric,0.1,0.05,target,target,1,9.803
26,8,numeric,0.1,0.2,competitor,target,1,8.041
26,9,numeric,0.1,0.2,no_decoy,target,1,5.316
26,10,perceptual,0.1,0.05,target,target,1,3.956
26,11,perceptual,0.1,0.05,competitor,target,1,10.801
26,12,numeric,0.1,0.05,competitor,target,1,10.549
26,13,perceptual,0.03,0.2,target,target,1,12.022
26,14,perceptual,0.1,0.2,target,competitor,0,9.855
26,15,numeric,0.1,0.2,target,target,1,8.11
26,16,numeric,0.1,0.2,no_decoy,target,1,4.971
26,17,perceptual,0.03,0.2,target,target,1,6.106
26,18,perceptual,0.03,0.05,target,competitor,0,7.702
26,19,perceptual,0.03,0.05,target,competitor,0,5.074
26,20,perceptual,0.1,0.05,no_decoy,competitor,0,1.427
26,21,numeric,0.03,0.2,no_decoy,competitor,0,7.364
26,22,numeric,0.1,0.05,target,target,1,9.752
26,23,perceptual,0.1,0.2,competitor,target,1,5.357
26,24,perceptual,0.03,0.2,competitor,competitor,0,6.326
26,25,numeric,0.1,0.05,target,target,1,12.973
26,26,numeric,0.1,0.2,target,target,1,8.514
26,27,numeric,0.1,0.05,target,target,1,10.881
26,28,perceptual,0.03,0.05,target,target,1,6.429
26,29,perceptual,0.1,0.2,target,decoy,0,7.655
26,30,perceptual,0.1,0.05,no_decoy,target,1,3.364
26,31,perceptual,0.03,0.2,target,target,1,8.492
26,32,numeric,0.1,0.2,target,target,1,6.79
26,33,perceptual,0.03,0.05,competitor,competitor,0,6.859
26,34,numeric,0.03,0.2,no_decoy,target,1,7.236
26,35,perceptual,0.03,0.2,no_decoy,competitor,0,3.657
26,36,perceptual,0.03,0.05,target,competitor,0,7.862
26,37,perceptual,0.1,0.05,competitor,target,1,5.363
26,38,numeric,0.03,0.2,no_decoy,competitor,0,5.044
26,39,perceptual,0.1,0.05,competitor,target,1,4.769
26,40,numeric,0.03,0.2,target,target,1,15.412
26,41,numeric,0.1,0.2,competitor,competitor,0,11.397
26,42,perceptual,0.1,0.05,competitor,target,1,9.657
26,43,perceptual,0.1,0.2,competitor,target,1,7.527
26,44,perceptual,0.03,0.2,target,target,1,3.587
26,45,numeric,0.03,0.2,target,target,1,6.565
26,46,perceptual,0.1,0.05,target,decoy,0,4.516
26,47,numeric,0.03,0.05,target,competitor,0,6.936
26,48,perceptual,0.1,0.2,target,target,1,4.467
26,49,numeric,0.03,0.05,no_decoy,target,1,4.659
26,50,perceptual,0.03,0.2,competitor,competitor,0,4.011
26,51,numeric,0.03,0.05,target,target,1,10.773
26,52,perceptual,0.03,0.2,competitor,target,1,2.997
26,53,perceptual,0.03,0.05,competitor,target,1,2.454
26,54,perceptual,0.1,0.05,no_decoy,competitor,0,3.606
26,55,perceptual,0.03,0.05,target,target,1,6.33
26,56,numeric,0.1,0.05,no_decoy,competitor,0,7.178
26,57,numeric,0.03,0.2,no_decoy,competitor,0,6.284
26,58,perceptual,0.03,0.05,target,decoy,0,7.78
26,59,perceptual,0.03,0.2,competitor,competitor,0,3.395
26,60,perceptual,0.1,0.2,no_decoy,target,1,4.243
26,61,numeric,0.1,0.2,competitor,target,1,11.451
26,62,numeric,0.03,0.05,target,competitor,0,11.784
26,63,perceptual,0.1,0.2,target,target,1,3.977
26,64,perceptual,0.03,0.2,target,competitor,0,4.172
26,65,perceptual,0.03,0.2,competitor,competitor,0,5.214
26,66,numeric,0.1,0.2,target,target,1,6.964
26,67,perceptual,0.03,0.05,competitor,target,1,5.197
26,68,perceptual,0.03,0.05,no_decoy,competitor,0,4.838
26,69,numeric,0.03,0.2,competitor,target,1,13.497
26,70,perceptual,0.03,0.2,competitor,target,1,5.18
26,71,numeric,0.03,0.05,competitor,competitor,0,5.954
26,72,numeric,0.03,0.2,target,competitor,0,9.35
26,73,numeric,0.03,0.2,competitor,competitor,0,11.146
26,74,perceptual,0.1,0.2,target,target,1,3.82
26,75,perceptual,0.1,0.05,target,decoy,0,3.485
26,76,numeric,0.03,0.05,no_decoy,target,1,6.015
26,77,numeric,0.03,0.2,target,target,1,8.042
26,78,numeric,0.03,0.05,competitor,target,1,4.752
26,79,perceptual,0.03,0.05,competitor,target,1,4.239
26,80,perceptual,0.1,0.2,target,target,1,4.422
26,81,perceptual,0.03,0.05,competitor,target,1,8.265
26,82,numeric,0.1,0.05,competitor,target,1,5.069
26,83,numeric,0.1,0.05,no_decoy,target,1,5.237
26,84,numeric,0.03,0.2,target,competitor,0,6.507
26,85,perceptual,0.03,0.2,no_decoy,target,1,6.353
26,86,numeric,0.1,0.2,competitor,competitor,0,4.65
26,87,perceptual,0.1,0.2,no_decoy,target,1,4.161
26,88,numeric,0.03,0.2,target,target,1,5.952
26,89,numeric,0.1,0.05,no_decoy,target,1,5.773
26,90,numeric,0.03,0.05,target,target,1,6.804
26,91,numeric,0.1,0.05,competitor,target,1,8.539
26,92,perceptual,0.1,0.2,target,target,1,5.046
26,93,numeric,0.1,0.05,no_decoy,target,1,5.847
26,94,numeric,0.03,0.2,target,target,1,6.751
26,95,perceptual,0.03,0.2,no_decoy,competitor,0,6.61
26,96,perceptual,0.1,0.2,competitor,target,1,4.061
26,97,perceptual,0.03,0.2,target,target,1,4.033
26,98,numeric,0.1,0.05,target,target,1,4.591
26,99,numeric,0.03,0.2,competitor,target,1,4.739
26,100,perceptual,0.03,0.05,target,target,1,5.53
26,101,perceptual,0.1,0.2,no_decoy,target,1,3.599
26,102,perceptual,0.1,0.2,competitor,target,1,4.624
26,103,perceptual,0.1,0.2,competitor,target,1,4.273
26,104,numeric,0.1,0.2,no_decoy,target,1,5.116
26,105,perceptual,0.1,0.2,competitor,competitor,0,5.774
26,106,numeric,0.03,0.05,target,competitor,0,11.55
26,107,numeric,0.03,0.2,competitor,target,1,8.368
26,108,numeric,0.1,0.2,competitor,target,1,5.445
26,109,numeric,0.03,0.05,competitor,target,1,9.675
26,110,numeric,0.03,0.05,competitor,target,1,5.406
26,111,numeric,0.1,0.05,target,target,1,6.198
26,112,perceptual,0.1,0.05,target,target,1,3.857
26,113,perceptual,0.1,0.05,target,decoy,0,6.593
26,114,numeric,0.03,0.2,no_decoy,target,1,4.887
26,115,numeric,0.1,0.2,target,competitor,0,10.447
26,116,perceptual,0.03,0.05,no_decoy,target,1,3.143
26,117,numeric,0.1,0.2,competitor,target,1,4.848
26,118,numeric,0.03,0.05,competitor,competitor,0,5.245
26,119,perceptual,0.03,0.2,no_decoy,target,1,3.046
26,120,perceptual,0.03,0.05,no_decoy,competitor,0,4.239
26,121,perceptual,0.1,0.05,competitor,target,1,4.925
26,122,perceptual,0.1,0.05,no_decoy,target,1,2.963
26,123,numeric,0.1,0.2,no_decoy,target,1,6.852
26,124,numeric,0.03,0.05,no_decoy,target,1,9.404
26,125,perceptual,0.03,0.2,no_decoy,target,1,5.289
26,126,numeric,0.03,0.05,no_decoy,target,1,9.103
26,127,perceptual,0.1,0.2,competitor,target,1,4.507
26,128,numeric,0.1,0.05,target,target,1,5.197
26,129,numeric,0.03,0.2,target,target,1,7.587
26,130,numeric,0.1,0.2,no_decoy,target,1,7.089
26,131,perceptual,0.1,0.2,competitor,target,1,5.162
26,132,perceptual,0.1,0.2,competitor,target,1,4.982
26,133,numeric,0.1,0.05,competitor,competitor,0,5.063
26,134,numeric,0.1,0.05,target,target,1,4.562
26,135,numeric,0.1,0.05,target,decoy,0,6.681
26,136,numeric,0.1,0.05,no_decoy,target,1,4.472
26,137,numeric,0.03,0.05,no_decoy,target,1,4.603
26,138,numeric,0.1,0.2,target,target,1,5.91
26,139,perceptual,0.1,0.05,target,target,1,2.836
26,140,perceptual,0.03,0.05,competitor,target,1,5.358
26,141,numeric,0.1,0.05,no_decoy,target,1,3.489
26,142,numeric,0.1,0.2,target,target,1,4.73
26,143,numeric,0.03,0.05,target,target,1,5.014
26,144,numeric,0.03,0.05,no_decoy,target,1,3.22
26,145,numeric,0.03,0.05,no_decoy,target,1,4.024
26,146,numeric,0.1,0.05,competitor,decoy,0,0.258
26,147,perceptual,0.1,0.05,no_decoy,target,1,2.667
26,148,perceptual,0.1,0.05,no_decoy,target,1,2.67
26,149,perceptual,0.03,0.05,no_decoy,competitor,0,3.006
26,150,numeric,0.03,0.2,target,target,1,5.587
26,151,numeric,0.1,0.05,no_decoy,target,1,4.001
26,152,perceptual,0.03,0.2,no_decoy,competitor,0,2.627
26,153,perceptual,0.03,0.05,target,competitor,0,4.1
26,154,numeric,0.1,0.05,target,target,1,4.818
26,155,numeric,0.1,0.05,no_decoy,target,1,7.22
26,156,perceptual,0.03,0.05,competitor,competitor,0,3.61
26,157,numeric,0.1,0.2,no_decoy,target,1,3.284
26,158,perceptual,0.03,0.05,no_decoy,competitor,0,2.659
26,159,perceptual,0.03,0.05,no_decoy,competitor,0,4.078
26,160,numeric,0.1,0.05,competitor,competitor,0,6.27
26,161,numeric,0.1,0.2,competitor,target,1,4.457
26,162,numeric,0.03,0.2,competitor,competitor,0,7.958
26,163,numeric,0.03,0.2,no_decoy,competitor,0,3.589
26,164,numeric,0.03,0.05,no_decoy,target,1,4.86
26,165,perceptual,0.03,0.2,target,competitor,0,6.117
26,166,perceptual,0.1,0.05,competitor,target,1,4.058
26,167,numeric,0.1,0.2,competitor,target,1,4.301
26,168,numeric,0.1,0.05,target,target,1,6.761
26,169,perceptual,0.03,0.2,target,competitor,0,3.971
26,170,perceptual,0.03,0.05,no_decoy,target,1,4.047
26,171,numeric,0.1,0.05,target,target,1,5.741
26,172,perceptual,0.03,0.05,no_decoy,target,1,3.069
26,173,perceptual,0.03,0.2,no_decoy,target,1,2.742
26,174,perceptual,0.1,0.2,competitor,target,1,2.795
26,175,numeric,0.03,0.2,no_decoy,target,1,3.873
26,176,perceptual,0.1,0.2,no_decoy,target,1,2.777
26,177,perceptual,0.03,0.05,target,competitor,0,4.503
26,178,perceptual,0.03,0.05,target,target,1,4.403
26,179,numeric,0.03,0.2,competitor,competitor,0,7.947
26,180,perceptual,0.03,0.2,target,competitor,0,5.899
26,181,numeric,0.1,0.2,competitor,target,1,8.664
26,182,numeric,0.1,0.05,competitor,target,1,5.618
26,183,numeric,0.1,0.05,no_decoy,target,1,5.794
26,184,numeric,0.03,0.05,competitor,competitor,0,7.357
26,185,numeric,0.1,0.2,competitor,target,1,6.157
26,186,numeric,0.03,0.2,competitor,target,1,6.957
26,187,numeric,0.1,0.05,competitor,target,1,8.271
26,188,numeric,0.03,0.2,no_decoy,competitor,0,6.594
26,189,numeric,0.03,0.05,no_decoy,target,1,3.995
26,190,perceptual,0.03,0.05,competitor,target,1,3.86
26,191,perceptual,0.1,0.05,no_decoy,target,1,2.945
26,192,perceptual,0.03,0.2,no_decoy,competitor,0,4.952
26,193,numeric,0.03,0.2,competitor,competitor,0,6.775
26,194,numeric,0.1,0.2,competitor,target,1,5.019
26,195,numeric,0.03,0.05,target,target,1,9.403
26,196,perceptual,0.1,0.05,target,target,1,3.034
26,197,numeric,0.03,0.2,no_decoy,target,1,3.186
26,198,perceptual,0.03,0.05,competitor,target,1,3.721
26,199,perceptual,0.1,0.2,competitor,target,1,2.941
26,200,perceptual,0.1,0.2,no_decoy,target,1,2.837
26,201,perceptual,0.1,0.2,target,target,1,2.714
26,202,numeric,0.03,0.2,target,target,1,4.324
26,203,perceptual,0.1,0.05,target,target,1,4.959
26,204,perceptual,0.03,0.05,target,decoy,0,4.17
26,205,perceptual,0.1,0.2,no_decoy,target,1,3.57
26,206,perceptual,0.1,0.2,no_decoy,target,1,3.929
26,207,perceptual,0.1,0.05,target,target,1,3.505
26,208,numeric,0.03,0.2,no_decoy,target,1,5.338
26,209,perceptual,0.03,0.2,no_decoy,target,1,2.965
26,210,numeric,0.1,0.05,no_decoy,competitor,0,3.576
26,211,perceptual,0.03,0.05,no_decoy,competitor,0,3.014
26,212,perceptual,0.1,0.05,no_decoy,target,1,2.813
26,213,numeric,0.03,0.2,target,target,1,5.496
26,214,perceptual,0.03,0.05,no_decoy,target,1,2.454
26,215,perceptual,0.03,0.2,target,target,1,2.43
26,216,perceptual,0.03,0.2,competitor,competitor,0,2.595
26,217,numeric,0.1,0.05,competitor,target,1,4.128
26,218,numeric,0.03,0.05,no_decoy,target,1,4.003
26,219,perceptual,0.1,0.2,no_decoy,target,1,2.881
26,220,numeric,0.1,0.05,competitor,target,1,6.087
26,221,numeric,0.03,0.2,competitor,competitor,0,8.431
26,222,numeric,0.03,0.2,competitor,competitor,0,5.534
26,223,numeric,0.03,0.05,competitor,competitor,0,6.891
26,224,numeric,0.03,0.05,target,target,1,4.427
26,225,numeric,0.1,0.05,competitor,target,1,4.505
26,226,numeric,0.1,0.2,target,target,1,5.169
26,227,numeric,0.1,0.2,no_decoy,target,1,7.841
26,228,numeric,0.03,0.05,competitor,competitor,0,4.894
26,229,numeric,0.03,0.2,competitor,competitor,0,5.431
26,230,perceptual,0.1,0.05,competitor,competitor,0,3.31
26,231,perceptual,0.03,0.2,competitor,competitor,0,4.026
26,232,perceptual,0.03,0.2,target,competitor,0,4.792
26,233,numeric,0.03,0.05,no_decoy,competitor,0,6.901
26,234,numeric,0.03,0.05,competitor,competitor,0,5.871
26,235,perceptual,0.03,0.2,competitor,competitor,0,3.604
26,236,numeric,0.03,0.2,no_decoy,competitor,0,3.8
26,237,numeric,0.03,0.05,no_decoy,competitor,0,3.862
26,238,perceptual,0.1,0.2,no_decoy,target,1,3.527
26,239,numeric,0.03,0.05,target,competitor,0,8.824
26,240,perceptual,0.1,0.05,target,competitor,0,5.963
26,241,perceptual,0.1,0.2,no_decoy,target,1,3.168
26,242,numeric,0.1,0.2,no_decoy,target,1,3.753
26,243,perceptual,0.1,0.05,competitor,target,1,3.356
26,244,perceptual,0.1,0.05,competitor,target,1,3.088
26,245,numeric,0.1,0.2,no_decoy,target,1,5.939
26,246,perceptual,0.1,0.2,target,target,1,4.048
26,247,perceptual,0.1,0.05,competitor,target,1,6.575
26,248,numeric,0.1,0.05,competitor,target,1,3.887
26,249,perceptual,0.03,0.05,target,competitor,0,4.016
26,250,numeric,0.1,0.05,no_decoy,target,1,3.732
26,251,perceptual,0.1,0.2,target,target,1,3.138
26,252,numeric,0.03,0.05,competitor,target,1,5.964
26,253,perceptual,0.03,0.05,competitor,competitor,0,3.275
26,254,perceptual,0.1,0.05,no_decoy,target,1,4.601
26,255,numeric,0.03,0.05,target,target,1,6.597
26,256,numeric,0.1,0.2,target,target,1,4.831
26,257,perceptual,0.03,0.2,no_decoy,competitor,0,3.663
26,258,perceptual,0.03,0.05,competitor,competitor,0,3.503
26,259,perceptual,0.1,0.2,no_decoy,competitor,0,3.026
26,260,numeric,0.03,0.05,competitor,competitor,0,7.269
26,261,perceptual,0.1,0.05,no_decoy,target,1,2.716
26,262,perceptual,0.03,0.05,competitor,target,1,2.724
26,263,numeric,0.03,0.2,no_decoy,target,1,5.542
26,264,numeric,0.1,0.05,no_decoy,target,1,7.239
26,265,numeric,0.1,0.2,no_decoy,target,1,3.741
26,266,perceptual,0.03,0.2,no_decoy,competitor,0,3.361
26,267,numeric,0.1,0.2,target,competitor,0,9.686
26,268,perceptual,0.03,0.2,target,target,1,2.904
26,269,perceptual,0.1,0.05,competitor,competitor,0,3.181
26,270,perceptual,0.03,0.2,no_decoy,target,1,2.96
26,271,numeric,0.03,0.2,target,competitor,0,3.703
26,272,numeric,0.1,0.2,no_decoy,target,1,4.979
26,273,numeric,0.03,0.05,target,target,1,3.832
26,274,perceptual,0.1,0.2,competitor,target,1,3.646
26,275,numeric,0.03,0.2,competitor,target,1,4.252
26,276,perceptual,0.1,0.05,no_decoy,target,1,4.042
26,277,numeric,0.1,0.2,target,target,1,5.017
26,278,perceptual,0.1,0.2,target,target,1,4.35
26,279,numeric,0.03,0.05,target,target,1,8.264
26,280,numeric,0.1,0.2,no_decoy,competitor,0,7.414
26,281,numeric,0.03,0.05,competitor,competitor,0,5.785
26,282,perceptual,0.1,0.05,no_decoy,target,1,2.74
26,283,perceptual,0.1,0.2,target,target,1,7.474
26,284,numeric,0.1,0.2,target,competitor,0,7.305
26,285,perceptual,0.03,0.2,competitor,target,1,3.785
26,286,perceptual,0.1,0.05,competitor,competitor,0,3.913
26,287,perceptual,0.03,0.05,no_decoy,competitor,0,4.304
26,288,perceptual,0.03,0.2,competitor,competitor,0,4.074
27,1,numeric,0.03,0.2,competitor,target,1,16.165
27,2,numeric,0.1,0.05,target,competitor,0,18.11
27,5,perceptual,0.1,0.2,competitor,decoy,0,0.323
27,6,perceptual,0.1,0.2,target,target,1,3.375
27,7,perceptual,0.1,0.05,competitor,decoy,0,3.008
27,8,perceptual,0.1,0.05,competitor,decoy,0,1.966
27,9,numeric,0.03,0.05,competitor,target,1,4.897
27,10,numeric,0.1,0.05,no_decoy,target,1,4.371
27,11,numeric,0.1,0.05,competitor,target,1,5.177
27,12,numeric,0.1,0.2,competitor,target,1,4.012
27,13,numeric,0.1,0.05,target,target,1,4.893
27,14,numeric,0.1,0.05,no_decoy,competitor,0,3.409
27,15,numeric,0.03,0.05,target,target,1,5.035
27,16,perceptual,0.1,0.2,target,target,1,6.77
27,17,perceptual,0.03,0.05,no_decoy,target,1,7.519
27,18,numeric,0.03,0.05,competitor,target,1,8.809
27,19,perceptual,0.1,0.05,target,competitor,0,1.899
27,20,perceptual,0.1,0.05,target,target,1,0.844
27,21,perceptual,0.1,0.2,competitor,target,1,0.203
27,22,perceptual,0.03,0.2,competitor,decoy,0,0.315
27,23,perceptual,0.03,0.05,competitor,competitor,0,0.074
27,24,numeric,0.1,0.2,competitor,decoy,0,0.154
27,25,numeric,0.03,0.2,target,competitor,0,0.016
27,26,numeric,0.03,0.05,target,decoy,0,0.206
27,27,numeric,0.1,0.2,competitor,decoy,0,1.998
27,28,perceptual,0.03,0.2,no_decoy,competitor,0,1.251
27,29,numeric,0.03,0.05,competitor,competitor,0,1.236
27,30,numeric,0.1,0.05,target,target,1,2.655
27,31,perceptual,0.1,0.2,target,target,1,3.002
27,32,numeric,0.03,0.2,no_decoy,competitor,0,1.828
27,33,perceptual,0.1,0.2,target,competitor,0,10.428
27,34,perceptual,0.1,0.2,competitor,decoy,0,3.159
27,35,perceptual,0.1,0.05,competitor,decoy,0,1.826
27,36,perceptual,0.1,0.2,competitor,target,1,1.364
27,37,numeric,0.1,0.05,target,target,1,0.668
27,38,numeric,0.1,0.05,competitor,target,1,0.329
27,39,numeric,0.1,0.2,target,decoy,0,0.315
27,40,perceptual,0.03,0.05,competitor,target,1,0.551
27,41,numeric,0.03,0.05,no_decoy,target,1,10.008
27,42,perceptual,0.1,0.2,competitor,competitor,0,2.058
27,43,numeric,0.1,0.2,target,decoy,0,1.065
27,44,numeric,0.1,0.2,competitor,competitor,0,0.999
27,45,numeric,0.1,0.2,target,target,1,4.16
27,46,perceptual,0.03,0.2,no_decoy,target,1,1.774
27,47,perceptual,0.1,0.2,competitor,decoy,0,1.103
27,48,numeric,0.03,0.2,target,target,1,0.549
27,49,numeric,0.03,0.05,no_decoy,competitor,0,5.094
27,50,perceptual,0.03,0.05,no_decoy,target,1,3.274
27,51,perceptual,0.1,0.05,target,decoy,0,1.587
27,52,perceptual,0.03,0.05,no_decoy,target,1,1.348
27,53,numeric,0.1,0.2,target,target,1,9.729
27,54,numeric,0.03,0.2,no_decoy,target,1,3.819
27,55,perceptual,0.03,0.2,competitor,decoy,0,5.703
27,56,numeric,0.03,0.2,no_decoy,target,1,7.829
27,57,perceptual,0.03,0.2,no_decoy,target,1,2.584
27,58,perceptual,0.1,0.2,target,target,1,1.731
27,59,numeric,0.03,0.2,competitor,target,1,4.542
27,60,perceptual,0.1,0.05,competitor,target,1,2.569
27,61,numeric,0.1,0.2,target,target,1,3.94
27,62,perceptual,0.03,0.2,competitor,decoy,0,2.243
27,63,perceptual,0.03,0.05,no_decoy,target,1,9.616
27,64,perceptual,0.1,0.05,no_decoy,target,1,2.969
27,65,perceptual,0.1,0.2,no_decoy,target,1,2.479
27,66,perceptual,0.03,0.2,competitor,decoy,0,2.53
27,67,numeric,0.03,0.2,no_decoy,competitor,0,4.55
27,68,perceptual,0.1,0.05,no_decoy,competitor,0,4.007
27,69,numeric,0.03,0.05,target,target,1,9.469
27,70,perceptual,0.03,0.05,target,competitor,0,6.723
27,71,numeric,0.03,0.05,competitor,target,1,8.482
27,72,perceptual,0.1,0.05,target,decoy,0,6.451
27,73,perceptual,0.1,0.2,target,target,1,4.951
27,74,perceptual,0.03,0.2,no_decoy,target,1,6.175
27,75,perceptual,0.1,0.05,competitor,competitor,0,5.728
27,76,perceptual,0.03,0.05,competitor,target,1,5.079
27,77,perceptual,0.03,0.2,no_decoy,target,1,4.488
27,78,perceptual,0.1,0.2,target,competitor,0,2.199
27,79,perceptual,0.03,0.05,competitor,target,1,4.944
27,80,numeric,0.03,0.05,no_decoy,competitor,0,6.084
27,81,perceptual,0.1,0.05,no_decoy,competitor,0,1.536
27,82,perceptual,0.03,0.2,competitor,competitor,0,1.006
27,83,numeric,0.03,0.2,target,decoy,0,1.215
27,84,numeric,0.1,0.05,competitor,competitor,0,0.881
27,85,numeric,0.03,0.05,target,target,1,0.384
27,86,perceptual,0.03,0.05,target,decoy,0,0.344
27,87,numeric,0.1,0.05,target,target,1,0.403
27,88,perceptual,0.03,0.2,no_decoy,competitor,0,0.056
27,89,numeric,0.1,0.2,no_decoy,competitor,0,0.283
27,90,perceptual,0.1,0.05,competitor,competitor,0,0.083
27,91,numeric,0.1,0.05,competitor,target,1,0.098
27,92,numeric,0.03,0.2,target,decoy,0,0.091
27,93,numeric,0.03,0.05,target,competitor,0,0.308
27,94,perceptual,0.1,0.2,no_decoy,competitor,0,0.442
27,95,numeric,0.1,0.05,no_decoy,competitor,0,0.19
27,96,numeric,0.03,0.05,target,competitor,0,0.991
27,97,perceptual,0.03,0.2,competitor,decoy,0,2.721
27,98,perceptual,0.1,0.2,no_decoy,target,1,1.436
27,99,perceptual,0.1,0.05,no_decoy,competitor,0,1.451
27,100,numeric,0.1,0.2,no_decoy,competitor,0,1.16
27,101,numeric,0.1,0.2,competitor,target,1,7.418
27,102,perceptual,0.03,0.2,target,competitor,0,5.08
27,103,perceptual,0.1,0.05,target,target,1,2.655
27,104,perceptual,0.1,0.05,target,target,1,0.415
27,105,perceptual,0.03,0.05,no_decoy,competitor,0,2.084
27,106,numeric,0.03,0.2,competitor,competitor,0,3.53
27,107,numeric,0.1,0.2,target,competitor,0,1.331
27,108,numeric,0.1,0.2,no_decoy,target,1,6.208
27,109,numeric,0.1,0.05,target,target,1,5.744
27,110,numeric,0.1,0.2,target,target,1,9.296
27,111,numeric,0.03,0.05,competitor,competitor,0,5.114
27,112,numeric,0.1,0.05,no_decoy,target,1,7.929
27,113,numeric,0.1,0.2,no_decoy,target,1,1.822
27,114,perceptual,0.03,0.2,target,decoy,0,0.024
27,115,numeric,0.03,0.2,no_decoy,target,1,1.455
27,116,perceptual,0.03,0.2,competitor,competitor,0,4.178
27,117,perceptual,0.03,0.05,no_decoy,target,1,1.582
27,118,numeric,0.1,0.2,no_decoy,target,1,0.845
27,119,perceptual,0.1,0.2,no_decoy,competitor,0,0.508
27,120,numeric,0.1,0.2,no_decoy,competitor,0,0.263
27,121,numeric,0.03,0.05,target,target,1,0.174
27,122,perceptual,0.1,0.05,no_decoy,target,1,0.984
27,123,perceptual,0.1,0.05,competitor,decoy,0,0.082
27,124,numeric,0.03,0.2,no_decoy,competitor,0,0.235
27,125,perceptual,0.1,0.2,target,decoy,0,0.079
27,126,numeric,0.03,0.2,target,target,1,0.429
27,127,perceptual,0.1,0.2,target,decoy,0,0.313
27,128,numeric,0.1,0.05,no_decoy,competitor,0,0.196
27,129,perceptual,0.03,0.2,target,target,1,1.783
27,130,perceptual,0.1,0.05,competitor,decoy,0,0.105
27,131,perceptual,0.03,0.2,target,target,1,0.471
27,132,numeric,0.1,0.05,competitor,decoy,0,0.38
27,133,perceptual,0.03,0.05,competitor,target,1,0.196
27,134,perceptual,0.03,0.05,target,target,1,0.13
27,135,perceptual,0.1,0.2,no_decoy,competitor,0,0.083
27,136,numeric,0.03,0.2,competitor,decoy,0,0.05
27,137,perceptual,0.1,0.2,no_decoy,competitor,0,0.162
27,138,perceptual,0.03,0.2,no_decoy,target,1,0.214
27,139,numeric,0.1,0.2,no_decoy,target,1,0.379
27,140,numeric,0.1,0.05,competitor,competitor,0,0.445
27,141,numeric,0.1,0.05,competitor,competitor,0,0.161
27,142,numeric,0.03,0.05,target,decoy,0,0.434
27,143,perceptual,0.1,0.05,competitor,competitor,0,0.382
27,144,perceptual,0.1,0.2,target,target,1,0.237
27,145,numeric,0.03,0.05,competitor,target,1,5.422
27,146,numeric,0.1,0.05,target,target,1,1.534
27,147,numeric,0.1,0.05,no_decoy,target,1,0.992
27,148,perceptual,0.1,0.05,no_decoy,target,1,3.066
27,149,numeric,0.03,0.05,target,competitor,0,4.784
27,150,perceptual,0.1,0.05,no_decoy,competitor,0,6.964
27,151,perceptual,0.03,0.05,target,target,1,2.069
27,152,perceptual,0.03,0.2,target,decoy,0,0.824
27,153,numeric,0.03,0.2,target,decoy,0,0.456
27,154,perceptual,0.03,0.05,no_decoy,competitor,0,0.297
27,155,perceptual,0.03,0.05,competitor,target,1,0.166
27,156,numeric,0.03,0.2,no_decoy,competitor,0,0.358
27,157,perceptual,0.03,0.2,target,competitor,0,0.215
27,158,perceptual,0.03,0.05,target,competitor,0,0.264
27,159,numeric,0.1,0.05,no_decoy,target,1,0.786
27,160,perceptual,0.03,0.05,competitor,decoy,0,4.521
27,161,perceptual,0.03,0.2,target,competitor,0,1.702
27,162,perceptual,0.03,0.05,target,decoy,0,1.129
27,163,numeric,0.1,0.05,target,decoy,0,0.695
27,164,perceptual,0.03,0.2,no_decoy,competitor,0,1.734
27,165,perceptual,0.03,0.2,target,competitor,0,1.244
27,166,numeric,0.1,0.2,target,decoy,0,0.808
27,167,perceptual,0.1,0.2,no_decoy,target,1,1.858
27,168,perceptual,0.1,0.2,competitor,decoy,0,1.413
27,169,numeric,0.03,0.2,competitor,decoy,0,1.256
27,170,perceptual,0.1,0.05,competitor,target,1,9.085
27,171,numeric,0.03,0.05,target,target,1,6.735
27,172,numeric,0.1,0.2,competitor,target,1,5.686
27,173,perceptual,0.03,0.05,target,competitor,0,8.848
27,174,numeric,0.03,0.05,competitor,competitor,0,0.017
27,175,perceptual,0.1,0.05,no_decoy,target,1,12.731
27,176,perceptual,0.03,0.05,no_decoy,target,1,10.688
27,177,numeric,0.1,0.2,target,target,1,8.783
27,178,perceptual,0.1,0.2,competitor,decoy,0,1.182
27,179,numeric,0.1,0.05,target,target,1,0.262
27,180,numeric,0.1,0.2,no_decoy,competitor,0,0.184
27,181,perceptual,0.03,0.05,competitor,competitor,0,0.067
27,182,numeric,0.03,0.2,target,competitor,0,0.136
27,183,numeric,0.1,0.05,target,decoy,0,0.217
27,184,numeric,0.03,0.2,competitor,decoy,0,0.084
27,185,perceptual,0.03,0.2,competitor,competitor,0,0.154
27,186,perceptual,0.1,0.2,no_decoy,target,1,0.113
27,187,numeric,0.03,0.05,competitor,competitor,0,0.209
27,188,perceptual,0.1,0.2,competitor,decoy,0,0.623
27,189,perceptual,0.1,0.05,no_decoy,target,1,0.176
27,190,numeric,0.03,0.2,target,target,1,0.173
27,191,perceptual,0.03,0.05,competitor,competitor,0,0.15
27,192,perceptual,0.03,0.05,no_decoy,competitor,0,1.44
27,193,perceptual,0.03,0.2,target,target,1,9.186
27,194,numeric,0.03,0.05,no_decoy,target,1,3.599
27,195,numeric,0.1,0.2,no_decoy,competitor,0,4.393
27,196,perceptual,0.1,0.2,no_decoy,target,1,2.699
27,197,perceptual,0.1,0.2,competitor,target,1,7.162
27,198,perceptual,0.1,0.05,target,decoy,0,1.142
27,199,perceptual,0.03,0.2,no_decoy,target,1,0.179
27,200,numeric,0.03,0.2,target,decoy,0,0.051
27,201,perceptual,0.1,0.2,competitor,decoy,0,0.073
27,202,numeric,0.1,0.2,competitor,decoy,0,0.152
27,203,numeric,0.1,0.2,competitor,target,1,0.232
27,204,numeric,0.03,0.05,competitor,decoy,0,0.015
27,205,perceptual,0.03,0.2,target,decoy,0,0.104
27,206,numeric,0.1,0.05,no_decoy,competitor,0,0.097
27,207,numeric,0.1,0.2,no_decoy,target,1,0.101
27,208,perceptual,0.03,0.2,target,target,1,0.027
27,209,numeric,0.1,0.05,no_decoy,competitor,0,1.247
27,210,numeric,0.03,0.05,target,competitor,0,0.032
27,211,numeric,0.03,0.05,target,decoy,0,0.082
27,212,numeric,0.03,0.2,no_decoy,target,1,0.095
27,213,numeric,0.03,0.05,no_decoy,competitor,0,0.099
27,214,perceptual,0.1,0.05,competitor,target,1,0.135
27,215,numeric,0.1,0.2,no_decoy,target,1,0.218
27,216,numeric,0.1,0.05,target,target,1,0.044
27,217,perceptual,0.03,0.05,no_decoy,target,1,0.212
27,218,numeric,0.1,0.05,no_decoy,competitor,0,0.186
27,219,perceptual,0.1,0.05,target,target,1,0.001
27,220,numeric,0.1,0.05,competitor,decoy,0,0.07
27,221,perceptual,0.1,0.2,no_decoy,competitor,0,0.079
27,222,numeric,0.03,0.05,no_decoy,competitor,0,0.077
27,223,perceptual,0.1,0.05,no_decoy,target,1,0.087
27,224,perceptual,0.03,0.2,competitor,decoy,0,0.069
27,225,numeric,0.03,0.2,target,target,1,4.16
27,226,perceptual,0.03,0.2,no_decoy,competitor,0,5
27,227,perceptual,0.1,0.05,no_decoy,competitor,0,3.868
27,228,numeric,0.03,0.2,target,target,1,6.953
27,229,perceptual,0.1,0.2,no_decoy,competitor,0,1.585
27,230,numeric,0.03,0.2,competitor,decoy,0,0.514
27,231,numeric,0.1,0.2,competitor,decoy,0,0.415
27,232,numeric,0.03,0.05,competitor,target,1,0.534
27,233,numeric,0.03,0.05,competitor,decoy,0,0.731
27,234,numeric,0.03,0.2,no_decoy,target,1,0.665
27,235,numeric,0.03,0.2,no_decoy,target,1,1.379
27,236,perceptual,0.1,0.2,no_decoy,target,1,4.489
27,237,perceptual,0.1,0.2,competitor,decoy,0,1.533
27,238,perceptual,0.03,0.05,no_decoy,target,1,0.752
27,239,numeric,0.03,0.2,competitor,competitor,0,0.262
27,240,numeric,0.1,0.05,competitor,decoy,0,0.232
27,241,perceptual,0.03,0.2,competitor,target,1,3.683
27,242,perceptual,0.1,0.05,competitor,target,1,0.203
27,243,perceptual,0.1,0.05,target,decoy,0,0.126
27,244,numeric,0.03,0.2,competitor,target,1,0.118
27,245,perceptual,0.03,0.2,competitor,competitor,0,3.836
27,246,perceptual,0.03,0.2,no_decoy,competitor,0,0.304
27,247,numeric,0.1,0.2,competitor,competitor,0,0.156
27,248,perceptual,0.1,0.05,no_decoy,competitor,0,0.022
27,249,numeric,0.1,0.2,competitor,target,1,0.081
27,250,numeric,0.03,0.2,no_decoy,target,1,3.299
27,251,perceptual,0.03,0.05,target,target,1,7.871
27,252,perceptual,0.03,0.2,no_decoy,target,1,5.492
27,253,numeric,0.03,0.05,no_decoy,target,1,3.359
27,254,numeric,0.1,0.2,target,target,1,1.853
27,255,numeric,0.1,0.05,no_decoy,target,1,0.935
27,256,perceptual,0.1,0.05,target,decoy,0,1.238
27,257,numeric,0.1,0.05,no_decoy,target,1,3.935
27,258,numeric,0.03,0.05,no_decoy,competitor,0,3.134
27,259,perceptual,0.03,0.05,competitor,target,1,2.816
27,260,numeric,0.1,0.2,target,target,1,3.965
27,261,numeric,0.03,0.2,competitor,competitor,0,1.566
27,262,numeric,0.1,0.05,target,decoy,0,1.139
27,263,numeric,0.03,0.05,competitor,target,1,0.431
27,264,numeric,0.1,0.2,no_decoy,target,1,0.816
27,265,numeric,0.03,0.05,no_decoy,competitor,0,0.256
27,266,perceptual,0.03,0.05,no_decoy,competitor,0,1.248
27,267,numeric,0.03,0.2,target,decoy,0,0.274
27,268,numeric,0.1,0.05,competitor,competitor,0,0.273
27,269,numeric,0.03,0.05,no_decoy,target,1,0.556
27,270,perceptual,0.03,0.05,target,decoy,0,0.232
27,271,numeric,0.03,0.2,competitor,target,1,0.148
27,272,numeric,0.1,0.05,competitor,competitor,0,0.199
27,273,perceptual,0.03,0.05,competitor,competitor,0,9.313
27,274,numeric,0.03,0.2,competitor,competitor,0,6.658
27,275,numeric,0.03,0.2,no_decoy,competitor,0,3.397
27,276,perceptual,0.03,0.05,target,competitor,0,5.135
27,277,perceptual,0.03,0.2,competitor,competitor,0,4.886
27,278,perceptual,0.1,0.2,target,target,1,7.472
27,279,perceptual,0.1,0.05,target,competitor,0,5.299
27,280,perceptual,0.1,0.2,target,competitor,0,4.041
27,281,perceptual,0.03,0.2,target,competitor,0,2.752
27,282,numeric,0.03,0.05,no_decoy,target,1,3.998
27,283,perceptual,0.03,0.05,target,target,1,5.795
27,284,numeric,0.03,0.05,no_decoy,competitor,0,5.53
27,285,perceptual,0.03,0.05,target,target,1,6.029
27,286,numeric,0.1,0.2,target,target,1,2.946
27,287,numeric,0.1,0.05,competitor,target,1,3.966
27,288,perceptual,0.1,0.05,target,decoy,0,2.778
28,1,perceptual,0.03,0.05,competitor,decoy,0,16.565
28,2,perceptual,0.03,0.05,no_decoy,competitor,0,4.99
28,3,perceptual,0.1,0.2,competitor,competitor,0,7.288
28,4,numeric,0.1,0.05,competitor,target,1,9.436
28,5,perceptual,0.03,0.05,competitor,competitor,0,5.181
28,6,perceptual,0.1,0.05,competitor,target,1,5.267
28,7,perceptual,0.03,0.2,no_decoy,competitor,0,3.522
28,8,numeric,0.1,0.05,no_decoy,competitor,0,2.604
28,9,numeric,0.03,0.05,no_decoy,competitor,0,2.618
28,10,perceptual,0.03,0.05,target,decoy,0,2.994
28,11,perceptual,0.1,0.05,competitor,target,1,3.525
28,12,perceptual,0.1,0.2,no_decoy,target,1,2.967
28,13,numeric,0.1,0.2,no_decoy,competitor,0,2.441
28,14,perceptual,0.03,0.05,no_decoy,target,1,3.416
28,15,numeric,0.1,0.2,competitor,decoy,0,4.204
28,16,perceptual,0.03,0.05,no_decoy,target,1,3.615
28,17,perceptual,0.1,0.05,no_decoy,competitor,0,3.429
28,18,numeric,0.03,0.2,target,competitor,0,4.893
28,19,perceptual,0.1,0.2,no_decoy,target,1,2.542
28,20,perceptual,0.03,0.2,no_decoy,competitor,0,2.936
28,21,numeric,0.1,0.2,competitor,target,1,3.381
28,22,numeric,0.1,0.05,competitor,competitor,0,5.933
28,23,perceptual,0.03,0.2,target,decoy,0,2.683
28,24,perceptual,0.1,0.2,no_decoy,target,1,4.032
28,25,perceptual,0.03,0.05,competitor,target,1,3.312
28,26,numeric,0.03,0.05,target,target,1,6.363
28,27,numeric,0.1,0.05,target,competitor,0,5.276
28,28,numeric,0.03,0.05,competitor,target,1,2.757
28,29,perceptual,0.1,0.2,competitor,target,1,4.336
28,30,perceptual,0.03,0.05,target,decoy,0,2.987
28,31,perceptual,0.03,0.05,no_decoy,competitor,0,3.99
28,32,numeric,0.03,0.2,no_decoy,target,1,5.033
28,33,numeric,0.1,0.2,no_decoy,target,1,4.819
28,34,perceptual,0.1,0.05,target,decoy,0,2.524
28,35,perceptual,0.1,0.2,no_decoy,target,1,2.31
28,36,numeric,0.03,0.05,no_decoy,target,1,2.386
28,37,perceptual,0.03,0.2,target,target,1,2.898
28,38,numeric,0.03,0.2,competitor,competitor,0,2.112
28,39,numeric,0.03,0.2,competitor,target,1,2.989
28,40,numeric,0.03,0.2,target,decoy,0,2.364
28,41,numeric,0.03,0.2,no_decoy,target,1,2.378
28,42,numeric,0.1,0.2,target,decoy,0,2.198
28,43,numeric,0.03,0.05,no_decoy,competitor,0,2.458
28,44,perceptual,0.03,0.2,no_decoy,competitor,0,2.658
28,45,perceptual,0.03,0.05,competitor,decoy,0,3.016
28,46,numeric,0.03,0.2,target,competitor,0,5.552
28,47,perceptual,0.03,0.2,target,competitor,0,4.116
28,48,numeric,0.1,0.05,target,target,1,3.916
28,49,perceptual,0.03,0.2,target,target,1,2.378
28,50,numeric,0.1,0.2,competitor,competitor,0,2.484
28,51,perceptual,0.1,0.2,no_decoy,competitor,0,1.983
28,52,numeric,0.1,0.05,no_decoy,target,1,1.948
28,53,numeric,0.03,0.2,target,competitor,0,2.834
28,54,perceptual,0.03,0.05,target,decoy,0,1.76
28,55,numeric,0.03,0.2,competitor,competitor,0,3.38
28,56,numeric,0.03,0.05,competitor,target,1,3.991
28,57,numeric,0.03,0.05,no_decoy,competitor,0,4.617
28,58,numeric,0.1,0.05,no_decoy,target,1,3.483
28,59,perceptual,0.1,0.05,target,competitor,0,4.093
28,60,numeric,0.1,0.2,competitor,competitor,0,4.644
28,61,numeric,0.03,0.2,target,competitor,0,2.086
28,62,numeric,0.1,0.2,competitor,competitor,0,2.348
28,63,numeric,0.03,0.05,competitor,competitor,0,2.36
28,64,numeric,0.1,0.05,target,target,1,2.614
28,65,numeric,0.03,0.2,no_decoy,target,1,2.456
28,66,numeric,0.1,0.2,target,target,1,2.914
28,67,perceptual,0.1,0.2,target,target,1,1.99
28,68,perceptual,0.03,0.05,no_decoy,target,1,3.007
28,69,numeric,0.1,0.2,competitor,decoy,0,2.715
28,70,perceptual,0.1,0.05,competitor,target,1,2.54
28,71,perceptual,0.1,0.05,target,target,1,1.906
28,72,perceptual,0.1,0.05,no_decoy,competitor,0,2.203
28,73,perceptual,0.1,0.05,competitor,decoy,0,3.616
28,74,perceptual,0.03,0.05,target,competitor,0,2.628
28,75,perceptual,0.1,0.05,target,competitor,0,1.911
28,76,perceptual,0.1,0.2,target,decoy,0,3.296
28,77,numeric,0.1,0.2,target,target,1,4.922
28,78,perceptual,0.03,0.2,target,competitor,0,2.549
28,79,numeric,0.03,0.05,competitor,competitor,0,3.441
28,80,numeric,0.03,0.05,competitor,decoy,0,3.081
28,81,numeric,0.03,0.05,no_decoy,target,1,4.537
28,82,perceptual,0.03,0.05,competitor,target,1,3.759
28,83,numeric,0.03,0.05,competitor,target,1,2.846
28,84,perceptual,0.03,0.05,competitor,target,1,2.223
28,85,perceptual,0.1,0.05,target,target,1,3.057
28,86,numeric,0.1,0.2,no_decoy,competitor,0,2.184
28,87,perceptual,0.1,0.2,no_decoy,target,1,2.384
28,88,numeric,0.1,0.05,competitor,target,1,2.1
28,89,perceptual,0.03,0.05,no_decoy,competitor,0,1.669
28,90,numeric,0.1,0.2,competitor,decoy,0,1.48
28,91,numeric,0.1,0.2,no_decoy,competitor,0,2.539
28,92,numeric,0.1,0.2,competitor,competitor,0,2.292
28,93,numeric,0.03,0.05,target,decoy,0,2.242
28,94,perceptual,0.1,0.05,target,target,1,2.537
28,95,numeric,0.03,0.2,competitor,competitor,0,2.092
28,96,perceptual,0.03,0.05,no_decoy,competitor,0,1.945
28,97,perceptual,0.1,0.05,no_decoy,target,1,2.807
28,98,perceptual,0.03,0.2,target,competitor,0,2.692
28,99,numeric,0.1,0.05,target,competitor,0,2.369
28,100,numeric,0.03,0.05,target,decoy,0,1.785
28,101,numeric,0.1,0.2,no_decoy,competitor,0,2.107
28,102,perceptual,0.1,0.05,competitor,competitor,0,1.812
28,103,numeric,0.03,0.05,target,competitor,0,3.06
28,104,perceptual,0.1,0.2,target,competitor,0,2.193
28,105,perceptual,0.03,0.05,target,target,1,3.008
28,106,perceptual,0.03,0.2,competitor,competitor,0,2.285
28,107,numeric,0.03,0.05,no_decoy,competitor,0,1.987
28,108,perceptual,0.03,0.05,target,competitor,0,1.945
28,109,numeric,0.03,0.2,competitor,competitor,0,1.845
28,110,numeric,0.03,0.05,no_decoy,competitor,0,1.858
28,111,numeric,0.1,0.05,no_decoy,competitor,0,2.532
28,112,perceptual,0.03,0.05,competitor,target,1,2.377
28,113,perceptual,0.03,0.2,competitor,decoy,0,2.78
28,114,perceptual,0.03,0.2,no_decoy,target,1,3.017
28,115,numeric,0.1,0.05,competitor,target,1,3.36
28,116,numeric,0.1,0.2,competitor,decoy,0,3.382
28,117,numeric,0.1,0.05,competitor,competitor,0,2.792
28,118,perceptual,0.03,0.05,no_decoy,competitor,0,2.58
28,119,numeric,0.1,0.05,no_decoy,competitor,0,2.194
28,120,numeric,0.1,0.2,competitor,target,1,2.628
28,121,numeric,0.1,0.05,target,competitor,0,2.18
28,122,perceptual,0.1,0.2,no_decoy,target,1,2.082
28,123,perceptual,0.03,0.2,target,competitor,0,1.952
28,124,numeric,0.03,0.2,competitor,target,1,1.833
28,125,perceptual,0.1,0.05,no_decoy,target,1,0.079
28,126,numeric,0.1,0.2,target,decoy,0,1.85
28,127,perceptual,0.1,0.2,target,competitor,0,3.665
28,128,numeric,0.03,0.05,target,target,1,2.224
28,129,numeric,0.1,0.2,no_decoy,target,1,2.403
28,130,numeric,0.1,0.05,competitor,decoy,0,1.983
28,131,numeric,0.03,0.05,competitor,competitor,0,2.916
28,132,numeric,0.1,0.05,target,decoy,0,1.7
28,133,perceptual,0.1,0.2,no_decoy,target,1,1.797
28,134,perceptual,0.03,0.2,no_decoy,competitor,0,1.751
28,135,perceptual,0.1,0.05,no_decoy,competitor,0,2.042
28,136,perceptual,0.1,0.05,no_decoy,target,1,1.504
28,137,perceptual,0.03,0.05,target,decoy,0,2.516
28,138,perceptual,0.03,0.2,no_decoy,competitor,0,2.231
28,139,numeric,0.1,0.2,target,decoy,0,1.622
28,140,numeric,0.03,0.05,competitor,decoy,0,1.315
28,141,numeric,0.1,0.2,target,target,1,1.538
28,142,numeric,0.1,0.05,competitor,competitor,0,1.246
28,143,perceptual,0.03,0.05,competitor,target,1,1.009
28,144,perceptual,0.1,0.05,competitor,competitor,0,2.193
28,145,perceptual,0.1,0.05,competitor,decoy,0,1.757
28,146,perceptual,0.1,0.05,no_decoy,target,1,2.473
28,147,numeric,0.03,0.05,target,competitor,0,2.178
28,148,numeric,0.03,0.2,no_decoy,target,1,1.94
28,149,numeric,0.1,0.2,target,target,1,2.123
28,150,numeric,0.03,0.05,target,decoy,0,2.256
28,151,perceptual,0.1,0.2,target,competitor,0,1.911
28,152,perceptual,0.1,0.2,target,target,1,2.117
28,153,perceptual,0.1,0.2,target,competitor,0,2.02
28,154,perceptual,0.1,0.05,no_decoy,target,1,1.984
28,155,perceptual,0.1,0.2,no_decoy,competitor,0,2.739
28,156,numeric,0.1,0.2,competitor,competitor,0,2.842
28,157,perceptual,0.1,0.05,target,decoy,0,2.739
28,158,perceptual,0.1,0.05,no_decoy,competitor,0,2.361
28,159,perceptual,0.03,0.05,competitor,target,1,1.801
28,160,perceptual,0.1,0.05,target,decoy,0,1.573
28,161,numeric,0.03,0.05,no_decoy,competitor,0,1.688
28,162,perceptual,0.03,0.05,target,decoy,0,2.323
28,163,numeric,0.1,0.05,no_decoy,competitor,0,1.972
28,164,perceptual,0.03,0.2,target,competitor,0,1.647
28,165,perceptual,0.1,0.2,target,decoy,0,1.466
28,166,numeric,0.1,0.2,target,target,1,1.351
28,167,numeric,0.1,0.05,competitor,decoy,0,1.262
28,168,numeric,0.03,0.2,no_decoy,competitor,0,2.196
28,169,perceptual,0.1,0.05,no_decoy,competitor,0,2.752
28,170,numeric,0.03,0.05,target,competitor,0,2.31
28,171,numeric,0.1,0.05,target,decoy,0,2.132
28,172,numeric,0.03,0.2,no_decoy,competitor,0,2.514
28,173,perceptual,0.03,0.2,no_decoy,competitor,0,2.155
28,174,perceptual,0.1,0.2,competitor,decoy,0,2.275
28,175,perceptual,0.03,0.2,target,target,1,3.135
28,176,numeric,0.1,0.2,no_decoy,competitor,0,3.29
28,177,numeric,0.03,0.2,target,competitor,0,3.847
28,178,perceptual,0.03,0.2,target,target,1,2.45
28,179,numeric,0.1,0.2,target,target,1,2.351
28,180,numeric,0.1,0.05,target,competitor,0,2.016
28,181,perceptual,0.03,0.2,competitor,target,1,2.684
28,182,numeric,0.1,0.05,no_decoy,target,1,1.99
28,183,numeric,0.03,0.05,no_decoy,competitor,0,3.237
28,184,numeric,0.03,0.05,no_decoy,target,1,4.002
28,185,numeric,0.1,0.2,target,target,1,2.585
28,186,numeric,0.1,0.2,target,decoy,0,2.336
28,187,numeric,0.03,0.2,no_decoy,competitor,0,2.535
28,188,numeric,0.03,0.05,no_decoy,target,1,2.623
28,189,perceptual,0.03,0.05,competitor,competitor,0,2.948
28,190,numeric,0.03,0.05,competitor,decoy,0,2.292
28,191,numeric,0.03,0.05,competitor,competitor,0,4.651
28,192,numeric,0.03,0.2,target,target,1,5.659
28,193,numeric,0.1,0.05,target,target,1,5.202
28,194,perceptual,0.1,0.2,target,competitor,0,2.333
28,195,perceptual,0.03,0.05,competitor,target,1,2.256
28,196,perceptual,0.1,0.2,no_decoy,competitor,0,2.772
28,197,perceptual,0.03,0.05,no_decoy,target,1,3.531
28,198,perceptual,0.1,0.05,target,competitor,0,4.567
28,199,perceptual,0.03,0.05,target,target,1,3.931
28,200,perceptual,0.1,0.2,competitor,competitor,0,4.283
28,201,numeric,0.1,0.2,no_decoy,competitor,0,2.578
28,202,numeric,0.1,0.05,no_decoy,target,1,3.007
28,203,perceptual,0.1,0.2,competitor,competitor,0,2.539
28,204,numeric,0.1,0.2,no_decoy,target,1,2.329
28,205,perceptual,0.03,0.2,competitor,competitor,0,2.109
28,206,perceptual,0.1,0.2,competitor,competitor,0,2.095
28,207,perceptual,0.1,0.2,no_decoy,target,1,2.074
28,208,numeric,0.03,0.2,no_decoy,target,1,2.248
28,209,numeric,0.1,0.2,target,decoy,0,2.949
28,210,numeric,0.1,0.05,competitor,decoy,0,4.408
28,211,numeric,0.1,0.05,target,target,1,0.09
28,212,numeric,0.03,0.2,competitor,competitor,0,6.158
28,213,perceptual,0.1,0.05,competitor,competitor,0,3.022
28,214,numeric,0.1,0.05,no_decoy,target,1,3.783
28,215,perceptual,0.1,0.05,competitor,target,1,4.267
28,216,numeric,0.03,0.2,no_decoy,target,1,3.964
28,217,numeric,0.1,0.05,competitor,competitor,0,5.981
28,218,numeric,0.1,0.05,target,target,1,4.061
28,219,numeric,0.03,0.05,competitor,decoy,0,3.993
28,220,numeric,0.03,0.2,competitor,competitor,0,3.98
28,221,numeric,0.03,0.05,no_decoy,target,1,3.568
28,222,perceptual,0.1,0.05,competitor,competitor,0,5.558
28,223,perceptual,0.03,0.2,competitor,target,1,3.945
28,224,numeric,0.03,0.2,competitor,target,1,2.967
28,225,perceptual,0.1,0.2,competitor,decoy,0,3.765
28,226,perceptual,0.03,0.05,target,competitor,0,3.281
28,227,perceptual,0.03,0.2,no_decoy,competitor,0,2.796
28,228,numeric,0.1,0.05,no_decoy,target,1,4.061
28,229,perceptual,0.1,0.2,no_decoy,competitor,0,2.116
28,230,perceptual,0.1,0.2,competitor,competitor,0,3.123
28,231,numeric,0.1,0.05,competitor,target,1,5.059
28,232,perceptual,0.1,0.2,competitor,competitor,0,3.564
28,233,numeric,0.03,0.2,competitor,target,1,6.579
28,234,numeric,0.03,0.2,target,target,1,2.401
28,235,perceptual,0.1,0.2,target,competitor,0,3.726
28,236,perceptual,0.1,0.2,competitor,target,1,2.48
28,237,perceptual,0.1,0.2,competitor,decoy,0,3.612
28,238,perceptual,0.03,0.2,competitor,competitor,0,2.67
28,239,perceptual,0.03,0.2,competitor,competitor,0,3.6
28,240,perceptual,0.1,0.05,target,competitor,0,2.333
28,241,numeric,0.03,0.05,competitor,target,1,2.61
28,242,numeric,0.1,0.05,target,target,1,2.218
28,243,perceptual,0.03,0.05,no_decoy,target,1,2.513
28,244,perceptual,0.03,0.2,no_decoy,target,1,2.377
28,245,perceptual,0.03,0.2,competitor,competitor,0,1.845
28,246,perceptual,0.03,0.2,target,decoy,0,2.066
28,247,numeric,0.1,0.2,no_decoy,target,1,2.31
28,248,perceptual,0.03,0.2,no_decoy,competitor,0,1.856
28,249,perceptual,0.03,0.05,no_decoy,competitor,0,2.838
28,250,numeric,0.1,0.05,competitor,target,1,1.966
28,251,perceptual,0.1,0.05,competitor,competitor,0,1.351
28,252,perceptual,0.03,0.2,no_decoy,target,1,1.744
28,253,perceptual,0.03,0.2,competitor,target,1,1.189
28,254,numeric,0.1,0.05,no_decoy,target,1,0.856
28,255,perceptual,0.03,0.2,competitor,target,1,0.639
28,256,numeric,0.03,0.2,target,target,1,0.608
28,257,perceptual,0.03,0.05,target,competitor,0,1.415
28,258,perceptual,0.1,0.05,target,competitor,0,0.283
28,259,numeric,0.03,0.05,target,competitor,0,0.373
28,260,perceptual,0.1,0.2,target,decoy,0,0.283
28,261,perceptual,0.03,0.05,competitor,competitor,0,0.328
28,262,perceptual,0.03,0.05,no_decoy,target,1,0.565
28,263,numeric,0.1,0.2,no_decoy,competitor,0,0.243
28,264,numeric,0.1,0.05,no_decoy,competitor,0,0.241
28,265,numeric,0.03,0.2,competitor,target,1,0.22
28,266,numeric,0.03,0.05,target,target,1,0.219
28,267,perceptual,0.1,0.05,no_decoy,target,1,0.364
28,268,numeric,0.1,0.2,no_decoy,target,1,0.274
28,269,perceptual,0.03,0.05,target,decoy,0,0.251
28,270,perceptual,0.1,0.05,competitor,target,1,0.236
28,271,perceptual,0.1,0.2,target,competitor,0,0.239
28,272,numeric,0.03,0.2,no_decoy,competitor,0,0.665
28,273,numeric,0.03,0.2,no_decoy,target,1,0.542
28,274,numeric,0.03,0.2,competitor,decoy,0,0.242
28,275,perceptual,0.03,0.2,competitor,decoy,0,0.219
28,276,perceptual,0.03,0.2,no_decoy,competitor,0,0.45
28,277,numeric,0.03,0.2,target,competitor,0,0.417
28,278,numeric,0.1,0.2,competitor,competitor,0,0.291
28,279,numeric,0.03,0.05,target,target,1,0.268
28,280,perceptual,0.03,0.2,competitor,competitor,0,0.187
28,281,perceptual,0.1,0.05,target,competitor,0,0.228
28,282,numeric,0.03,0.05,target,decoy,0,0.219
28,283,perceptual,0.1,0.05,no_decoy,competitor,0,0.225
28,284,numeric,0.03,0.2,target,competitor,0,0.308
28,285,numeric,0.03,0.2,no_decoy,competitor,0,0.257
28,286,numeric,0.03,0.2,target,competitor,0,3.051
28,287,perceptual,0.1,0.2,competitor,competitor,0,1.816
28,288,perceptual,0.03,0.2,target,target,1,1.61
29,1,perceptual,0.03,0.05,competitor,competitor,0,7.055
29,2,perceptual,0.1,0.2,competitor,target,1,3.769
29,3,numeric,0.1,0.2,competitor,target,1,3.248
29,4,perceptual,0.03,0.05,competitor,target,1,3.735
29,5,numeric,0.1,0.05,competitor,target,1,4.639
29,6,numeric,0.1,0.2,no_decoy,target,1,2.773
29,7,perceptual,0.1,0.05,target,decoy,0,3.23
29,8,numeric,0.1,0.2,no_decoy,target,1,7.638
29,9,numeric,0.1,0.2,target,target,1,2.943
29,10,numeric,0.03,0.05,competitor,target,1,3.144
29,11,numeric,0.03,0.2,competitor,decoy,0,6.2
29,12,perceptual,0.1,0.2,target,target,1,5.153
29,13,numeric,0.1,0.05,competitor,target,1,9.8
29,14,numeric,0.1,0.05,competitor,target,1,4.882
29,15,numeric,0.03,0.05,competitor,competitor,0,3.427
29,16,perceptual,0.1,0.2,no_decoy,target,1,2.843
29,17,perceptual,0.1,0.2,no_decoy,target,1,5.35
29,18,perceptual,0.03,0.05,no_decoy,target,1,3.451
29,19,perceptual,0.03,0.2,competitor,competitor,0,3.899
29,20,perceptual,0.1,0.05,competitor,competitor,0,7.603
29,21,numeric,0.1,0.2,no_decoy,target,1,4.034
29,22,perceptual,0.03,0.2,target,target,1,3.629
29,23,perceptual,0.1,0.05,target,target,1,3.929
29,24,numeric,0.1,0.2,target,target,1,4.345
29,25,numeric,0.1,0.05,target,decoy,0,4.46
29,26,perceptual,0.03,0.2,no_decoy,competitor,0,3.678
29,27,perceptual,0.03,0.05,target,target,1,6.282
29,28,numeric,0.1,0.2,target,target,1,5.243
29,29,numeric,0.1,0.2,no_decoy,target,1,3.924
29,30,numeric,0.1,0.2,no_decoy,target,1,3.15
29,31,perceptual,0.03,0.2,competitor,competitor,0,2.594
29,32,numeric,0.1,0.05,no_decoy,target,1,5.111
29,33,perceptual,0.1,0.2,target,target,1,3.25
29,34,numeric,0.1,0.05,competitor,target,1,2.465
29,35,numeric,0.03,0.2,competitor,competitor,0,2.993
29,36,perceptual,0.1,0.2,competitor,target,1,2.15
29,37,numeric,0.03,0.2,competitor,competitor,0,3.332
29,38,numeric,0.1,0.05,no_decoy,target,1,2.501
29,39,perceptual,0.1,0.05,competitor,competitor,0,3.824
29,40,numeric,0.03,0.2,no_decoy,competitor,0,4.213
29,41,numeric,0.1,0.2,target,target,1,3.372
29,42,perceptual,0.03,0.05,no_decoy,competitor,0,3.954
29,43,numeric,0.03,0.05,target,competitor,0,3.746
29,44,numeric,0.1,0.05,target,decoy,0,5.078
29,45,numeric,0.1,0.2,competitor,target,1,5.641
29,46,perceptual,0.1,0.05,competitor,competitor,0,3.629
29,47,perceptual,0.03,0.2,no_decoy,target,1,5.54
29,48,numeric,0.1,0.05,no_decoy,target,1,2.396
29,49,numeric,0.03,0.05,target,target,1,3.268
29,50,numeric,0.03,0.05,competitor,target,1,3.282
29,51,perceptual,0.03,0.05,no_decoy,target,1,2.275
29,52,numeric,0.03,0.2,no_decoy,target,1,2.436
29,53,numeric,0.1,0.05,competitor,target,1,3.557
29,54,perceptual,0.1,0.2,target,decoy,0,4.687
29,55,perceptual,0.03,0.05,no_decoy,target,1,3.441
29,56,perceptual,0.1,0.05,no_decoy,target,1,4.199
29,57,numeric,0.1,0.2,no_decoy,target,1,3.074
29,58,perceptual,0.03,0.05,target,target,1,2.688
29,59,perceptual,0.1,0.05,target,target,1,2.259
29,60,numeric,0.03,0.05,target,target,1,3.301
29,61,perceptual,0.03,0.05,no_decoy,competitor,0,7.001
29,62,perceptual,0.1,0.2,no_decoy,target,1,2.189
29,63,perceptual,0.03,0.2,no_decoy,competitor,0,1.775
29,64,numeric,0.03,0.2,target,target,1,3.098
29,65,perceptual,0.03,0.05,no_decoy,target,1,2.216
29,66,perceptual,0.03,0.2,competitor,target,1,2.995
29,67,perceptual,0.03,0.2,no_decoy,competitor,0,2.627
29,68,perceptual,0.03,0.05,target,target,1,2.776
29,69,numeric,0.03,0.05,no_decoy,target,1,2.811
29,70,numeric,0.03,0.2,competitor,competitor,0,3.058
29,71,perceptual,0.1,0.2,target,decoy,0,2.707
29,72,numeric,0.03,0.05,target,target,1,2.379
29,73,perceptual,0.03,0.2,target,decoy,0,2.345
29,74,perceptual,0.03,0.05,target,competitor,0,1.926
29,75,perceptual,0.03,0.05,target,target,1,3.366
29,76,perceptual,0.1,0.2,competitor,target,1,2.687
29,77,perceptual,0.1,0.05,target,target,1,3.366
29,78,perceptual,0.1,0.2,competitor,target,1,2.46
29,79,numeric,0.1,0.2,target,target,1,4.461
29,80,numeric,0.1,0.05,target,competitor,0,2.474
29,81,numeric,0.03,0.2,no_decoy,target,1,2.514
29,82,numeric,0.03,0.05,target,competitor,0,3.834
29,83,perceptual,0.1,0.2,target,target,1,2.184
29,84,numeric,0.1,0.05,competitor,competitor,0,2.634
29,85,perceptual,0.1,0.2,no_decoy,target,1,2.677
29,86,perceptual,0.1,0.2,competitor,target,1,2.339
29,87,perceptual,0.1,0.05,no_decoy,target,1,2.096
29,88,perceptual,0.03,0.05,target,target,1,2.244
29,89,numeric,0.1,0.2,target,target,1,2.776
29,90,perceptual,0.1,0.2,no_decoy,target,1,2.092
29,91,perceptual,0.03,0.2,target,competitor,0,3.992
29,92,perceptual,0.03,0.2,no_decoy,target,1,2.583
29,93,perceptual,0.03,0.05,target,competitor,0,3.366
29,94,perceptual,0.1,0.05,target,target,1,3.085
29,95,perceptual,0.1,0.2,target,decoy,0,2.493
29,96,numeric,0.1,0.2,competitor,target,1,3.49
29,97,perceptual,0.03,0.2,competitor,target,1,1.983
29,98,perceptual,0.1,0.2,competitor,target,1,2.418
29,99,numeric,0.03,0.05,no_decoy,target,1,1.912
29,100,perceptual,0.1,0.2,target,competitor,0,2.076
29,101,perceptual,0.1,0.2,no_decoy,competitor,0,4.157
29,102,perceptual,0.1,0.2,target,target,1,2.525
29,103,numeric,0.03,0.2,no_decoy,competitor,0,1.941
29,104,perceptual,0.03,0.2,target,target,1,3.832
29,105,numeric,0.03,0.2,competitor,competitor,0,2.155
29,106,perceptual,0.03,0.05,no_decoy,target,1,3.318
29,107,numeric,0.1,0.05,target,decoy,0,3.077
29,108,numeric,0.03,0.05,no_decoy,competitor,0,1.957
29,109,perceptual,0.1,0.05,competitor,decoy,0,2.288
29,110,perceptual,0.1,0.05,no_decoy,target,1,3.117
29,111,perceptual,0.03,0.05,competitor,decoy,0,2.001
29,112,numeric,0.1,0.2,competitor,competitor,0,2.104
29,113,perceptual,0.1,0.05,no_decoy,target,1,2.394
29,114,numeric,0.1,0.05,no_decoy,target,1,2.341
29,115,perceptual,0.03,0.05,competitor,competitor,0,3.906
29,116,numeric,0.03,0.2,competitor,target,1,2.562
29,117,perceptual,0.1,0.05,no_decoy,target,1,2.373
29,118,numeric,0.03,0.05,competitor,competitor,0,2.459
29,119,perceptual,0.1,0.2,no_decoy,target,1,2.002
29,120,perceptual,0.03,0.2,target,target,1,2.309
29,121,perceptual,0.1,0.2,target,competitor,0,2.152
29,122,perceptual,0.1,0.05,target,competitor,0,3.443
29,123,perceptual,0.03,0.05,competitor,decoy,0,2.732
29,124,numeric,0.03,0.05,competitor,competitor,0,2.133
29,125,perceptual,0.03,0.05,target,competitor,0,2.809
29,126,numeric,0.03,0.05,target,decoy,0,1.847
29,127,perceptual,0.03,0.2,target,competitor,0,4.1
29,128,numeric,0.03,0.2,no_decoy,target,1,2.524
29,129,perceptual,0.03,0.2,competitor,target,1,2.393
29,130,perceptual,0.03,0.05,competitor,target,1,2.379
29,131,numeric,0.1,0.05,no_decoy,target,1,3.406
29,132,perceptual,0.1,0.2,competitor,target,1,2.708
29,133,numeric,0.03,0.2,competitor,competitor,0,2.375
29,134,perceptual,0.03,0.2,competitor,target,1,2.547
29,135,perceptual,0.1,0.05,no_decoy,target,1,2.097
29,136,numeric,0.1,0.05,no_decoy,competitor,0,2.094
29,137,perceptual,0.03,0.2,target,competitor,0,2.676
29,138,numeric,0.1,0.05,no_decoy,target,1,2.071
29,139,numeric,0.1,0.2,no_decoy,target,1,2.571
29,140,numeric,0.03,0.05,target,decoy,0,2.726
29,141,perceptual,0.03,0.2,competitor,target,1,2.634
29,142,numeric,0.1,0.2,no_decoy,target,1,2.937
29,143,numeric,0.1,0.2,target,target,1,2.139
29,144,numeric,0.03,0.05,competitor,target,1,2.131
29,145,perceptual,0.03,0.2,target,target,1,3.266
29,146,numeric,0.03,0.2,target,target,1,2.943
29,147,perceptual,0.1,0.05,target,target,1,2.026
29,148,perceptual,0.03,0.2,competitor,target,1,2.192
29,149,perceptual,0.1,0.2,no_decoy,target,1,3.059
29,150,numeric,0.03,0.2,no_decoy,target,1,3.644
29,151,numeric,0.03,0.05,target,competitor,0,2.992
29,152,numeric,0.1,0.05,target,competitor,0,2.451
29,153,numeric,0.03,0.2,target,target,1,2.583
29,154,perceptual,0.1,0.05,target,target,1,5.381
29,155,numeric,0.03,0.2,no_decoy,competitor,0,2.451
29,156,numeric,0.03,0.05,competitor,competitor,0,2.626
29,157,numeric,0.1,0.2,no_decoy,target,1,2.822
29,158,numeric,0.03,0.2,no_decoy,competitor,0,2.751
29,159,perceptual,0.03,0.2,competitor,competitor,0,4.444
29,160,numeric,0.03,0.2,target,competitor,0,2.801
29,161,perceptual,0.03,0.2,competitor,decoy,0,2.161
29,162,perceptual,0.1,0.05,no_decoy,target,1,3.856
29,163,perceptual,0.1,0.05,target,decoy,0,2.846
29,164,perceptual,0.1,0.2,no_decoy,target,1,4.11
29,165,perceptual,0.03,0.2,no_decoy,competitor,0,3.809
29,166,perceptual,0.1,0.05,competitor,competitor,0,2.35
29,167,numeric,0.03,0.05,no_decoy,target,1,2.136
29,168,numeric,0.03,0.2,target,target,1,1.947
29,169,numeric,0.1,0.05,no_decoy,competitor,0,2.78
29,170,numeric,0.1,0.2,target,decoy,0,2.036
29,171,perceptual,0.03,0.05,no_decoy,competitor,0,2.48
29,172,numeric,0.1,0.05,competitor,target,1,2.244
29,173,numeric,0.1,0.2,target,target,1,2.44
29,174,numeric,0.03,0.05,competitor,decoy,0,2.59
29,175,perceptual,0.1,0.05,competitor,target,1,2.595
29,176,numeric,0.03,0.05,no_decoy,competitor,0,2.704
29,177,perceptual,0.1,0.05,no_decoy,target,1,2.725
29,178,numeric,0.03,0.2,competitor,decoy,0,2.253
29,179,numeric,0.1,0.05,target,decoy,0,2.492
29,180,numeric,0.03,0.2,competitor,competitor,0,2.097
29,181,perceptual,0.1,0.05,target,target,1,2.773
29,182,numeric,0.03,0.05,no_decoy,target,1,2.406
29,183,perceptual,0.03,0.2,no_decoy,target,1,2.11
29,184,perceptual,0.03,0.05,target,competitor,0,3.194
29,185,numeric,0.1,0.05,competitor,competitor,0,2.089
29,186,perceptual,0.03,0.05,competitor,target,1,2.108
29,187,numeric,0.1,0.05,no_decoy,target,1,2.24
29,188,numeric,0.1,0.2,target,competitor,0,2.413
29,189,numeric,0.03,0.2,target,target,1,2.115
29,190,perceptual,0.03,0.2,target,competitor,0,2.333
29,191,perceptual,0.03,0.05,competitor,competitor,0,1.995
29,192,perceptual,0.1,0.05,competitor,target,1,2.328
29,193,numeric,0.1,0.05,target,target,1,2.598
29,194,numeric,0.03,0.05,competitor,decoy,0,2.234
29,195,perceptual,0.1,0.05,competitor,competitor,0,2.42
29,196,perceptual,0.1,0.05,no_decoy,competitor,0,2.151
29,197,numeric,0.03,0.2,target,target,1,1.975
29,198,perceptual,0.03,0.2,no_decoy,competitor,0,1.776
29,199,numeric,0.03,0.2,no_decoy,target,1,2.26
29,200,numeric,0.1,0.2,no_decoy,target,1,2.482
29,201,numeric,0.03,0.2,competitor,target,1,1.909
29,202,numeric,0.03,0.2,competitor,competitor,0,2.284
29,203,perceptual,0.03,0.05,no_decoy,target,1,2.188
29,204,numeric,0.03,0.05,competitor,target,1,2.154
29,205,perceptual,0.1,0.05,competitor,decoy,0,1.715
29,206,perceptual,0.03,0.05,target,decoy,0,1.974
29,207,perceptual,0.03,0.05,target,target,1,1.916
29,208,numeric,0.1,0.05,competitor,target,1,2.301
29,209,perceptual,0.1,0.2,target,target,1,3.971
29,210,perceptual,0.1,0.2,target,target,1,3.858
29,211,perceptual,0.03,0.05,competitor,target,1,3.208
29,212,perceptual,0.03,0.2,no_decoy,competitor,0,2.789
29,213,perceptual,0.1,0.05,no_decoy,competitor,0,2.761
29,214,perceptual,0.03,0.2,no_decoy,competitor,0,3.492
29,215,perceptual,0.1,0.05,competitor,target,1,4.694
29,216,perceptual,0.03,0.05,competitor,competitor,0,5.24
29,217,perceptual,0.1,0.05,competitor,competitor,0,3.31
29,218,perceptual,0.1,0.05,target,target,1,3.772
29,219,perceptual,0.1,0.2,no_decoy,competitor,0,2.341
29,220,numeric,0.1,0.05,no_decoy,target,1,2.363
29,221,numeric,0.03,0.05,target,competitor,0,1.99
29,222,perceptual,0.03,0.2,no_decoy,competitor,0,1.8
29,223,perceptual,0.1,0.2,competitor,target,1,1.928
29,224,perceptual,0.03,0.2,target,target,1,2.183
29,225,numeric,0.03,0.05,no_decoy,target,1,2.202
29,226,numeric,0.03,0.05,no_decoy,target,1,2.718
29,227,perceptual,0.1,0.2,target,target,1,2.582
29,228,numeric,0.03,0.05,competitor,competitor,0,1.841
29,229,perceptual,0.1,0.2,no_decoy,competitor,0,2.656
29,230,numeric,0.1,0.05,competitor,target,1,5.231
29,231,numeric,0.1,0.05,target,target,1,2.489
29,232,numeric,0.03,0.2,target,competitor,0,1.865
29,233,numeric,0.1,0.05,no_decoy,competitor,0,3.387
29,234,numeric,0.1,0.2,competitor,target,1,3.038
29,235,numeric,0.03,0.2,target,target,1,4.154
29,236,numeric,0.03,0.2,no_decoy,competitor,0,3.273
29,237,numeric,0.03,0.2,target,competitor,0,2.132
29,238,numeric,0.03,0.05,no_decoy,target,1,5.108
29,239,numeric,0.1,0.2,competitor,target,1,5.351
29,240,perceptual,0.1,0.2,competitor,target,1,2.608
29,241,numeric,0.1,0.05,target,target,1,2.545
29,242,numeric,0.03,0.05,no_decoy,competitor,0,1.91
29,243,perceptual,0.03,0.05,no_decoy,target,1,3.333
29,244,numeric,0.03,0.05,no_decoy,target,1,0.723
29,245,numeric,0.1,0.2,target,target,1,2.336
29,246,numeric,0.1,0.2,no_decoy,target,1,2.233
29,247,perceptual,0.03,0.05,target,target,1,2.965
29,248,perceptual,0.03,0.2,competitor,target,1,2.698
29,249,numeric,0.1,0.2,competitor,competitor,0,2.562
29,250,perceptual,0.1,0.05,no_decoy,target,1,2.022
29,251,numeric,0.03,0.2,no_decoy,competitor,0,1.93
29,252,numeric,0.1,0.2,competitor,target,1,3.442
29,253,perceptual,0.03,0.05,no_decoy,target,1,2.534
29,254,numeric,0.03,0.05,no_decoy,competitor,0,3.066
29,255,perceptual,0.03,0.05,competitor,decoy,0,3.044
29,256,numeric,0.03,0.05,competitor,competitor,0,1.802
29,257,numeric,0.03,0.2,competitor,target,1,2.781
29,258,numeric,0.1,0.05,competitor,target,1,1.831
29,259,numeric,0.03,0.05,target,competitor,0,2.964
29,260,numeric,0.1,0.05,target,target,1,2.259
29,261,numeric,0.1,0.2,competitor,target,1,2.183
29,262,perceptual,0.1,0.2,no_decoy,target,1,2.384
29,263,perceptual,0.1,0.2,competitor,target,1,2.413
29,264,perceptual,0.1,0.05,target,decoy,0,3.281
29,265,perceptual,0.03,0.2,competitor,competitor,0,4.184
29,266,numeric,0.1,0.05,no_decoy,target,1,3.745
29,267,perceptual,0.03,0.2,no_decoy,competitor,0,2.997
29,268,numeric,0.1,0.05,target,competitor,0,2.515
29,269,perceptual,0.03,0.05,competitor,target,1,3.092
29,270,perceptual,0.03,0.2,target,competitor,0,2.734
29,271,numeric,0.1,0.2,competitor,target,1,2.507
29,272,numeric,0.03,0.2,target,competitor,0,2.89
29,273,numeric,0.1,0.05,competitor,competitor,0,2.565
29,274,numeric,0.1,0.2,competitor,target,1,2.9
29,275,perceptual,0.1,0.05,no_decoy,target,1,1.835
29,276,numeric,0.03,0.05,target,target,1,2.376
29,277,numeric,0.03,0.2,no_decoy,competitor,0,1.949
29,278,perceptual,0.03,0.2,target,competitor,0,3.366
29,279,numeric,0.1,0.2,target,target,1,1.85
29,280,numeric,0.1,0.05,target,decoy,0,1.958
29,281,numeric,0.1,0.2,competitor,target,1,2.215
29,282,numeric,0.1,0.2,no_decoy,target,1,2.117
29,283,perceptual,0.1,0.2,competitor,competitor,0,2.039
29,284,perceptual,0.1,0.05,competitor,target,1,2.732
29,285,perceptual,0.1,0.2,competitor,competitor,0,2.618
29,286,perceptual,0.03,0.05,no_decoy,competitor,0,2.224
29,287,numeric,0.03,0.05,target,target,1,7.502
29,288,numeric,0.03,0.2,target,target,1,2.505
30,1,perceptual,0.03,0.05,competitor,target,1,6.8
30,2,perceptual,0.03,0.05,competitor,target,1,6.449
30,3,perceptual,0.03,0.05,no_decoy,target,1,5.524
30,4,numeric,0.03,0.2,no_decoy,target,1,7.841
30,5,perceptual,0.03,0.2,target,decoy,0,3.952
30,6,perceptual,0.03,0.2,no_decoy,competitor,0,2.62
30,7,numeric,0.1,0.2,target,target,1,0.119
30,8,perceptual,0.1,0.05,competitor,competitor,0,0.056
30,9,perceptual,0.03,0.2,competitor,decoy,0,0.115
30,10,numeric,0.1,0.05,competitor,decoy,0,0.027
30,11,numeric,0.1,0.05,competitor,competitor,0,0.139
30,12,perceptual,0.1,0.05,no_decoy,competitor,0,0.07
30,13,perceptual,0.1,0.2,target,competitor,0,0.151
30,14,numeric,0.1,0.05,no_decoy,target,1,1.749
30,15,numeric,0.1,0.2,no_decoy,target,1,7.108
30,16,perceptual,0.03,0.05,target,target,1,2.686
30,17,numeric,0.1,0.2,competitor,target,1,6.53
30,19,numeric,0.03,0.05,no_decoy,competitor,0,0.66
30,20,perceptual,0.1,0.05,target,target,1,2.659
30,21,perceptual,0.03,0.2,competitor,target,1,2.05
30,22,numeric,0.1,0.2,target,target,1,6.281
30,23,numeric,0.03,0.05,no_decoy,target,1,5.489
30,24,numeric,0.03,0.2,target,competitor,0,7.062
30,25,numeric,0.03,0.05,no_decoy,target,1,7.578
30,26,numeric,0.03,0.05,target,competitor,0,6.331
30,27,perceptual,0.1,0.2,target,target,1,4.93
30,28,perceptual,0.1,0.2,target,target,1,7.769
30,29,numeric,0.1,0.05,no_decoy,target,1,3.771
30,30,perceptual,0.03,0.2,no_decoy,target,1,5.279
30,31,perceptual,0.1,0.05,target,decoy,0,6.414
30,32,perceptual,0.1,0.05,competitor,target,1,2.61
30,33,perceptual,0.1,0.2,target,target,1,3.101
30,34,numeric,0.1,0.2,target,decoy,0,6.342
30,35,numeric,0.1,0.05,competitor,target,1,5.863
30,36,numeric,0.1,0.05,target,target,1,4.23
30,37,numeric,0.1,0.05,no_decoy,competitor,0,6.478
30,38,perceptual,0.1,0.05,competitor,target,1,4.082
30,39,perceptual,0.1,0.05,no_decoy,competitor,0,2.448
30,40,numeric,0.1,0.05,no_decoy,target,1,5.195
30,41,perceptual,0.1,0.05,no_decoy,competitor,0,3.161
30,42,perceptual,0.03,0.05,target,target,1,6.397
30,43,perceptual,0.1,0.05,no_decoy,target,1,4.386
30,44,numeric,0.03,0.05,target,target,1,6.908
30,45,numeric,0.03,0.2,no_decoy,target,1,4.078
30,46,perceptual,0.03,0.2,competitor,decoy,0,5.711
30,47,perceptual,0.03,0.2,no_decoy,target,1,4.19
30,48,numeric,0.1,0.2,no_decoy,competitor,0,5.435
30,49,numeric,0.03,0.05,competitor,competitor,0,5.62
30,50,numeric,0.1,0.2,competitor,competitor,0,3.518
30,51,numeric,0.03,0.05,target,decoy,0,6.757
30,52,perceptual,0.1,0.05,competitor,competitor,0,9.4
30,53,numeric,0.03,0.2,no_decoy,target,1,2.283
30,54,numeric,0.1,0.2,competitor,target,1,6.505
30,55,numeric,0.03,0.2,competitor,target,1,5.614
30,56,perceptual,0.03,0.05,no_decoy,competitor,0,3.814
30,57,numeric,0.03,0.2,competitor,competitor,0,9.996
30,58,perceptual,0.1,0.2,competitor,target,1,3.797
30,59,perceptual,0.1,0.2,target,decoy,0,3.196
30,60,perceptual,0.03,0.05,competitor,competitor,0,5.029
30,61,perceptual,0.03,0.2,target,decoy,0,2.172
30,62,numeric,0.03,0.05,competitor,decoy,0,2.887
30,63,perceptual,0.03,0.2,no_decoy,target,1,2.781
30,64,perceptual,0.1,0.05,target,competitor,0,1.781
30,65,numeric,0.1,0.2,competitor,competitor,0,6.173
30,66,numeric,0.1,0.2,no_decoy,competitor,0,2.419
30,67,numeric,0.03,0.2,no_decoy,target,1,6.622
30,68,numeric,0.03,0.2,competitor,competitor,0,9.232
30,69,numeric,0.1,0.2,no_decoy,competitor,0,6.838
30,70,numeric,0.03,0.05,competitor,target,1,6.538
30,71,perceptual,0.1,0.2,target,target,1,8.189
30,72,numeric,0.1,0.2,competitor,competitor,0,11.469
30,73,numeric,0.03,0.2,target,target,1,2.644
30,74,perceptual,0.1,0.2,competitor,decoy,0,2.288
30,75,numeric,0.1,0.2,target,competitor,0,6.796
30,76,numeric,0.1,0.2,competitor,target,1,3.754
30,77,numeric,0.03,0.05,no_decoy,target,1,4.411
30,78,numeric,0.03,0.05,competitor,competitor,0,10.398
30,79,numeric,0.1,0.05,target,target,1,4.921
30,80,perceptual,0.1,0.2,no_decoy,target,1,8.411
30,81,numeric,0.03,0.05,no_decoy,target,1,2.842
30,82,numeric,0.03,0.2,competitor,target,1,4.137
30,83,numeric,0.03,0.2,competitor,decoy,0,3.848
30,84,perceptual,0.1,0.2,target,competitor,0,2.767
30,85,perceptual,0.1,0.05,target,target,1,4.272
30,86,perceptual,0.1,0.2,competitor,target,1,6.211
30,87,perceptual,0.1,0.05,no_decoy,target,1,4.823
30,88,numeric,0.03,0.05,competitor,target,1,3.08
30,89,perceptual,0.1,0.05,competitor,target,1,5.318
30,90,numeric,0.1,0.2,target,competitor,0,4.979
30,91,perceptual,0.1,0.05,no_decoy,target,1,3.318
30,92,numeric,0.1,0.05,competitor,target,1,3.852
30,93,numeric,0.1,0.2,competitor,target,1,7.037
30,94,numeric,0.03,0.05,competitor,competitor,0,6.328
30,95,numeric,0.1,0.05,no_decoy,target,1,2.976
30,96,numeric,0.03,0.05,target,competitor,0,2.976
30,97,numeric,0.03,0.2,competitor,target,1,3.463
30,98,perceptual,0.03,0.2,no_decoy,competitor,0,3.176
30,99,perceptual,0.03,0.2,competitor,competitor,0,2.963
30,100,numeric,0.1,0.2,no_decoy,target,1,2.6
30,101,numeric,0.03,0.2,target,target,1,2.546
30,102,perceptual,0.1,0.2,no_decoy,target,1,2.303
30,103,numeric,0.03,0.2,no_decoy,target,1,5.457
30,104,perceptual,0.1,0.2,competitor,target,1,2.983
30,105,perceptual,0.03,0.05,target,target,1,3.3
30,106,perceptual,0.1,0.05,competitor,competitor,0,3.041
30,107,perceptual,0.1,0.2,competitor,decoy,0,2.497
30,108,numeric,0.03,0.05,competitor,competitor,0,2.844
30,109,perceptual,0.1,0.2,competitor,target,1,2.235
30,110,numeric,0.1,0.05,target,target,1,2.721
30,111,perceptual,0.03,0.2,no_decoy,competitor,0,2.13
30,112,numeric,0.03,0.2,no_decoy,target,1,10.219
30,113,perceptual,0.1,0.2,target,target,1,2.499
30,114,numeric,0.1,0.05,competitor,decoy,0,2.964
30,115,perceptual,0.03,0.2,no_decoy,competitor,0,3.634
30,116,perceptual,0.03,0.2,competitor,decoy,0,4.44
30,117,numeric,0.1,0.05,competitor,target,1,12.122
30,118,perceptual,0.03,0.05,target,target,1,5.601
30,119,numeric,0.1,0.05,no_decoy,competitor,0,5.212
30,120,perceptual,0.03,0.2,target,target,1,4.029
30,121,numeric,0.1,0.2,no_decoy,competitor,0,3.28
30,122,numeric,0.03,0.2,target,competitor,0,3.686
30,123,perceptual,0.1,0.05,target,target,1,6.122
30,124,perceptual,0.03,0.2,no_decoy,target,1,2.918
30,125,perceptual,0.03,0.05,no_decoy,competitor,0,4.619
30,126,numeric,0.1,0.2,target,target,1,6.1
30,127,perceptual,0.03,0.05,target,target,1,5.496
30,128,numeric,0.03,0.05,competitor,target,1,3.763
30,129,numeric,0.03,0.2,target,competitor,0,6.876
30,130,numeric,0.1,0.05,no_decoy,competitor,0,8.512
30,131,numeric,0.03,0.05,no_decoy,competitor,0,6.493
30,132,perceptual,0.03,0.2,competitor,competitor,0,4.981
30,133,perceptual,0.03,0.2,target,competitor,0,2.26
30,134,perceptual,0.03,0.2,competitor,competitor,0,1.905
30,135,perceptual,0.1,0.2,no_decoy,competitor,0,2.603
30,136,numeric,0.03,0.05,competitor,target,1,3.503
30,137,perceptual,0.1,0.05,target,target,1,2.34
30,138,numeric,0.03,0.2,target,decoy,0,2.36
30,139,perceptual,0.1,0.2,competitor,target,1,2.495
30,140,perceptual,0.03,0.05,no_decoy,target,1,2.028
30,141,numeric,0.03,0.05,target,target,1,6.295
30,142,numeric,0.1,0.05,target,decoy,0,6.601
30,143,perceptual,0.1,0.05,target,target,1,7.231
30,144,perceptual,0.1,0.05,no_decoy,target,1,3.785
30,145,numeric,0.1,0.2,target,competitor,0,2.5
30,146,numeric,0.03,0.2,target,target,1,3.924
30,147,numeric,0.1,0.05,target,decoy,0,1.958
30,148,perceptual,0.03,0.05,target,decoy,0,1.585
30,149,numeric,0.1,0.05,competitor,target,1,1.113
30,150,numeric,0.03,0.2,competitor,competitor,0,0.879
30,151,perceptual,0.03,0.05,competitor,competitor,0,1.53
30,152,perceptual,0.03,0.2,target,competitor,0,1.73
30,153,numeric,0.1,0.2,target,competitor,0,1.977
30,154,perceptual,0.1,0.05,target,target,1,2.654
30,155,numeric,0.03,0.2,competitor,target,1,3.614
30,156,numeric,0.1,0.05,no_decoy,target,1,2.308
30,157,perceptual,0.03,0.2,competitor,target,1,1.951
30,158,numeric,0.03,0.2,target,target,1,4.11
30,159,numeric,0.03,0.05,target,target,1,3.703
30,160,perceptual,0.03,0.05,competitor,target,1,1.93
30,161,perceptual,0.03,0.2,target,competitor,0,1.798
30,162,perceptual,0.1,0.05,no_decoy,competitor,0,2.048
30,163,numeric,0.1,0.05,target,target,1,4.321
30,164,numeric,0.03,0.2,competitor,target,1,2.617
30,165,perceptual,0.1,0.2,no_decoy,target,1,12.771
30,166,numeric,0.03,0.05,no_decoy,competitor,0,11.157
30,167,numeric,0.1,0.2,target,competitor,0,2.563
30,168,numeric,0.03,0.05,target,competitor,0,3.006
30,169,perceptual,0.03,0.2,target,target,1,2.903
30,170,numeric,0.1,0.2,no_decoy,target,1,2.836
30,171,perceptual,0.1,0.05,no_decoy,target,1,4.803
30,172,perceptual,0.03,0.05,competitor,competitor,0,2.932
30,173,perceptual,0.1,0.05,target,decoy,0,3.103
30,174,perceptual,0.1,0.2,target,decoy,0,3.589
30,175,perceptual,0.1,0.05,competitor,target,1,3.68
30,176,perceptual,0.1,0.05,target,decoy,0,3.377
30,177,perceptual,0.1,0.2,no_decoy,target,1,4.81
30,178,perceptual,0.03,0.05,target,competitor,0,4.65
30,179,perceptual,0.03,0.05,competitor,target,1,3.503
30,180,perceptual,0.1,0.2,no_decoy,target,1,2.797
30,181,perceptual,0.03,0.05,target,competitor,0,3.132
30,182,numeric,0.1,0.05,competitor,decoy,0,3.826
30,183,numeric,0.1,0.05,target,decoy,0,3.546
30,184,perceptual,0.03,0.05,no_decoy,competitor,0,1.971
30,185,perceptual,0.03,0.2,competitor,target,1,2.954
30,186,perceptual,0.1,0.2,competitor,decoy,0,1.312
30,187,perceptual,0.03,0.2,competitor,target,1,4.637
30,188,numeric,0.1,0.2,target,target,1,2.606
30,189,numeric,0.1,0.05,competitor,target,1,3.312
30,190,numeric,0.03,0.05,target,competitor,0,4.659
30,191,numeric,0.03,0.05,target,target,1,4.186
30,192,numeric,0.1,0.05,no_decoy,competitor,0,3.37
30,193,numeric,0.1,0.2,no_decoy,target,1,2.856
30,194,perceptual,0.1,0.2,no_decoy,competitor,0,2.034
30,195,numeric,0.03,0.2,no_decoy,target,1,4.079
30,196,numeric,0.1,0.05,target,decoy,0,5.062
30,197,numeric,0.03,0.05,competitor,target,1,4.806
30,198,numeric,0.1,0.2,no_decoy,target,1,4.845
30,199,numeric,0.03,0.05,target,target,1,3.761
30,200,perceptual,0.1,0.2,competitor,target,1,5.245
30,201,perceptual,0.1,0.2,target,target,1,5.022
30,202,perceptual,0.03,0.05,competitor,competitor,0,3.637
30,203,perceptual,0.1,0.05,competitor,competitor,0,3.063
30,204,perceptual,0.03,0.2,no_decoy,target,1,2.831
30,205,numeric,0.03,0.05,target,competitor,0,4.954
30,206,perceptual,0.03,0.05,competitor,target,1,6.788
30,207,numeric,0.1,0.05,target,target,1,6.517
30,208,perceptual,0.03,0.05,target,target,1,3.988
30,209,perceptual,0.1,0.05,target,target,1,3.95
30,210,numeric,0.03,0.05,no_decoy,competitor,0,3.812
30,211,numeric,0.03,0.2,competitor,competitor,0,3.398
30,212,perceptual,0.1,0.05,target,decoy,0,3.413
30,213,numeric,0.1,0.2,no_decoy,target,1,3.332
30,214,perceptual,0.03,0.2,target,target,1,4.041
30,215,perceptual,0.03,0.05,target,decoy,0,4.88
30,216,perceptual,0.03,0.05,no_decoy,competitor,0,3.477
30,217,perceptual,0.03,0.05,no_decoy,target,1,5.038
30,218,perceptual,0.03,0.05,no_decoy,target,1,3.637
30,219,numeric,0.1,0.05,competitor,competitor,0,6.999
30,220,numeric,0.03,0.05,no_decoy,competitor,0,4.993
30,221,numeric,0.03,0.05,no_decoy,target,1,9.461
30,222,perceptual,0.03,0.05,no_decoy,target,1,3.932
30,223,perceptual,0.03,0.05,no_decoy,target,1,4.025
30,224,perceptual,0.1,0.2,competitor,competitor,0,13.191
30,225,numeric,0.1,0.2,target,decoy,0,5.062
30,226,numeric,0.03,0.2,target,target,1,7.496
30,227,numeric,0.03,0.2,no_decoy,target,1,5.746
30,228,perceptual,0.03,0.2,target,competitor,0,5.147
30,229,perceptual,0.03,0.2,target,competitor,0,2.763
30,230,perceptual,0.1,0.2,no_decoy,target,1,2.897
30,231,numeric,0.03,0.2,no_decoy,competitor,0,9.435
30,232,numeric,0.1,0.05,no_decoy,target,1,6.03
30,233,numeric,0.03,0.2,target,target,1,3.109
30,234,numeric,0.03,0.2,competitor,decoy,0,5.071
30,235,numeric,0.1,0.05,competitor,decoy,0,3.539
30,236,perceptual,0.03,0.2,target,competitor,0,3.946
30,237,perceptual,0.1,0.2,target,target,1,8.4
30,238,perceptual,0.1,0.2,no_decoy,competitor,0,7.142
30,239,numeric,0.03,0.05,competitor,target,1,3.204
30,240,perceptual,0.03,0.2,no_decoy,target,1,5.471
30,241,numeric,0.03,0.05,competitor,decoy,0,3.12
30,242,perceptual,0.03,0.05,target,decoy,0,3.314
30,243,perceptual,0.1,0.05,no_decoy,competitor,0,3.788
30,244,perceptual,0.1,0.05,competitor,competitor,0,6.481
30,245,numeric,0.03,0.2,competitor,competitor,0,7.56
30,246,perceptual,0.03,0.05,no_decoy,competitor,0,15.663
30,247,numeric,0.1,0.2,no_decoy,target,1,5.43
30,248,perceptual,0.1,0.2,no_decoy,target,1,4.699
30,249,perceptual,0.1,0.2,no_decoy,competitor,0,5.577
30,250,numeric,0.03,0.05,no_decoy,target,1,3.678
30,251,perceptual,0.1,0.05,competitor,competitor,0,3.868
30,252,perceptual,0.1,0.2,competitor,target,1,4.526
30,253,numeric,0.03,0.2,no_decoy,target,1,7.142
30,254,perceptual,0.03,0.2,target,competitor,0,2.529
30,255,numeric,0.03,0.05,no_decoy,competitor,0,5.378
30,256,perceptual,0.1,0.05,no_decoy,competitor,0,4.985
30,257,perceptual,0.1,0.2,target,competitor,0,2.766
30,258,perceptual,0.03,0.05,competitor,decoy,0,7.762
30,259,perceptual,0.03,0.2,competitor,decoy,0,11.653
30,260,perceptual,0.03,0.05,competitor,competitor,0,4.62
30,261,perceptual,0.03,0.2,no_decoy,competitor,0,4.734
30,262,perceptual,0.1,0.2,competitor,target,1,6.292
30,263,numeric,0.1,0.2,competitor,competitor,0,7.297
30,264,numeric,0.1,0.05,competitor,decoy,0,15.938
30,265,perceptual,0.03,0.2,no_decoy,target,1,4.762
30,266,numeric,0.1,0.2,competitor,competitor,0,8.355
30,267,numeric,0.1,0.05,target,decoy,0,3.577
30,268,numeric,0.03,0.2,no_decoy,target,1,5.467
30,269,numeric,0.1,0.05,no_decoy,target,1,5.662
30,270,perceptual,0.1,0.05,no_decoy,target,1,4.952
30,271,perceptual,0.03,0.05,target,target,1,5.587
30,272,numeric,0.1,0.2,competitor,decoy,0,7.006
30,273,perceptual,0.1,0.05,competitor,target,1,3.528
30,274,numeric,0.1,0.2,competitor,decoy,0,4.538
30,275,numeric,0.1,0.05,target,target,1,5.371
30,276,perceptual,0.1,0.2,no_decoy,target,1,2.594
30,277,numeric,0.1,0.05,no_decoy,target,1,4.488
30,278,perceptual,0.1,0.05,competitor,competitor,0,5.112
30,279,numeric,0.1,0.2,competitor,target,1,3.336
30,280,perceptual,0.03,0.05,no_decoy,target,1,2.373
30,281,numeric,0.03,0.05,target,competitor,0,3.812
30,282,numeric,0.03,0.2,target,competitor,0,4.528
30,283,numeric,0.1,0.2,no_decoy,target,1,2.729
30,284,numeric,0.03,0.2,no_decoy,competitor,0,5.346
30,285,perceptual,0.03,0.2,competitor,target,1,2.682
30,286,perceptual,0.03,0.05,competitor,competitor,0,2.786
30,287,numeric,0.1,0.2,target,target,1,5.868
30,288,numeric,0.1,0.05,target,target,1,3.231
31,1,perceptual,0.03,0.05,competitor,competitor,0,9.489
31,2,numeric,0.03,0.05,no_decoy,competitor,0,5.8
31,3,perceptual,0.03,0.05,target,competitor,0,7.281
31,4,perceptual,0.1,0.2,target,competitor,0,8.871
31,5,perceptual,0.03,0.05,competitor,target,1,6.838
31,6,numeric,0.1,0.05,no_decoy,competitor,0,7.054
31,7,perceptual,0.03,0.2,no_decoy,competitor,0,4.837
31,8,perceptual,0.1,0.05,no_decoy,target,1,3.416
31,9,perceptual,0.1,0.2,target,target,1,5.923
31,10,perceptual,0.03,0.05,target,competitor,0,9.103
31,11,perceptual,0.1,0.05,no_decoy,target,1,3.641
31,12,perceptual,0.03,0.05,no_decoy,competitor,0,4.1
31,13,perceptual,0.1,0.05,target,target,1,9.123
31,14,numeric,0.1,0.2,target,competitor,0,6.805
31,15,numeric,0.03,0.2,competitor,target,1,9.258
31,16,numeric,0.1,0.2,competitor,target,1,6.913
31,17,perceptual,0.1,0.05,target,target,1,7.946
31,18,numeric,0.1,0.05,target,target,1,8.546
31,19,perceptual,0.1,0.2,competitor,target,1,4.872
31,20,numeric,0.1,0.05,target,target,1,7.586
31,21,perceptual,0.03,0.2,target,target,1,6.409
31,22,numeric,0.1,0.05,no_decoy,competitor,0,9.236
31,23,numeric,0.03,0.05,target,target,1,12.617
31,24,perceptual,0.03,0.05,no_decoy,target,1,4.862
31,25,numeric,0.03,0.05,competitor,competitor,0,8.697
31,26,perceptual,0.03,0.2,competitor,target,1,3.902
31,27,numeric,0.1,0.05,target,target,1,6.544
31,28,perceptual,0.03,0.05,competitor,target,1,3.952
31,29,numeric,0.03,0.2,target,target,1,6.062
31,30,perceptual,0.1,0.05,target,target,1,4.453
31,31,numeric,0.03,0.2,target,target,1,8.196
31,32,perceptual,0.03,0.05,target,decoy,0,6.958
31,33,numeric,0.03,0.05,target,target,1,15.79
31,34,numeric,0.1,0.05,no_decoy,target,1,6.843
31,35,perceptual,0.03,0.2,target,competitor,0,4.891
31,36,numeric,0.1,0.05,no_decoy,target,1,4.748
31,37,perceptual,0.03,0.2,target,target,1,7.408
31,38,numeric,0.1,0.05,target,target,1,5.313
31,39,numeric,0.03,0.2,target,target,1,14.458
31,40,perceptual,0.1,0.05,competitor,target,1,5.073
31,41,perceptual,0.03,0.2,no_decoy,target,1,6.013
31,42,perceptual,0.1,0.2,competitor,target,1,4.482
31,43,numeric,0.1,0.2,competitor,target,1,9.961
31,44,numeric,0.03,0.2,competitor,target,1,7.346
31,45,numeric,0.1,0.05,target,target,1,16.39
31,46,perceptual,0.03,0.05,no_decoy,competitor,0,5.047
31,47,numeric,0.1,0.2,target,target,1,10.607
31,48,numeric,0.03,0.05,target,decoy,0,17.751
31,49,perceptual,0.1,0.2,no_decoy,target,1,3.447
31,50,perceptual,0.03,0.2,no_decoy,target,1,3.603
31,51,numeric,0.03,0.2,competitor,target,1,8.595
31,52,numeric,0.03,0.05,competitor,competitor,0,13.077
31,53,perceptual,0.03,0.2,no_decoy,competitor,0,2.612
31,54,numeric,0.03,0.2,competitor,target,1,7.291
31,55,perceptual,0.1,0.2,no_decoy,competitor,0,3.233
31,56,numeric,0.03,0.05,target,target,1,13.44
31,57,perceptual,0.03,0.05,competitor,competitor,0,8.33
31,58,perceptual,0.03,0.05,competitor,decoy,0,5.408
31,59,perceptual,0.1,0.2,competitor,target,1,3.277
31,60,numeric,0.03,0.2,competitor,competitor,0,7.622
31,61,numeric,0.03,0.2,no_decoy,target,1,7.857
31,62,numeric,0.1,0.05,no_decoy,target,1,6.976
31,63,perceptual,0.03,0.05,target,target,1,4.324
31,64,numeric,0.03,0.05,no_decoy,target,1,10.01
31,65,numeric,0.1,0.05,target,target,1,7.775
31,66,numeric,0.03,0.05,no_decoy,target,1,7.568
31,67,numeric,0.1,0.2,no_decoy,target,1,7.018
31,68,numeric,0.03,0.2,target,target,1,6.102
31,69,numeric,0.03,0.2,no_decoy,target,1,7.219
31,70,numeric,0.1,0.2,target,competitor,0,12.772
31,71,numeric,0.03,0.05,no_decoy,target,1,9.187
31,72,numeric,0.03,0.05,target,target,1,9.896
31,73,numeric,0.1,0.05,no_decoy,target,1,5.835
31,74,numeric,0.03,0.05,target,target,1,6.278
31,75,perceptual,0.1,0.2,competitor,target,1,8.361
31,76,numeric,0.03,0.05,competitor,competitor,0,10.276
31,77,numeric,0.1,0.05,no_decoy,target,1,8.262
31,78,perceptual,0.1,0.05,no_decoy,target,1,5.378
31,79,perceptual,0.1,0.2,no_decoy,target,1,5.647
31,80,numeric,0.1,0.2,competitor,target,1,10.538
31,81,perceptual,0.03,0.05,no_decoy,competitor,0,2.579
31,82,numeric,0.03,0.05,competitor,competitor,0,7.074
31,83,perceptual,0.1,0.05,target,target,1,3.458
31,84,perceptual,0.1,0.2,competitor,competitor,0,4.206
31,85,numeric,0.03,0.05,target,target,1,11.385
31,86,numeric,0.03,0.05,competitor,target,1,8.872
31,87,perceptual,0.03,0.2,competitor,competitor,0,10.244
31,88,numeric,0.03,0.2,target,competitor,0,6.296
31,89,perceptual,0.1,0.2,target,competitor,0,3.253
31,90,perceptual,0.1,0.05,no_decoy,target,1,2.884
31,91,perceptual,0.1,0.2,target,target,1,6.099
31,92,perceptual,0.1,0.2,target,target,1,6.31
31,93,numeric,0.03,0.05,competitor,competitor,0,8.246
31,94,perceptual,0.03,0.2,no_decoy,competitor,0,4.066
31,95,numeric,0.1,0.05,competitor,target,1,10.473
31,96,numeric,0.1,0.05,target,target,1,12.025
31,97,perceptual,0.1,0.2,no_decoy,target,1,6.063
31,98,numeric,0.03,0.05,competitor,target,1,7.193
31,99,numeric,0.03,0.05,competitor,target,1,9.038
31,100,perceptual,0.03,0.05,competitor,target,1,5.926
31,101,numeric,0.1,0.2,no_decoy,target,1,3.609
31,102,perceptual,0.1,0.05,competitor,decoy,0,4.394
31,103,numeric,0.1,0.2,target,target,1,11.326
31,104,numeric,0.1,0.2,competitor,target,1,6.818
31,105,numeric,0.1,0.2,no_decoy,competitor,0,3.681
31,106,perceptual,0.1,0.05,competitor,competitor,0,5.575
31,107,numeric,0.03,0.2,no_decoy,competitor,0,7.094
31,108,perceptual,0.03,0.2,no_decoy,competitor,0,4.481
31,109,numeric,0.1,0.2,target,competitor,0,8.697
31,110,perceptual,0.1,0.2,no_decoy,target,1,2.819
31,111,numeric,0.1,0.05,target,target,1,10.545
31,112,numeric,0.03,0.2,competitor,target,1,6.385
31,113,perceptual,0.1,0.2,competitor,competitor,0,3.826
31,114,numeric,0.1,0.2,no_decoy,target,1,4.355
31,115,perceptual,0.03,0.05,target,target,1,3.626
31,116,perceptual,0.03,0.05,competitor,competitor,0,2.895
31,117,numeric,0.1,0.2,competitor,target,1,8.026
31,118,numeric,0.1,0.2,no_decoy,competitor,0,5.662
31,119,perceptual,0.03,0.05,no_decoy,competitor,0,2.542
31,120,perceptual,0.1,0.2,target,target,1,3.181
31,121,perceptual,0.03,0.05,target,target,1,6.621
31,122,numeric,0.03,0.2,competitor,competitor,0,7.501
31,123,numeric,0.1,0.2,competitor,target,1,7.308
31,124,numeric,0.03,0.05,competitor,competitor,0,9.817
31,125,perceptual,0.03,0.2,competitor,competitor,0,7.023
31,126,numeric,0.03,0.05,competitor,competitor,0,9.97
31,127,numeric,0.1,0.05,target,target,1,9.582
31,128,perceptual,0.03,0.2,no_decoy,competitor,0,3.044
31,129,numeric,0.03,0.05,no_decoy,target,1,9.785
31,130,numeric,0.1,0.05,competitor,competitor,0,8.877
31,131,perceptual,0.1,0.05,target,target,1,5.985
31,132,numeric,0.03,0.2,no_decoy,competitor,0,7.942
31,133,numeric,0.03,0.2,target,target,1,7.669
31,134,perceptual,0.1,0.05,competitor,target,1,3.836
31,135,perceptual,0.03,0.2,target,competitor,0,4.663
31,136,perceptual,0.03,0.2,no_decoy,competitor,0,3.698
31,137,perceptual,0.1,0.2,target,target,1,5.913
31,138,perceptual,0.03,0.05,no_decoy,competitor,0,3.636
31,139,perceptual,0.03,0.2,no_decoy,target,1,3.561
31,140,perceptual,0.1,0.05,no_decoy,target,1,4.979
31,141,perceptual,0.1,0.05,target,decoy,0,4.539
31,142,numeric,0.03,0.2,competitor,competitor,0,9.68
31,143,numeric,0.1,0.05,no_decoy,target,1,7.216
31,144,numeric,0.03,0.2,competitor,competitor,0,6.742
31,145,numeric,0.03,0.2,no_decoy,target,1,6.201
31,146,numeric,0.03,0.2,no_decoy,target,1,4.344
31,147,numeric,0.03,0.2,target,competitor,0,11.026
31,148,numeric,0.1,0.2,target,target,1,10.138
31,149,perceptual,0.03,0.05,no_decoy,target,1,4.126
31,150,perceptual,0.03,0.2,target,target,1,5.552
31,151,perceptual,0.03,0.2,competitor,target,1,6.758
31,152,perceptual,0.1,0.2,no_decoy,target,1,3.999
31,153,numeric,0.03,0.2,competitor,competitor,0,6.887
31,154,numeric,0.03,0.05,target,target,1,11.07
31,155,perceptual,0.03,0.2,target,target,1,3.565
31,156,perceptual,0.1,0.05,no_decoy,target,1,3.28
31,157,perceptual,0.1,0.05,no_decoy,target,1,5.612
31,158,perceptual,0.03,0.05,target,target,1,6.214
31,159,perceptual,0.03,0.05,no_decoy,target,1,3.506
31,160,numeric,0.1,0.05,no_decoy,target,1,11.451
31,161,perceptual,0.03,0.2,target,target,1,4.939
31,162,numeric,0.03,0.2,no_decoy,competitor,0,3.955
31,163,numeric,0.03,0.2,no_decoy,target,1,4.765
31,164,perceptual,0.1,0.2,target,competitor,0,2.654
31,165,numeric,0.03,0.2,target,target,1,10.199
31,166,perceptual,0.03,0.05,no_decoy,competitor,0,2.55
31,167,numeric,0.03,0.05,target,target,1,12.218
31,168,numeric,0.1,0.05,no_decoy,competitor,0,5.082
31,169,perceptual,0.1,0.05,competitor,competitor,0,2.927
31,170,numeric,0.1,0.2,competitor,competitor,0,5.754
31,171,numeric,0.03,0.2,competitor,competitor,0,5.456
31,172,numeric,0.1,0.2,competitor,target,1,9.265
31,173,perceptual,0.1,0.2,target,target,1,2.784
31,174,perceptual,0.1,0.05,target,decoy,0,2.881
31,175,numeric,0.03,0.05,competitor,target,1,5.537
31,176,perceptual,0.03,0.2,competitor,target,1,2.635
31,177,perceptual,0.1,0.2,target,target,1,3.882
31,178,perceptual,0.1,0.2,target,competitor,0,2.603
31,179,numeric,0.03,0.05,no_decoy,target,1,5.248
31,180,perceptual,0.1,0.2,competitor,competitor,0,5.382
31,181,perceptual,0.1,0.05,no_decoy,target,1,3.717
31,182,perceptual,0.1,0.2,competitor,competitor,0,5.611
31,183,perceptual,0.03,0.2,competitor,competitor,0,3.165
31,184,numeric,0.1,0.05,target,target,1,6.143
31,185,numeric,0.1,0.2,target,target,1,12.758
31,186,perceptual,0.1,0.2,no_decoy,target,1,3.068
31,187,perceptual,0.03,0.2,target,decoy,0,3.803
31,188,numeric,0.1,0.05,competitor,target,1,9.233
31,189,perceptual,0.03,0.05,target,target,1,5.403
31,190,numeric,0.03,0.2,target,competitor,0,9.132
31,191,numeric,0.03,0.2,no_decoy,target,1,5.42
31,192,perceptual,0.1,0.2,competitor,target,1,3.179
31,193,numeric,0.1,0.05,target,target,1,5.755
31,194,perceptual,0.1,0.2,competitor,target,1,2.844
31,195,perceptual,0.1,0.2,no_decoy,target,1,3.326
31,196,perceptual,0.03,0.05,target,target,1,2.342
31,197,perceptual,0.1,0.05,no_decoy,target,1,3.26
31,198,perceptual,0.1,0.05,competitor,target,1,2.854
31,199,numeric,0.03,0.05,no_decoy,target,1,6.195
31,200,numeric,0.1,0.05,competitor,target,1,5.067
31,201,numeric,0.03,0.2,no_decoy,target,1,6.633
31,202,perceptual,0.1,0.05,no_decoy,competitor,0,2.682
31,203,perceptual,0.03,0.2,competitor,target,1,3.49
31,204,numeric,0.1,0.05,competitor,target,1,10.854
31,205,numeric,0.1,0.2,competitor,target,1,5.99
31,206,numeric,0.1,0.2,target,target,1,10.573
31,207,numeric,0.1,0.2,competitor,target,1,10.142
31,208,perceptual,0.03,0.2,competitor,target,1,2.867
31,209,perceptual,0.03,0.05,competitor,target,1,2.777
31,210,perceptual,0.1,0.05,competitor,target,1,3.582
31,211,perceptual,0.03,0.05,competitor,target,1,4.202
31,212,perceptual,0.1,0.2,no_decoy,competitor,0,2.545
31,213,perceptual,0.03,0.2,target,target,1,3.787
31,214,numeric,0.1,0.2,competitor,target,1,8.1
31,215,perceptual,0.03,0.2,no_decoy,competitor,0,3.643
31,216,numeric,0.1,0.05,competitor,competitor,0,4.031
31,217,perceptual,0.1,0.05,competitor,target,1,4.708
31,218,perceptual,0.03,0.05,no_decoy,competitor,0,2.658
31,219,perceptual,0.03,0.2,no_decoy,target,1,2.367
31,220,perceptual,0.1,0.2,target,target,1,3.846
31,221,numeric,0.03,0.2,target,target,1,10.742
31,222,numeric,0.1,0.2,no_decoy,competitor,0,6.973
31,223,perceptual,0.1,0.2,no_decoy,target,1,4.14
31,224,perceptual,0.03,0.05,competitor,target,1,3.867
31,225,numeric,0.03,0.2,target,target,1,6.832
31,226,perceptual,0.1,0.05,competitor,target,1,2.511
31,227,perceptual,0.1,0.05,target,decoy,0,2.698
31,228,numeric,0.1,0.2,no_decoy,target,1,5.03
31,229,numeric,0.1,0.05,no_decoy,target,1,4.561
31,230,perceptual,0.1,0.2,competitor,target,1,3.416
31,231,perceptual,0.03,0.2,target,competitor,0,2.191
31,232,numeric,0.1,0.2,target,competitor,0,6.343
31,233,numeric,0.03,0.05,no_decoy,target,1,5.551
31,234,numeric,0.1,0.05,competitor,target,1,10.487
31,235,numeric,0.03,0.2,target,target,1,8.872
31,236,numeric,0.1,0.05,competitor,target,1,9.11
31,237,numeric,0.03,0.05,target,competitor,0,5.848
31,238,perceptual,0.03,0.2,no_decoy,target,1,2.769
31,239,perceptual,0.03,0.05,competitor,target,1,2.94
31,240,perceptual,0.1,0.05,competitor,target,1,7.516
31,241,perceptual,0.03,0.05,competitor,decoy,0,2.225
31,242,numeric,0.03,0.05,no_decoy,target,1,3.756
31,243,numeric,0.1,0.2,no_decoy,competitor,0,3.84
31,244,perceptual,0.1,0.05,no_decoy,target,1,3.114
31,245,numeric,0.1,0.2,target,target,1,10.588
31,246,perceptual,0.1,0.2,no_decoy,target,1,3.648
31,247,numeric,0.03,0.05,no_decoy,target,1,3.783
31,248,numeric,0.1,0.2,competitor,target,1,10.286
31,249,perceptual,0.1,0.05,competitor,competitor,0,5.363
31,250,numeric,0.03,0.2,competitor,competitor,0,9.039
31,251,perceptual,0.03,0.05,no_decoy,target,1,3.518
31,252,perceptual,0.03,0.05,target,target,1,3.057
31,253,numeric,0.1,0.2,no_decoy,target,1,3.516
31,254,numeric,0.1,0.05,no_decoy,target,1,4.033
31,255,perceptual,0.1,0.05,no_decoy,target,1,2.578
31,256,perceptual,0.1,0.2,no_decoy,target,1,2.774
31,257,perceptual,0.03,0.2,competitor,target,1,2.24
31,258,perceptual,0.1,0.05,competitor,target,1,3.672
31,259,perceptual,0.1,0.05,target,decoy,0,4.202
31,260,perceptual,0.03,0.2,target,target,1,3.901
31,261,numeric,0.1,0.05,competitor,competitor,0,6.093
31,262,numeric,0.1,0.05,competitor,target,1,11.082
31,263,perceptual,0.1,0.2,competitor,target,1,2.695
31,264,numeric,0.03,0.05,no_decoy,competitor,0,3.421
31,265,numeric,0.03,0.05,target,target,1,10.744
31,266,perceptual,0.03,0.2,competitor,decoy,0,2.83
31,267,numeric,0.03,0.05,target,target,1,10.819
31,268,perceptual,0.03,0.2,competitor,target,1,3.718
31,269,numeric,0.03,0.2,no_decoy,target,1,4.332
31,270,perceptual,0.03,0.05,target,target,1,9.806
31,271,perceptual,0.03,0.2,target,target,1,4.684
31,272,perceptual,0.03,0.05,no_decoy,target,1,3.711
31,273,numeric,0.1,0.2,target,target,1,8.149
31,274,numeric,0.03,0.2,no_decoy,target,1,3.674
31,275,numeric,0.1,0.2,no_decoy,target,1,5.92
31,276,numeric,0.1,0.2,no_decoy,competitor,0,5.206
31,277,perceptual,0.03,0.05,target,decoy,0,2.385
31,278,numeric,0.1,0.2,target,target,1,8.351
31,279,perceptual,0.1,0.05,target,decoy,0,2.966
31,280,numeric,0.1,0.05,competitor,competitor,0,7.692
31,281,perceptual,0.1,0.05,target,decoy,0,2.292
31,282,perceptual,0.03,0.2,competitor,target,1,2.683
31,283,numeric,0.1,0.05,competitor,target,1,7.829
31,284,numeric,0.03,0.05,competitor,target,1,5.174
31,285,numeric,0.1,0.2,no_decoy,competitor,0,4.458
31,286,numeric,0.1,0.05,target,target,1,5.999
31,287,perceptual,0.1,0.05,target,target,1,3.823
31,288,numeric,0.03,0.05,no_decoy,competitor,0,4.543
32,1,numeric,0.03,0.05,competitor,competitor,0,7.012
32,2,numeric,0.03,0.05,competitor,competitor,0,9.307
32,3,numeric,0.1,0.05,no_decoy,target,1,3.261
32,4,numeric,0.03,0.05,competitor,competitor,0,3.208
32,5,numeric,0.1,0.05,no_decoy,competitor,0,6.635
32,6,numeric,0.1,0.05,no_decoy,competitor,0,4.362
32,7,numeric,0.03,0.2,no_decoy,competitor,0,3.536
32,8,perceptual,0.03,0.2,no_decoy,competitor,0,3.065
32,9,perceptual,0.1,0.05,competitor,competitor,0,3.416
32,10,numeric,0.03,0.2,competitor,target,1,3.856
32,11,numeric,0.1,0.05,competitor,competitor,0,3.45
32,12,perceptual,0.03,0.05,target,decoy,0,3.02
32,13,perceptual,0.1,0.05,target,target,1,2.938
32,14,perceptual,0.1,0.2,target,target,1,3.901
32,15,perceptual,0.1,0.2,no_decoy,competitor,0,3.097
32,16,numeric,0.1,0.2,target,target,1,3.721
32,17,perceptual,0.1,0.05,target,target,1,3.611
32,18,numeric,0.1,0.2,no_decoy,competitor,0,3.631
32,19,numeric,0.03,0.2,target,competitor,0,5.686
32,20,numeric,0.1,0.2,target,target,1,3.485
32,21,perceptual,0.1,0.05,no_decoy,target,1,2.097
32,22,numeric,0.1,0.05,target,target,1,5.834
32,23,perceptual,0.03,0.05,no_decoy,target,1,2.579
32,24,perceptual,0.03,0.2,competitor,competitor,0,5.838
32,25,numeric,0.03,0.05,no_decoy,competitor,0,5.127
32,26,perceptual,0.1,0.05,no_decoy,competitor,0,4.83
32,27,perceptual,0.1,0.2,no_decoy,target,1,3.02
32,28,perceptual,0.1,0.2,competitor,target,1,2.973
32,29,perceptual,0.03,0.05,competitor,target,1,3.669
32,30,perceptual,0.03,0.05,target,target,1,2.71
32,31,perceptual,0.1,0.05,target,decoy,0,3.296
32,32,perceptual,0.1,0.05,competitor,target,1,3.293
32,33,numeric,0.03,0.2,target,target,1,3.062
32,34,perceptual,0.1,0.2,no_decoy,target,1,3.439
32,35,numeric,0.1,0.05,competitor,decoy,0,3.547
32,36,perceptual,0.03,0.2,target,competitor,0,2.748
32,37,numeric,0.1,0.05,target,target,1,3.623
32,38,perceptual,0.03,0.05,target,target,1,2.218
32,39,numeric,0.03,0.05,target,decoy,0,2.561
32,40,numeric,0.1,0.05,target,target,1,2.749
32,41,perceptual,0.1,0.2,target,target,1,3.225
32,42,perceptual,0.03,0.05,competitor,decoy,0,2.21
32,43,numeric,0.1,0.2,target,target,1,3.382
32,44,numeric,0.1,0.05,target,decoy,0,3.482
32,45,numeric,0.03,0.05,no_decoy,target,1,3.225
32,46,perceptual,0.03,0.05,no_decoy,target,1,3.201
32,47,numeric,0.03,0.05,target,competitor,0,4.405
32,48,numeric,0.1,0.2,competitor,decoy,0,5.594
32,49,numeric,0.03,0.05,target,decoy,0,3.114
32,50,numeric,0.1,0.2,competitor,competitor,0,3.487
32,51,perceptual,0.1,0.05,no_decoy,target,1,2.12
32,52,numeric,0.03,0.2,no_decoy,competitor,0,2.993
32,53,numeric,0.1,0.05,no_decoy,target,1,6.268
32,54,perceptual,0.03,0.2,target,target,1,3.08
32,55,perceptual,0.1,0.2,target,competitor,0,3.202
32,56,perceptual,0.1,0.05,no_decoy,target,1,3.056
32,57,numeric,0.03,0.05,target,competitor,0,4.236
32,58,perceptual,0.03,0.05,target,competitor,0,4.405
32,59,perceptual,0.1,0.2,no_decoy,competitor,0,3.188
32,60,numeric,0.03,0.2,competitor,target,1,6.761
32,61,perceptual,0.03,0.2,no_decoy,competitor,0,3.045
32,62,numeric,0.1,0.05,no_decoy,target,1,2.281
32,63,numeric,0.03,0.2,competitor,competitor,0,2.793
32,64,numeric,0.1,0.2,no_decoy,target,1,4.205
32,65,perceptual,0.03,0.05,no_decoy,target,1,2.354
32,66,perceptual,0.03,0.05,target,decoy,0,3.171
32,67,numeric,0.03,0.05,no_decoy,competitor,0,2.675
32,68,numeric,0.1,0.2,no_decoy,target,1,2.01
32,69,numeric,0.1,0.05,no_decoy,competitor,0,3.539
32,70,perceptual,0.1,0.2,competitor,target,1,7.054
32,71,numeric,0.1,0.05,no_decoy,competitor,0,3.081
32,72,perceptual,0.03,0.2,no_decoy,target,1,3.217
32,73,numeric,0.03,0.2,no_decoy,target,1,6.428
32,74,numeric,0.1,0.05,competitor,competitor,0,2.439
32,75,perceptual,0.1,0.05,target,decoy,0,2.963
32,76,perceptual,0.03,0.05,target,decoy,0,3.615
32,77,numeric,0.03,0.2,no_decoy,competitor,0,3.107
32,78,perceptual,0.03,0.05,target,target,1,2.781
32,79,perceptual,0.03,0.2,no_decoy,target,1,2.345
32,80,numeric,0.03,0.2,target,competitor,0,2.716
32,81,numeric,0.03,0.2,competitor,target,1,4.678
32,82,numeric,0.03,0.2,no_decoy,competitor,0,2.935
32,83,perceptual,0.03,0.05,target,decoy,0,3.428
32,84,numeric,0.1,0.2,no_decoy,competitor,0,2.956
32,85,numeric,0.03,0.05,no_decoy,target,1,3.965
32,86,numeric,0.1,0.2,no_decoy,competitor,0,3.479
32,87,perceptual,0.03,0.2,competitor,target,1,3.614
32,88,perceptual,0.03,0.2,target,target,1,2.677
32,89,perceptual,0.1,0.2,no_decoy,target,1,3.394
32,90,numeric,0.03,0.2,competitor,target,1,4.582
32,91,numeric,0.1,0.05,competitor,decoy,0,2.996
32,92,perceptual,0.03,0.2,target,target,1,3.155
32,93,perceptual,0.1,0.05,competitor,competitor,0,4.121
32,94,perceptual,0.03,0.05,no_decoy,target,1,2.841
32,95,numeric,0.03,0.05,competitor,competitor,0,2.496
32,96,perceptual,0.03,0.2,competitor,competitor,0,5.19
32,97,perceptual,0.1,0.2,competitor,target,1,3.28
32,98,perceptual,0.1,0.2,competitor,target,1,3.088
32,99,perceptual,0.1,0.2,target,competitor,0,1.893
32,100,perceptual,0.03,0.2,target,target,1,2.573
32,101,numeric,0.03,0.2,target,competitor,0,3.638
32,102,perceptual,0.1,0.05,competitor,competitor,0,4.016
32,103,numeric,0.1,0.2,no_decoy,competitor,0,3.578
32,104,perceptual,0.03,0.2,target,competitor,0,5.836
32,105,perceptual,0.03,0.05,no_decoy,target,1,2.605
32,106,numeric,0.1,0.2,no_decoy,target,1,2.769
32,107,numeric,0.1,0.05,target,competitor,0,4.361
32,108,numeric,0.03,0.05,competitor,decoy,0,3.421
32,109,perceptual,0.03,0.2,competitor,target,1,3.261
32,110,perceptual,0.1,0.2,competitor,target,1,2.507
32,111,perceptual,0.1,0.05,no_decoy,target,1,2.2
32,112,perceptual,0.1,0.05,target,competitor,0,4.874
32,113,perceptual,0.03,0.05,target,decoy,0,4.157
32,114,perceptual,0.03,0.2,no_decoy,competitor,0,3.476
32,115,numeric,0.1,0.2,target,target,1,5.542
32,116,perceptual,0.03,0.05,no_decoy,competitor,0,2.578
32,117,perceptual,0.03,0.05,competitor,competitor,0,3.213
32,118,numeric,0.03,0.2,no_decoy,target,1,3.554
32,119,numeric,0.1,0.2,no_decoy,target,1,5.218
32,120,perceptual,0.03,0.2,competitor,target,1,6.637
32,121,numeric,0.1,0.2,no_decoy,competitor,0,3.089
32,122,perceptual,0.1,0.05,competitor,target,1,3.337
32,123,perceptual,0.03,0.2,no_decoy,target,1,3.62
32,124,perceptual,0.1,0.05,target,decoy,0,2.903
32,125,numeric,0.03,0.2,target,competitor,0,3.228
32,126,perceptual,0.1,0.2,target,decoy,0,2.583
32,127,numeric,0.03,0.2,no_decoy,target,1,3.24
32,128,perceptual,0.1,0.05,target,decoy,0,2.986
32,129,perceptual,0.1,0.2,no_decoy,target,1,5.939
32,130,numeric,0.03,0.05,competitor,target,1,3.984
32,131,numeric,0.1,0.2,competitor,target,1,7.197
32,132,numeric,0.03,0.05,competitor,target,1,2.791
32,133,numeric,0.03,0.2,competitor,target,1,3.502
32,134,perceptual,0.1,0.2,target,target,1,3.241
32,135,perceptual,0.03,0.05,target,competitor,0,3.079
32,136,perceptual,0.1,0.2,competitor,competitor,0,2.328
32,137,numeric,0.1,0.2,target,decoy,0,3.065
32,138,numeric,0.1,0.2,competitor,target,1,4.715
32,139,numeric,0.03,0.05,target,decoy,0,4.144
32,140,perceptual,0.03,0.05,competitor,decoy,0,1.985
32,141,numeric,0.1,0.05,no_decoy,target,1,2.325
32,142,numeric,0.1,0.2,target,competitor,0,3.356
32,143,perceptual,0.1,0.2,target,target,1,2.702
32,144,perceptual,0.1,0.05,competitor,decoy,0,3.76
32,145,perceptual,0.1,0.2,competitor,target,1,2.83
32,146,numeric,0.1,0.2,competitor,target,1,2.905
32,147,perceptual,0.03,0.2,no_decoy,competitor,0,2.611
32,148,perceptual,0.1,0.2,competitor,competitor,0,3.167
32,149,perceptual,0.03,0.2,no_decoy,target,1,2.73
32,150,perceptual,0.1,0.2,target,target,1,3.783
32,151,perceptual,0.03,0.2,no_decoy,target,1,3.119
32,152,perceptual,0.1,0.05,no_decoy,target,1,3.498
32,153,numeric,0.03,0.05,no_decoy,competitor,0,2.692
32,154,numeric,0.1,0.2,competitor,competitor,0,3.158
32,155,perceptual,0.1,0.2,target,competitor,0,2.388
32,156,numeric,0.03,0.2,competitor,competitor,0,2.621
32,157,perceptual,0.1,0.2,competitor,competitor,0,3.54
32,158,numeric,0.03,0.2,no_decoy,competitor,0,2.547
32,159,numeric,0.03,0.2,target,competitor,0,2.556
32,160,numeric,0.03,0.05,target,target,1,2.604
32,161,perceptual,0.1,0.2,no_decoy,target,1,2.363
32,162,numeric,0.1,0.2,target,decoy,0,2.547
32,163,numeric,0.1,0.2,competitor,decoy,0,3.523
32,164,numeric,0.1,0.05,competitor,target,1,3.079
32,165,perceptual,0.03,0.05,no_decoy,target,1,2.976
32,166,perceptual,0.03,0.05,competitor,competitor,0,2.803
32,167,numeric,0.03,0.2,no_decoy,target,1,3.686
32,168,numeric,0.03,0.2,competitor,competitor,0,3.19
32,169,perceptual,0.1,0.2,no_decoy,target,1,2.246
32,170,numeric,0.03,0.05,no_decoy,target,1,3.253
32,171,perceptual,0.1,0.05,no_decoy,target,1,2.068
32,172,perceptual,0.03,0.2,target,target,1,3.421
32,173,numeric,0.03,0.2,competitor,target,1,3.235
32,174,perceptual,0.1,0.2,competitor,competitor,0,2.176
32,175,numeric,0.03,0.2,competitor,target,1,3.734
32,176,perceptual,0.03,0.05,competitor,competitor,0,2.197
32,177,perceptual,0.03,0.05,competitor,decoy,0,2.428
32,178,perceptual,0.1,0.2,target,competitor,0,2.07
32,179,perceptual,0.03,0.2,target,competitor,0,2.782
32,180,perceptual,0.03,0.2,target,target,1,3.14
32,181,numeric,0.1,0.2,competitor,target,1,3.149
32,182,numeric,0.03,0.05,no_decoy,target,1,2.877
32,183,numeric,0.1,0.05,competitor,decoy,0,3.675
32,184,perceptual,0.1,0.05,no_decoy,target,1,2.767
32,185,numeric,0.03,0.2,no_decoy,competitor,0,2.83
32,186,numeric,0.03,0.2,no_decoy,target,1,2.858
32,187,numeric,0.1,0.05,target,target,1,2.994
32,188,perceptual,0.03,0.05,competitor,target,1,2.447
32,189,perceptual,0.03,0.05,competitor,competitor,0,2.28
32,190,numeric,0.1,0.2,target,target,1,4.39
32,191,perceptual,0.03,0.05,competitor,target,1,3.169
32,192,numeric,0.1,0.05,target,competitor,0,2.988
32,193,numeric,0.03,0.05,competitor,competitor,0,3.428
32,194,numeric,0.1,0.05,target,decoy,0,3.476
32,195,numeric,0.1,0.05,competitor,competitor,0,2.152
32,196,numeric,0.1,0.2,competitor,target,1,3.009
32,197,numeric,0.03,0.2,target,decoy,0,4.728
32,198,numeric,0.1,0.05,competitor,target,1,3.243
32,199,numeric,0.1,0.05,competitor,target,1,2.482
32,200,numeric,0.1,0.05,target,target,1,5.313
32,201,perceptual,0.1,0.2,competitor,decoy,0,2.297
32,202,perceptual,0.03,0.05,target,target,1,3.572
32,203,numeric,0.1,0.05,target,decoy,0,2.682
32,204,perceptual,0.1,0.05,target,target,1,2.583
32,205,perceptual,0.03,0.2,competitor,competitor,0,2.957
32,206,numeric,0.03,0.2,target,decoy,0,4.346
32,207,numeric,0.1,0.05,competitor,competitor,0,2.821
32,208,perceptual,0.1,0.05,competitor,target,1,2.701
32,209,perceptual,0.03,0.05,no_decoy,target,1,2.627
32,210,numeric,0.03,0.2,target,competitor,0,2.126
32,211,perceptual,0.03,0.05,target,target,1,2.737
32,212,perceptual,0.1,0.05,target,competitor,0,3.674
32,213,perceptual,0.03,0.2,target,target,1,2.459
32,214,numeric,0.03,0.2,no_decoy,competitor,0,2.829
32,215,perceptual,0.03,0.2,competitor,decoy,0,4.105
32,216,perceptual,0.1,0.2,competitor,competitor,0,2.456
32,217,numeric,0.03,0.05,competitor,decoy,0,2.934
32,218,numeric,0.1,0.05,competitor,target,1,5.305
32,219,numeric,0.1,0.2,competitor,target,1,5.31
32,220,numeric,0.1,0.2,target,target,1,4.897
32,221,perceptual,0.03,0.2,target,decoy,0,3.863
32,222,perceptual,0.1,0.05,competitor,target,1,2.773
32,223,numeric,0.03,0.05,competitor,competitor,0,2.582
32,224,numeric,0.1,0.05,target,competitor,0,2.881
32,225,perceptual,0.03,0.2,no_decoy,target,1,2.571
32,226,perceptual,0.1,0.2,no_decoy,competitor,0,2.129
32,227,perceptual,0.1,0.2,no_decoy,competitor,0,2.985
32,228,perceptual,0.1,0.05,target,target,1,3.535
32,229,perceptual,0.03,0.05,no_decoy,target,1,2.107
32,230,numeric,0.03,0.05,target,competitor,0,2.911
32,231,perceptual,0.1,0.05,competitor,target,1,2.828
32,232,numeric,0.03,0.05,competitor,target,1,3.98
32,233,numeric,0.1,0.2,target,competitor,0,2.946
32,234,numeric,0.1,0.2,no_decoy,target,1,3.614
32,235,numeric,0.1,0.2,no_decoy,target,1,2.25
32,236,numeric,0.1,0.2,target,target,1,3.307
32,237,numeric,0.1,0.2,target,target,1,2.676
32,238,perceptual,0.03,0.2,competitor,target,1,2.48
32,239,perceptual,0.1,0.2,no_decoy,competitor,0,2.051
32,240,numeric,0.03,0.2,competitor,competitor,0,2.24
32,241,numeric,0.1,0.05,competitor,target,1,2.583
32,242,perceptual,0.03,0.2,no_decoy,target,1,2.862
32,243,perceptual,0.1,0.2,no_decoy,competitor,0,2.063
32,244,perceptual,0.03,0.2,competitor,competitor,0,2.159
32,245,numeric,0.03,0.05,target,target,1,1.956
32,246,numeric,0.03,0.05,target,target,1,2.198
32,247,perceptual,0.03,0.2,no_decoy,target,1,1.863
32,248,perceptual,0.1,0.05,target,decoy,0,2.755
32,249,perceptual,0.1,0.05,no_decoy,competitor,0,2.107
32,250,perceptual,0.1,0.05,no_decoy,target,1,2.295
32,251,numeric,0.03,0.05,no_decoy,competitor,0,2.155
32,252,perceptual,0.1,0.05,competitor,target,1,2.173
32,253,numeric,0.03,0.2,competitor,competitor,0,2.145
32,254,numeric,0.1,0.05,no_decoy,competitor,0,2.021
32,255,perceptual,0.1,0.05,no_decoy,competitor,0,1.884
32,256,perceptual,0.1,0.05,competitor,decoy,0,2.698
32,257,numeric,0.03,0.05,no_decoy,target,1,5.241
32,258,perceptual,0.1,0.05,competitor,competitor,0,3.056
32,259,numeric,0.03,0.05,target,target,1,2.565
32,260,numeric,0.03,0.05,no_decoy,competitor,0,1.955
32,261,perceptual,0.03,0.05,competitor,decoy,0,2.253
32,262,numeric,0.03,0.2,target,competitor,0,2.44
32,263,perceptual,0.1,0.2,target,competitor,0,2.619
32,264,perceptual,0.03,0.05,no_decoy,target,1,2.11
32,265,numeric,0.03,0.05,competitor,competitor,0,2.822
32,266,perceptual,0.03,0.05,competitor,target,1,3.353
32,267,numeric,0.03,0.05,target,decoy,0,2.615
32,268,perceptual,0.03,0.2,target,competitor,0,3.201
32,269,numeric,0.1,0.05,no_decoy,competitor,0,1.88
32,270,perceptual,0.03,0.2,competitor,target,1,2.713
32,271,perceptual,0.03,0.05,no_decoy,competitor,0,2.325
32,272,numeric,0.1,0.05,target,target,1,3.13
32,273,perceptual,0.03,0.2,competitor,target,1,2.434
32,274,perceptual,0.1,0.05,target,target,1,3.282
32,275,numeric,0.03,0.2,target,target,1,5.828
32,276,numeric,0.1,0.05,no_decoy,target,1,2.282
32,277,numeric,0.03,0.05,no_decoy,competitor,0,3.635
32,278,numeric,0.03,0.05,target,competitor,0,5.345
32,279,numeric,0.03,0.05,no_decoy,competitor,0,2.355
32,280,perceptual,0.1,0.05,no_decoy,target,1,2.713
32,281,perceptual,0.03,0.2,competitor,competitor,0,2.45
32,282,perceptual,0.03,0.05,no_decoy,competitor,0,2.468
32,283,perceptual,0.1,0.2,target,target,1,3.506
32,284,numeric,0.03,0.2,target,target,1,3.492
32,285,numeric,0.1,0.2,competitor,target,1,2.547
32,286,numeric,0.1,0.2,no_decoy,competitor,0,2.049
32,287,numeric,0.1,0.05,no_decoy,competitor,0,2.048
32,288,numeric,0.1,0.2,competitor,target,1,7.161
33,1,numeric,0.03,0.2,competitor,target,1,16.554
33,2,numeric,0.03,0.05,no_decoy,target,1,7.89
33,3,numeric,0.03,0.05,competitor,competitor,0,11.758
33,4,numeric,0.03,0.05,target,competitor,0,13.683
33,5,numeric,0.1,0.2,no_decoy,target,1,10.969
33,6,perceptual,0.1,0.2,target,competitor,0,8.584
33,7,numeric,0.1,0.2,no_decoy,target,1,7.258
33,8,perceptual,0.03,0.05,competitor,decoy,0,10.109
33,9,numeric,0.1,0.05,no_decoy,target,1,8.541
33,10,numeric,0.1,0.2,no_decoy,target,1,7.254
33,11,numeric,0.1,0.2,competitor,target,1,9.286
33,12,perceptual,0.1,0.05,target,target,1,8.876
33,13,perceptual,0.1,0.2,target,target,1,8.131
33,14,perceptual,0.1,0.2,target,target,1,5.315
33,15,numeric,0.03,0.05,target,competitor,0,6.816
33,16,perceptual,0.1,0.2,competitor,target,1,6.044
33,17,numeric,0.03,0.05,no_decoy,competitor,0,5.257
33,18,perceptual,0.03,0.05,target,target,1,5.44
33,19,perceptual,0.03,0.2,competitor,target,1,6.041
33,20,perceptual,0.1,0.2,competitor,target,1,5.467
33,21,numeric,0.1,0.05,target,target,1,7.337
33,22,numeric,0.1,0.05,target,target,1,7.483
33,23,perceptual,0.03,0.05,no_decoy,competitor,0,5.663
33,24,perceptual,0.03,0.05,target,competitor,0,10.607
33,25,perceptual,0.1,0.2,target,target,1,4.548
33,26,perceptual,0.03,0.2,no_decoy,competitor,0,4.612
33,27,numeric,0.03,0.2,no_decoy,target,1,4.717
33,28,perceptual,0.03,0.2,competitor,target,1,7.141
33,29,numeric,0.1,0.05,target,target,1,5.286
33,30,perceptual,0.1,0.2,competitor,competitor,0,7.132
33,31,perceptual,0.03,0.2,target,target,1,3.674
33,32,numeric,0.03,0.05,no_decoy,target,1,4.88
33,33,numeric,0.1,0.05,competitor,target,1,8.852
33,34,perceptual,0.1,0.2,competitor,target,1,3.9
33,35,numeric,0.03,0.2,competitor,target,1,11.132
33,36,numeric,0.1,0.2,no_decoy,target,1,10.731
33,37,numeric,0.03,0.2,competitor,target,1,5.399
33,38,numeric,0.03,0.05,no_decoy,target,1,5.518
33,39,perceptual,0.03,0.2,competitor,target,1,3.301
33,40,numeric,0.03,0.2,no_decoy,competitor,0,5.722
33,41,numeric,0.1,0.2,competitor,target,1,7.939
33,42,numeric,0.1,0.2,competitor,target,1,6.418
33,43,numeric,0.03,0.05,competitor,target,1,6.415
33,44,numeric,0.1,0.2,target,target,1,13.492
33,45,perceptual,0.1,0.05,competitor,target,1,4.143
33,46,perceptual,0.03,0.05,competitor,competitor,0,6.295
33,47,numeric,0.1,0.05,competitor,target,1,10.241
33,48,perceptual,0.1,0.2,no_decoy,target,1,5.555
33,49,perceptual,0.1,0.2,no_decoy,target,1,3.542
33,50,perceptual,0.1,0.05,target,target,1,5.323
33,51,numeric,0.03,0.2,no_decoy,competitor,0,4.409
33,52,perceptual,0.03,0.2,no_decoy,target,1,6.54
33,53,numeric,0.1,0.05,target,target,1,6.404
33,54,numeric,0.03,0.2,competitor,competitor,0,8.464
33,55,numeric,0.1,0.05,no_decoy,competitor,0,4.996
33,56,perceptual,0.1,0.05,target,target,1,5.183
33,57,numeric,0.1,0.05,competitor,target,1,4.642
33,58,numeric,0.1,0.2,target,target,1,5.913
33,59,perceptual,0.03,0.2,competitor,competitor,0,5.444
33,60,numeric,0.03,0.2,competitor,target,1,5.817
33,61,perceptual,0.1,0.05,no_decoy,target,1,2.49
33,62,numeric,0.03,0.05,competitor,competitor,0,7.411
33,63,numeric,0.1,0.05,no_decoy,target,1,4.823
33,64,perceptual,0.03,0.05,competitor,decoy,0,4.491
33,65,perceptual,0.03,0.2,no_decoy,target,1,2.683
33,66,numeric,0.1,0.05,competitor,target,1,4.22
33,67,numeric,0.1,0.2,competitor,target,1,5.771
33,68,numeric,0.03,0.05,competitor,target,1,4.836
33,69,numeric,0.03,0.2,target,competitor,0,3.756
33,70,numeric,0.1,0.05,competitor,competitor,0,5.268
33,71,numeric,0.1,0.2,target,target,1,6.144
33,72,perceptual,0.03,0.2,competitor,target,1,4.545
33,73,perceptual,0.03,0.2,target,competitor,0,4.372
33,74,perceptual,0.1,0.05,target,competitor,0,3.382
33,75,numeric,0.03,0.2,target,competitor,0,5.845
33,76,perceptual,0.03,0.2,target,target,1,2.317
33,77,perceptual,0.1,0.2,competitor,target,1,5.655
33,78,perceptual,0.1,0.05,target,decoy,0,2.971
33,79,numeric,0.1,0.05,target,target,1,8.023
33,80,perceptual,0.03,0.05,no_decoy,target,1,4.258
33,81,numeric,0.1,0.2,no_decoy,target,1,6.277
33,82,perceptual,0.03,0.2,no_decoy,target,1,4.712
33,83,perceptual,0.1,0.05,no_decoy,target,1,5.111
33,84,numeric,0.03,0.05,competitor,competitor,0,7.749
33,85,perceptual,0.1,0.05,no_decoy,target,1,4.829
33,86,perceptual,0.1,0.2,no_decoy,target,1,3.881
33,87,perceptual,0.03,0.2,target,target,1,4.937
33,88,perceptual,0.03,0.05,no_decoy,target,1,3.7
33,89,numeric,0.1,0.2,target,competitor,0,3.516
33,90,numeric,0.1,0.2,competitor,target,1,4.188
33,91,numeric,0.1,0.05,no_decoy,target,1,3.865
33,92,numeric,0.03,0.2,no_decoy,competitor,0,5.534
33,93,perceptual,0.03,0.05,competitor,target,1,3.25
33,94,perceptual,0.1,0.2,no_decoy,target,1,5.883
33,95,numeric,0.1,0.05,competitor,target,1,6.006
33,96,perceptual,0.1,0.05,no_decoy,target,1,3.202
33,97,perceptual,0.1,0.05,target,decoy,0,5.216
33,98,numeric,0.03,0.2,target,competitor,0,8.724
33,99,numeric,0.03,0.05,target,target,1,6.241
33,100,perceptual,0.03,0.2,target,target,1,2.975
33,101,numeric,0.1,0.05,competitor,competitor,0,5.984
33,102,numeric,0.03,0.2,target,competitor,0,4.868
33,103,numeric,0.03,0.2,no_decoy,target,1,5.387
33,104,numeric,0.03,0.2,target,target,1,7.276
33,105,numeric,0.03,0.05,target,target,1,4.944
33,106,perceptual,0.1,0.2,no_decoy,target,1,3.062
33,107,perceptual,0.1,0.2,no_decoy,target,1,4.073
33,108,numeric,0.03,0.05,competitor,competitor,0,5.62
33,109,numeric,0.1,0.2,no_decoy,target,1,3.422
33,110,perceptual,0.03,0.2,target,target,1,3.884
33,111,perceptual,0.1,0.05,competitor,target,1,4.552
33,112,numeric,0.1,0.05,target,competitor,0,4.903
33,113,numeric,0.1,0.05,target,target,1,4.524
33,114,numeric,0.03,0.2,target,target,1,4.404
33,115,numeric,0.03,0.2,target,competitor,0,5.292
33,116,perceptual,0.1,0.2,no_decoy,target,1,5.915
33,117,numeric,0.03,0.2,no_decoy,target,1,2.916
33,118,numeric,0.1,0.05,no_decoy,target,1,5.824
33,119,numeric,0.1,0.05,competitor,target,1,6.128
33,120,perceptual,0.03,0.2,competitor,competitor,0,3.056
33,121,numeric,0.03,0.2,competitor,competitor,0,3.299
33,122,perceptual,0.1,0.05,no_decoy,target,1,2.468
33,123,numeric,0.1,0.05,target,target,1,8.885
33,124,numeric,0.03,0.2,competitor,competitor,0,8.17
33,125,numeric,0.03,0.05,no_decoy,target,1,7.09
33,126,perceptual,0.03,0.2,target,target,1,5.856
33,127,perceptual,0.03,0.05,no_decoy,target,1,3.027
33,128,perceptual,0.1,0.2,competitor,target,1,2.757
33,129,numeric,0.03,0.05,target,competitor,0,3.086
33,130,numeric,0.03,0.2,competitor,competitor,0,4.605
33,131,perceptual,0.03,0.2,competitor,competitor,0,5.168
33,132,numeric,0.1,0.2,target,competitor,0,5.812
33,133,perceptual,0.1,0.05,competitor,target,1,2.267
33,134,perceptual,0.03,0.05,target,target,1,7.524
33,135,perceptual,0.03,0.2,no_decoy,target,1,2.588
33,136,numeric,0.1,0.05,no_decoy,target,1,4.334
33,137,perceptual,0.03,0.2,no_decoy,competitor,0,5.371
33,138,perceptual,0.03,0.2,target,competitor,0,4.628
33,139,numeric,0.1,0.05,competitor,target,1,5.058
33,140,perceptual,0.1,0.2,no_decoy,target,1,4.037
33,141,numeric,0.1,0.05,target,target,1,4.148
33,142,numeric,0.1,0.2,no_decoy,competitor,0,3.18
33,143,perceptual,0.1,0.2,target,competitor,0,2.403
33,144,numeric,0.03,0.2,competitor,competitor,0,3.773
33,145,perceptual,0.03,0.2,target,target,1,7.749
33,146,numeric,0.03,0.2,target,competitor,0,9.102
33,147,numeric,0.1,0.05,target,target,1,5.756
33,148,perceptual,0.03,0.05,no_decoy,competitor,0,2.88
33,149,numeric,0.1,0.2,competitor,target,1,4.946
33,150,perceptual,0.03,0.05,target,target,1,10.609
33,151,numeric,0.1,0.2,competitor,competitor,0,3.866
33,152,numeric,0.1,0.2,competitor,competitor,0,4.164
33,153,perceptual,0.1,0.2,target,target,1,2.939
33,154,perceptual,0.03,0.2,competitor,competitor,0,3.451
33,155,numeric,0.1,0.2,no_decoy,target,1,3.088
33,156,numeric,0.03,0.2,competitor,competitor,0,5.681
33,157,numeric,0.1,0.2,target,target,1,10.433
33,158,perceptual,0.03,0.05,no_decoy,target,1,5.512
33,159,perceptual,0.03,0.2,no_decoy,target,1,3.983
33,160,perceptual,0.03,0.05,no_decoy,target,1,3.746
33,161,perceptual,0.1,0.05,target,target,1,7.113
33,162,perceptual,0.03,0.2,competitor,target,1,5.099
33,163,perceptual,0.03,0.05,competitor,target,1,3.234
33,164,numeric,0.1,0.05,competitor,target,1,7.18
33,165,perceptual,0.1,0.05,competitor,target,1,3.226
33,166,perceptual,0.1,0.2,no_decoy,target,1,5.602
33,167,perceptual,0.03,0.2,target,target,1,3.205
33,168,perceptual,0.1,0.05,no_decoy,target,1,3.052
33,169,perceptual,0.03,0.05,target,target,1,5.393
33,170,perceptual,0.1,0.2,target,target,1,5.272
33,171,perceptual,0.03,0.05,competitor,target,1,4.205
33,172,numeric,0.03,0.05,target,target,1,4.828
33,173,numeric,0.03,0.05,target,target,1,7.615
33,174,perceptual,0.03,0.05,target,target,1,12.034
33,175,perceptual,0.1,0.05,target,decoy,0,4.717
33,176,perceptual,0.03,0.05,competitor,target,1,7.151
33,177,perceptual,0.1,0.05,no_decoy,target,1,6.572
33,178,numeric,0.03,0.05,target,competitor,0,3.977
33,179,perceptual,0.03,0.05,target,target,1,5.475
33,180,numeric,0.03,0.2,target,competitor,0,3.698
33,181,numeric,0.03,0.2,no_decoy,competitor,0,3.221
33,182,numeric,0.03,0.05,competitor,target,1,6.131
33,183,numeric,0.03,0.05,target,competitor,0,4.782
33,184,perceptual,0.1,0.05,competitor,target,1,5.065
33,185,perceptual,0.03,0.05,no_decoy,target,1,5.058
33,186,perceptual,0.03,0.2,no_decoy,target,1,5.806
33,187,perceptual,0.1,0.2,target,target,1,6.269
33,188,numeric,0.1,0.05,no_decoy,target,1,3.376
33,189,perceptual,0.03,0.05,competitor,target,1,6.27
33,190,perceptual,0.1,0.05,no_decoy,target,1,4.008
33,191,numeric,0.1,0.2,target,competitor,0,3.642
33,192,perceptual,0.03,0.05,competitor,target,1,5.334
33,193,numeric,0.1,0.2,no_decoy,target,1,8.305
33,194,perceptual,0.03,0.2,competitor,target,1,5.088
33,195,numeric,0.03,0.05,no_decoy,competitor,0,4.408
33,196,perceptual,0.1,0.2,competitor,target,1,5.139
33,197,perceptual,0.1,0.05,competitor,target,1,5.625
33,198,perceptual,0.1,0.05,competitor,target,1,4.995
33,199,perceptual,0.1,0.05,competitor,target,1,4.909
33,200,numeric,0.03,0.05,competitor,target,1,4.264
33,201,numeric,0.1,0.05,target,target,1,4.261
33,202,numeric,0.03,0.2,no_decoy,competitor,0,4.61
33,203,perceptual,0.03,0.05,no_decoy,target,1,9.316
33,204,numeric,0.03,0.05,no_decoy,target,1,3.044
33,205,perceptual,0.1,0.05,no_decoy,target,1,2.697
33,206,numeric,0.03,0.05,competitor,target,1,3.266
33,207,perceptual,0.1,0.2,no_decoy,target,1,4.89
33,208,numeric,0.03,0.2,no_decoy,competitor,0,3.346
33,209,perceptual,0.03,0.05,competitor,target,1,5.03
33,210,perceptual,0.03,0.05,target,competitor,0,7.466
33,211,perceptual,0.1,0.05,target,target,1,11.797
33,212,numeric,0.03,0.2,target,target,1,3.746
33,213,perceptual,0.1,0.2,no_decoy,target,1,3.53
33,214,numeric,0.1,0.2,competitor,target,1,3.765
33,215,numeric,0.1,0.05,competitor,target,1,5.605
33,216,perceptual,0.03,0.2,no_decoy,target,1,3.763
33,217,numeric,0.1,0.2,competitor,target,1,3.728
33,218,perceptual,0.1,0.05,competitor,target,1,3.567
33,219,numeric,0.03,0.05,target,target,1,7.3
33,220,numeric,0.1,0.2,target,target,1,5.219
33,221,numeric,0.03,0.05,target,target,1,4.711
33,222,numeric,0.1,0.2,no_decoy,target,1,3.601
33,223,numeric,0.1,0.2,competitor,target,1,4.162
33,224,perceptual,0.1,0.2,target,target,1,4.846
33,225,perceptual,0.1,0.05,competitor,target,1,4.365
33,226,numeric,0.1,0.05,competitor,target,1,4.086
33,227,perceptual,0.03,0.2,target,target,1,3.686
33,228,perceptual,0.03,0.05,target,target,1,6.132
33,229,perceptual,0.03,0.05,no_decoy,target,1,4.377
33,230,numeric,0.1,0.2,no_decoy,target,1,4.54
33,231,numeric,0.03,0.2,competitor,target,1,2.999
33,232,numeric,0.1,0.2,competitor,competitor,0,4.965
33,233,perceptual,0.03,0.05,no_decoy,competitor,0,3.028
33,234,perceptual,0.1,0.2,competitor,target,1,4.457
33,235,numeric,0.1,0.2,no_decoy,competitor,0,2.75
33,236,numeric,0.03,0.05,no_decoy,target,1,5
33,237,numeric,0.1,0.2,target,target,1,4.227
33,238,perceptual,0.1,0.2,competitor,target,1,3.334
33,239,numeric,0.03,0.05,competitor,competitor,0,3.316
33,240,perceptual,0.03,0.05,competitor,target,1,7.296
33,241,numeric,0.03,0.05,competitor,competitor,0,3.741
33,242,perceptual,0.1,0.05,no_decoy,target,1,2.937
33,243,numeric,0.03,0.05,target,competitor,0,5.439
33,244,numeric,0.03,0.2,no_decoy,target,1,4.711
33,245,numeric,0.1,0.05,no_decoy,competitor,0,2.588
33,246,perceptual,0.03,0.05,no_decoy,target,1,2.598
33,247,numeric,0.03,0.05,no_decoy,target,1,4.43
33,248,perceptual,0.03,0.2,no_decoy,target,1,4.352
33,249,numeric,0.1,0.05,no_decoy,target,1,5.234
33,250,numeric,0.03,0.2,no_decoy,target,1,6.056
33,251,perceptual,0.03,0.05,target,target,1,6.916
33,252,numeric,0.03,0.2,no_decoy,competitor,0,5.845
33,253,numeric,0.03,0.2,target,competitor,0,5.685
33,254,numeric,0.1,0.05,target,target,1,5.852
33,255,numeric,0.03,0.05,no_decoy,competitor,0,5.317
33,256,perceptual,0.03,0.05,competitor,target,1,3.188
33,257,perceptual,0.1,0.05,competitor,target,1,8.283
33,258,numeric,0.1,0.2,target,competitor,0,5.839
33,259,perceptual,0.1,0.2,target,target,1,3.498
33,260,numeric,0.1,0.2,target,target,1,5.207
33,261,numeric,0.1,0.05,no_decoy,target,1,4.72
33,262,numeric,0.1,0.05,no_decoy,target,1,5.847
33,263,numeric,0.03,0.2,target,competitor,0,3.635
33,264,perceptual,0.03,0.05,target,competitor,0,13.827
33,265,perceptual,0.03,0.05,target,competitor,0,7.082
33,266,perceptual,0.1,0.05,target,target,1,4.537
33,267,numeric,0.03,0.2,competitor,target,1,3.806
33,268,perceptual,0.03,0.2,target,competitor,0,6.785
33,269,perceptual,0.03,0.2,competitor,target,1,4.352
33,270,numeric,0.03,0.05,competitor,target,1,2.81
33,271,perceptual,0.1,0.05,target,target,1,6.482
33,272,perceptual,0.1,0.2,target,competitor,0,5.092
33,273,numeric,0.03,0.05,no_decoy,competitor,0,4.454
33,274,perceptual,0.1,0.2,competitor,competitor,0,6.752
33,275,perceptual,0.03,0.2,no_decoy,target,1,3.955
33,276,perceptual,0.1,0.2,competitor,target,1,4.777
33,277,perceptual,0.1,0.05,target,target,1,6.589
33,278,perceptual,0.03,0.2,no_decoy,target,1,6.439
33,279,perceptual,0.1,0.05,no_decoy,target,1,5.147
33,280,perceptual,0.1,0.2,target,target,1,8.505
33,281,perceptual,0.1,0.2,competitor,target,1,2.739
33,282,perceptual,0.03,0.2,competitor,competitor,0,3.345
33,283,perceptual,0.1,0.2,no_decoy,target,1,6.2
33,284,perceptual,0.1,0.05,competitor,target,1,4.134
33,285,numeric,0.1,0.2,target,target,1,3.709
33,286,perceptual,0.1,0.05,no_decoy,target,1,4.6
33,287,numeric,0.1,0.05,no_decoy,target,1,3.51
33,288,numeric,0.03,0.05,no_decoy,target,1,3.203
34,2,numeric,0.1,0.2,no_decoy,target,1,8.578
34,3,perceptual,0.03,0.05,no_decoy,competitor,0,6.435
34,4,perceptual,0.1,0.05,competitor,target,1,8.697
34,5,perceptual,0.03,0.05,no_decoy,target,1,2.63
34,6,numeric,0.1,0.05,no_decoy,target,1,3.775
34,7,numeric,0.1,0.05,no_decoy,target,1,4.133
34,8,numeric,0.1,0.2,no_decoy,competitor,0,3.671
34,9,perceptual,0.03,0.05,competitor,decoy,0,4.472
34,10,numeric,0.03,0.2,competitor,competitor,0,9.23
34,11,perceptual,0.1,0.05,no_decoy,target,1,5.616
34,12,numeric,0.03,0.2,competitor,target,1,6.28
34,13,numeric,0.1,0.05,competitor,target,1,5.955
34,14,perceptual,0.03,0.05,competitor,target,1,6.287
34,15,numeric,0.03,0.2,no_decoy,competitor,0,6.696
34,16,perceptual,0.1,0.05,competitor,decoy,0,3.34
34,17,numeric,0.03,0.2,no_decoy,target,1,4.048
34,18,perceptual,0.1,0.2,no_decoy,competitor,0,6.422
34,19,numeric,0.03,0.2,target,decoy,0,8.039
34,20,perceptual,0.1,0.05,competitor,target,1,4.049
34,21,perceptual,0.03,0.2,target,target,1,4.844
34,22,numeric,0.03,0.2,target,target,1,5.375
34,23,numeric,0.03,0.2,competitor,competitor,0,6.882
34,24,perceptual,0.03,0.2,target,competitor,0,3.206
34,25,numeric,0.03,0.2,competitor,competitor,0,4.021
34,26,perceptual,0.03,0.2,competitor,target,1,3.596
34,27,numeric,0.03,0.2,competitor,competitor,0,3.377
34,28,perceptual,0.1,0.2,no_decoy,competitor,0,3.038
34,29,numeric,0.03,0.2,target,competitor,0,4.215
34,30,numeric,0.03,0.2,target,target,1,5.163
34,31,numeric,0.03,0.2,no_decoy,target,1,3.128
34,32,perceptual,0.1,0.05,target,target,1,2.992
34,33,numeric,0.1,0.2,no_decoy,target,1,5.877
34,34,numeric,0.1,0.2,target,target,1,8.725
34,35,numeric,0.03,0.2,no_decoy,competitor,0,4.085
34,36,perceptual,0.03,0.2,no_decoy,target,1,3.78
34,37,numeric,0.1,0.2,target,target,1,5.73
34,38,perceptual,0.03,0.05,competitor,target,1,5.031
34,39,numeric,0.03,0.2,no_decoy,target,1,4.728
34,40,numeric,0.1,0.2,competitor,competitor,0,9.781
34,41,numeric,0.03,0.2,no_decoy,target,1,4.364
34,42,numeric,0.1,0.2,competitor,target,1,5.317
34,43,numeric,0.03,0.05,no_decoy,competitor,0,3.281
34,44,perceptual,0.03,0.05,target,competitor,0,3.73
34,45,numeric,0.03,0.05,no_decoy,competitor,0,4.182
34,46,numeric,0.1,0.05,no_decoy,target,1,3.646
34,47,numeric,0.1,0.2,target,target,1,4.796
34,48,numeric,0.1,0.2,target,target,1,5.133
34,49,numeric,0.1,0.2,target,competitor,0,4.865
34,50,numeric,0.1,0.05,target,competitor,0,4.99
34,51,perceptual,0.03,0.2,competitor,competitor,0,5.333
34,52,perceptual,0.1,0.2,competitor,target,1,3.437
34,53,perceptual,0.03,0.05,competitor,target,1,2.89
34,54,perceptual,0.03,0.05,target,competitor,0,2.214
34,55,perceptual,0.1,0.05,competitor,competitor,0,2.63
34,56,perceptual,0.1,0.05,target,competitor,0,5.049
34,57,numeric,0.03,0.2,competitor,target,1,4.849
34,58,perceptual,0.03,0.2,competitor,target,1,2.952
34,59,numeric,0.1,0.05,competitor,target,1,6.473
34,60,perceptual,0.1,0.05,target,decoy,0,3.347
34,61,numeric,0.03,0.2,competitor,target,1,5.277
34,62,numeric,0.1,0.2,target,target,1,6.253
34,63,numeric,0.03,0.2,target,competitor,0,5.132
34,64,perceptual,0.03,0.05,no_decoy,target,1,3.675
34,65,perceptual,0.1,0.2,no_decoy,target,1,3.84
34,66,perceptual,0.03,0.05,target,competitor,0,5.777
34,67,numeric,0.1,0.2,no_decoy,target,1,2.482
34,68,numeric,0.1,0.2,competitor,competitor,0,2.798
34,69,numeric,0.03,0.05,target,target,1,7.057
34,70,perceptual,0.1,0.2,target,decoy,0,4.22
34,71,perceptual,0.1,0.2,target,decoy,0,3.542
34,72,perceptual,0.1,0.2,target,competitor,0,3.413
34,73,numeric,0.1,0.05,target,target,1,4.449
34,74,numeric,0.03,0.05,no_decoy,target,1,3.28
34,75,perceptual,0.03,0.05,no_decoy,target,1,2.707
34,76,perceptual,0.1,0.2,target,competitor,0,3.805
34,77,numeric,0.1,0.05,competitor,competitor,0,4.171
34,78,numeric,0.03,0.05,no_decoy,competitor,0,3.652
34,79,perceptual,0.1,0.05,target,decoy,0,3.065
34,80,numeric,0.1,0.2,competitor,target,1,5.13
34,81,perceptual,0.1,0.05,competitor,target,1,2.919
34,82,numeric,0.1,0.05,target,target,1,1.195
34,83,numeric,0.03,0.2,competitor,target,1,7.551
34,84,perceptual,0.03,0.05,no_decoy,competitor,0,2.726
34,85,perceptual,0.1,0.05,competitor,competitor,0,2.614
34,86,perceptual,0.1,0.2,no_decoy,competitor,0,2.129
34,87,perceptual,0.1,0.2,no_decoy,target,1,1.952
34,88,numeric,0.03,0.05,competitor,competitor,0,4.041
34,89,perceptual,0.03,0.05,competitor,target,1,2.613
34,90,perceptual,0.1,0.05,no_decoy,target,1,3.152
34,91,numeric,0.03,0.05,competitor,target,1,2.974
34,92,numeric,0.03,0.2,target,target,1,4.448
34,93,numeric,0.03,0.05,competitor,decoy,0,3.219
34,94,perceptual,0.1,0.2,no_decoy,competitor,0,2.501
34,95,numeric,0.1,0.05,target,target,1,5.286
34,96,perceptual,0.03,0.2,competitor,target,1,3.016
34,97,perceptual,0.1,0.05,no_decoy,target,1,2.484
34,98,numeric,0.1,0.2,no_decoy,competitor,0,4.648
34,99,perceptual,0.1,0.2,no_decoy,target,1,2.295
34,100,perceptual,0.1,0.05,no_decoy,competitor,0,3.801
34,101,perceptual,0.1,0.05,target,target,1,4.476
34,102,perceptual,0.03,0.2,no_decoy,competitor,0,2.533
34,103,numeric,0.03,0.05,target,target,1,4.542
34,104,numeric,0.1,0.05,competitor,competitor,0,5.495
34,105,perceptual,0.03,0.05,competitor,competitor,0,2.549
34,106,numeric,0.03,0.2,no_decoy,competitor,0,2.981
34,107,perceptual,0.03,0.2,no_decoy,competitor,0,2.38
34,108,numeric,0.1,0.05,no_decoy,target,1,3.13
34,109,numeric,0.1,0.2,no_decoy,target,1,2.383
34,110,numeric,0.1,0.2,competitor,decoy,0,3.679
34,111,numeric,0.1,0.05,competitor,target,1,3.138
34,112,perceptual,0.1,0.2,target,decoy,0,1.897
34,113,numeric,0.03,0.05,no_decoy,target,1,2.494
34,114,perceptual,0.1,0.2,no_decoy,competitor,0,2.906
34,115,numeric,0.1,0.05,no_decoy,competitor,0,4.37
34,116,numeric,0.03,0.05,competitor,competitor,0,3.564
34,117,perceptual,0.1,0.2,competitor,target,1,3.948
34,118,perceptual,0.03,0.2,no_decoy,competitor,0,2.401
34,119,perceptual,0.03,0.05,target,target,1,2.443
34,120,perceptual,0.1,0.2,target,target,1,4.296
34,121,numeric,0.1,0.2,no_decoy,competitor,0,3.867
34,122,numeric,0.03,0.05,competitor,decoy,0,4.453
34,123,perceptual,0.03,0.05,competitor,target,1,2.719
34,124,numeric,0.03,0.05,no_decoy,target,1,3.984
34,125,numeric,0.1,0.05,target,target,1,3.697
34,126,perceptual,0.03,0.2,target,competitor,0,3.255
34,127,numeric,0.1,0.05,no_decoy,target,1,2.48
34,128,numeric,0.03,0.2,competitor,target,1,2.064
34,129,numeric,0.03,0.05,no_decoy,target,1,2.953
34,130,perceptual,0.03,0.2,competitor,competitor,0,2.163
34,131,perceptual,0.1,0.05,no_decoy,competitor,0,1.882
34,132,numeric,0.1,0.05,no_decoy,target,1,1.94
34,133,numeric,0.1,0.2,target,competitor,0,2.001
34,134,perceptual,0.1,0.2,competitor,target,1,2.114
34,135,perceptual,0.03,0.2,no_decoy,target,1,1.647
34,136,perceptual,0.1,0.2,competitor,target,1,1.828
34,137,numeric,0.03,0.05,no_decoy,target,1,1.703
34,138,numeric,0.1,0.2,target,target,1,1.965
34,139,numeric,0.03,0.2,no_decoy,target,1,1.863
34,140,numeric,0.1,0.2,competitor,decoy,0,2.027
34,141,numeric,0.03,0.2,target,target,1,2.453
34,142,perceptual,0.1,0.2,competitor,target,1,1.724
34,143,perceptual,0.03,0.05,no_decoy,target,1,1.976
34,144,numeric,0.03,0.2,no_decoy,competitor,0,1.781
34,145,numeric,0.1,0.05,target,target,1,2.671
34,146,numeric,0.03,0.05,competitor,target,1,2.053
34,147,numeric,0.1,0.05,no_decoy,competitor,0,2.207
34,148,numeric,0.03,0.05,target,decoy,0,2.597
34,149,numeric,0.1,0.2,competitor,target,1,2.467
34,150,perceptual,0.1,0.2,competitor,competitor,0,3.633
34,151,perceptual,0.03,0.2,target,decoy,0,4.257
34,152,numeric,0.03,0.2,target,target,1,3.507
34,153,perceptual,0.03,0.2,no_decoy,competitor,0,2.321
34,154,numeric,0.03,0.2,no_decoy,competitor,0,2.264
34,155,perceptual,0.1,0.2,competitor,competitor,0,3.516
34,156,numeric,0.03,0.05,target,target,1,3.943
34,157,perceptual,0.1,0.05,target,target,1,2.247
34,158,perceptual,0.03,0.2,no_decoy,target,1,1.827
34,159,perceptual,0.03,0.05,no_decoy,target,1,3.446
34,160,numeric,0.03,0.2,target,competitor,0,5.679
34,161,numeric,0.03,0.05,target,competitor,0,5.528
34,162,perceptual,0.1,0.2,no_decoy,competitor,0,2.451
34,163,perceptual,0.03,0.2,target,competitor,0,2.01
34,164,perceptual,0.03,0.05,competitor,target,1,2.67
34,165,perceptual,0.03,0.2,target,competitor,0,1.996
34,166,perceptual,0.03,0.2,competitor,target,1,2.156
34,167,perceptual,0.03,0.05,no_decoy,target,1,1.876
34,168,numeric,0.1,0.05,competitor,target,1,2.967
34,169,numeric,0.1,0.05,target,target,1,1.843
34,170,numeric,0.03,0.05,target,target,1,2.462
34,171,numeric,0.1,0.05,no_decoy,target,1,2.128
34,172,numeric,0.03,0.2,target,target,1,2.887
34,173,perceptual,0.1,0.2,target,target,1,2.457
34,174,perceptual,0.1,0.05,target,competitor,0,2.829
34,175,perceptual,0.1,0.2,competitor,competitor,0,1.966
34,176,perceptual,0.03,0.05,no_decoy,target,1,1.778
34,177,perceptual,0.1,0.05,no_decoy,target,1,2.322
34,178,numeric,0.03,0.2,target,competitor,0,2.356
34,179,numeric,0.1,0.2,target,decoy,0,2.448
34,180,numeric,0.03,0.2,no_decoy,competitor,0,3.722
34,181,perceptual,0.1,0.2,competitor,target,1,2.994
34,182,numeric,0.03,0.05,target,competitor,0,2.414
34,183,numeric,0.1,0.2,no_decoy,competitor,0,2.214
34,184,numeric,0.1,0.05,competitor,target,1,2.213
34,185,numeric,0.03,0.2,no_decoy,target,1,1.989
34,186,numeric,0.03,0.05,no_decoy,competitor,0,1.724
34,187,perceptual,0.03,0.05,no_decoy,target,1,1.865
34,188,numeric,0.1,0.2,no_decoy,target,1,2.228
34,189,numeric,0.03,0.05,target,competitor,0,1.998
34,190,numeric,0.1,0.2,target,target,1,2.476
34,191,perceptual,0.1,0.05,target,decoy,0,2.476
34,192,perceptual,0.03,0.05,competitor,target,1,2.459
34,193,perceptual,0.1,0.05,target,decoy,0,3.796
34,194,perceptual,0.03,0.05,competitor,target,1,2.378
34,195,perceptual,0.03,0.2,target,target,1,2.45
34,196,numeric,0.1,0.05,competitor,target,1,3.611
34,197,numeric,0.1,0.2,no_decoy,target,1,2.835
34,198,perceptual,0.1,0.05,target,target,1,2.629
34,199,numeric,0.03,0.05,target,target,1,3.825
34,200,numeric,0.1,0.05,competitor,target,1,2.657
34,201,perceptual,0.1,0.2,competitor,competitor,0,3.084
34,202,perceptual,0.03,0.05,target,competitor,0,2.721
34,203,numeric,0.03,0.05,competitor,competitor,0,4.709
34,204,numeric,0.03,0.2,target,target,1,3.453
34,205,perceptual,0.03,0.05,target,competitor,0,2.079
34,206,numeric,0.03,0.05,competitor,target,1,3.772
34,207,numeric,0.1,0.05,target,competitor,0,2.487
34,208,numeric,0.1,0.2,competitor,target,1,2.094
34,209,numeric,0.03,0.2,competitor,competitor,0,2.361
34,210,perceptual,0.1,0.05,no_decoy,competitor,0,1.979
34,211,perceptual,0.03,0.05,target,competitor,0,2.253
34,212,perceptual,0.03,0.05,competitor,target,1,2.143
34,213,numeric,0.1,0.05,target,target,1,3.44
34,214,perceptual,0.03,0.2,no_decoy,competitor,0,2.768
34,215,numeric,0.1,0.2,no_decoy,target,1,2.048
34,216,numeric,0.03,0.05,target,target,1,2.019
34,217,perceptual,0.03,0.2,no_decoy,target,1,1.873
34,218,perceptual,0.1,0.2,no_decoy,competitor,0,1.847
34,219,perceptual,0.1,0.05,no_decoy,target,1,2.174
34,220,perceptual,0.03,0.2,target,competitor,0,2.152
34,221,perceptual,0.03,0.2,target,decoy,0,3
34,222,perceptual,0.03,0.2,competitor,target,1,1.874
34,223,numeric,0.1,0.05,competitor,competitor,0,3.321
34,224,perceptual,0.03,0.05,competitor,decoy,0,3.07
34,225,perceptual,0.1,0.2,target,target,1,2.591
34,226,perceptual,0.1,0.05,no_decoy,target,1,1.982
34,227,numeric,0.03,0.05,no_decoy,target,1,2.417
34,228,numeric,0.03,0.05,competitor,target,1,2.503
34,229,numeric,0.1,0.2,competitor,decoy,0,3.339
34,230,numeric,0.1,0.05,target,competitor,0,1.98
34,231,perceptual,0.03,0.2,no_decoy,target,1,2.162
34,232,perceptual,0.03,0.2,competitor,competitor,0,2.176
34,233,perceptual,0.1,0.05,target,competitor,0,3.03
34,234,perceptual,0.03,0.2,competitor,decoy,0,2.213
34,235,numeric,0.1,0.05,no_decoy,target,1,1.803
34,236,perceptual,0.1,0.05,no_decoy,target,1,2.271
34,237,perceptual,0.1,0.05,no_decoy,target,1,3.261
34,238,perceptual,0.1,0.05,competitor,target,1,2.247
34,239,perceptual,0.03,0.05,target,decoy,0,2.196
34,240,perceptual,0.03,0.2,competitor,competitor,0,2.079
34,241,perceptual,0.1,0.05,competitor,decoy,0,1.759
34,242,perceptual,0.03,0.2,no_decoy,target,1,1.699
34,243,numeric,0.03,0.05,no_decoy,competitor,0,2.345
34,244,perceptual,0.1,0.2,competitor,decoy,0,1.801
34,245,numeric,0.1,0.2,target,decoy,0,2.728
34,246,perceptual,0.03,0.2,no_decoy,competitor,0,1.944
34,247,perceptual,0.1,0.2,competitor,competitor,0,2.455
34,248,numeric,0.1,0.2,target,target,1,3.591
34,249,numeric,0.1,0.05,competitor,competitor,0,2.377
34,250,numeric,0.03,0.05,no_decoy,competitor,0,1.808
34,251,numeric,0.1,0.05,no_decoy,target,1,1.954
34,252,perceptual,0.1,0.2,target,competitor,0,2.769
34,253,perceptual,0.1,0.2,no_decoy,competitor,0,2.857
34,254,perceptual,0.03,0.2,target,target,1,2.893
34,255,perceptual,0.03,0.05,target,target,1,2.47
34,256,perceptual,0.03,0.2,competitor,target,1,2.196
34,257,perceptual,0.1,0.05,no_decoy,target,1,3.213
34,258,perceptual,0.1,0.05,target,competitor,0,2.027
34,259,numeric,0.1,0.05,target,competitor,0,4.236
34,260,perceptual,0.1,0.2,target,target,1,1.807
34,261,perceptual,0.1,0.2,target,target,1,2.066
34,262,numeric,0.03,0.05,target,decoy,0,3.581
34,263,perceptual,0.03,0.2,target,decoy,0,1.738
34,264,perceptual,0.1,0.05,competitor,decoy,0,1.935
34,265,numeric,0.03,0.05,competitor,competitor,0,2.049
34,266,numeric,0.03,0.2,competitor,decoy,0,2.128
34,267,numeric,0.1,0.2,competitor,decoy,0,2.234
34,268,perceptual,0.03,0.05,target,target,1,2.534
34,269,numeric,0.03,0.05,competitor,competitor,0,2.624
34,270,numeric,0.1,0.05,no_decoy,target,1,1.864
34,271,numeric,0.1,0.2,no_decoy,target,1,2.474
34,272,numeric,0.1,0.2,competitor,target,1,1.861
34,273,perceptual,0.1,0.2,no_decoy,competitor,0,1.963
34,274,perceptual,0.1,0.05,competitor,target,1,2.677
34,275,perceptual,0.1,0.2,target,competitor,0,1.664
34,276,perceptual,0.03,0.2,competitor,target,1,2.062
34,277,numeric,0.03,0.05,target,competitor,0,3.004
34,278,perceptual,0.03,0.05,target,competitor,0,2.045
34,279,perceptual,0.1,0.05,competitor,decoy,0,2.159
34,280,perceptual,0.03,0.05,no_decoy,target,1,1.72
34,281,numeric,0.1,0.2,competitor,competitor,0,2.508
34,282,perceptual,0.03,0.2,target,target,1,2.135
34,283,perceptual,0.03,0.05,target,target,1,1.931
34,284,numeric,0.1,0.05,competitor,decoy,0,2.404
34,285,numeric,0.03,0.2,competitor,target,1,2.957
34,286,perceptual,0.1,0.05,competitor,competitor,0,3.389
34,287,numeric,0.1,0.05,target,target,1,4.559
34,288,perceptual,0.03,0.05,no_decoy,target,1,2.202
35,1,perceptual,0.1,0.2,no_decoy,target,1,11.436
35,2,perceptual,0.1,0.2,competitor,target,1,4.514
35,3,perceptual,0.1,0.2,competitor,competitor,0,3.826
35,4,perceptual,0.1,0.2,competitor,target,1,3.396
35,5,perceptual,0.03,0.05,competitor,competitor,0,6.288
35,6,perceptual,0.1,0.05,no_decoy,target,1,3.598
35,7,numeric,0.03,0.05,competitor,target,1,8.432
35,8,perceptual,0.03,0.05,no_decoy,target,1,3.219
35,9,perceptual,0.1,0.2,competitor,target,1,3.007
35,10,perceptual,0.1,0.05,competitor,target,1,2.53
35,11,perceptual,0.03,0.2,target,competitor,0,2.709
35,12,perceptual,0.03,0.2,target,competitor,0,3.928
35,13,perceptual,0.03,0.05,competitor,target,1,2.719
35,14,perceptual,0.03,0.05,no_decoy,competitor,0,2.333
35,15,perceptual,0.03,0.2,target,target,1,2.953
35,16,perceptual,0.1,0.05,no_decoy,competitor,0,2.189
35,17,numeric,0.03,0.05,target,competitor,0,3.985
35,18,numeric,0.03,0.05,competitor,decoy,0,4.338
35,19,numeric,0.1,0.05,competitor,target,1,2.914
35,20,numeric,0.1,0.05,no_decoy,competitor,0,2.539
35,21,perceptual,0.1,0.05,competitor,competitor,0,2.511
35,22,numeric,0.1,0.2,competitor,decoy,0,2.89
35,23,perceptual,0.03,0.05,competitor,decoy,0,2.013
35,24,numeric,0.03,0.2,no_decoy,target,1,2.593
35,25,numeric,0.03,0.2,no_decoy,target,1,2.62
35,26,perceptual,0.1,0.2,no_decoy,target,1,1.923
35,27,perceptual,0.1,0.05,target,target,1,2.107
35,28,perceptual,0.03,0.05,target,decoy,0,3.877
35,29,numeric,0.03,0.05,no_decoy,target,1,2.419
35,30,perceptual,0.03,0.05,no_decoy,target,1,2.119
35,31,numeric,0.1,0.05,no_decoy,competitor,0,2.457
35,32,numeric,0.03,0.2,competitor,target,1,2.742
35,33,perceptual,0.1,0.05,competitor,target,1,2.621
35,34,numeric,0.1,0.2,competitor,competitor,0,3.677
35,35,numeric,0.1,0.2,target,decoy,0,6.188
35,36,numeric,0.1,0.2,target,decoy,0,3.464
35,37,numeric,0.1,0.2,target,decoy,0,3.795
35,38,perceptual,0.1,0.2,target,decoy,0,2.584
35,39,perceptual,0.1,0.05,target,target,1,2.245
35,40,perceptual,0.1,0.05,no_decoy,target,1,1.807
35,41,perceptual,0.1,0.05,target,competitor,0,2.127
35,42,numeric,0.03,0.2,competitor,decoy,0,3.12
35,44,numeric,0.1,0.2,target,target,1,8.713
35,46,perceptual,0.03,0.2,no_decoy,competitor,0,10.366
35,47,perceptual,0.03,0.05,competitor,competitor,0,4.568
35,48,perceptual,0.1,0.05,target,competitor,0,2.253
35,49,perceptual,0.1,0.05,no_decoy,target,1,2.04
35,50,numeric,0.03,0.05,no_decoy,target,1,2.335
35,51,numeric,0.03,0.05,target,decoy,0,2.82
35,52,perceptual,0.03,0.2,no_decoy,competitor,0,4.595
35,53,perceptual,0.1,0.05,no_decoy,target,1,2.156
35,54,perceptual,0.03,0.2,target,competitor,0,2.279
35,55,numeric,0.1,0.2,target,competitor,0,3.715
35,56,perceptual,0.1,0.2,competitor,target,1,2.485
35,57,perceptual,0.1,0.2,target,decoy,0,2.059
35,58,perceptual,0.1,0.05,competitor,target,1,2.512
35,59,perceptual,0.1,0.2,competitor,decoy,0,2.388
35,60,numeric,0.1,0.05,competitor,competitor,0,3.561
35,61,numeric,0.1,0.05,competitor,decoy,0,5.512
35,62,perceptual,0.1,0.05,competitor,target,1,2.343
35,63,numeric,0.1,0.2,competitor,competitor,0,3.519
35,64,perceptual,0.03,0.2,competitor,decoy,0,2.421
35,65,numeric,0.03,0.05,no_decoy,competitor,0,2.487
35,66,numeric,0.03,0.05,no_decoy,target,1,2.353
35,67,perceptual,0.1,0.2,target,target,1,1.917
35,68,perceptual,0.1,0.05,target,decoy,0,1.855
35,69,numeric,0.03,0.2,competitor,competitor,0,1.323
35,70,perceptual,0.1,0.2,target,target,1,1.063
35,71,perceptual,0.1,0.05,no_decoy,target,1,0.865
35,72,numeric,0.03,0.2,no_decoy,target,1,2.615
35,73,numeric,0.1,0.05,competitor,target,1,3.074
35,74,numeric,0.03,0.2,no_decoy,competitor,0,2.241
35,75,numeric,0.1,0.2,no_decoy,competitor,0,2.463
35,76,numeric,0.03,0.05,target,target,1,6.261
35,77,numeric,0.03,0.05,target,target,1,3.327
35,78,numeric,0.03,0.05,competitor,decoy,0,0.022
35,79,perceptual,0.03,0.05,target,competitor,0,1.904
35,80,numeric,0.03,0.05,no_decoy,competitor,0,3.67
35,81,numeric,0.03,0.05,no_decoy,competitor,0,2.575
35,82,numeric,0.1,0.05,no_decoy,competitor,0,4.43
35,83,perceptual,0.1,0.2,no_decoy,competitor,0,5.632
35,84,perceptual,0.03,0.2,competitor,target,1,8.145
35,85,perceptual,0.03,0.05,competitor,target,1,2.775
35,86,numeric,0.1,0.2,no_decoy,competitor,0,3.513
35,87,perceptual,0.03,0.05,competitor,competitor,0,4.478
35,89,perceptual,0.1,0.2,competitor,target,1,2.399
35,90,perceptual,0.03,0.2,target,target,1,2.414
35,91,numeric,0.1,0.2,no_decoy,target,1,2.387
35,92,perceptual,0.1,0.2,competitor,decoy,0,2.001
35,93,numeric,0.1,0.05,no_decoy,target,1,2.307
35,94,numeric,0.03,0.2,target,target,1,2.967
35,95,numeric,0.1,0.05,target,competitor,0,3.461
35,96,numeric,0.03,0.2,target,decoy,0,4.456
35,97,perceptual,0.03,0.2,no_decoy,target,1,2.188
35,98,perceptual,0.1,0.2,target,competitor,0,2.054
35,99,perceptual,0.1,0.05,no_decoy,target,1,2.167
35,100,perceptual,0.03,0.2,no_decoy,target,1,2.617
35,101,perceptual,0.03,0.2,competitor,target,1,2.41
35,102,perceptual,0.03,0.05,target,target,1,1.943
35,103,perceptual,0.1,0.05,no_decoy,target,1,1.766
35,104,perceptual,0.1,0.05,competitor,decoy,0,2.213
35,105,numeric,0.03,0.05,competitor,decoy,0,3.34
35,106,numeric,0.03,0.2,no_decoy,competitor,0,2.531
35,107,numeric,0.03,0.2,target,competitor,0,2.995
35,108,numeric,0.03,0.2,no_decoy,competitor,0,3.42
35,109,numeric,0.03,0.05,competitor,target,1,3.027
35,110,numeric,0.03,0.2,competitor,competitor,0,3.348
35,111,numeric,0.1,0.2,no_decoy,target,1,2.519
35,112,perceptual,0.03,0.05,no_decoy,target,1,2.118
35,113,perceptual,0.03,0.05,competitor,competitor,0,2.18
35,114,numeric,0.03,0.05,target,target,1,3.315
35,115,numeric,0.1,0.05,target,target,1,3.51
35,116,numeric,0.1,0.05,competitor,target,1,4.891
35,117,numeric,0.1,0.2,target,decoy,0,2.024
35,118,numeric,0.1,0.05,competitor,target,1,3.339
35,119,perceptual,0.1,0.2,no_decoy,target,1,1.907
35,120,numeric,0.1,0.05,competitor,decoy,0,2.794
35,121,perceptual,0.1,0.05,no_decoy,target,1,1.983
35,122,perceptual,0.03,0.05,target,competitor,0,3.265
35,123,perceptual,0.1,0.05,competitor,target,1,3.8
35,124,perceptual,0.1,0.2,competitor,target,1,3.245
35,125,numeric,0.1,0.2,no_decoy,target,1,3.525
35,126,perceptual,0.03,0.2,competitor,target,1,2.711
35,127,numeric,0.1,0.05,no_decoy,target,1,2.18
35,128,numeric,0.03,0.05,competitor,competitor,0,2.146
35,129,perceptual,0.1,0.2,target,target,1,2.061
35,130,numeric,0.1,0.2,no_decoy,target,1,3.396
35,131,perceptual,0.1,0.05,target,target,1,1.865
35,132,perceptual,0.1,0.2,target,competitor,0,2.772
35,133,perceptual,0.1,0.05,competitor,target,1,2.609
35,134,perceptual,0.03,0.05,no_decoy,competitor,0,1.931
35,135,numeric,0.1,0.2,competitor,target,1,3.671
35,136,numeric,0.1,0.05,no_decoy,competitor,0,2.494
35,137,perceptual,0.1,0.05,no_decoy,competitor,0,2.035
35,138,numeric,0.1,0.05,no_decoy,target,1,2.811
35,139,perceptual,0.1,0.2,no_decoy,target,1,2.728
35,140,numeric,0.1,0.2,target,target,1,4.615
35,141,perceptual,0.03,0.2,target,target,1,2.116
35,142,perceptual,0.1,0.2,no_decoy,target,1,1.914
35,143,numeric,0.1,0.05,no_decoy,target,1,3.023
35,144,perceptual,0.1,0.05,target,target,1,1.754
35,145,numeric,0.1,0.05,target,decoy,0,2.676
35,146,perceptual,0.1,0.2,target,target,1,2.456
35,147,perceptual,0.1,0.2,competitor,target,1,3.237
35,148,perceptual,0.1,0.05,target,competitor,0,3.912
35,149,numeric,0.1,0.2,competitor,decoy,0,3.197
35,150,numeric,0.03,0.2,target,target,1,2.468
35,151,perceptual,0.03,0.05,target,target,1,2.387
35,152,numeric,0.1,0.05,target,decoy,0,3.314
35,153,numeric,0.03,0.05,competitor,competitor,0,2.821
35,154,perceptual,0.03,0.2,no_decoy,competitor,0,2.018
35,155,numeric,0.1,0.05,no_decoy,competitor,0,2.681
35,156,perceptual,0.1,0.2,target,target,1,3.639
35,157,numeric,0.1,0.2,competitor,competitor,0,3.136
35,158,perceptual,0.1,0.05,target,target,1,2.608
35,159,perceptual,0.03,0.05,target,target,1,2.866
35,160,perceptual,0.1,0.05,target,decoy,0,4.457
35,161,numeric,0.1,0.2,competitor,target,1,3.723
35,162,numeric,0.03,0.2,competitor,competitor,0,4.342
35,163,numeric,0.1,0.05,no_decoy,target,1,2.355
35,164,numeric,0.1,0.05,competitor,target,1,3.547
35,165,numeric,0.03,0.2,no_decoy,competitor,0,2.656
35,166,perceptual,0.03,0.05,competitor,target,1,2.417
35,167,perceptual,0.03,0.2,target,competitor,0,2.226
35,168,numeric,0.03,0.2,target,competitor,0,2.503
35,169,numeric,0.1,0.2,no_decoy,competitor,0,2.78
35,170,numeric,0.03,0.2,competitor,decoy,0,3.139
35,171,numeric,0.1,0.2,target,target,1,3.123
35,172,numeric,0.03,0.05,target,competitor,0,2.477
35,173,perceptual,0.03,0.2,no_decoy,competitor,0,1.901
35,174,perceptual,0.1,0.2,no_decoy,target,1,1.886
35,175,perceptual,0.1,0.05,no_decoy,target,1,1.888
35,176,numeric,0.03,0.2,no_decoy,competitor,0,1.702
35,177,numeric,0.03,0.2,target,target,1,2.848
35,178,perceptual,0.03,0.2,no_decoy,competitor,0,1.823
35,179,numeric,0.1,0.05,no_decoy,target,1,1.769
35,180,perceptual,0.03,0.2,competitor,target,1,2.186
35,181,numeric,0.03,0.2,competitor,target,1,2.21
35,182,perceptual,0.1,0.2,target,target,1,2.238
35,183,numeric,0.1,0.2,no_decoy,target,1,6.456
35,184,numeric,0.1,0.2,competitor,target,1,1.652
35,185,perceptual,0.03,0.2,competitor,target,1,1.56
35,186,numeric,0.1,0.2,no_decoy,target,1,0.001
35,187,perceptual,0.03,0.05,no_decoy,target,1,1.679
35,188,numeric,0.03,0.05,no_decoy,competitor,0,12.189
35,189,perceptual,0.03,0.05,competitor,decoy,0,1.971
35,190,numeric,0.1,0.2,competitor,target,1,2.393
35,191,numeric,0.03,0.05,competitor,competitor,0,1.643
35,192,perceptual,0.03,0.2,no_decoy,competitor,0,1.601
35,193,numeric,0.03,0.05,target,target,1,2.017
35,194,perceptual,0.1,0.2,no_decoy,competitor,0,0.91
35,195,numeric,0.03,0.2,competitor,target,1,0.788
35,196,perceptual,0.03,0.2,competitor,decoy,0,1.345
35,197,perceptual,0.1,0.05,target,competitor,0,1.366
35,198,perceptual,0.1,0.05,target,decoy,0,1.558
35,199,numeric,0.03,0.2,no_decoy,competitor,0,1.274
35,200,perceptual,0.03,0.05,no_decoy,target,1,2.219
35,201,perceptual,0.1,0.05,competitor,target,1,2.691
35,202,perceptual,0.03,0.05,target,decoy,0,5.994
35,203,numeric,0.1,0.05,target,competitor,0,4.553
35,204,perceptual,0.03,0.2,target,target,1,3.016
35,205,numeric,0.1,0.2,no_decoy,competitor,0,2.46
35,206,perceptual,0.03,0.05,no_decoy,competitor,0,2.033
35,207,numeric,0.03,0.2,no_decoy,target,1,2.952
35,208,perceptual,0.1,0.2,no_decoy,target,1,2.131
35,209,perceptual,0.03,0.2,competitor,target,1,1.652
35,210,numeric,0.03,0.05,no_decoy,competitor,0,6.725
35,211,perceptual,0.1,0.2,target,decoy,0,2.162
35,212,numeric,0.03,0.05,no_decoy,competitor,0,2.314
35,213,numeric,0.03,0.05,competitor,decoy,0,1.995
35,214,perceptual,0.03,0.2,target,competitor,0,2.437
35,215,perceptual,0.03,0.2,no_decoy,competitor,0,1.718
35,216,numeric,0.1,0.05,competitor,competitor,0,2.193
35,217,perceptual,0.1,0.2,competitor,target,1,1.87
35,218,numeric,0.03,0.05,target,competitor,0,1.701
35,219,numeric,0.1,0.2,competitor,target,1,1.949
35,220,numeric,0.03,0.2,target,target,1,1.44
35,221,numeric,0.1,0.05,target,competitor,0,3.065
35,222,numeric,0.03,0.2,target,competitor,0,4.447
35,223,numeric,0.1,0.05,target,decoy,0,6.172
35,224,numeric,0.03,0.2,target,target,1,2.451
35,225,numeric,0.03,0.2,target,competitor,0,2.396
35,226,numeric,0.1,0.2,competitor,decoy,0,1.87
35,227,numeric,0.1,0.05,target,target,1,1.835
35,228,numeric,0.03,0.2,target,competitor,0,1.756
35,229,perceptual,0.03,0.2,no_decoy,competitor,0,2.706
35,230,perceptual,0.1,0.05,no_decoy,target,1,3.604
35,231,numeric,0.03,0.2,target,target,1,0.037
35,232,numeric,0.1,0.05,competitor,target,1,2.771
35,233,numeric,0.1,0.05,target,target,1,2.046
35,234,perceptual,0.03,0.05,target,target,1,2.177
35,235,numeric,0.1,0.05,competitor,target,1,4.426
35,236,numeric,0.1,0.05,target,decoy,0,2.008
35,237,perceptual,0.03,0.2,target,target,1,1.929
35,238,perceptual,0.1,0.05,competitor,competitor,0,1.778
35,239,perceptual,0.1,0.05,competitor,decoy,0,2.42
35,240,perceptual,0.03,0.05,competitor,competitor,0,1.345
35,241,numeric,0.03,0.05,competitor,target,1,0.949
35,242,numeric,0.1,0.05,competitor,target,1,1.474
35,243,perceptual,0.03,0.2,target,target,1,3.412
35,244,perceptual,0.03,0.05,no_decoy,competitor,0,4.498
35,245,numeric,0.03,0.05,target,target,1,3.981
35,246,perceptual,0.03,0.05,no_decoy,target,1,14.953
35,247,perceptual,0.03,0.05,competitor,target,1,1.545
35,248,perceptual,0.03,0.2,no_decoy,competitor,0,2.898
35,249,perceptual,0.03,0.05,target,target,1,1.346
35,250,numeric,0.03,0.2,no_decoy,competitor,0,1.941
35,251,perceptual,0.03,0.05,competitor,decoy,0,1.294
35,252,perceptual,0.03,0.05,no_decoy,target,1,1.951
35,253,perceptual,0.03,0.2,no_decoy,target,1,1.643
35,254,numeric,0.03,0.05,competitor,competitor,0,2.283
35,255,numeric,0.1,0.05,no_decoy,target,1,4.021
35,256,perceptual,0.1,0.2,competitor,competitor,0,2.113
35,257,perceptual,0.03,0.05,target,target,1,2.743
35,258,numeric,0.03,0.2,competitor,decoy,0,1.591
35,259,numeric,0.1,0.05,target,competitor,0,1.384
35,260,numeric,0.03,0.2,no_decoy,target,1,1.769
35,261,numeric,0.1,0.2,target,competitor,0,1.496
35,262,perceptual,0.1,0.2,no_decoy,target,1,1.151
35,263,numeric,0.1,0.2,no_decoy,competitor,0,1.267
35,264,numeric,0.1,0.2,target,competitor,0,1.418
35,265,perceptual,0.03,0.05,no_decoy,competitor,0,1.971
35,266,perceptual,0.03,0.2,competitor,target,1,1.326
35,267,numeric,0.03,0.05,no_decoy,competitor,0,2.996
35,268,numeric,0.1,0.05,target,competitor,0,2.127
35,269,perceptual,0.03,0.2,target,decoy,0,2.29
35,270,numeric,0.03,0.05,no_decoy,competitor,0,1.65
35,271,numeric,0.03,0.2,competitor,target,1,1.61
35,272,numeric,0.03,0.05,target,competitor,0,3.195
35,273,perceptual,0.03,0.2,competitor,competitor,0,2.065
35,274,numeric,0.1,0.2,competitor,decoy,0,1.262
35,275,perceptual,0.03,0.05,target,decoy,0,1.228
35,276,numeric,0.03,0.05,no_decoy,competitor,0,1.13
35,277,numeric,0.1,0.2,target,decoy,0,1.134
35,278,numeric,0.03,0.05,target,target,1,1.118
35,279,numeric,0.1,0.2,no_decoy,competitor,0,1.081
35,280,numeric,0.03,0.05,competitor,competitor,0,1.11
35,281,perceptual,0.03,0.2,competitor,competitor,0,1.147
35,282,perceptual,0.03,0.2,competitor,decoy,0,1.261
35,283,perceptual,0.03,0.05,target,decoy,0,1.212
35,284,perceptual,0.1,0.05,competitor,target,1,1.254
35,285,perceptual,0.1,0.2,no_decoy,competitor,0,1.117
35,286,perceptual,0.1,0.2,no_decoy,competitor,0,1.434
35,287,perceptual,0.1,0.2,target,decoy,0,1.045
35,288,numeric,0.03,0.2,competitor,competitor,0,1.517
36,1,numeric,0.03,0.05,competitor,target,1,14.574
36,2,perceptual,0.1,0.05,no_decoy,competitor,0,3.828
36,3,perceptual,0.1,0.05,no_decoy,target,1,3.466
36,4,numeric,0.03,0.2,competitor,target,1,5.61
36,5,perceptual,0.03,0.2,competitor,competitor,0,6.358
36,6,perceptual,0.1,0.05,target,target,1,8.91
36,7,perceptual,0.03,0.05,no_decoy,competitor,0,3.286
36,8,numeric,0.1,0.05,target,competitor,0,5.506
36,9,numeric,0.03,0.2,target,target,1,8.542
36,10,numeric,0.1,0.2,target,target,1,4.806
36,11,perceptual,0.1,0.05,no_decoy,target,1,3.568
36,12,numeric,0.1,0.2,competitor,competitor,0,4.608
36,13,perceptual,0.03,0.2,no_decoy,competitor,0,4.421
36,14,perceptual,0.03,0.2,competitor,competitor,0,4.876
36,15,perceptual,0.03,0.2,competitor,competitor,0,3.829
36,16,perceptual,0.03,0.05,no_decoy,target,1,2.771
36,17,numeric,0.1,0.05,competitor,competitor,0,9.556
36,18,perceptual,0.03,0.05,no_decoy,competitor,0,8.01
36,19,numeric,0.03,0.05,target,target,1,4.968
36,20,perceptual,0.03,0.2,no_decoy,target,1,3.97
36,21,perceptual,0.1,0.2,no_decoy,target,1,2.235
36,22,numeric,0.03,0.05,competitor,target,1,6.16
36,23,numeric,0.03,0.2,target,competitor,0,4.149
36,24,perceptual,0.03,0.2,no_decoy,competitor,0,3.153
36,25,perceptual,0.03,0.2,target,target,1,4.94
36,26,perceptual,0.03,0.05,competitor,target,1,4.968
36,27,numeric,0.1,0.2,target,target,1,8.361
36,28,numeric,0.1,0.05,no_decoy,target,1,3.754
36,29,numeric,0.1,0.05,target,target,1,6.019
36,30,numeric,0.1,0.05,competitor,competitor,0,5.184
36,31,perceptual,0.1,0.2,no_decoy,target,1,4.159
36,32,numeric,0.03,0.05,competitor,target,1,6.194
36,33,numeric,0.03,0.2,no_decoy,competitor,0,2.984
36,34,numeric,0.1,0.05,competitor,target,1,4.761
36,35,perceptual,0.1,0.2,no_decoy,competitor,0,3.107
36,36,perceptual,0.1,0.05,no_decoy,target,1,3.422
36,37,numeric,0.03,0.2,competitor,target,1,4.119
36,38,numeric,0.1,0.2,target,target,1,4.783
36,39,numeric,0.03,0.05,no_decoy,target,1,4.202
36,40,perceptual,0.1,0.2,target,target,1,5.642
36,41,numeric,0.03,0.05,competitor,competitor,0,4.13
36,42,perceptual,0.03,0.2,target,competitor,0,4.052
36,43,numeric,0.03,0.2,competitor,target,1,4.932
36,44,numeric,0.1,0.2,target,target,1,2.977
36,45,perceptual,0.03,0.05,no_decoy,competitor,0,2.626
36,46,perceptual,0.1,0.05,no_decoy,target,1,6.323
36,47,numeric,0.03,0.2,target,target,1,4.765
36,48,perceptual,0.1,0.05,no_decoy,target,1,3.424
36,49,perceptual,0.03,0.2,target,target,1,3.12
36,50,perceptual,0.1,0.05,no_decoy,target,1,2.284
36,51,perceptual,0.1,0.05,target,decoy,0,2.735
36,52,numeric,0.03,0.05,no_decoy,target,1,4.744
36,53,numeric,0.1,0.2,competitor,competitor,0,4.77
36,54,numeric,0.03,0.05,competitor,competitor,0,4.014
36,55,numeric,0.1,0.2,competitor,competitor,0,3.402
36,56,numeric,0.03,0.05,no_decoy,target,1,3.534
36,57,numeric,0.03,0.2,no_decoy,competitor,0,5.416
36,58,numeric,0.03,0.2,competitor,target,1,4.275
36,59,numeric,0.03,0.05,competitor,competitor,0,6.84
36,60,numeric,0.1,0.2,target,target,1,3.52
36,61,numeric,0.1,0.05,target,target,1,7.074
36,62,numeric,0.03,0.2,target,target,1,8.945
36,63,numeric,0.1,0.05,no_decoy,target,1,4.343
36,64,perceptual,0.03,0.05,no_decoy,competitor,0,2.903
36,65,numeric,0.1,0.2,target,target,1,5.526
36,66,numeric,0.1,0.05,no_decoy,target,1,3.813
36,67,numeric,0.03,0.2,competitor,target,1,3.798
36,68,perceptual,0.03,0.05,target,competitor,0,5.231
36,69,perceptual,0.03,0.05,competitor,competitor,0,5.885
36,70,perceptual,0.1,0.2,target,target,1,4.303
36,71,numeric,0.03,0.05,no_decoy,target,1,3.824
36,72,numeric,0.1,0.05,target,target,1,5.037
36,73,perceptual,0.03,0.05,no_decoy,competitor,0,4.369
36,74,numeric,0.1,0.2,no_decoy,target,1,3.684
36,75,perceptual,0.1,0.05,target,target,1,3.662
36,76,perceptual,0.1,0.05,target,decoy,0,3.992
36,77,numeric,0.03,0.05,no_decoy,target,1,2.793
36,78,perceptual,0.03,0.2,competitor,competitor,0,3.76
36,79,perceptual,0.1,0.2,no_decoy,target,1,3.75
36,80,numeric,0.03,0.2,target,target,1,4.426
36,81,perceptual,0.03,0.2,competitor,target,1,3.809
36,82,numeric,0.1,0.2,competitor,target,1,3.976
36,83,perceptual,0.1,0.2,target,target,1,2.972
36,84,numeric,0.03,0.2,target,competitor,0,4.768
36,85,numeric,0.1,0.05,no_decoy,competitor,0,3.451
36,86,perceptual,0.1,0.05,target,target,1,4.254
36,87,perceptual,0.03,0.05,target,target,1,3.97
36,88,numeric,0.03,0.2,no_decoy,target,1,3.901
36,89,numeric,0.03,0.05,target,target,1,3.091
36,90,numeric,0.03,0.05,target,competitor,0,2.523
36,91,numeric,0.1,0.2,target,target,1,4.703
36,92,numeric,0.1,0.05,target,target,1,3.752
36,93,perceptual,0.03,0.2,target,target,1,3.095
36,94,numeric,0.03,0.05,target,target,1,3.959
36,95,numeric,0.1,0.05,no_decoy,target,1,3.09
36,96,perceptual,0.03,0.05,target,target,1,2.863
36,97,numeric,0.1,0.05,target,target,1,5.93
36,98,perceptual,0.1,0.2,target,target,1,4.222
36,99,perceptual,0.1,0.05,competitor,target,1,4.706
36,100,perceptual,0.1,0.05,target,target,1,5.514
36,101,perceptual,0.1,0.2,competitor,target,1,4.382
36,102,numeric,0.1,0.2,no_decoy,target,1,4.394
36,103,numeric,0.1,0.2,target,target,1,4.392
36,104,perceptual,0.03,0.2,target,competitor,0,3.776
36,105,numeric,0.1,0.2,competitor,competitor,0,3.856
36,106,numeric,0.03,0.05,no_decoy,competitor,0,7.039
36,107,perceptual,0.1,0.2,competitor,target,1,3.345
36,108,perceptual,0.1,0.05,competitor,competitor,0,3.833
36,109,perceptual,0.1,0.05,competitor,target,1,3.842
36,110,perceptual,0.03,0.05,target,competitor,0,3.978
36,111,numeric,0.03,0.2,no_decoy,competitor,0,3.035
36,112,perceptual,0.03,0.05,no_decoy,competitor,0,3.285
36,113,numeric,0.1,0.2,competitor,competitor,0,3.709
36,114,perceptual,0.03,0.05,competitor,target,1,2.584
36,115,perceptual,0.1,0.05,target,target,1,5.625
36,116,perceptual,0.1,0.05,target,target,1,3.426
36,117,numeric,0.03,0.2,competitor,competitor,0,3.818
36,118,perceptual,0.03,0.05,target,competitor,0,3.387
36,119,perceptual,0.1,0.2,target,target,1,2.722
36,120,perceptual,0.1,0.2,competitor,target,1,2.634
36,121,perceptual,0.1,0.2,no_decoy,target,1,3.574
36,122,perceptual,0.03,0.2,competitor,competitor,0,6.847
36,123,numeric,0.1,0.2,no_decoy,target,1,2.685
36,124,perceptual,0.03,0.2,no_decoy,competitor,0,4.537
36,125,perceptual,0.03,0.2,target,competitor,0,3.988
36,126,perceptual,0.1,0.05,competitor,target,1,3.729
36,127,numeric,0.03,0.05,competitor,competitor,0,4.659
36,128,numeric,0.03,0.2,no_decoy,target,1,3.551
36,129,perceptual,0.1,0.2,competitor,target,1,5.185
36,130,numeric,0.03,0.2,target,competitor,0,3.059
36,131,numeric,0.03,0.2,competitor,competitor,0,4.637
36,132,perceptual,0.1,0.2,target,target,1,3.106
36,133,numeric,0.1,0.2,target,target,1,3.489
36,134,numeric,0.03,0.05,competitor,competitor,0,4.828
36,135,perceptual,0.03,0.05,no_decoy,target,1,5.429
36,136,numeric,0.1,0.2,no_decoy,target,1,3.684
36,137,perceptual,0.1,0.2,target,target,1,8.29
36,138,numeric,0.1,0.2,target,target,1,5.747
36,139,numeric,0.03,0.05,no_decoy,target,1,3.139
36,140,perceptual,0.1,0.2,competitor,target,1,3.845
36,141,perceptual,0.1,0.05,no_decoy,target,1,3.038
36,142,perceptual,0.1,0.05,no_decoy,target,1,3
36,143,numeric,0.1,0.2,competitor,competitor,0,3.749
36,144,numeric,0.1,0.2,no_decoy,target,1,3.529
36,145,numeric,0.03,0.2,competitor,target,1,4.32
36,146,perceptual,0.03,0.05,no_decoy,target,1,4.603
36,147,perceptual,0.03,0.05,competitor,competitor,0,6.444
36,148,perceptual,0.1,0.05,competitor,target,1,4.858
36,149,perceptual,0.1,0.05,competitor,target,1,4.517
36,150,perceptual,0.03,0.05,competitor,target,1,5.65
36,151,perceptual,0.1,0.05,target,target,1,6.062
36,152,numeric,0.1,0.2,no_decoy,target,1,5.284
36,153,perceptual,0.1,0.05,target,target,1,7.934
36,154,numeric,0.1,0.05,competitor,target,1,3.946
36,155,numeric,0.1,0.2,target,competitor,0,3.971
36,156,numeric,0.03,0.2,no_decoy,competitor,0,4.716
36,157,perceptual,0.03,0.2,competitor,competitor,0,4.884
36,158,numeric,0.1,0.2,competitor,target,1,6.188
36,159,perceptual,0.03,0.05,competitor,target,1,5.357
36,160,perceptual,0.03,0.05,target,competitor,0,6.735
36,161,perceptual,0.1,0.05,competitor,target,1,4.028
36,162,numeric,0.03,0.05,target,decoy,0,4.339
36,163,perceptual,0.1,0.05,competitor,target,1,3.366
36,164,perceptual,0.1,0.2,competitor,competitor,0,3.517
36,165,perceptual,0.03,0.2,no_decoy,target,1,4.26
36,166,perceptual,0.03,0.2,target,target,1,4.56
36,167,perceptual,0.1,0.2,target,target,1,4.693
36,168,perceptual,0.03,0.05,competitor,target,1,4.485
36,169,numeric,0.03,0.05,no_decoy,target,1,6.09
36,170,perceptual,0.03,0.2,no_decoy,target,1,3.464
36,171,numeric,0.03,0.05,competitor,competitor,0,5.058
36,172,numeric,0.1,0.05,competitor,target,1,3.745
36,173,perceptual,0.03,0.05,competitor,target,1,2.778
36,174,perceptual,0.1,0.05,competitor,target,1,5.189
36,175,numeric,0.1,0.05,no_decoy,target,1,3.076
36,176,perceptual,0.1,0.05,no_decoy,target,1,3.669
36,177,numeric,0.1,0.05,target,target,1,6.17
36,178,numeric,0.03,0.2,no_decoy,competitor,0,1.774
36,179,numeric,0.1,0.2,competitor,target,1,4.48
36,180,numeric,0.03,0.2,no_decoy,competitor,0,3.575
36,181,perceptual,0.03,0.2,competitor,competitor,0,4.215
36,182,numeric,0.1,0.2,no_decoy,target,1,3.203
36,183,perceptual,0.1,0.05,no_decoy,target,1,2.921
36,184,perceptual,0.1,0.2,competitor,target,1,4.333
36,185,numeric,0.03,0.05,target,target,1,4.098
36,186,numeric,0.1,0.05,target,target,1,4.627
36,187,perceptual,0.03,0.2,no_decoy,target,1,3.184
36,188,perceptual,0.1,0.05,competitor,target,1,3.846
36,189,numeric,0.03,0.2,competitor,target,1,3.385
36,190,numeric,0.1,0.2,target,target,1,4.921
36,191,perceptual,0.03,0.05,target,competitor,0,6.319
36,192,perceptual,0.03,0.05,target,competitor,0,4.275
36,193,numeric,0.03,0.05,target,target,1,5.105
36,194,perceptual,0.1,0.2,no_decoy,target,1,3.292
36,195,perceptual,0.03,0.2,competitor,target,1,6.311
36,196,numeric,0.1,0.2,competitor,competitor,0,3.427
36,197,perceptual,0.03,0.2,no_decoy,competitor,0,4.228
36,198,numeric,0.1,0.05,competitor,target,1,3.691
36,199,perceptual,0.1,0.2,no_decoy,target,1,5.732
36,200,numeric,0.1,0.2,competitor,target,1,4.163
36,201,perceptual,0.1,0.2,target,target,1,6.495
36,202,perceptual,0.1,0.2,target,target,1,4.691
36,203,numeric,0.1,0.2,no_decoy,target,1,5.214
36,204,numeric,0.03,0.2,competitor,competitor,0,4.618
36,205,numeric,0.1,0.05,competitor,competitor,0,6.653
36,206,perceptual,0.03,0.2,competitor,target,1,5.439
36,207,numeric,0.1,0.05,target,target,1,7.863
36,208,perceptual,0.03,0.2,no_decoy,target,1,3.582
36,209,numeric,0.03,0.2,competitor,decoy,0,3.649
36,210,perceptual,0.1,0.05,competitor,target,1,5.658
36,211,numeric,0.03,0.05,target,target,1,3.945
36,212,perceptual,0.03,0.05,no_decoy,target,1,4.634
36,213,numeric,0.03,0.05,target,target,1,4.097
36,214,perceptual,0.1,0.2,competitor,target,1,3.11
36,215,numeric,0.03,0.2,target,target,1,7.588
36,216,numeric,0.03,0.2,no_decoy,target,1,5.184
36,217,perceptual,0.03,0.2,target,target,1,8.355
36,218,numeric,0.03,0.05,target,target,1,4.849
36,219,perceptual,0.03,0.2,no_decoy,competitor,0,3.44
36,220,numeric,0.1,0.05,competitor,competitor,0,4.849
36,221,numeric,0.03,0.2,target,competitor,0,4.15
36,222,perceptual,0.03,0.05,target,target,1,7.284
36,223,numeric,0.1,0.05,competitor,target,1,3.692
36,224,numeric,0.03,0.05,target,target,1,5.769
36,225,numeric,0.1,0.05,target,target,1,4.375
36,226,perceptual,0.1,0.05,competitor,target,1,4.566
36,227,numeric,0.03,0.05,competitor,competitor,0,3.642
36,228,numeric,0.03,0.05,competitor,competitor,0,5.603
36,229,numeric,0.03,0.05,competitor,competitor,0,4.622
36,230,numeric,0.1,0.05,no_decoy,target,1,5.889
36,231,numeric,0.1,0.2,no_decoy,competitor,0,4.218
36,232,numeric,0.1,0.05,target,target,1,4.406
36,233,numeric,0.1,0.05,no_decoy,target,1,2.717
36,234,numeric,0.1,0.05,no_decoy,target,1,2.678
36,235,numeric,0.1,0.2,no_decoy,target,1,3.252
36,236,numeric,0.1,0.05,competitor,competitor,0,4.67
36,237,perceptual,0.1,0.2,no_decoy,target,1,3.106
36,238,perceptual,0.03,0.05,competitor,target,1,4.99
36,239,numeric,0.1,0.2,no_decoy,target,1,5.541
36,240,perceptual,0.03,0.05,no_decoy,target,1,3.392
36,241,perceptual,0.1,0.2,competitor,competitor,0,6.198
36,242,perceptual,0.03,0.2,competitor,target,1,4.582
36,243,numeric,0.03,0.05,no_decoy,target,1,4.173
36,244,numeric,0.03,0.2,no_decoy,target,1,3.449
36,245,perceptual,0.1,0.2,no_decoy,target,1,3.935
36,246,perceptual,0.1,0.2,target,target,1,3.526
36,247,perceptual,0.1,0.2,target,target,1,2.88
36,248,numeric,0.03,0.05,no_decoy,competitor,0,5.844
36,249,perceptual,0.1,0.2,no_decoy,target,1,4.323
36,250,numeric,0.1,0.05,no_decoy,target,1,3.082
36,251,perceptual,0.1,0.2,competitor,target,1,5.485
36,252,perceptual,0.1,0.2,competitor,target,1,3.663
36,253,perceptual,0.1,0.2,no_decoy,target,1,5.437
36,254,numeric,0.03,0.2,target,target,1,3.157
36,255,perceptual,0.03,0.05,target,target,1,5.961
36,256,perceptual,0.03,0.2,target,competitor,0,11.451
36,257,numeric,0.03,0.05,target,target,1,3.575
36,258,numeric,0.1,0.05,no_decoy,competitor,0,2.778
36,259,perceptual,0.03,0.2,target,target,1,5.552
36,260,numeric,0.03,0.05,no_decoy,competitor,0,4.84
36,261,numeric,0.1,0.05,no_decoy,target,1,3.765
36,262,numeric,0.03,0.2,target,target,1,3.344
36,263,perceptual,0.03,0.2,competitor,competitor,0,4.331
36,264,numeric,0.03,0.2,no_decoy,competitor,0,2.744
36,265,perceptual,0.03,0.05,competitor,competitor,0,4.572
36,266,perceptual,0.03,0.2,no_decoy,target,1,3.475
36,267,numeric,0.1,0.2,competitor,target,1,3.209
36,268,perceptual,0.03,0.05,no_decoy,competitor,0,3.767
36,269,perceptual,0.03,0.2,target,target,1,4.343
36,270,perceptual,0.1,0.05,target,target,1,5.636
36,271,perceptual,0.1,0.05,no_decoy,target,1,5.412
36,272,numeric,0.1,0.2,no_decoy,target,1,5.157
36,273,numeric,0.1,0.05,target,target,1,4.867
36,274,perceptual,0.1,0.05,target,competitor,0,4.135
36,275,numeric,0.1,0.05,competitor,target,1,3.949
36,276,perceptual,0.03,0.2,no_decoy,target,1,6.143
36,277,numeric,0.03,0.2,no_decoy,target,1,6.26
36,278,perceptual,0.03,0.05,competitor,target,1,6.627
36,279,numeric,0.1,0.05,competitor,target,1,6.041
36,280,perceptual,0.03,0.05,target,target,1,4.898
36,281,perceptual,0.03,0.05,competitor,target,1,7.208
36,282,perceptual,0.03,0.2,target,target,1,5.433
36,283,perceptual,0.03,0.05,target,decoy,0,5.963
36,284,perceptual,0.1,0.2,no_decoy,target,1,5.112
36,285,numeric,0.03,0.05,no_decoy,target,1,3.453
36,286,perceptual,0.1,0.2,competitor,target,1,10.641
36,287,numeric,0.03,0.2,target,target,1,3.547
36,288,numeric,0.03,0.2,competitor,competitor,0,3.291
37,1,numeric,0.1,0.2,target,target,1,7.548
37,2,numeric,0.03,0.05,no_decoy,competitor,0,11.905
37,3,numeric,0.03,0.2,no_decoy,target,1,7.201
37,4,numeric,0.1,0.2,no_decoy,competitor,0,10.23
37,5,numeric,0.03,0.2,competitor,competitor,0,10.209
37,6,numeric,0.03,0.05,competitor,target,1,6.821
37,7,numeric,0.1,0.05,target,target,1,11.319
37,8,perceptual,0.03,0.05,target,target,1,12.491
37,9,perceptual,0.1,0.05,no_decoy,target,1,8.201
37,10,perceptual,0.03,0.2,competitor,target,1,9.961
37,11,perceptual,0.1,0.2,target,decoy,0,10.801
37,12,numeric,0.1,0.05,competitor,target,1,13.736
37,13,perceptual,0.03,0.2,no_decoy,competitor,0,8.449
37,14,numeric,0.03,0.2,no_decoy,competitor,0,9.169
37,15,perceptual,0.1,0.2,target,target,1,12.288
37,16,numeric,0.03,0.2,target,target,1,12.279
37,17,numeric,0.1,0.05,target,target,1,7.433
37,18,numeric,0.1,0.2,competitor,target,1,13.183
37,19,numeric,0.03,0.05,target,decoy,0,11.308
37,20,perceptual,0.03,0.2,competitor,target,1,10.832
37,21,perceptual,0.03,0.05,target,target,1,6.781
37,22,numeric,0.1,0.05,competitor,target,1,8.724
37,23,perceptual,0.1,0.05,target,target,1,12.546
37,24,perceptual,0.1,0.05,competitor,target,1,8.491
37,25,numeric,0.1,0.05,no_decoy,target,1,10.626
37,26,perceptual,0.1,0.2,competitor,target,1,9.423
37,27,numeric,0.1,0.05,competitor,competitor,0,13.317
37,28,numeric,0.03,0.05,target,competitor,0,12.937
37,29,numeric,0.1,0.05,target,target,1,9.895
37,30,numeric,0.03,0.2,target,competitor,0,13.14
37,31,perceptual,0.1,0.05,target,target,1,7.577
37,32,numeric,0.1,0.2,no_decoy,target,1,10.645
37,33,perceptual,0.03,0.2,no_decoy,target,1,6.576
37,34,perceptual,0.03,0.2,competitor,competitor,0,11.859
37,35,numeric,0.1,0.2,competitor,competitor,0,11.865
37,36,perceptual,0.03,0.2,target,competitor,0,13.997
37,37,perceptual,0.03,0.2,target,competitor,0,8.696
37,38,perceptual,0.03,0.2,competitor,decoy,0,13.512
37,39,numeric,0.1,0.2,no_decoy,target,1,9.83
37,40,numeric,0.03,0.05,no_decoy,target,1,11.002
37,41,perceptual,0.03,0.05,competitor,decoy,0,11.09
37,42,numeric,0.1,0.2,no_decoy,target,1,10.465
37,43,perceptual,0.03,0.05,competitor,target,1,13.774
37,44,numeric,0.1,0.05,competitor,target,1,9.103
37,45,numeric,0.03,0.05,competitor,decoy,0,13.425
37,46,perceptual,0.1,0.2,competitor,competitor,0,9.154
37,47,numeric,0.03,0.2,competitor,competitor,0,12.744
37,48,numeric,0.1,0.2,target,target,1,13.056
37,49,numeric,0.1,0.2,target,target,1,9.384
37,50,perceptual,0.03,0.05,no_decoy,target,1,8.665
37,51,numeric,0.03,0.2,no_decoy,target,1,10.032
37,52,numeric,0.03,0.2,no_decoy,target,1,9.344
37,53,numeric,0.1,0.05,competitor,target,1,9.912
37,54,perceptual,0.1,0.05,target,target,1,9.337
37,55,perceptual,0.03,0.05,no_decoy,target,1,8.34
37,56,numeric,0.1,0.2,target,target,1,14.197
37,57,perceptual,0.03,0.05,competitor,target,1,7.244
37,58,perceptual,0.1,0.05,competitor,competitor,0,17.692
37,59,perceptual,0.03,0.05,no_decoy,target,1,7.533
37,60,numeric,0.1,0.2,target,target,1,13.883
37,61,perceptual,0.1,0.2,target,target,1,8.169
37,62,numeric,0.1,0.05,target,target,1,17.532
37,63,numeric,0.1,0.05,no_decoy,target,1,9.344
37,64,perceptual,0.03,0.05,target,target,1,14.389
37,65,numeric,0.03,0.2,no_decoy,competitor,0,6.164
37,66,numeric,0.03,0.2,competitor,target,1,10.917
37,67,numeric,0.1,0.2,no_decoy,target,1,5.122
37,68,numeric,0.03,0.05,no_decoy,target,1,8.247
37,69,numeric,0.1,0.2,no_decoy,target,1,10.998
37,70,perceptual,0.1,0.05,no_decoy,target,1,6.66
37,71,perceptual,0.03,0.2,target,target,1,15.381
37,72,perceptual,0.03,0.05,no_decoy,target,1,9.317
37,73,numeric,0.03,0.05,competitor,competitor,0,8.076
37,74,numeric,0.1,0.05,no_decoy,target,1,8.197
37,75,numeric,0.03,0.05,competitor,target,1,11.222
37,76,perceptual,0.03,0.05,target,target,1,12.67
37,77,perceptual,0.1,0.2,competitor,target,1,7.756
37,78,numeric,0.1,0.05,target,target,1,10.722
37,79,perceptual,0.1,0.05,competitor,target,1,16.5
37,80,numeric,0.1,0.05,competitor,target,1,13.098
37,81,perceptual,0.1,0.2,target,target,1,4.237
37,82,perceptual,0.03,0.05,no_decoy,competitor,0,8.499
37,83,numeric,0.1,0.05,no_decoy,target,1,6
37,84,perceptual,0.03,0.05,competitor,competitor,0,11.543
37,85,perceptual,0.1,0.2,target,target,1,10.825
37,86,perceptual,0.1,0.05,target,target,1,10.912
37,87,perceptual,0.03,0.05,no_decoy,target,1,6.456
37,88,perceptual,0.1,0.2,no_decoy,target,1,7.809
37,89,numeric,0.03,0.05,no_decoy,target,1,7.125
37,90,numeric,0.1,0.2,competitor,target,1,15.919
37,91,numeric,0.1,0.05,competitor,target,1,16.163
37,92,perceptual,0.1,0.2,target,target,1,12.947
37,93,numeric,0.1,0.2,no_decoy,target,1,3.889
37,94,numeric,0.03,0.05,no_decoy,target,1,9.247
37,95,numeric,0.1,0.05,no_decoy,target,1,11.354
37,96,numeric,0.03,0.2,no_decoy,target,1,12.74
37,97,perceptual,0.1,0.05,competitor,target,1,5.771
37,98,numeric,0.03,0.05,target,target,1,8.921
37,99,numeric,0.1,0.2,target,target,1,11.103
37,100,numeric,0.03,0.05,no_decoy,competitor,0,9.587
37,101,numeric,0.03,0.2,target,target,1,11.879
37,102,perceptual,0.1,0.05,competitor,target,1,12.245
37,103,numeric,0.03,0.05,no_decoy,target,1,6.15
37,104,perceptual,0.1,0.05,no_decoy,target,1,5.481
37,105,perceptual,0.1,0.05,no_decoy,target,1,11.565
37,106,perceptual,0.03,0.05,target,target,1,13.224
37,107,perceptual,0.03,0.05,target,decoy,0,11.413
37,108,perceptual,0.1,0.05,competitor,target,1,8.401
37,109,numeric,0.1,0.2,competitor,target,1,14.143
37,110,perceptual,0.1,0.2,competitor,target,1,7.544
37,111,numeric,0.03,0.2,no_decoy,target,1,10.183
37,112,perceptual,0.1,0.2,target,target,1,7.46
37,113,numeric,0.1,0.2,competitor,competitor,0,11.59
37,114,numeric,0.03,0.05,competitor,competitor,0,10.055
37,115,numeric,0.03,0.05,competitor,target,1,9.478
37,116,numeric,0.03,0.2,target,target,1,10.518
37,117,perceptual,0.1,0.05,no_decoy,target,1,3.645
37,118,numeric,0.1,0.2,no_decoy,target,1,6.912
37,119,perceptual,0.1,0.05,target,competitor,0,7.102
37,120,numeric,0.1,0.05,no_decoy,competitor,0,17.975
37,121,perceptual,0.03,0.2,competitor,competitor,0,4.741
37,122,perceptual,0.1,0.2,target,target,1,4.076
37,123,numeric,0.03,0.05,competitor,competitor,0,16.267
37,124,perceptual,0.03,0.05,competitor,target,1,7.529
37,125,numeric,0.1,0.05,target,target,1,10.381
37,126,numeric,0.03,0.05,target,target,1,10.411
37,127,perceptual,0.1,0.2,target,decoy,0,7.931
37,128,perceptual,0.1,0.2,competitor,competitor,0,4.886
37,129,numeric,0.1,0.2,target,target,1,12.237
37,130,perceptual,0.1,0.2,competitor,target,1,9.094
37,131,perceptual,0.03,0.05,competitor,competitor,0,5.505
37,132,numeric,0.1,0.2,target,target,1,6.48
37,133,perceptual,0.1,0.05,no_decoy,target,1,6.808
37,134,numeric,0.03,0.05,no_decoy,target,1,6.647
37,135,perceptual,0.03,0.2,no_decoy,competitor,0,3.99
37,136,numeric,0.03,0.05,target,target,1,9.721
37,137,numeric,0.1,0.05,competitor,target,1,7.815
37,138,numeric,0.1,0.05,target,target,1,8.427
37,139,perceptual,0.1,0.05,competitor,target,1,6.435
37,140,perceptual,0.1,0.2,no_decoy,competitor,0,4.173
37,141,perceptual,0.03,0.05,competitor,competitor,0,6.264
37,142,perceptual,0.03,0.2,target,competitor,0,5.462
37,143,numeric,0.03,0.05,target,competitor,0,13.001
37,144,numeric,0.03,0.05,no_decoy,competitor,0,6.97
37,145,numeric,0.1,0.05,no_decoy,competitor,0,4.304
37,146,numeric,0.03,0.2,target,target,1,9.079
37,147,perceptual,0.03,0.2,no_decoy,target,1,7.034
37,148,perceptual,0.03,0.05,no_decoy,target,1,5.607
37,149,numeric,0.03,0.05,no_decoy,competitor,0,14.627
37,150,numeric,0.03,0.2,competitor,competitor,0,11.75
37,151,numeric,0.03,0.2,target,decoy,0,7.868
37,152,perceptual,0.1,0.2,target,target,1,6.695
37,153,numeric,0.1,0.2,competitor,target,1,5.856
37,154,numeric,0.1,0.2,no_decoy,target,1,4.313
37,155,perceptual,0.03,0.2,target,target,1,6.573
37,156,numeric,0.03,0.05,competitor,competitor,0,6.192
37,157,numeric,0.1,0.05,target,competitor,0,6.248
37,158,numeric,0.03,0.2,target,target,1,7.846
37,159,numeric,0.1,0.2,competitor,target,1,9.906
37,160,numeric,0.1,0.2,no_decoy,target,1,6.286
37,161,perceptual,0.03,0.2,no_decoy,competitor,0,3.685
37,162,numeric,0.03,0.2,competitor,target,1,8.041
37,163,perceptual,0.1,0.05,target,decoy,0,5.616
37,164,perceptual,0.1,0.2,no_decoy,target,1,5.823
37,165,perceptual,0.03,0.2,competitor,competitor,0,5.819
37,166,perceptual,0.03,0.05,target,competitor,0,6.297
37,167,numeric,0.03,0.05,target,target,1,16.586
37,168,numeric,0.1,0.2,target,target,1,9
37,169,numeric,0.03,0.05,no_decoy,competitor,0,9.889
37,170,perceptual,0.03,0.05,target,competitor,0,8.188
37,171,numeric,0.1,0.2,target,decoy,0,8.6
37,172,perceptual,0.1,0.05,target,target,1,6.429
37,173,numeric,0.03,0.05,no_decoy,target,1,6.595
37,174,perceptual,0.1,0.2,competitor,target,1,3.931
37,175,numeric,0.03,0.2,target,target,1,5.79
37,176,numeric,0.03,0.2,no_decoy,target,1,5.609
37,177,perceptual,0.03,0.2,no_decoy,competitor,0,6.445
37,178,perceptual,0.03,0.2,target,competitor,0,4.151
37,179,perceptual,0.1,0.2,no_decoy,competitor,0,4.602
37,180,numeric,0.03,0.2,no_decoy,competitor,0,15.623
37,181,numeric,0.03,0.2,competitor,competitor,0,9.69
37,182,perceptual,0.1,0.05,no_decoy,target,1,5.985
37,183,perceptual,0.1,0.05,competitor,target,1,11.986
37,184,perceptual,0.1,0.05,competitor,target,1,6.567
37,185,perceptual,0.03,0.2,target,target,1,4.187
37,186,numeric,0.1,0.05,competitor,target,1,7.881
37,187,perceptual,0.03,0.05,no_decoy,competitor,0,4.092
37,188,numeric,0.1,0.2,competitor,target,1,7.387
37,189,perceptual,0.03,0.05,no_decoy,target,1,4.763
37,190,numeric,0.1,0.2,no_decoy,target,1,3.788
37,191,numeric,0.1,0.2,competitor,target,1,8.21
37,192,numeric,0.03,0.05,competitor,competitor,0,6.3
37,193,perceptual,0.1,0.2,no_decoy,target,1,3.975
37,194,perceptual,0.03,0.05,target,decoy,0,4.457
37,195,numeric,0.03,0.2,no_decoy,target,1,4.446
37,196,perceptual,0.1,0.05,competitor,target,1,6.732
37,197,numeric,0.1,0.05,target,target,1,8.161
37,198,perceptual,0.1,0.05,no_decoy,target,1,5.219
37,199,perceptual,0.1,0.2,no_decoy,target,1,6.365
37,200,numeric,0.1,0.2,no_decoy,target,1,7.912
37,201,numeric,0.03,0.2,competitor,target,1,8.024
37,202,perceptual,0.03,0.05,competitor,target,1,7.268
37,203,perceptual,0.03,0.2,no_decoy,target,1,4.865
37,205,numeric,0.1,0.05,target,target,1,8.373
37,206,perceptual,0.03,0.2,no_decoy,target,1,4.378
37,207,numeric,0.1,0.05,no_decoy,target,1,6.749
37,208,perceptual,0.1,0.05,no_decoy,target,1,5.362
37,209,perceptual,0.1,0.2,competitor,target,1,4.691
37,210,perceptual,0.03,0.05,target,competitor,0,9.55
37,211,perceptual,0.1,0.05,no_decoy,target,1,7.542
37,212,numeric,0.1,0.2,target,competitor,0,10.714
37,213,numeric,0.03,0.05,target,target,1,9.019
37,214,numeric,0.1,0.2,competitor,target,1,6.68
37,215,perceptual,0.1,0.2,no_decoy,target,1,7.205
37,216,numeric,0.03,0.05,competitor,target,1,7.685
37,217,perceptual,0.03,0.05,competitor,target,1,7.431
37,218,numeric,0.1,0.05,target,target,1,7.442
37,219,perceptual,0.03,0.2,target,target,1,6.01
37,220,perceptual,0.1,0.2,competitor,target,1,4.831
37,221,numeric,0.1,0.05,competitor,competitor,0,9.478
37,222,perceptual,0.1,0.2,target,target,1,8.646
37,223,perceptual,0.03,0.05,no_decoy,target,1,5.114
37,224,numeric,0.03,0.2,target,target,1,6.897
37,225,perceptual,0.1,0.2,no_decoy,target,1,3.808
37,226,perceptual,0.1,0.05,target,target,1,4.722
37,227,perceptual,0.03,0.05,competitor,competitor,0,5.108
37,228,numeric,0.1,0.05,target,target,1,13.569
37,229,numeric,0.1,0.05,no_decoy,target,1,8.271
37,230,numeric,0.03,0.05,competitor,competitor,0,11.28
37,231,numeric,0.1,0.2,competitor,target,1,8.695
37,232,numeric,0.1,0.05,no_decoy,target,1,7.065
37,233,perceptual,0.1,0.2,no_decoy,target,1,5.903
37,234,perceptual,0.03,0.2,competitor,competitor,0,6.579
37,235,numeric,0.03,0.2,target,competitor,0,11.187
37,236,numeric,0.03,0.05,target,target,1,11.183
37,237,numeric,0.03,0.2,competitor,target,1,9.687
37,238,perceptual,0.03,0.2,competitor,target,1,8.067
37,239,numeric,0.1,0.2,competitor,target,1,10.916
37,240,perceptual,0.1,0.05,no_decoy,target,1,8.26
37,241,numeric,0.03,0.05,target,target,1,8.761
37,242,numeric,0.03,0.2,competitor,target,1,9.23
37,243,perceptual,0.03,0.05,competitor,target,1,7.773
37,244,perceptual,0.03,0.2,competitor,competitor,0,8.262
37,245,perceptual,0.1,0.05,target,decoy,0,5.279
37,246,numeric,0.03,0.2,target,target,1,8.65
37,247,perceptual,0.1,0.2,no_decoy,competitor,0,5.717
37,248,perceptual,0.03,0.2,competitor,competitor,0,9.428
37,249,numeric,0.1,0.05,competitor,target,1,9.463
37,250,numeric,0.03,0.05,competitor,target,1,8.598
37,251,perceptual,0.03,0.2,target,target,1,8.172
37,252,perceptual,0.03,0.05,competitor,competitor,0,7.143
37,253,perceptual,0.1,0.2,competitor,target,1,4.906
37,254,numeric,0.03,0.2,no_decoy,target,1,8.171
37,255,perceptual,0.03,0.2,no_decoy,target,1,7.024
37,256,perceptual,0.1,0.2,no_decoy,target,1,6.366
37,257,perceptual,0.1,0.2,target,target,1,7.013
37,258,perceptual,0.03,0.2,target,competitor,0,4.197
37,259,numeric,0.1,0.2,target,target,1,11.495
37,260,numeric,0.03,0.2,target,target,1,8.437
37,261,numeric,0.03,0.05,target,competitor,0,11.789
37,262,perceptual,0.03,0.05,no_decoy,target,1,4.852
37,263,perceptual,0.1,0.05,no_decoy,target,1,4.026
37,264,perceptual,0.03,0.2,target,competitor,0,11.93
37,265,perceptual,0.03,0.2,target,target,1,6.547
37,266,perceptual,0.03,0.2,no_decoy,competitor,0,5.624
37,267,perceptual,0.03,0.2,no_decoy,competitor,0,4.779
37,268,perceptual,0.1,0.05,competitor,target,1,4.537
37,269,numeric,0.1,0.05,no_decoy,target,1,12.28
37,270,numeric,0.03,0.05,target,decoy,0,13.111
37,271,numeric,0.03,0.2,competitor,competitor,0,8.97
37,272,perceptual,0.1,0.05,competitor,target,1,5.596
37,273,perceptual,0.1,0.05,target,target,1,4.514
37,274,perceptual,0.03,0.2,competitor,competitor,0,3.564
37,275,perceptual,0.1,0.2,competitor,competitor,0,4.731
37,276,numeric,0.03,0.2,no_decoy,competitor,0,8.955
37,277,perceptual,0.1,0.2,competitor,target,1,7.291
37,278,perceptual,0.03,0.05,target,target,1,5.419
37,279,perceptual,0.1,0.05,target,competitor,0,5.334
37,280,numeric,0.1,0.05,competitor,target,1,8.121
37,281,numeric,0.1,0.05,no_decoy,target,1,6.114
37,282,perceptual,0.03,0.05,no_decoy,target,1,6.001
37,283,numeric,0.03,0.2,competitor,competitor,0,9.602
37,284,perceptual,0.03,0.2,no_decoy,target,1,9.678
37,285,perceptual,0.03,0.2,competitor,competitor,0,8.422
37,286,perceptual,0.1,0.2,no_decoy,target,1,7.822
37,287,perceptual,0.03,0.05,target,decoy,0,11.153
37,288,perceptual,0.1,0.05,target,target,1,6.182
38,1,numeric,0.03,0.05,no_decoy,competitor,0,8.912
38,2,numeric,0.03,0.05,no_decoy,competitor,0,9.68
38,3,numeric,0.1,0.05,competitor,target,1,6.495
38,4,perceptual,0.03,0.2,competitor,target,1,11.747
38,5,numeric,0.1,0.05,target,decoy,0,10.304
38,6,numeric,0.1,0.05,target,decoy,0,9.296
38,8,numeric,0.03,0.2,no_decoy,target,1,5.773
38,9,numeric,0.03,0.05,competitor,decoy,0,5.354
38,10,perceptual,0.03,0.05,no_decoy,target,1,4.872
38,11,numeric,0.1,0.05,no_decoy,target,1,3.67
38,12,numeric,0.03,0.05,no_decoy,competitor,0,5.013
38,13,perceptual,0.03,0.05,competitor,competitor,0,10.208
38,14,perceptual,0.1,0.05,target,target,1,6.583
38,15,numeric,0.03,0.2,no_decoy,target,1,3.705
38,16,perceptual,0.1,0.05,competitor,target,1,5.268
38,17,numeric,0.03,0.2,no_decoy,target,1,8.313
38,18,numeric,0.1,0.05,no_decoy,competitor,0,3.282
38,19,perceptual,0.03,0.05,target,target,1,3.387
38,20,perceptual,0.1,0.2,competitor,target,1,4.871
38,21,numeric,0.03,0.05,target,target,1,7.203
38,22,numeric,0.03,0.05,no_decoy,target,1,6.383
38,23,numeric,0.1,0.05,target,competitor,0,13.089
38,24,perceptual,0.1,0.2,no_decoy,competitor,0,5.366
38,25,numeric,0.03,0.2,competitor,target,1,6.967
38,26,perceptual,0.03,0.2,target,target,1,7.766
38,27,perceptual,0.03,0.05,target,target,1,8.6
38,28,numeric,0.1,0.05,no_decoy,competitor,0,9.104
38,29,perceptual,0.03,0.2,no_decoy,target,1,7.214
38,30,numeric,0.03,0.05,no_decoy,target,1,4.237
38,31,numeric,0.1,0.2,competitor,competitor,0,3.098
38,32,perceptual,0.03,0.2,no_decoy,target,1,4.113
38,33,perceptual,0.03,0.2,target,target,1,4.688
38,34,perceptual,0.1,0.2,no_decoy,target,1,6.195
38,35,perceptual,0.03,0.05,no_decoy,competitor,0,2.579
38,36,perceptual,0.03,0.2,competitor,target,1,2.53
38,37,numeric,0.03,0.05,target,target,1,4.647
38,38,perceptual,0.1,0.2,competitor,target,1,2.211
38,39,perceptual,0.03,0.05,competitor,target,1,3.604
38,40,perceptual,0.03,0.05,target,competitor,0,3.278
38,41,perceptual,0.03,0.05,competitor,target,1,2.672
38,42,perceptual,0.03,0.2,target,target,1,2.98
38,43,numeric,0.1,0.05,target,target,1,5.602
38,44,perceptual,0.1,0.05,target,decoy,0,6.495
38,45,perceptual,0.1,0.2,target,competitor,0,5.766
38,46,numeric,0.03,0.05,no_decoy,competitor,0,5.113
38,47,perceptual,0.03,0.2,competitor,competitor,0,7.793
38,48,perceptual,0.03,0.2,no_decoy,competitor,0,4.08
38,49,numeric,0.1,0.2,no_decoy,competitor,0,3.219
38,50,perceptual,0.1,0.05,no_decoy,target,1,2.201
38,51,numeric,0.1,0.05,competitor,target,1,2.798
38,52,numeric,0.1,0.2,competitor,competitor,0,3.926
38,53,perceptual,0.1,0.05,competitor,competitor,0,3.821
38,54,perceptual,0.03,0.2,competitor,competitor,0,2.386
38,55,numeric,0.03,0.2,no_decoy,target,1,2.836
38,56,numeric,0.1,0.2,target,target,1,7.103
38,57,numeric,0.1,0.05,no_decoy,competitor,0,2.918
38,58,perceptual,0.03,0.2,target,target,1,2.424
38,59,perceptual,0.1,0.2,target,target,1,4.597
38,60,numeric,0.03,0.2,competitor,target,1,3.835
38,61,numeric,0.03,0.05,competitor,target,1,8.946
38,62,numeric,0.03,0.2,no_decoy,competitor,0,2.968
38,63,numeric,0.1,0.05,competitor,competitor,0,2.513
38,64,numeric,0.1,0.2,target,competitor,0,5.406
38,65,perceptual,0.03,0.2,no_decoy,target,1,2.125
38,66,numeric,0.1,0.2,competitor,competitor,0,4.942
38,67,perceptual,0.03,0.05,target,competitor,0,2.83
38,68,numeric,0.1,0.2,competitor,target,1,3.079
38,69,perceptual,0.03,0.2,competitor,decoy,0,4.086
38,70,numeric,0.1,0.2,no_decoy,target,1,5.881
38,71,perceptual,0.1,0.05,target,competitor,0,2.133
38,72,perceptual,0.1,0.2,target,target,1,2.852
38,73,numeric,0.1,0.2,target,target,1,5.383
38,74,perceptual,0.03,0.05,no_decoy,target,1,1.795
38,75,perceptual,0.03,0.2,competitor,target,1,1.693
38,76,numeric,0.03,0.05,target,competitor,0,4.03
38,77,perceptual,0.03,0.2,target,target,1,2.893
38,78,perceptual,0.1,0.05,competitor,competitor,0,4.544
38,79,perceptual,0.1,0.2,no_decoy,target,1,2.065
38,80,perceptual,0.1,0.2,competitor,competitor,0,7.011
38,81,numeric,0.1,0.2,no_decoy,competitor,0,4.179
38,82,perceptual,0.1,0.05,target,competitor,0,5.529
38,83,numeric,0.1,0.2,no_decoy,target,1,3.811
38,84,numeric,0.03,0.2,competitor,target,1,4.07
38,85,numeric,0.1,0.2,target,target,1,2.189
38,86,perceptual,0.1,0.2,competitor,competitor,0,2.744
38,87,perceptual,0.1,0.2,target,decoy,0,0.169
38,88,perceptual,0.1,0.2,no_decoy,competitor,0,3.317
38,89,numeric,0.1,0.05,no_decoy,competitor,0,3.446
38,90,perceptual,0.1,0.05,target,competitor,0,4.912
38,91,numeric,0.03,0.05,competitor,target,1,4.789
38,92,perceptual,0.03,0.2,competitor,decoy,0,4.229
38,93,numeric,0.1,0.2,target,competitor,0,3.528
38,94,perceptual,0.03,0.2,target,competitor,0,2.567
38,95,perceptual,0.1,0.2,no_decoy,target,1,2.963
38,96,numeric,0.03,0.2,target,competitor,0,2.895
38,97,perceptual,0.1,0.2,no_decoy,target,1,3.581
38,98,perceptual,0.1,0.05,target,competitor,0,3.283
38,99,perceptual,0.03,0.2,competitor,decoy,0,4.297
38,100,perceptual,0.03,0.2,competitor,target,1,3.016
38,101,numeric,0.1,0.2,target,target,1,2.529
38,102,perceptual,0.1,0.2,no_decoy,competitor,0,2.315
38,103,perceptual,0.03,0.05,no_decoy,target,1,2.891
38,104,perceptual,0.03,0.2,no_decoy,target,1,3.021
38,105,perceptual,0.03,0.2,target,competitor,0,4.062
38,106,numeric,0.03,0.2,no_decoy,target,1,2.337
38,107,numeric,0.1,0.2,competitor,competitor,0,3.13
38,108,numeric,0.1,0.05,competitor,competitor,0,3.018
38,109,numeric,0.03,0.05,competitor,target,1,2.281
38,110,numeric,0.03,0.2,competitor,target,1,1.885
38,111,numeric,0.1,0.05,competitor,competitor,0,2.667
38,112,perceptual,0.03,0.05,target,target,1,6.363
38,113,perceptual,0.03,0.05,no_decoy,target,1,3.515
38,114,perceptual,0.1,0.2,target,target,1,3.464
38,115,numeric,0.1,0.2,target,target,1,4.562
38,116,numeric,0.03,0.05,target,target,1,3.317
38,117,numeric,0.1,0.2,competitor,target,1,3.18
38,118,perceptual,0.03,0.05,no_decoy,competitor,0,3.077
38,119,numeric,0.1,0.2,competitor,decoy,0,2.947
38,120,perceptual,0.03,0.05,no_decoy,competitor,0,2.97
38,121,perceptual,0.1,0.05,target,target,1,3.037
38,122,numeric,0.1,0.05,target,competitor,0,3.048
38,123,numeric,0.1,0.2,target,competitor,0,2.717
38,124,numeric,0.1,0.05,target,competitor,0,4.264
38,125,perceptual,0.1,0.05,no_decoy,target,1,2.315
38,126,numeric,0.03,0.05,target,target,1,3.184
38,127,perceptual,0.1,0.05,no_decoy,target,1,3.002
38,128,numeric,0.03,0.05,target,competitor,0,2.62
38,129,perceptual,0.03,0.05,competitor,decoy,0,2.705
38,130,numeric,0.1,0.2,competitor,competitor,0,2.856
38,131,numeric,0.03,0.05,competitor,target,1,2.702
38,132,perceptual,0.1,0.05,no_decoy,competitor,0,2.422
38,133,perceptual,0.1,0.05,no_decoy,target,1,3.13
38,134,numeric,0.1,0.05,no_decoy,target,1,2.905
38,135,perceptual,0.1,0.05,no_decoy,competitor,0,2.866
38,136,numeric,0.03,0.05,competitor,target,1,4.913
38,137,numeric,0.03,0.2,no_decoy,target,1,2.163
38,138,perceptual,0.1,0.05,target,decoy,0,2.294
38,139,numeric,0.1,0.05,target,target,1,4.323
38,140,numeric,0.03,0.05,target,target,1,3.696
38,141,perceptual,0.1,0.2,competitor,competitor,0,2.99
38,142,numeric,0.03,0.05,target,target,1,2.665
38,143,numeric,0.03,0.05,target,target,1,4.644
38,144,numeric,0.1,0.2,no_decoy,competitor,0,5.503
38,145,perceptual,0.1,0.05,competitor,competitor,0,3.563
38,146,perceptual,0.03,0.05,competitor,target,1,2.25
38,147,numeric,0.03,0.05,no_decoy,target,1,5.871
38,148,numeric,0.03,0.2,target,competitor,0,2.346
38,149,perceptual,0.03,0.2,no_decoy,target,1,1.938
38,150,perceptual,0.1,0.05,no_decoy,competitor,0,2.895
38,151,perceptual,0.1,0.2,target,target,1,3.019
38,152,numeric,0.1,0.2,target,competitor,0,3.782
38,153,perceptual,0.03,0.2,no_decoy,competitor,0,3.747
38,154,numeric,0.1,0.2,target,competitor,0,6.98
38,155,numeric,0.1,0.05,competitor,target,1,2.927
38,156,perceptual,0.03,0.05,target,competitor,0,2.387
38,157,perceptual,0.1,0.2,no_decoy,competitor,0,3.146
38,158,numeric,0.03,0.2,competitor,competitor,0,3.147
38,159,perceptual,0.1,0.05,competitor,target,1,2.31
38,160,perceptual,0.1,0.2,competitor,target,1,2.702
38,161,perceptual,0.03,0.2,no_decoy,target,1,2.881
38,162,perceptual,0.03,0.05,no_decoy,target,1,1.979
38,163,perceptual,0.1,0.2,target,competitor,0,2.253
38,164,numeric,0.1,0.05,competitor,competitor,0,3.706
38,165,perceptual,0.03,0.2,competitor,decoy,0,3.584
38,166,perceptual,0.03,0.2,no_decoy,target,1,3.447
38,167,numeric,0.03,0.2,target,competitor,0,4.42
38,168,perceptual,0.03,0.05,competitor,target,1,3.288
38,169,perceptual,0.1,0.05,no_decoy,target,1,3.122
38,170,perceptual,0.1,0.05,competitor,target,1,2.85
38,171,perceptual,0.03,0.2,no_decoy,target,1,2.764
38,172,perceptual,0.03,0.2,no_decoy,competitor,0,2.951
38,173,numeric,0.03,0.2,target,competitor,0,6.632
38,174,perceptual,0.03,0.2,competitor,competitor,0,5.013
38,175,numeric,0.03,0.2,target,competitor,0,3.704
38,176,numeric,0.1,0.05,target,target,1,3.756
38,177,numeric,0.1,0.05,competitor,target,1,6.071
38,178,numeric,0.03,0.05,no_decoy,target,1,2.661
38,179,perceptual,0.1,0.2,target,target,1,3.424
38,180,perceptual,0.1,0.05,target,competitor,0,1.928
38,181,perceptual,0.1,0.05,no_decoy,target,1,1.806
38,182,numeric,0.03,0.2,target,competitor,0,3.768
38,183,numeric,0.03,0.2,competitor,competitor,0,2.045
38,184,numeric,0.1,0.2,no_decoy,target,1,2.202
38,185,perceptual,0.1,0.2,no_decoy,target,1,2.715
38,186,perceptual,0.03,0.05,target,decoy,0,3.735
38,187,numeric,0.1,0.2,competitor,target,1,2.866
38,188,numeric,0.1,0.05,no_decoy,target,1,2.615
38,189,perceptual,0.03,0.05,no_decoy,competitor,0,2.067
38,190,perceptual,0.1,0.2,competitor,target,1,2.217
38,191,perceptual,0.03,0.05,target,decoy,0,3.624
38,192,perceptual,0.03,0.05,competitor,competitor,0,2.804
38,193,numeric,0.03,0.2,competitor,competitor,0,2.52
38,194,numeric,0.03,0.2,target,competitor,0,2.648
38,195,perceptual,0.1,0.05,target,target,1,2.312
38,196,perceptual,0.03,0.05,no_decoy,target,1,2.031
38,197,numeric,0.1,0.2,target,target,1,3.093
38,198,perceptual,0.1,0.2,target,competitor,0,5.196
38,199,numeric,0.1,0.05,target,target,1,2.999
38,200,numeric,0.1,0.2,competitor,target,1,4.096
38,201,numeric,0.1,0.2,no_decoy,target,1,2.382
38,202,numeric,0.03,0.2,target,competitor,0,3.027
38,203,numeric,0.03,0.2,target,target,1,3.322
38,204,perceptual,0.1,0.2,competitor,target,1,3.989
38,205,numeric,0.03,0.05,competitor,target,1,2.864
38,206,numeric,0.1,0.05,competitor,target,1,3.195
38,207,perceptual,0.03,0.2,no_decoy,competitor,0,2.135
38,208,numeric,0.03,0.05,target,target,1,3.333
38,209,perceptual,0.1,0.05,target,competitor,0,1.826
38,210,numeric,0.1,0.05,no_decoy,target,1,2.557
38,211,perceptual,0.1,0.2,no_decoy,target,1,3.839
38,212,perceptual,0.1,0.05,no_decoy,target,1,3.297
38,213,numeric,0.1,0.05,competitor,target,1,5.065
38,214,numeric,0.03,0.2,target,target,1,2.15
38,215,numeric,0.1,0.2,no_decoy,target,1,2.463
38,216,perceptual,0.1,0.05,competitor,target,1,2.83
38,217,numeric,0.1,0.05,target,decoy,0,3.417
38,218,numeric,0.03,0.05,no_decoy,competitor,0,2.015
38,219,perceptual,0.1,0.05,no_decoy,target,1,3.522
38,220,numeric,0.03,0.05,competitor,target,1,2.378
38,221,perceptual,0.03,0.05,competitor,competitor,0,2.565
38,222,perceptual,0.1,0.2,target,target,1,2.794
38,223,perceptual,0.03,0.05,no_decoy,competitor,0,2.516
38,224,perceptual,0.1,0.05,no_decoy,target,1,2.69
38,225,perceptual,0.03,0.05,no_decoy,target,1,5.994
38,226,numeric,0.03,0.05,target,competitor,0,2.979
38,227,perceptual,0.03,0.2,competitor,target,1,2.981
38,228,numeric,0.03,0.2,no_decoy,target,1,3.101
38,229,perceptual,0.1,0.05,target,target,1,3.08
38,230,numeric,0.03,0.05,competitor,target,1,3.481
38,231,numeric,0.1,0.2,no_decoy,target,1,2.934
38,232,numeric,0.03,0.2,no_decoy,target,1,3.184
38,233,perceptual,0.03,0.05,target,decoy,0,4.647
38,234,perceptual,0.1,0.2,target,decoy,0,3.239
38,235,numeric,0.1,0.05,competitor,target,1,2.222
38,236,perceptual,0.03,0.05,target,decoy,0,3.063
38,237,numeric,0.03,0.05,competitor,decoy,0,2.328
38,238,numeric,0.03,0.05,competitor,target,1,2.46
38,239,perceptual,0.03,0.2,target,competitor,0,3.072
38,240,numeric,0.03,0.2,no_decoy,target,1,2.296
38,241,numeric,0.1,0.05,no_decoy,target,1,2.078
38,242,numeric,0.03,0.2,no_decoy,target,1,2.385
38,243,numeric,0.03,0.2,target,decoy,0,3.429
38,244,perceptual,0.03,0.2,target,decoy,0,2.531
38,245,numeric,0.1,0.2,no_decoy,competitor,0,3.438
38,246,numeric,0.1,0.2,competitor,competitor,0,3.08
38,247,perceptual,0.03,0.05,competitor,decoy,0,1.883
38,248,perceptual,0.1,0.2,target,decoy,0,3.241
38,249,numeric,0.03,0.2,target,target,1,5.957
38,250,numeric,0.1,0.05,no_decoy,target,1,2.763
38,251,numeric,0.03,0.05,no_decoy,target,1,2.769
38,252,numeric,0.03,0.2,competitor,target,1,3.073
38,253,numeric,0.1,0.2,no_decoy,target,1,3.855
38,254,numeric,0.03,0.05,no_decoy,target,1,4.336
38,255,numeric,0.03,0.2,competitor,target,1,4.212
38,256,perceptual,0.1,0.05,competitor,target,1,2.962
38,257,perceptual,0.03,0.05,competitor,competitor,0,4.513
38,258,perceptual,0.03,0.05,target,competitor,0,4.304
38,259,perceptual,0.1,0.05,competitor,target,1,4.186
38,260,numeric,0.1,0.05,competitor,target,1,3.079
38,261,numeric,0.1,0.05,no_decoy,target,1,3.304
38,262,numeric,0.1,0.05,target,target,1,7.464
38,263,numeric,0.03,0.2,competitor,target,1,5.694
38,264,perceptual,0.1,0.2,competitor,target,1,2.938
38,265,perceptual,0.1,0.2,competitor,competitor,0,5.39
38,266,perceptual,0.03,0.05,competitor,decoy,0,3.551
38,267,perceptual,0.1,0.2,competitor,target,1,6.498
38,268,perceptual,0.1,0.2,no_decoy,target,1,2.782
38,269,numeric,0.1,0.05,target,target,1,6.262
38,270,perceptual,0.1,0.05,competitor,competitor,0,3.935
38,271,numeric,0.03,0.05,no_decoy,competitor,0,3.165
38,272,perceptual,0.1,0.05,competitor,competitor,0,2.934
38,273,perceptual,0.1,0.2,no_decoy,competitor,0,3.948
38,274,numeric,0.1,0.05,no_decoy,target,1,3.845
38,275,numeric,0.03,0.2,no_decoy,competitor,0,4.473
38,276,perceptual,0.03,0.2,target,competitor,0,5.834
38,277,numeric,0.1,0.2,competitor,decoy,0,4.467
38,278,numeric,0.1,0.2,no_decoy,target,1,5.019
38,279,numeric,0.03,0.05,competitor,target,1,5.271
38,280,perceptual,0.03,0.05,competitor,target,1,3.963
38,281,numeric,0.1,0.2,target,target,1,3.078
38,282,perceptual,0.1,0.05,competitor,target,1,2.635
38,283,numeric,0.03,0.2,competitor,competitor,0,3.957
38,284,numeric,0.03,0.05,target,target,1,6.971
38,285,numeric,0.03,0.2,competitor,competitor,0,7.969
38,286,perceptual,0.03,0.2,target,competitor,0,5.68
38,287,perceptual,0.1,0.2,competitor,decoy,0,3.099
38,288,perceptual,0.03,0.2,target,decoy,0,3.366
39,17,perceptual,0.03,0.2,target,target,1,10.449
39,18,numeric,0.03,0.05,competitor,target,1,9.345
39,19,numeric,0.1,0.2,competitor,target,1,13.076
39,20,perceptual,0.1,0.05,target,competitor,0,9.759
39,21,perceptual,0.1,0.2,competitor,competitor,0,7.63
39,22,perceptual,0.03,0.05,competitor,target,1,11.206
39,23,perceptual,0.03,0.2,competitor,target,1,8.581
39,24,numeric,0.1,0.2,target,target,1,10.61
39,25,perceptual,0.1,0.05,competitor,target,1,8.109
39,26,perceptual,0.03,0.2,competitor,target,1,7.73
39,27,numeric,0.1,0.2,target,target,1,9.111
39,28,numeric,0.03,0.2,no_decoy,target,1,12.595
39,29,perceptual,0.03,0.05,no_decoy,competitor,0,4.411
39,30,perceptual,0.1,0.05,competitor,target,1,4.351
39,31,numeric,0.1,0.05,competitor,target,1,14.404
39,32,numeric,0.03,0.2,target,competitor,0,5.051
39,33,numeric,0.1,0.2,target,target,1,5.989
39,34,numeric,0.03,0.05,no_decoy,competitor,0,11.68
39,35,perceptual,0.03,0.2,target,target,1,7.89
39,36,perceptual,0.03,0.05,target,competitor,0,4.177
39,37,perceptual,0.03,0.2,no_decoy,target,1,3.66
39,38,numeric,0.03,0.05,competitor,competitor,0,7.396
39,39,perceptual,0.03,0.2,competitor,competitor,0,7.746
39,40,perceptual,0.03,0.05,no_decoy,competitor,0,5.162
39,41,perceptual,0.1,0.2,no_decoy,target,1,7.197
39,42,numeric,0.1,0.2,competitor,competitor,0,15.719
39,43,perceptual,0.03,0.2,competitor,decoy,0,4.995
39,44,numeric,0.1,0.2,target,target,1,6.263
39,45,numeric,0.1,0.05,no_decoy,target,1,9.825
39,46,numeric,0.1,0.05,target,decoy,0,8.318
39,47,perceptual,0.03,0.05,no_decoy,target,1,8.478
39,48,perceptual,0.03,0.05,no_decoy,competitor,0,5.743
39,49,numeric,0.1,0.05,no_decoy,target,1,6.468
39,50,perceptual,0.1,0.2,competitor,target,1,10.451
39,51,numeric,0.03,0.2,no_decoy,target,1,4.552
39,52,perceptual,0.1,0.05,competitor,target,1,4.679
39,53,perceptual,0.1,0.05,target,competitor,0,3.678
39,54,numeric,0.1,0.05,target,target,1,6.693
39,55,numeric,0.03,0.05,target,target,1,6.111
39,56,numeric,0.1,0.2,target,target,1,5.933
39,57,perceptual,0.1,0.05,competitor,target,1,5.094
39,58,perceptual,0.03,0.2,competitor,competitor,0,6.967
39,59,perceptual,0.03,0.2,no_decoy,competitor,0,4.07
39,60,numeric,0.1,0.05,competitor,decoy,0,17.846
39,61,numeric,0.03,0.05,competitor,competitor,0,6.798
39,62,numeric,0.03,0.2,target,target,1,11.024
39,63,perceptual,0.03,0.2,no_decoy,target,1,8.659
39,64,perceptual,0.1,0.05,target,decoy,0,9.88
39,65,perceptual,0.03,0.05,target,competitor,0,14.217
39,66,numeric,0.03,0.2,no_decoy,competitor,0,4.744
39,67,numeric,0.03,0.2,target,target,1,4.392
39,68,numeric,0.1,0.05,target,target,1,5.143
39,69,numeric,0.1,0.2,no_decoy,target,1,6.178
39,70,numeric,0.03,0.05,target,target,1,11.995
39,71,perceptual,0.03,0.2,no_decoy,competitor,0,5.378
39,72,numeric,0.1,0.2,no_decoy,target,1,7.758
39,73,numeric,0.1,0.2,competitor,target,1,10.935
39,74,perceptual,0.1,0.05,no_decoy,competitor,0,3.889
39,75,perceptual,0.03,0.2,no_decoy,competitor,0,6.426
39,76,numeric,0.03,0.05,competitor,competitor,0,11.106
39,77,numeric,0.1,0.05,no_decoy,target,1,5.535
39,78,perceptual,0.03,0.05,competitor,decoy,0,9.23
39,79,perceptual,0.1,0.2,competitor,decoy,0,7.963
39,80,perceptual,0.1,0.05,no_decoy,competitor,0,3.679
39,81,perceptual,0.1,0.2,target,target,1,6.527
39,82,numeric,0.03,0.05,no_decoy,competitor,0,6.222
39,83,numeric,0.1,0.2,no_decoy,target,1,3.801
39,84,numeric,0.03,0.05,competitor,target,1,7.895
39,85,perceptual,0.1,0.2,competitor,target,1,6.969
39,86,numeric,0.03,0.05,no_decoy,target,1,4.434
39,87,numeric,0.03,0.05,no_decoy,target,1,5.306
39,88,perceptual,0.03,0.2,competitor,decoy,0,7.045
39,89,numeric,0.1,0.2,target,target,1,6.65
39,90,numeric,0.03,0.2,no_decoy,target,1,8.072
39,92,numeric,0.03,0.05,target,competitor,0,12.426
39,93,perceptual,0.1,0.2,target,decoy,0,9.738
39,94,perceptual,0.03,0.05,competitor,target,1,5.326
39,95,perceptual,0.1,0.2,target,competitor,0,5.445
39,96,perceptual,0.1,0.05,no_decoy,competitor,0,9.475
39,97,numeric,0.1,0.05,competitor,competitor,0,8.723
39,98,perceptual,0.03,0.05,no_decoy,competitor,0,3.545
39,99,numeric,0.1,0.05,no_decoy,target,1,4.076
39,100,numeric,0.1,0.2,competitor,target,1,10.094
39,101,numeric,0.03,0.05,no_decoy,target,1,3.977
39,102,numeric,0.03,0.2,target,target,1,5.76
39,103,numeric,0.1,0.05,no_decoy,target,1,8.072
39,104,perceptual,0.1,0.05,target,decoy,0,4.67
39,105,perceptual,0.03,0.05,competitor,decoy,0,7.551
39,106,numeric,0.03,0.2,target,competitor,0,6.712
39,107,perceptual,0.03,0.2,target,competitor,0,5.737
39,108,perceptual,0.1,0.05,competitor,decoy,0,5.53
39,109,perceptual,0.03,0.05,target,decoy,0,4.702
39,110,numeric,0.1,0.05,no_decoy,target,1,6.171
39,111,perceptual,0.1,0.2,target,competitor,0,3.357
39,112,numeric,0.03,0.05,target,target,1,5.18
39,113,perceptual,0.03,0.05,competitor,target,1,17.855
39,114,numeric,0.1,0.2,competitor,target,1,6.631
39,115,numeric,0.1,0.2,target,target,1,5.138
39,116,perceptual,0.1,0.2,no_decoy,target,1,4.153
39,117,perceptual,0.1,0.2,no_decoy,target,1,5.421
39,118,perceptual,0.03,0.05,target,target,1,8.769
39,119,perceptual,0.1,0.2,no_decoy,competitor,0,5.187
39,120,perceptual,0.1,0.2,target,target,1,4.328
39,121,perceptual,0.1,0.2,no_decoy,target,1,5.111
39,122,numeric,0.03,0.2,target,competitor,0,8.393
39,123,perceptual,0.03,0.2,target,competitor,0,7.797
39,124,numeric,0.03,0.2,competitor,decoy,0,11.826
39,125,numeric,0.1,0.2,competitor,target,1,7.858
39,126,perceptual,0.1,0.05,target,target,1,6.479
39,127,perceptual,0.03,0.2,target,competitor,0,7.044
39,128,numeric,0.03,0.2,no_decoy,competitor,0,4.079
39,129,perceptual,0.1,0.2,target,target,1,5.629
39,130,numeric,0.1,0.05,no_decoy,target,1,3.409
39,131,numeric,0.1,0.2,no_decoy,competitor,0,4.795
39,132,perceptual,0.1,0.2,target,target,1,8.151
39,133,numeric,0.1,0.05,no_decoy,target,1,3.305
39,134,perceptual,0.1,0.2,competitor,target,1,8.518
39,135,perceptual,0.03,0.05,competitor,decoy,0,7.953
39,136,perceptual,0.1,0.2,no_decoy,target,1,3.73
39,137,perceptual,0.1,0.05,no_decoy,target,1,4.226
39,138,numeric,0.03,0.05,no_decoy,competitor,0,5.347
39,139,numeric,0.1,0.05,no_decoy,target,1,4.712
39,140,perceptual,0.03,0.05,competitor,target,1,4.445
39,141,numeric,0.1,0.2,no_decoy,target,1,3.08
39,142,numeric,0.03,0.05,competitor,decoy,0,8.526
39,143,perceptual,0.03,0.2,no_decoy,competitor,0,5.825
39,144,perceptual,0.1,0.2,no_decoy,target,1,4.545
39,145,perceptual,0.03,0.2,competitor,competitor,0,10.923
39,146,perceptual,0.1,0.2,competitor,target,1,5.077
39,147,perceptual,0.1,0.05,target,target,1,6.996
39,148,perceptual,0.1,0.05,competitor,target,1,7.863
39,149,numeric,0.03,0.05,no_decoy,competitor,0,3.553
39,150,perceptual,0.1,0.2,competitor,target,1,4.467
39,151,numeric,0.03,0.2,competitor,competitor,0,5.407
39,152,perceptual,0.03,0.05,target,target,1,9.378
39,153,numeric,0.1,0.05,target,competitor,0,6.25
39,154,perceptual,0.03,0.2,no_decoy,competitor,0,8.936
39,155,perceptual,0.1,0.2,no_decoy,target,1,4.432
39,156,perceptual,0.03,0.2,target,competitor,0,4.299
39,157,perceptual,0.03,0.05,no_decoy,target,1,3.61
39,158,numeric,0.03,0.05,competitor,target,1,5.253
39,159,numeric,0.1,0.05,competitor,target,1,9.131
39,160,numeric,0.1,0.2,no_decoy,competitor,0,4.761
39,161,numeric,0.03,0.05,no_decoy,target,1,3.101
39,162,perceptual,0.1,0.05,target,target,1,8.003
39,163,numeric,0.03,0.2,no_decoy,target,1,4.355
39,164,perceptual,0.03,0.2,competitor,target,1,8.647
39,165,numeric,0.03,0.05,competitor,target,1,3.974
39,166,perceptual,0.1,0.2,competitor,target,1,6.375
39,167,perceptual,0.1,0.2,competitor,competitor,0,6.247
39,168,perceptual,0.03,0.05,competitor,competitor,0,4.947
39,169,numeric,0.03,0.05,target,target,1,5.627
39,170,perceptual,0.03,0.05,target,competitor,0,10.595
39,171,perceptual,0.03,0.05,target,competitor,0,6.711
39,172,numeric,0.03,0.2,competitor,target,1,5.481
39,173,numeric,0.1,0.2,no_decoy,competitor,0,3.873
39,174,numeric,0.03,0.05,competitor,decoy,0,5.528
39,175,numeric,0.1,0.05,competitor,decoy,0,8.495
39,176,numeric,0.03,0.2,competitor,competitor,0,8.378
39,177,perceptual,0.1,0.05,no_decoy,competitor,0,3.598
39,178,numeric,0.03,0.2,no_decoy,target,1,3.178
39,179,numeric,0.03,0.2,no_decoy,target,1,2.86
39,180,perceptual,0.1,0.2,no_decoy,competitor,0,3.61
39,181,numeric,0.1,0.05,competitor,competitor,0,5.862
39,182,perceptual,0.03,0.2,competitor,competitor,0,3.059
39,183,perceptual,0.03,0.05,target,competitor,0,7.682
39,184,perceptual,0.03,0.2,target,competitor,0,9.198
39,185,perceptual,0.03,0.2,competitor,competitor,0,3.143
39,186,numeric,0.1,0.2,competitor,competitor,0,4.194
39,187,perceptual,0.03,0.05,competitor,target,1,7.886
39,188,numeric,0.03,0.2,target,target,1,5.138
39,189,numeric,0.03,0.05,target,target,1,3.449
39,190,numeric,0.1,0.2,target,decoy,0,10.925
39,191,perceptual,0.03,0.2,competitor,target,1,5.132
39,192,numeric,0.1,0.2,no_decoy,competitor,0,3.643
39,193,perceptual,0.03,0.2,competitor,target,1,6.029
39,194,numeric,0.03,0.2,target,competitor,0,3.996
39,195,numeric,0.1,0.05,target,decoy,0,5.578
39,196,perceptual,0.03,0.05,no_decoy,target,1,5.149
39,197,numeric,0.03,0.05,target,competitor,0,4.523
39,198,perceptual,0.03,0.2,target,competitor,0,8.097
39,199,perceptual,0.1,0.2,competitor,target,1,3.298
39,200,perceptual,0.1,0.05,target,decoy,0,9.107
39,201,perceptual,0.1,0.2,target,competitor,0,4.024
39,202,numeric,0.03,0.05,competitor,competitor,0,5.563
39,203,perceptual,0.03,0.05,target,target,1,3.321
39,204,numeric,0.03,0.05,target,competitor,0,4.771
39,205,perceptual,0.1,0.05,no_decoy,target,1,3.98
39,206,perceptual,0.1,0.2,no_decoy,competitor,0,4.5
39,207,perceptual,0.1,0.2,target,target,1,4.104
39,208,numeric,0.1,0.2,target,competitor,0,4.643
39,209,numeric,0.03,0.2,no_decoy,competitor,0,3.204
39,210,numeric,0.1,0.05,no_decoy,competitor,0,3.13
39,211,numeric,0.03,0.05,no_decoy,target,1,4.297
39,212,numeric,0.1,0.05,target,target,1,6.225
39,213,perceptual,0.1,0.05,target,competitor,0,6.612
39,214,numeric,0.03,0.2,competitor,target,1,7.517
39,215,numeric,0.03,0.05,target,target,1,6.921
39,216,numeric,0.1,0.05,competitor,competitor,0,7.045
39,217,numeric,0.03,0.05,target,target,1,9.375
39,218,numeric,0.03,0.2,no_decoy,target,1,7.949
39,219,perceptual,0.1,0.2,no_decoy,target,1,3.81
39,220,numeric,0.03,0.2,competitor,target,1,6.58
39,221,perceptual,0.03,0.05,no_decoy,target,1,4.006
39,222,perceptual,0.03,0.2,target,competitor,0,4.552
39,223,numeric,0.03,0.2,target,target,1,4.954
39,224,perceptual,0.1,0.2,competitor,target,1,3.387
39,225,numeric,0.1,0.05,target,target,1,7.448
39,226,perceptual,0.03,0.05,competitor,competitor,0,4.31
39,227,perceptual,0.1,0.05,competitor,target,1,5.032
39,228,numeric,0.1,0.05,competitor,competitor,0,5.02
39,229,numeric,0.1,0.05,competitor,target,1,7.078
39,230,numeric,0.03,0.2,competitor,target,1,11.567
39,231,perceptual,0.1,0.2,target,decoy,0,8.908
39,232,perceptual,0.1,0.05,target,target,1,5.359
39,233,numeric,0.1,0.2,target,target,1,9.711
39,234,perceptual,0.1,0.05,no_decoy,target,1,3.147
39,235,numeric,0.03,0.2,competitor,competitor,0,7.244
39,236,numeric,0.03,0.2,target,target,1,8.626
39,237,perceptual,0.1,0.05,no_decoy,competitor,0,3.263
39,238,perceptual,0.1,0.05,no_decoy,target,1,4.277
39,239,numeric,0.03,0.05,no_decoy,target,1,8.895
39,240,perceptual,0.1,0.05,competitor,decoy,0,7.479
39,241,numeric,0.03,0.2,no_decoy,competitor,0,10.86
39,242,perceptual,0.03,0.05,no_decoy,competitor,0,5.628
39,243,perceptual,0.1,0.05,no_decoy,competitor,0,3.893
39,244,numeric,0.1,0.05,competitor,competitor,0,9.317
39,245,numeric,0.1,0.05,target,target,1,10.879
39,246,numeric,0.03,0.05,competitor,competitor,0,9.322
39,247,numeric,0.1,0.2,competitor,competitor,0,10.546
39,248,numeric,0.1,0.2,competitor,target,1,9.184
39,249,perceptual,0.1,0.2,target,competitor,0,5.41
39,250,perceptual,0.1,0.05,no_decoy,competitor,0,3.586
39,251,perceptual,0.1,0.05,no_decoy,competitor,0,4.031
39,252,perceptual,0.1,0.05,competitor,competitor,0,3.962
39,253,numeric,0.1,0.2,no_decoy,target,1,11.126
39,254,numeric,0.1,0.2,target,competitor,0,10.929
39,255,perceptual,0.03,0.05,target,target,1,6.581
39,256,numeric,0.03,0.2,competitor,competitor,0,7.657
39,257,perceptual,0.03,0.2,no_decoy,target,1,6.157
39,258,numeric,0.03,0.05,competitor,competitor,0,5.964
39,259,perceptual,0.1,0.2,competitor,decoy,0,5.73
39,260,numeric,0.1,0.2,no_decoy,target,1,4.506
39,261,numeric,0.1,0.05,competitor,decoy,0,10.293
39,262,perceptual,0.1,0.05,target,decoy,0,5.749
39,263,numeric,0.1,0.2,competitor,target,1,7.894
39,264,numeric,0.1,0.2,competitor,target,1,6.277
39,265,numeric,0.03,0.2,target,target,1,6.028
39,266,perceptual,0.1,0.05,target,target,1,10.178
39,267,perceptual,0.03,0.2,target,competitor,0,8.094
39,268,perceptual,0.03,0.05,no_decoy,target,1,3.785
39,269,perceptual,0.03,0.2,target,target,1,5.395
39,270,perceptual,0.03,0.05,target,decoy,0,6.39
39,271,perceptual,0.03,0.05,competitor,target,1,3.908
39,272,numeric,0.1,0.05,target,competitor,0,9.932
39,273,numeric,0.1,0.05,no_decoy,target,1,7.118
39,274,perceptual,0.03,0.2,no_decoy,target,1,5.727
39,275,perceptual,0.03,0.05,no_decoy,competitor,0,4.096
39,276,numeric,0.03,0.2,competitor,competitor,0,12.918
39,277,numeric,0.1,0.05,target,decoy,0,8.403
39,278,perceptual,0.1,0.05,competitor,target,1,3.945
39,279,perceptual,0.1,0.2,target,target,1,5.434
39,280,numeric,0.1,0.2,no_decoy,target,1,2.758
39,281,numeric,0.03,0.05,target,target,1,7.848
39,282,numeric,0.03,0.05,no_decoy,competitor,0,7.426
39,283,perceptual,0.03,0.05,competitor,competitor,0,4.007
39,284,numeric,0.1,0.05,target,target,1,5.894
39,285,perceptual,0.1,0.05,competitor,target,1,4.408
39,286,numeric,0.03,0.2,competitor,competitor,0,5.388
39,287,perceptual,0.03,0.2,no_decoy,competitor,0,4.491
39,288,numeric,0.1,0.2,competitor,competitor,0,6.827
40,1,perceptual,0.03,0.05,target,competitor,0,12.459
40,2,perceptual,0.03,0.2,competitor,target,1,8.146
40,3,perceptual,0.03,0.2,competitor,decoy,0,7.381
40,4,numeric,0.1,0.2,no_decoy,target,1,9.802
40,5,perceptual,0.1,0.05,no_decoy,competitor,0,7.907
40,6,numeric,0.03,0.2,competitor,competitor,0,8.053
40,7,numeric,0.1,0.2,target,competitor,0,6.531
40,8,numeric,0.1,0.05,target,competitor,0,7.289
40,9,numeric,0.03,0.2,competitor,target,1,4.835
40,10,numeric,0.1,0.2,target,target,1,5.268
40,11,numeric,0.03,0.05,competitor,competitor,0,5.656
40,12,numeric,0.03,0.05,target,competitor,0,10.064
40,13,numeric,0.03,0.2,competitor,competitor,0,6.983
40,14,numeric,0.1,0.05,no_decoy,competitor,0,8.019
40,15,numeric,0.03,0.05,target,target,1,6.574
40,16,numeric,0.03,0.2,target,target,1,7.803
40,17,perceptual,0.1,0.2,no_decoy,competitor,0,6.104
40,18,perceptual,0.03,0.2,no_decoy,competitor,0,5.695
40,19,perceptual,0.1,0.05,no_decoy,target,1,5.839
40,20,perceptual,0.1,0.05,target,target,1,8.149
40,21,numeric,0.03,0.2,no_decoy,competitor,0,6.983
40,22,numeric,0.03,0.2,target,competitor,0,4.926
40,23,numeric,0.1,0.2,target,target,1,5.271
40,24,numeric,0.1,0.2,competitor,target,1,5.746
40,25,perceptual,0.03,0.2,competitor,target,1,9.357
40,26,numeric,0.03,0.2,competitor,target,1,6.947
40,27,numeric,0.03,0.2,competitor,target,1,9.448
40,28,numeric,0.1,0.2,competitor,target,1,10.531
40,29,perceptual,0.1,0.2,no_decoy,competitor,0,4.845
40,30,perceptual,0.1,0.05,no_decoy,target,1,5.56
40,31,numeric,0.03,0.2,target,competitor,0,4.608
40,32,perceptual,0.1,0.05,target,target,1,5.307
40,33,numeric,0.03,0.05,target,target,1,12.05
40,34,perceptual,0.1,0.2,target,target,1,6.118
40,35,numeric,0.03,0.05,competitor,target,1,5.566
40,36,numeric,0.03,0.05,target,competitor,0,5.446
40,37,perceptual,0.03,0.05,competitor,competitor,0,4.939
40,38,perceptual,0.1,0.05,target,target,1,8.14
40,39,numeric,0.1,0.05,target,target,1,10.074
40,40,perceptual,0.1,0.2,no_decoy,target,1,4.657
40,41,numeric,0.1,0.05,competitor,competitor,0,6.915
40,42,numeric,0.1,0.2,target,target,1,4.19
40,43,numeric,0.1,0.05,target,target,1,6.626
40,44,perceptual,0.1,0.2,target,target,1,5.29
40,45,perceptual,0.03,0.2,no_decoy,competitor,0,8.19
40,46,perceptual,0.03,0.2,no_decoy,target,1,4.874
40,47,perceptual,0.1,0.05,competitor,competitor,0,6.044
40,48,numeric,0.03,0.2,no_decoy,target,1,3.64
40,49,numeric,0.03,0.05,no_decoy,target,1,4.779
40,50,numeric,0.1,0.2,target,target,1,6.465
40,51,numeric,0.1,0.2,no_decoy,target,1,3.796
40,52,numeric,0.03,0.2,competitor,target,1,5.197
40,53,numeric,0.1,0.2,competitor,target,1,6.46
40,54,numeric,0.03,0.05,target,target,1,8.55
40,55,perceptual,0.03,0.2,target,target,1,6.02
40,56,perceptual,0.03,0.05,competitor,target,1,7.984
40,57,numeric,0.1,0.05,competitor,target,1,6.723
40,58,numeric,0.1,0.05,competitor,target,1,4.481
40,59,perceptual,0.1,0.05,competitor,target,1,4.713
40,60,numeric,0.1,0.05,no_decoy,target,1,6.214
40,61,numeric,0.03,0.05,no_decoy,target,1,5.255
40,62,perceptual,0.03,0.05,no_decoy,target,1,5.237
40,63,perceptual,0.1,0.05,target,competitor,0,8.382
40,64,perceptual,0.03,0.05,no_decoy,target,1,4.145
40,65,perceptual,0.1,0.2,target,target,1,5.694
40,66,numeric,0.1,0.05,target,target,1,9.614
40,67,numeric,0.03,0.2,target,target,1,9.621
40,68,perceptual,0.1,0.05,competitor,target,1,5.907
40,69,perceptual,0.1,0.2,no_decoy,target,1,3.698
40,70,numeric,0.03,0.05,target,competitor,0,6.467
40,71,numeric,0.1,0.05,competitor,target,1,7.023
40,72,perceptual,0.1,0.05,target,target,1,6.981
40,73,perceptual,0.1,0.05,no_decoy,target,1,3.669
40,74,perceptual,0.03,0.05,target,competitor,0,6.322
40,75,numeric,0.1,0.05,competitor,target,1,5.806
40,76,numeric,0.03,0.2,competitor,target,1,3.597
40,77,numeric,0.03,0.2,no_decoy,competitor,0,8.927
40,78,numeric,0.03,0.2,no_decoy,target,1,9.145
40,79,perceptual,0.1,0.05,target,target,1,7.494
40,80,numeric,0.1,0.2,competitor,target,1,8.177
40,81,perceptual,0.1,0.2,competitor,target,1,5.648
40,82,perceptual,0.03,0.05,no_decoy,competitor,0,5.569
40,83,numeric,0.1,0.05,target,target,1,10.048
40,84,perceptual,0.1,0.05,target,target,1,6.311
40,85,perceptual,0.1,0.2,competitor,target,1,5.439
40,86,numeric,0.03,0.05,no_decoy,target,1,3.704
40,87,perceptual,0.1,0.2,competitor,target,1,4.336
40,88,numeric,0.1,0.05,target,target,1,5.014
40,89,numeric,0.03,0.2,target,target,1,5.67
40,90,perceptual,0.1,0.2,no_decoy,target,1,3.57
40,91,numeric,0.1,0.2,competitor,target,1,9.398
40,92,perceptual,0.03,0.2,competitor,target,1,10.418
40,93,perceptual,0.03,0.05,competitor,competitor,0,7.42
40,94,numeric,0.1,0.2,target,target,1,4.572
40,95,perceptual,0.1,0.2,no_decoy,target,1,3.103
40,96,numeric,0.1,0.05,no_decoy,target,1,3.641
40,97,numeric,0.03,0.05,competitor,target,1,6.912
40,98,perceptual,0.1,0.2,no_decoy,target,1,3.555
40,99,numeric,0.1,0.2,no_decoy,target,1,5.977
40,100,perceptual,0.03,0.05,no_decoy,competitor,0,3.79
40,101,numeric,0.03,0.05,competitor,target,1,8.359
40,102,numeric,0.1,0.2,target,target,1,7.453
40,103,perceptual,0.03,0.05,target,competitor,0,9.988
40,104,perceptual,0.03,0.2,no_decoy,competitor,0,7.695
40,105,numeric,0.03,0.05,target,competitor,0,10.905
40,106,perceptual,0.1,0.05,no_decoy,target,1,4.914
40,107,perceptual,0.1,0.05,no_decoy,target,1,4.487
40,108,numeric,0.1,0.05,no_decoy,target,1,11.871
40,109,perceptual,0.03,0.05,no_decoy,target,1,2.752
40,110,perceptual,0.1,0.2,no_decoy,target,1,3.34
40,111,numeric,0.03,0.05,target,target,1,7.679
40,112,perceptual,0.03,0.05,target,decoy,0,7.101
40,113,numeric,0.1,0.2,target,target,1,11.063
40,114,perceptual,0.1,0.2,target,target,1,6.773
40,115,perceptual,0.03,0.05,competitor,competitor,0,6.473
40,116,numeric,0.1,0.2,competitor,target,1,10.009
40,117,perceptual,0.03,0.05,no_decoy,target,1,6.225
40,118,numeric,0.03,0.2,no_decoy,target,1,8.108
40,119,perceptual,0.1,0.05,competitor,target,1,6.374
40,120,numeric,0.03,0.05,no_decoy,target,1,5.81
40,121,perceptual,0.03,0.05,competitor,competitor,0,5.42
40,122,numeric,0.03,0.2,competitor,target,1,6.641
40,123,numeric,0.03,0.05,no_decoy,target,1,7.706
40,124,numeric,0.1,0.05,no_decoy,target,1,4.139
40,125,perceptual,0.03,0.05,competitor,competitor,0,5.31
40,126,perceptual,0.03,0.05,target,competitor,0,6.855
40,127,perceptual,0.1,0.2,no_decoy,target,1,3.531
40,128,perceptual,0.1,0.2,no_decoy,target,1,5.234
40,129,numeric,0.1,0.2,no_decoy,target,1,4.298
40,130,perceptual,0.1,0.05,no_decoy,target,1,5.005
40,131,perceptual,0.03,0.2,target,target,1,4.899
40,132,perceptual,0.1,0.05,competitor,target,1,3.448
40,133,numeric,0.1,0.05,competitor,target,1,6.134
40,134,numeric,0.1,0.05,target,target,1,5.682
40,135,perceptual,0.03,0.05,target,target,1,5.582
40,136,perceptual,0.03,0.05,no_decoy,target,1,7.602
40,137,numeric,0.1,0.2,no_decoy,target,1,3.883
40,138,perceptual,0.03,0.2,no_decoy,competitor,0,5.442
40,139,numeric,0.03,0.05,competitor,target,1,8.814
40,140,perceptual,0.03,0.2,competitor,target,1,5.688
40,141,numeric,0.03,0.05,no_decoy,target,1,4.419
40,142,perceptual,0.03,0.2,competitor,competitor,0,7.015
40,143,perceptual,0.03,0.2,target,target,1,4.071
40,144,numeric,0.03,0.05,no_decoy,target,1,4.842
40,145,perceptual,0.03,0.2,target,target,1,7.846
40,146,perceptual,0.1,0.05,no_decoy,target,1,4.845
40,147,perceptual,0.03,0.2,no_decoy,competitor,0,5.672
40,148,perceptual,0.1,0.05,competitor,target,1,4.097
40,149,perceptual,0.1,0.05,no_decoy,target,1,3.788
40,150,numeric,0.03,0.2,target,competitor,0,13.725
40,151,numeric,0.03,0.2,no_decoy,target,1,5.78
40,152,numeric,0.1,0.05,no_decoy,target,1,5.602
40,153,perceptual,0.03,0.2,competitor,competitor,0,6.697
40,154,numeric,0.1,0.2,no_decoy,target,1,7.011
40,155,numeric,0.1,0.05,target,target,1,8.056
40,156,numeric,0.1,0.05,target,target,1,10.155
40,157,numeric,0.1,0.2,competitor,target,1,6.04
40,158,numeric,0.1,0.2,no_decoy,competitor,0,10.935
40,159,numeric,0.1,0.2,target,target,1,6.813
40,160,perceptual,0.03,0.05,no_decoy,competitor,0,4.28
40,161,perceptual,0.1,0.2,no_decoy,target,1,4.457
40,162,perceptual,0.03,0.05,competitor,target,1,5.894
40,163,numeric,0.1,0.2,competitor,target,1,4.814
40,164,numeric,0.03,0.2,target,target,1,5.677
40,165,numeric,0.1,0.05,no_decoy,competitor,0,5.404
40,166,perceptual,0.03,0.05,competitor,target,1,5.742
40,167,perceptual,0.03,0.2,competitor,target,1,5.685
40,168,numeric,0.1,0.05,competitor,target,1,7.557
40,169,perceptual,0.03,0.2,target,target,1,4.824
40,170,perceptual,0.03,0.2,target,competitor,0,5.289
40,171,numeric,0.1,0.05,target,target,1,7.759
40,172,perceptual,0.1,0.2,competitor,target,1,5.397
40,173,perceptual,0.1,0.05,competitor,target,1,6.487
40,174,perceptual,0.1,0.2,target,target,1,4.147
40,175,perceptual,0.03,0.05,target,competitor,0,5.552
40,176,perceptual,0.1,0.2,competitor,target,1,6.209
40,177,numeric,0.1,0.2,no_decoy,target,1,4.353
40,178,numeric,0.1,0.05,no_decoy,target,1,5.381
40,179,numeric,0.03,0.05,competitor,target,1,9.57
40,180,numeric,0.03,0.2,competitor,competitor,0,8.392
40,181,perceptual,0.1,0.05,target,target,1,8.015
40,182,numeric,0.03,0.05,competitor,target,1,9.326
40,183,numeric,0.03,0.05,target,target,1,5.229
40,184,perceptual,0.1,0.2,target,target,1,5.988
40,185,perceptual,0.1,0.2,target,target,1,6.585
40,186,numeric,0.03,0.05,no_decoy,competitor,0,4.991
40,187,numeric,0.1,0.05,no_decoy,target,1,5.585
40,188,numeric,0.1,0.2,competitor,target,1,4.648
40,189,perceptual,0.1,0.05,no_decoy,target,1,3.939
40,190,numeric,0.03,0.05,no_decoy,target,1,4.991
40,191,perceptual,0.1,0.05,competitor,target,1,3.597
40,192,numeric,0.03,0.05,no_decoy,target,1,3.045
40,193,perceptual,0.03,0.2,target,target,1,6.237
40,194,numeric,0.03,0.2,target,competitor,0,8.238
40,195,numeric,0.1,0.05,target,target,1,6.152
40,196,numeric,0.1,0.2,competitor,target,1,4.456
40,197,perceptual,0.03,0.05,no_decoy,target,1,5.706
40,198,numeric,0.03,0.2,no_decoy,competitor,0,8.47
40,199,perceptual,0.03,0.05,competitor,competitor,0,5.747
40,200,numeric,0.1,0.05,no_decoy,target,1,3.917
40,201,perceptual,0.1,0.2,no_decoy,target,1,4.374
40,202,perceptual,0.1,0.2,competitor,target,1,3.63
40,203,perceptual,0.1,0.05,competitor,target,1,4.858
40,204,numeric,0.1,0.2,no_decoy,target,1,3.93
40,205,numeric,0.03,0.2,target,competitor,0,4.993
40,206,perceptual,0.03,0.2,no_decoy,target,1,6.102
40,207,perceptual,0.03,0.2,no_decoy,target,1,4.94
40,208,numeric,0.03,0.05,competitor,target,1,7.647
40,209,perceptual,0.1,0.2,target,target,1,6.22
40,210,numeric,0.03,0.05,target,target,1,7.467
40,211,perceptual,0.03,0.05,target,target,1,8.828
40,212,perceptual,0.03,0.05,target,target,1,6.589
40,213,numeric,0.03,0.05,competitor,target,1,7.135
40,214,numeric,0.1,0.05,competitor,target,1,8.181
40,215,perceptual,0.1,0.05,competitor,target,1,5.453
40,216,perceptual,0.03,0.05,target,target,1,9.731
40,217,numeric,0.1,0.05,competitor,target,1,8.254
40,218,perceptual,0.03,0.2,competitor,target,1,9.391
40,219,perceptual,0.03,0.05,target,competitor,0,3.799
40,220,perceptual,0.1,0.2,target,target,1,5.292
40,221,perceptual,0.03,0.05,target,target,1,7.936
40,222,numeric,0.1,0.2,no_decoy,target,1,11.12
40,223,numeric,0.03,0.2,target,target,1,8.222
40,224,perceptual,0.1,0.2,target,target,1,3.869
40,225,perceptual,0.03,0.05,competitor,target,1,4.386
40,226,numeric,0.03,0.2,target,competitor,0,6.307
40,227,perceptual,0.03,0.2,no_decoy,target,1,6.817
40,228,perceptual,0.03,0.2,no_decoy,competitor,0,6.284
40,229,perceptual,0.03,0.2,no_decoy,competitor,0,3.54
40,230,perceptual,0.03,0.2,target,target,1,8.732
40,231,numeric,0.1,0.05,target,target,1,5.929
40,232,numeric,0.1,0.2,target,target,1,9.354
40,233,perceptual,0.03,0.05,no_decoy,target,1,5.708
40,234,numeric,0.03,0.05,no_decoy,competitor,0,6.356
40,235,perceptual,0.03,0.2,target,competitor,0,4.874
40,236,perceptual,0.1,0.05,competitor,target,1,3.956
40,237,numeric,0.1,0.2,competitor,target,1,6.757
40,238,numeric,0.03,0.2,no_decoy,competitor,0,11.723
40,239,perceptual,0.1,0.2,competitor,target,1,3.925
40,240,perceptual,0.1,0.2,competitor,competitor,0,3.589
40,241,numeric,0.1,0.2,no_decoy,target,1,4.233
40,242,numeric,0.03,0.05,competitor,target,1,4.708
40,243,numeric,0.1,0.05,no_decoy,target,1,3.562
40,244,perceptual,0.1,0.05,competitor,target,1,5.876
40,245,perceptual,0.03,0.2,competitor,target,1,9.4
40,246,perceptual,0.1,0.05,target,target,1,10.93
40,247,perceptual,0.1,0.05,target,target,1,5.963
40,248,perceptual,0.03,0.2,target,competitor,0,3.682
40,249,numeric,0.03,0.2,target,target,1,4.401
40,250,numeric,0.1,0.2,no_decoy,target,1,3.159
40,251,perceptual,0.1,0.2,competitor,target,1,5.108
40,252,numeric,0.03,0.2,no_decoy,target,1,7.106
40,253,numeric,0.03,0.2,no_decoy,competitor,0,6.289
40,254,perceptual,0.1,0.05,target,target,1,5.422
40,255,perceptual,0.03,0.2,competitor,target,1,6.461
40,256,perceptual,0.1,0.2,competitor,target,1,6.076
40,257,perceptual,0.03,0.05,no_decoy,target,1,4.928
40,258,perceptual,0.1,0.2,target,target,1,5.281
40,259,numeric,0.03,0.05,competitor,competitor,0,4.771
40,260,numeric,0.1,0.05,competitor,target,1,5.659
40,261,perceptual,0.1,0.2,competitor,target,1,7.794
40,262,numeric,0.03,0.05,target,target,1,12.083
40,263,numeric,0.1,0.05,no_decoy,target,1,9.898
40,264,numeric,0.03,0.2,competitor,target,1,7.355
40,265,numeric,0.03,0.05,target,target,1,7.565
40,266,numeric,0.1,0.2,target,target,1,5.604
40,267,numeric,0.03,0.2,competitor,competitor,0,6.954
40,268,perceptual,0.03,0.2,no_decoy,target,1,4.106
40,269,perceptual,0.03,0.05,competitor,target,1,10.83
40,270,perceptual,0.1,0.05,no_decoy,target,1,4.357
40,271,perceptual,0.03,0.05,competitor,competitor,0,7.483
40,272,perceptual,0.1,0.05,no_decoy,target,1,8.943
40,273,perceptual,0.1,0.2,target,target,1,5.444
40,274,numeric,0.03,0.2,competitor,target,1,4.437
40,275,numeric,0.03,0.05,competitor,competitor,0,11.877
40,276,numeric,0.03,0.2,no_decoy,target,1,3.511
40,277,perceptual,0.03,0.2,competitor,target,1,7.432
40,278,perceptual,0.1,0.2,competitor,competitor,0,9.347
40,279,perceptual,0.03,0.2,target,target,1,7.127
40,280,numeric,0.1,0.2,target,target,1,8.245
40,281,numeric,0.1,0.05,competitor,target,1,5.545
40,282,perceptual,0.03,0.2,target,competitor,0,6.044
40,283,perceptual,0.1,0.05,target,target,1,10.857
40,284,numeric,0.1,0.2,competitor,target,1,8.208
40,285,numeric,0.03,0.05,no_decoy,competitor,0,3.743
40,286,perceptual,0.03,0.05,no_decoy,competitor,0,4.512
40,287,numeric,0.03,0.2,no_decoy,target,1,4.758
40,288,numeric,0.1,0.05,competitor,target,1,9.193
