participant,trial_counter,condition,target_to_competitor,decoy_reduction,decoy_on,chosen_item,correct,rt
1,1,numeric,0.03,0.05,target,target,1,6.345
1,2,numeric,0.03,0.05,competitor,competitor,0,7.18
1,3,numeric,0.1,0.2,target,target,1,4.658
1,4,perceptual,0.1,0.2,target,target,1,4.168
1,5,numeric,0.1,0.2,target,target,1,5.263
1,6,perceptual,0.03,0.2,target,target,1,3.46
1,7,perceptual,0.03,0.05,target,competitor,0,3.074
1,8,numeric,0.1,0.2,target,target,1,5.573
1,9,perceptual,0.1,0.2,competitor,target,1,3.103
1,10,numeric,0.03,0.05,competitor,competitor,0,5.253
1,11,numeric,0.03,0.2,competitor,competitor,0,8.617
1,12,perceptual,0.03,0.2,target,target,1,4.218
1,13,perceptual,0.03,0.05,competitor,target,1,3.058
1,14,numeric,0.1,0.05,competitor,target,1,9.478
1,15,perceptual,0.1,0.05,target,competitor,0,4.149
1,16,perceptual,0.03,0.05,target,target,1,2.892
1,17,perceptual,0.03,0.2,competitor,competitor,0,2.961
1,18,numeric,0.03,0.2,target,target,1,4.308
1,19,numeric,0.03,0.05,target,target,1,6.61
1,20,numeric,0.03,0.2,competitor,target,1,7.279
1,21,numeric,0.1,0.2,competitor,target,1,8.209
1,22,numeric,0.03,0.05,competitor,target,1,3.872
1,23,perceptual,0.1,0.05,competitor,target,1,4.308
1,24,numeric,0.1,0.05,target,target,1,7.569
1,25,perceptual,0.1,0.2,competitor,target,1,6.6
1,26,perceptual,0.03,0.05,competitor,competitor,0,4.301
1,27,perceptual,0.03,0.05,competitor,decoy,0,4.08
1,28,perceptual,0.03,0.2,competitor,competitor,0,2.912
1,29,perceptual,0.03,0.05,competitor,competitor,0,4.451
1,30,perceptual,0.03,0.2,target,competitor,0,3.295
1,31,perceptual,0.1,0.05,target,target,1,5.795
1,32,numeric,0.03,0.2,target,target,1,7.277
1,33,numeric,0.03,0.05,target,target,1,4.148
1,34,numeric,0.03,0.05,competitor,competitor,0,7.642
1,35,numeric,0.03,0.05,competitor,target,1,10.892
1,36,perceptual,0.03,0.05,target,decoy,0,4.518
1,37,numeric,0.1,0.2,target,target,1,5.065
1,38,numeric,0.1,0.05,target,competitor,0,13.343
1,39,numeric,0.03,0.05,competitor,target,1,7.13
1,40,perceptual,0.03,0.2,target,target,1,4.737
1,41,numeric,0.1,0.2,target,target,1,6.486
1,42,perceptual,0.1,0.2,target,target,1,3.408
1,43,perceptual,0.03,0.05,competitor,target,1,3.985
1,44,perceptual,0.03,0.2,target,competitor,0,3.529
1,45,perceptual,0.1,0.2,competitor,target,1,4.56
1,46,perceptual,0.1,0.05,competitor,target,1,3.158
1,47,perceptual,0.03,0.2,competitor,target,1,2.856
1,48,perceptual,0.1,0.05,target,target,1,5.713
1,49,numeric,0.1,0.2,competitor,target,1,5.818
1,50,numeric,0.03,0.2,target,competitor,0,6.392
1,51,perceptual,0.03,0.2,competitor,target,1,3.208
1,52,numeric,0.1,0.05,target,target,1,9.806
1,53,numeric,0.03,0.2,target,competitor,0,6.559
1,54,numeric,0.1,0.05,competitor,target,1,4.423
1,55,numeric,0.03,0.2,target,competitor,0,3.347
1,56,numeric,0.1,0.2,target,target,1,8.4
1,57,perceptual,0.03,0.05,target,target,1,5.637
1,58,numeric,0.03,0.05,target,competitor,0,6.771
1,59,numeric,0.1,0.2,competitor,target,1,7.667
1,60,numeric,0.1,0.05,target,target,1,7.357
1,61,numeric,0.1,0.05,competitor,target,1,8.947
1,62,perceptual,0.03,0.2,competitor,competitor,0,3.798
1,63,perceptual,0.03,0.2,competitor,competitor,0,2.857
1,64,numeric,0.1,0.05,target,target,1,5.992
1,65,perceptual,0.03,0.05,competitor,target,1,4.409
1,66,perceptual,0.1,0.05,competitor,target,1,5.318
1,67,numeric,0.03,0.2,competitor,target,1,6.255
1,68,numeric,0.1,0.05,competitor,target,1,4.573
1,69,perceptual,0.03,0.05,target,target,1,5.128
1,70,perceptual,0.1,0.2,target,target,1,4.307
1,71,perceptual,0.03,0.05,competitor,target,1,3.151
1,72,perceptual,0.03,0.2,competitor,target,1,5.027
1,73,numeric,0.1,0.2,target,target,1,8.835
1,74,perceptual,0.03,0.2,competitor,competitor,0,3.072
1,75,numeric,0.1,0.2,target,target,1,12.99
1,76,perceptual,0.1,0.05,competitor,target,1,3.265
1,77,numeric,0.1,0.2,target,target,1,6.917
1,78,numeric,0.03,0.05,target,target,1,6.308
1,79,perceptual,0.03,0.2,target,competitor,0,5.436
1,80,perceptual,0.03,0.05,target,decoy,0,4.589
1,81,numeric,0.03,0.05,target,target,1,7.436
1,82,numeric,0.03,0.2,competitor,target,1,6.173
1,83,perceptual,0.1,0.05,target,target,1,6.893
1,84,perceptual,0.1,0.05,target,target,1,3.451
1,85,numeric,0.1,0.2,competitor,target,1,7.064
1,86,perceptual,0.1,0.2,competitor,target,1,2.614
1,87,numeric,0.03,0.2,target,target,1,8.253
1,88,perceptual,0.1,0.05,competitor,target,1,3.836
1,89,perceptual,0.1,0.05,competitor,competitor,0,5.792
1,90,perceptual,0.1,0.2,target,target,1,4.101
1,91,perceptual,0.1,0.2,competitor,target,1,3.16
1,92,perceptual,0.03,0.05,target,competitor,0,4.209
1,93,numeric,0.1,0.2,target,target,1,6.581
1,94,perceptual,0.1,0.2,target,target,1,4.357
1,95,numeric,0.03,0.2,competitor,target,1,6.997
1,96,numeric,0.03,0.2,target,target,1,8.943
1,97,numeric,0.1,0.2,target,competitor,0,8.516
1,98,perceptual,0.03,0.05,competitor,target,1,6.114
1,99,numeric,0.1,0.2,competitor,target,1,5.262
1,100,numeric,0.03,0.2,competitor,competitor,0,10.726
1,101,numeric,0.03,0.2,target,target,1,10.633
1,102,numeric,0.1,0.2,competitor,target,1,6.816
1,103,perceptual,0.1,0.2,target,target,1,5.325
1,104,numeric,0.1,0.05,competitor,target,1,6.907
1,105,numeric,0.03,0.2,competitor,target,1,8.034
1,106,numeric,0.1,0.05,competitor,target,1,5.652
1,107,perceptual,0.03,0.2,target,target,1,5.1
1,108,perceptual,0.1,0.05,target,target,1,7.212
1,109,perceptual,0.03,0.2,target,target,1,5.835
1,110,perceptual,0.1,0.05,competitor,competitor,0,3.603
1,111,perceptual,0.1,0.05,target,decoy,0,4.16
1,112,perceptual,0.03,0.05,target,target,1,3.044
1,113,numeric,0.03,0.2,target,target,1,5.718
1,114,perceptual,0.1,0.05,competitor,target,1,5.55
1,115,numeric,0.1,0.2,competitor,target,1,5.333
1,116,numeric,0.1,0.2,competitor,target,1,4.341
1,117,numeric,0.03,0.05,target,target,1,7.886
1,118,perceptual,0.03,0.05,competitor,target,1,2.992
1,119,perceptual,0.1,0.05,target,target,1,3.056
1,120,perceptual,0.03,0.05,competitor,decoy,0,4.48
1,121,perceptual,0.03,0.05,target,target,1,4.215
1,122,perceptual,0.1,0.05,competitor,target,1,3.009
1,123,numeric,0.03,0.2,competitor,competitor,0,10.119
1,124,perceptual,0.03,0.2,competitor,competitor,0,3.856
1,125,numeric,0.03,0.05,competitor,competitor,0,8.242
1,126,numeric,0.03,0.05,competitor,competitor,0,6.259
1,127,perceptual,0.1,0.2,competitor,target,1,3.64
1,128,numeric,0.1,0.2,target,target,1,7.879
1,129,numeric,0.03,0.05,target,target,1,7.714
1,130,perceptual,0.03,0.2,target,competitor,0,3.241
1,131,numeric,0.1,0.05,competitor,target,1,4.797
1,132,numeric,0.03,0.2,competitor,target,1,8.488
1,133,numeric,0.03,0.2,competitor,target,1,5.266
1,134,perceptual,0.1,0.2,competitor,target,1,3.287
1,135,perceptual,0.03,0.05,competitor,target,1,3.736
1,136,numeric,0.03,0.05,competitor,target,1,8.95
1,137,numeric,0.1,0.05,target,target,1,3.934
1,138,numeric,0.1,0.05,competitor,target,1,9.093
1,139,perceptual,0.1,0.2,competitor,target,1,3.139
1,140,numeric,0.03,0.2,target,target,1,8.025
1,141,numeric,0.1,0.2,competitor,target,1,9.812
1,142,numeric,0.03,0.2,target,target,1,4.783
1,143,perceptual,0.1,0.05,competitor,decoy,0,4.039
1,144,numeric,0.1,0.05,competitor,competitor,0,7.336
1,145,perceptual,0.03,0.05,competitor,competitor,0,4.468
1,146,numeric,0.1,0.2,competitor,target,1,4.507
1,147,perceptual,0.1,0.2,competitor,target,1,3.539
1,148,perceptual,0.03,0.2,target,target,1,5.617
1,149,numeric,0.1,0.2,competitor,decoy,0,9.323
1,150,numeric,0.03,0.05,competitor,target,1,5.336
1,151,perceptual,0.03,0.2,target,target,1,5.192
1,152,numeric,0.03,0.05,target,competitor,0,7.457
1,153,perceptual,0.03,0.2,competitor,target,1,7.085
1,154,numeric,0.03,0.05,competitor,target,1,5.174
1,155,numeric,0.1,0.05,target,target,1,6.203
1,156,perceptual,0.1,0.2,competitor,target,1,3.205
1,157,numeric,0.1,0.05,competitor,target,1,5.635
1,158,perceptual,0.03,0.05,target,target,1,3.499
1,159,perceptual,0.1,0.2,target,target,1,3.011
1,160,numeric,0.03,0.2,competitor,competitor,0,10.401
1,161,numeric,0.03,0.2,target,target,1,6.881
1,162,numeric,0.1,0.05,target,target,1,11.117
1,163,perceptual,0.1,0.2,target,target,1,2.758
1,164,perceptual,0.1,0.2,target,competitor,0,4.757
1,165,perceptual,0.1,0.2,target,competitor,0,3.88
1,166,perceptual,0.1,0.05,target,target,1,5.856
1,167,numeric,0.03,0.05,target,target,1,4.254
1,168,perceptual,0.1,0.05,target,competitor,0,0.152
1,169,perceptual,0.1,0.2,competitor,target,1,3.516
1,170,perceptual,0.1,0.2,target,target,1,5.134
1,171,numeric,0.1,0.05,target,target,1,6.356
1,172,numeric,0.1,0.2,competitor,competitor,0,9.248
1,173,numeric,0.1,0.05,target,target,1,5.011
1,174,numeric,0.1,0.05,target,target,1,5.746
1,175,numeric,0.03,0.05,competitor,competitor,0,12.207
1,176,perceptual,0.1,0.2,target,target,1,4.83
1,177,perceptual,0.03,0.05,target,target,1,4.744
1,178,numeric,0.1,0.05,target,target,1,5.775
1,179,perceptual,0.1,0.05,target,decoy,0,5.254
1,180,perceptual,0.1,0.05,target,target,1,2.71
1,181,numeric,0.1,0.05,competitor,competitor,0,5.277
1,182,perceptual,0.1,0.05,competitor,competitor,0,3.627
1,183,perceptual,0.03,0.05,target,target,1,5.022
1,184,numeric,0.03,0.05,target,competitor,0,9.124
1,185,numeric,0.1,0.05,competitor,target,1,7.653
1,186,perceptual,0.03,0.2,competitor,target,1,3.488
1,187,perceptual,0.1,0.05,competitor,target,1,2.872
1,188,numeric,0.03,0.05,target,competitor,0,8.408
1,189,perceptual,0.03,0.2,target,target,1,3.68
1,190,perceptual,0.03,0.2,competitor,target,1,5.012
1,191,perceptual,0.1,0.2,competitor,target,1,2.718
1,192,numeric,0.03,0.2,competitor,competitor,0,11.096
2,2,perceptual,0.03,0.05,competitor,decoy,0,12.533
2,3,numeric,0.1,0.05,competitor,competitor,0,8.861
2,4,perceptual,0.1,0.05,target,decoy,0,6.395
2,5,perceptual,0.03,0.2,competitor,target,1,5.931
2,6,numeric,0.03,0.05,target,competitor,0,6.408
2,7,numeric,0.03,0.2,competitor,decoy,0,7.722
2,8,numeric,0.1,0.2,target,target,1,7.304
2,9,numeric,0.1,0.2,competitor,competitor,0,8.126
2,10,perceptual,0.1,0.05,target,competitor,0,4.237
2,11,numeric,0.03,0.05,competitor,competitor,0,8.094
2,12,perceptual,0.1,0.05,target,target,1,4.722
2,13,perceptual,0.1,0.2,target,competitor,0,7.104
2,14,perceptual,0.1,0.2,target,target,1,7.405
2,15,numeric,0.03,0.2,competitor,target,1,6.114
2,16,numeric,0.03,0.05,competitor,target,1,8.956
2,17,numeric,0.1,0.05,target,target,1,6.517
2,18,numeric,0.1,0.05,competitor,competitor,0,11.285
2,19,numeric,0.03,0.2,target,competitor,0,10.616
2,20,numeric,0.1,0.05,competitor,target,1,7.602
2,21,perceptual,0.1,0.05,target,competitor,0,7.661
2,22,numeric,0.03,0.2,competitor,decoy,0,1.035
2,23,numeric,0.1,0.2,target,target,1,9.404
2,24,perceptual,0.1,0.2,competitor,decoy,0,5.745
2,25,perceptual,0.1,0.2,competitor,decoy,0,5.495
2,26,numeric,0.1,0.05,target,target,1,6.305
2,27,numeric,0.03,0.05,target,competitor,0,8.778
2,28,numeric,0.1,0.2,target,competitor,0,6.513
2,29,perceptual,0.1,0.2,target,target,1,12.599
2,30,numeric,0.03,0.05,competitor,competitor,0,8.868
2,31,perceptual,0.1,0.05,target,competitor,0,5.328
2,32,numeric,0.03,0.05,target,target,1,5.1
2,33,numeric,0.03,0.05,competitor,target,1,9.266
2,34,numeric,0.03,0.05,competitor,competitor,0,6.767
2,35,numeric,0.03,0.05,target,competitor,0,10.711
2,36,numeric,0.03,0.2,target,target,1,11.205
2,37,numeric,0.03,0.2,competitor,competitor,0,8.731
2,38,numeric,0.1,0.2,competitor,target,1,7.586
2,39,perceptual,0.1,0.05,target,target,1,8.182
2,40,perceptual,0.1,0.2,target,target,1,5.21
2,41,numeric,0.03,0.05,competitor,competitor,0,7.641
2,42,perceptual,0.03,0.05,target,competitor,0,3.785
2,43,numeric,0.1,0.2,competitor,competitor,0,5.107
2,44,numeric,0.03,0.2,target,target,1,6.106
2,45,numeric,0.1,0.05,target,target,1,6.413
2,46,perceptual,0.1,0.2,competitor,target,1,8.193
2,47,numeric,0.1,0.05,target,target,1,7.606
2,48,perceptual,0.03,0.05,target,decoy,0,4.962
2,49,perceptual,0.03,0.2,competitor,target,1,8.583
2,50,perceptual,0.1,0.05,target,competitor,0,3.91
2,51,numeric,0.1,0.05,competitor,decoy,0,0.142
2,52,numeric,0.1,0.2,target,target,1,8.102
2,53,numeric,0.1,0.2,target,target,1,16.211
2,54,numeric,0.03,0.2,target,target,1,6.028
2,55,perceptual,0.03,0.05,competitor,competitor,0,5.297
2,56,perceptual,0.03,0.05,target,competitor,0,8.617
2,57,numeric,0.1,0.05,competitor,target,1,11.734
2,58,perceptual,0.03,0.05,competitor,competitor,0,7.9
2,59,numeric,0.03,0.2,target,target,1,9.41
2,60,numeric,0.1,0.05,competitor,target,1,4.732
2,61,perceptual,0.1,0.05,competitor,target,1,3.531
2,62,perceptual,0.1,0.05,competitor,target,1,4.596
2,63,perceptual,0.1,0.05,competitor,target,1,3.621
2,64,numeric,0.1,0.05,target,decoy,0,7.743
2,65,numeric,0.03,0.2,competitor,competitor,0,7.772
2,66,numeric,0.03,0.2,competitor,competitor,0,7.346
2,67,numeric,0.03,0.2,target,target,1,7.78
2,68,perceptual,0.1,0.05,competitor,target,1,5.474
2,69,perceptual,0.03,0.05,target,target,1,4.993
2,70,numeric,0.1,0.2,competitor,target,1,14.356
2,71,numeric,0.03,0.05,target,target,1,8.177
2,72,perceptual,0.03,0.2,competitor,competitor,0,4.192
2,73,perceptual,0.1,0.2,competitor,decoy,0,5.536
2,74,perceptual,0.03,0.05,competitor,decoy,0,4.213
2,75,perceptual,0.03,0.2,target,target,1,4.11
2,76,numeric,0.03,0.05,competitor,competitor,0,10.595
2,77,numeric,0.03,0.05,competitor,target,1,9.319
2,78,perceptual,0.1,0.05,target,target,1,4.03
2,79,perceptual,0.03,0.2,target,competitor,0,3.051
2,80,numeric,0.03,0.05,competitor,competitor,0,7.599
2,81,numeric,0.1,0.2,competitor,decoy,0,6.594
2,82,perceptual,0.1,0.2,competitor,target,1,3.145
2,83,numeric,0.1,0.05,competitor,competitor,0,11.577
2,84,numeric,0.03,0.2,target,competitor,0,5.221
2,85,perceptual,0.1,0.05,competitor,target,1,3.47
2,86,perceptual,0.03,0.2,competitor,target,1,2.245
2,87,perceptual,0.1,0.2,target,competitor,0,5.62
2,88,numeric,0.1,0.2,target,target,1,4.287
2,89,perceptual,0.03,0.05,competitor,target,1,5.881
2,90,perceptual,0.1,0.05,target,decoy,0,5.182
2,91,perceptual,0.1,0.05,competitor,competitor,0,4.794
2,92,numeric,0.03,0.2,competitor,competitor,0,6.738
2,93,perceptual,0.03,0.05,target,decoy,0,6.865
2,94,perceptual,0.1,0.2,target,competitor,0,5.865
2,95,numeric,0.03,0.05,target,target,1,5.474
2,96,perceptual,0.03,0.2,target,competitor,0,3.662
2,97,numeric,0.1,0.2,target,target,1,14.594
2,98,perceptual,0.1,0.2,competitor,competitor,0,5.905
2,99,numeric,0.03,0.05,target,target,1,15.772
2,100,perceptual,0.03,0.2,target,target,1,3.254
2,101,numeric,0.1,0.2,competitor,target,1,12.148
2,102,numeric,0.1,0.05,competitor,target,1,10.571
2,103,numeric,0.1,0.05,competitor,competitor,0,7.97
2,104,perceptual,0.03,0.2,competitor,target,1,5.366
2,105,perceptual,0.1,0.2,competitor,target,1,7.835
2,106,numeric,0.1,0.2,competitor,target,1,7.278
2,107,perceptual,0.03,0.05,competitor,decoy,0,12.663
2,108,perceptual,0.1,0.2,competitor,target,1,2.942
2,109,perceptual,0.1,0.05,competitor,decoy,0,4.022
2,110,perceptual,0.03,0.05,competitor,target,1,3.154
2,111,perceptual,0.03,0.2,target,target,1,4.209
2,112,perceptual,0.03,0.05,competitor,target,1,3.342
2,113,perceptual,0.1,0.05,competitor,target,1,4.659
2,114,perceptual,0.03,0.2,competitor,decoy,0,4.622
2,115,numeric,0.03,0.2,target,target,1,13.95
2,116,perceptual,0.1,0.05,target,competitor,0,3.114
2,117,perceptual,0.1,0.2,target,decoy,0,3.255
2,118,numeric,0.1,0.05,target,target,1,6.541
2,119,perceptual,0.1,0.2,target,competitor,0,3.011
2,120,perceptual,0.1,0.2,target,decoy,0,2.582
2,121,perceptual,0.03,0.2,target,competitor,0,2.928
2,122,numeric,0.03,0.05,competitor,competitor,0,13.21
2,123,numeric,0.03,0.05,target,target,1,9.195
2,124,numeric,0.1,0.2,competitor,target,1,5.907
2,125,numeric,0.03,0.2,competitor,decoy,0,5.638
2,126,numeric,0.1,0.2,target,target,1,7.315
2,127,perceptual,0.03,0.2,competitor,target,1,5.508
2,128,perceptual,0.03,0.2,target,competitor,0,4.479
2,129,numeric,0.1,0.05,target,target,1,6.341
2,130,perceptual,0.03,0.05,competitor,target,1,3.258
2,131,perceptual,0.1,0.05,target,competitor,0,4.466
2,132,numeric,0.03,0.05,competitor,competitor,0,6.451
2,133,numeric,0.1,0.05,target,target,1,8.982
2,134,perceptual,0.1,0.2,target,target,1,5.429
2,135,numeric,0.1,0.05,target,target,1,15.514
2,136,numeric,0.1,0.05,competitor,competitor,0,10.197
2,137,perceptual,0.03,0.05,target,target,1,4.48
2,138,numeric,0.1,0.05,competitor,target,1,8.048
2,139,numeric,0.1,0.05,competitor,competitor,0,8.674
2,140,numeric,0.1,0.2,target,decoy,0,6.997
2,141,perceptual,0.1,0.2,target,competitor,0,3.36
2,142,numeric,0.03,0.2,competitor,competitor,0,6.025
2,143,perceptual,0.1,0.2,competitor,target,1,5.38
2,144,numeric,0.03,0.2,target,target,1,6.329
2,145,numeric,0.1,0.2,target,target,1,5.947
2,146,perceptual,0.03,0.2,competitor,decoy,0,5.236
2,147,perceptual,0.03,0.05,competitor,competitor,0,5.344
2,148,perceptual,0.1,0.2,competitor,target,1,3.337
2,149,perceptual,0.1,0.05,competitor,target,1,3.509
2,150,numeric,0.1,0.05,target,target,1,6.69
2,151,numeric,0.1,0.2,target,target,1,6.522
2,152,perceptual,0.03,0.05,competitor,competitor,0,4.678
2,153,perceptual,0.03,0.05,target,competitor,0,3.803
2,154,numeric,0.1,0.2,competitor,target,1,8.539
2,155,numeric,0.03,0.05,target,decoy,0,8.475
2,156,numeric,0.03,0.05,competitor,competitor,0,5.236
2,157,numeric,0.03,0.2,target,target,1,6.846
2,158,perceptual,0.03,0.2,target,competitor,0,5.424
2,159,perceptual,0.03,0.05,target,target,1,6.492
2,160,perceptual,0.03,0.2,target,competitor,0,3.318
2,161,perceptual,0.1,0.05,target,competitor,0,3.97
2,162,numeric,0.03,0.2,competitor,competitor,0,12.226
2,163,perceptual,0.03,0.05,target,competitor,0,4.423
2,164,perceptual,0.1,0.05,competitor,target,1,3.692
2,165,numeric,0.1,0.2,competitor,target,1,4.735
2,166,numeric,0.1,0.05,target,target,1,6.827
2,167,perceptual,0.1,0.05,competitor,target,1,2.496
2,168,perceptual,0.03,0.2,competitor,target,1,2.861
2,169,perceptual,0.03,0.2,competitor,target,1,4.413
2,170,numeric,0.03,0.2,competitor,competitor,0,12.196
2,171,perceptual,0.1,0.2,target,target,1,3.84
2,172,perceptual,0.03,0.05,competitor,target,1,3.644
2,173,numeric,0.1,0.2,competitor,target,1,9.117
2,174,perceptual,0.03,0.2,target,target,1,4.694
2,175,perceptual,0.03,0.2,competitor,competitor,0,4.777
2,176,perceptual,0.03,0.2,competitor,target,1,3.003
2,177,numeric,0.03,0.05,target,target,1,6.094
2,178,numeric,0.03,0.05,target,competitor,0,7.321
2,179,numeric,0.03,0.2,target,target,1,6.139
2,180,numeric,0.03,0.2,competitor,competitor,0,4.948
2,181,perceptual,0.03,0.05,target,competitor,0,5.352
2,182,perceptual,0.1,0.2,competitor,target,1,4.431
2,183,perceptual,0.03,0.05,target,competitor,0,3.111
2,184,perceptual,0.03,0.05,target,target,1,4.483
2,185,perceptual,0.03,0.2,target,competitor,0,6.857
2,186,numeric,0.1,0.05,target,target,1,8.169
2,187,perceptual,0.03,0.2,target,target,1,4.196
2,188,numeric,0.1,0.2,target,target,1,5.306
2,189,perceptual,0.1,0.2,competitor,target,1,5.056
2,190,numeric,0.1,0.2,competitor,target,1,12.076
2,191,perceptual,0.1,0.05,competitor,target,1,3.606
2,192,numeric,0.03,0.2,target,competitor,0,13.043
3,1,perceptual,0.03,0.2,competitor,target,1,17.728
3,2,perceptual,0.1,0.2,target,target,1,3.961
3,3,numeric,0.03,0.2,target,target,1,5.274
3,4,numeric,0.1,0.05,target,target,1,8.485
3,5,perceptual,0.1,0.05,target,decoy,0,4.29
3,6,perceptual,0.03,0.2,target,target,1,4.299
3,7,perceptual,0.03,0.05,competitor,target,1,5.362
3,8,numeric,0.03,0.05,target,competitor,0,12.849
3,9,numeric,0.1,0.2,target,competitor,0,6.655
3,10,perceptual,0.03,0.05,target,target,1,6.202
3,11,perceptual,0.1,0.05,target,decoy,0,7.08
3,12,perceptual,0.03,0.05,target,target,1,6.301
3,13,numeric,0.03,0.05,target,competitor,0,9.566
3,14,perceptual,0.03,0.2,competitor,target,1,12.461
3,15,numeric,0.1,0.05,competitor,target,1,9.969
3,16,numeric,0.1,0.2,competitor,competitor,0,9.597
3,17,perceptual,0.03,0.05,target,competitor,0,7.187
3,18,numeric,0.1,0.05,competitor,target,1,8.749
3,19,perceptual,0.1,0.2,target,target,1,7.39
3,20,numeric,0.03,0.05,target,decoy,0,4.537
3,21,numeric,0.03,0.2,target,target,1,6.561
3,22,numeric,0.03,0.05,target,target,1,10.946
3,23,perceptual,0.1,0.2,competitor,target,1,4.183
3,24,perceptual,0.1,0.05,competitor,target,1,5.076
3,25,perceptual,0.1,0.2,target,target,1,6.639
3,26,perceptual,0.03,0.2,competitor,competitor,0,9.976
3,27,perceptual,0.03,0.05,competitor,competitor,0,5.95
3,28,numeric,0.03,0.05,competitor,target,1,9.478
3,29,numeric,0.1,0.05,target,decoy,0,8.875
3,30,perceptual,0.1,0.05,competitor,target,1,10.877
3,31,numeric,0.03,0.05,target,target,1,10.277
3,32,perceptual,0.1,0.2,target,target,1,8.718
3,33,perceptual,0.1,0.2,competitor,target,1,6.572
3,34,numeric,0.03,0.2,competitor,competitor,0,7.599
3,35,numeric,0.03,0.05,competitor,competitor,0,17.759
3,36,perceptual,0.03,0.05,competitor,competitor,0,0.019
3,37,numeric,0.03,0.2,target,competitor,0,11.49
3,38,perceptual,0.03,0.2,target,target,1,8.618
3,39,numeric,0.1,0.2,target,target,1,9.109
3,40,numeric,0.03,0.2,target,target,1,13.356
3,41,numeric,0.03,0.05,target,competitor,0,10.326
3,42,perceptual,0.03,0.2,target,target,1,10.005
3,43,numeric,0.1,0.2,target,target,1,6.395
3,44,numeric,0.1,0.05,competitor,target,1,12.203
3,45,numeric,0.03,0.2,competitor,target,1,11.093
3,46,numeric,0.03,0.05,competitor,competitor,0,17.961
3,48,numeric,0.1,0.05,target,competitor,0,10.369
3,49,numeric,0.1,0.2,target,target,1,7.779
3,50,perceptual,0.03,0.05,target,target,1,7.768
3,51,perceptual,0.1,0.05,competitor,target,1,3.968
3,52,numeric,0.1,0.2,competitor,target,1,5.609
3,53,perceptual,0.03,0.05,competitor,target,1,5.483
3,54,numeric,0.1,0.2,competitor,target,1,5.96
3,55,numeric,0.03,0.2,competitor,target,1,8.315
3,56,numeric,0.03,0.2,competitor,competitor,0,8.19
3,57,perceptual,0.1,0.2,competitor,target,1,4.337
3,58,perceptual,0.03,0.2,target,competitor,0,9.161
3,59,perceptual,0.1,0.05,competitor,target,1,7.277
3,60,perceptual,0.03,0.05,competitor,target,1,9.647
3,61,perceptual,0.1,0.2,target,target,1,6.516
3,62,perceptual,0.1,0.05,target,target,1,10.413
3,63,numeric,0.03,0.05,target,decoy,0,8.433
3,64,perceptual,0.1,0.2,target,competitor,0,12.211
3,65,perceptual,0.1,0.05,target,decoy,0,5.298
3,66,numeric,0.03,0.05,competitor,target,1,7.316
3,67,perceptual,0.1,0.2,competitor,target,1,6.271
3,68,perceptual,0.03,0.05,target,target,1,8.982
3,69,perceptual,0.03,0.05,competitor,target,1,4.681
3,70,numeric,0.1,0.2,target,target,1,9.38
3,71,perceptual,0.03,0.05,competitor,target,1,6.962
3,72,numeric,0.1,0.05,target,target,1,11.168
3,73,numeric,0.03,0.05,competitor,target,1,11.505
3,74,perceptual,0.1,0.05,competitor,decoy,0,11.416
3,75,numeric,0.1,0.2,competitor,target,1,9.236
3,76,perceptual,0.1,0.05,target,target,1,5.727
3,77,perceptual,0.1,0.2,target,competitor,0,9.75
3,78,perceptual,0.1,0.05,target,target,1,6.751
3,79,numeric,0.03,0.2,competitor,target,1,13.153
3,80,numeric,0.03,0.05,competitor,target,1,11.797
3,81,perceptual,0.1,0.05,target,target,1,7.821
3,82,numeric,0.1,0.2,target,target,1,7.246
3,83,perceptual,0.03,0.05,competitor,competitor,0,8.211
3,84,numeric,0.1,0.2,competitor,target,1,8.486
3,85,perceptual,0.1,0.05,competitor,target,1,7.942
3,86,numeric,0.1,0.2,target,target,1,9.771
3,87,numeric,0.1,0.05,target,target,1,7.468
3,88,numeric,0.1,0.05,target,target,1,10.067
3,89,numeric,0.03,0.2,competitor,target,1,8.362
3,90,perceptual,0.1,0.05,competitor,target,1,5.111
3,91,numeric,0.03,0.05,competitor,competitor,0,13.126
3,92,numeric,0.1,0.05,competitor,competitor,0,10.134
3,93,perceptual,0.1,0.2,competitor,target,1,11.645
3,94,perceptual,0.1,0.05,competitor,target,1,13.214
3,95,numeric,0.03,0.05,competitor,competitor,0,9.365
3,96,perceptual,0.1,0.2,competitor,competitor,0,11.001
3,97,numeric,0.1,0.05,target,target,1,9.102
3,98,numeric,0.03,0.2,target,target,1,14.277
3,99,perceptual,0.03,0.2,competitor,competitor,0,5.476
3,100,perceptual,0.03,0.05,competitor,competitor,0,8.863
3,101,numeric,0.1,0.05,target,decoy,0,12.648
3,102,perceptual,0.03,0.05,target,target,1,4.997
3,103,perceptual,0.03,0.2,competitor,target,1,6.028
3,104,perceptual,0.1,0.2,target,target,1,4.366
3,105,perceptual,0.03,0.2,target,target,1,13.411
3,106,numeric,0.1,0.2,competitor,target,1,13.298
3,107,numeric,0.1,0.05,competitor,target,1,9.534
3,108,perceptual,0.03,0.2,target,target,1,3.919
3,109,perceptual,0.03,0.2,competitor,target,1,3.412
3,110,numeric,0.1,0.2,target,competitor,0,5.546
3,111,numeric,0.1,0.2,competitor,target,1,7.553
3,112,numeric,0.03,0.05,competitor,target,1,15.959
3,113,numeric,0.03,0.05,competitor,target,1,6.268
3,114,numeric,0.03,0.05,competitor,target,1,7.748
3,115,perceptual,0.1,0.05,target,target,1,5.287
3,116,perceptual,0.1,0.2,competitor,target,1,5.9
3,117,numeric,0.1,0.05,target,target,1,5.942
3,118,numeric,0.03,0.05,target,target,1,6.084
3,119,perceptual,0.1,0.05,competitor,target,1,8.147
3,120,perceptual,0.03,0.2,target,competitor,0,7.8
3,121,perceptual,0.03,0.05,target,target,1,4.427
3,122,numeric,0.1,0.2,competitor,target,1,6.468
3,123,numeric,0.1,0.2,competitor,target,1,5.315
3,124,numeric,0.03,0.05,target,competitor,0,9.13
3,125,perceptual,0.1,0.05,target,target,1,10.196
3,126,perceptual,0.03,0.2,competitor,competitor,0,8.624
3,127,perceptual,0.1,0.05,target,competitor,0,9.118
3,128,numeric,0.1,0.05,competitor,target,1,7.948
3,129,numeric,0.03,0.2,target,target,1,5.79
3,130,perceptual,0.1,0.2,competitor,target,1,6.518
3,131,numeric,0.1,0.05,competitor,target,1,7.372
3,132,perceptual,0.03,0.2,competitor,target,1,4.055
3,133,perceptual,0.03,0.2,competitor,target,1,5.136
3,134,numeric,0.03,0.2,target,competitor,0,15.051
3,135,numeric,0.03,0.05,target,target,1,13.064
3,136,numeric,0.03,0.2,competitor,competitor,0,8.348
3,137,perceptual,0.03,0.05,target,target,1,9.743
3,138,perceptual,0.03,0.2,target,target,1,7.451
3,139,numeric,0.1,0.05,target,target,1,11.387
3,140,perceptual,0.1,0.2,competitor,target,1,8.113
3,141,numeric,0.1,0.05,target,target,1,11.158
3,142,numeric,0.1,0.2,competitor,target,1,9.596
3,143,numeric,0.1,0.05,competitor,target,1,11.343
3,144,perceptual,0.1,0.05,target,target,1,6.27
3,145,numeric,0.1,0.2,target,target,1,13.357
3,146,numeric,0.03,0.2,target,target,1,15.335
3,147,numeric,0.1,0.2,competitor,target,1,11.178
3,148,perceptual,0.03,0.2,competitor,competitor,0,5.663
3,149,perceptual,0.1,0.2,target,target,1,4.193
3,150,numeric,0.03,0.2,target,target,1,10.155
3,151,numeric,0.1,0.05,target,target,1,5.224
3,152,numeric,0.03,0.2,competitor,target,1,8.466
3,154,numeric,0.03,0.2,competitor,competitor,0,5.974
3,155,perceptual,0.03,0.05,competitor,target,1,5.94
3,156,perceptual,0.03,0.2,target,competitor,0,6.673
3,157,perceptual,0.1,0.05,target,decoy,0,4.436
3,158,numeric,0.03,0.2,competitor,target,1,5.1
3,159,numeric,0.03,0.2,target,target,1,12.684
3,160,numeric,0.03,0.2,target,competitor,0,10.92
3,161,perceptual,0.1,0.2,target,target,1,3.23
3,162,numeric,0.03,0.05,competitor,target,1,8.37
3,163,perceptual,0.1,0.2,competitor,target,1,3.793
3,164,perceptual,0.1,0.05,competitor,target,1,3.854
3,165,numeric,0.03,0.05,target,target,1,6.598
3,166,numeric,0.1,0.2,target,target,1,11.809
3,167,numeric,0.1,0.2,competitor,target,1,12.537
3,168,perceptual,0.1,0.2,target,target,1,6.906
3,169,numeric,0.1,0.05,competitor,target,1,10.009
3,170,perceptual,0.1,0.2,target,target,1,8.429
3,171,perceptual,0.03,0.05,competitor,target,1,9.439
3,172,perceptual,0.1,0.2,competitor,target,1,6.532
3,173,perceptual,0.03,0.2,target,target,1,3.433
3,174,perceptual,0.03,0.2,competitor,target,1,4.423
3,175,perceptual,0.1,0.2,competitor,target,1,7.133
3,176,perceptual,0.03,0.2,target,target,1,6.942
3,177,perceptual,0.03,0.2,target,competitor,0,3.081
3,178,perceptual,0.1,0.05,competitor,target,1,5.521
3,179,perceptual,0.03,0.05,competitor,target,1,8.889
3,180,perceptual,0.03,0.05,target,decoy,0,2.763
3,181,numeric,0.03,0.05,target,target,1,7.683
3,182,perceptual,0.03,0.05,target,decoy,0,9.508
3,183,numeric,0.1,0.2,target,target,1,11.363
3,184,perceptual,0.03,0.05,target,decoy,0,8.548
3,185,perceptual,0.03,0.05,target,target,1,10.198
3,186,numeric,0.03,0.2,target,target,1,7.512
3,187,numeric,0.03,0.2,competitor,target,1,10.12
3,188,numeric,0.1,0.05,competitor,target,1,9.999
3,189,numeric,0.1,0.05,competitor,target,1,10.238
3,190,perceptual,0.1,0.05,competitor,target,1,5.236
3,191,numeric,0.1,0.2,target,target,1,5.898
3,192,perceptual,0.03,0.2,competitor,target,1,3.49
4,1,numeric,0.1,0.05,competitor,target,1,6.772
4,2,perceptual,0.03,0.2,competitor,target,1,5.324
4,3,numeric,0.03,0.05,target,target,1,8.249
4,4,numeric,0.03,0.05,target,competitor,0,9.264
4,5,numeric,0.03,0.05,competitor,competitor,0,9.867
4,6,perceptual,0.03,0.2,competitor,competitor,0,5.314
4,7,perceptual,0.03,0.05,target,decoy,0,5.234
4,8,perceptual,0.03,0.2,competitor,target,1,4.923
4,9,numeric,0.03,0.05,target,target,1,8.568
4,10,perceptual,0.1,0.05,competitor,target,1,4.749
4,11,numeric,0.03,0.05,target,target,1,8.012
4,12,numeric,0.1,0.2,target,target,1,10.795
4,13,perceptual,0.03,0.05,competitor,target,1,2.866
4,14,perceptual,0.1,0.2,competitor,competitor,0,4.186
4,15,perceptual,0.1,0.05,competitor,target,1,3.745
4,16,perceptual,0.1,0.05,target,competitor,0,2.474
4,17,numeric,0.03,0.2,competitor,competitor,0,7.788
4,18,numeric,0.1,0.2,target,target,1,5.429
4,19,numeric,0.03,0.05,target,target,1,6.33
4,20,perceptual,0.1,0.05,competitor,target,1,5.864
4,21,numeric,0.1,0.05,target,competitor,0,9.912
4,22,numeric,0.03,0.2,target,target,1,7.551
4,23,numeric,0.1,0.05,competitor,target,1,8.113
4,24,numeric,0.1,0.05,target,decoy,0,3.442
4,25,perceptual,0.1,0.2,competitor,target,1,2.16
4,26,numeric,0.03,0.05,competitor,target,1,4.546
4,27,perceptual,0.03,0.2,target,target,1,3.147
4,28,perceptual,0.03,0.05,competitor,target,1,6.003
4,29,numeric,0.03,0.2,competitor,target,1,7.74
4,30,numeric,0.03,0.2,target,target,1,7.052
4,31,numeric,0.1,0.2,competitor,target,1,8.604
4,32,numeric,0.1,0.05,competitor,target,1,4.123
4,33,perceptual,0.03,0.05,competitor,target,1,3.649
4,34,perceptual,0.03,0.2,target,competitor,0,3.446
4,35,numeric,0.03,0.2,competitor,target,1,5.898
4,36,perceptual,0.1,0.05,target,target,1,5.532
4,37,numeric,0.1,0.05,target,target,1,7.674
4,38,perceptual,0.1,0.2,competitor,target,1,4.761
4,39,numeric,0.1,0.05,competitor,target,1,8.451
4,40,numeric,0.1,0.2,competitor,competitor,0,6.867
4,41,numeric,0.03,0.2,competitor,competitor,0,5.274
4,42,numeric,0.1,0.05,target,competitor,0,4.833
4,43,numeric,0.1,0.2,competitor,competitor,0,3.928
4,44,numeric,0.03,0.2,competitor,competitor,0,4.577
4,45,numeric,0.1,0.2,target,target,1,7.92
4,46,perceptual,0.1,0.05,competitor,competitor,0,5.283
4,47,numeric,0.1,0.2,target,target,1,5.452
4,48,perceptual,0.1,0.2,competitor,target,1,4.731
4,49,perceptual,0.1,0.05,competitor,target,1,4.829
4,50,perceptual,0.1,0.05,target,target,1,4.6
4,51,perceptual,0.1,0.2,target,competitor,0,3.737
4,52,perceptual,0.03,0.2,competitor,competitor,0,4.915
4,53,perceptual,0.1,0.05,competitor,decoy,0,5.85
4,54,numeric,0.03,0.2,target,target,1,6.719
4,55,perceptual,0.1,0.05,target,target,1,6.636
4,56,perceptual,0.1,0.05,target,decoy,0,2.996
4,57,numeric,0.1,0.2,competitor,target,1,5.502
4,58,perceptual,0.03,0.05,target,decoy,0,5.652
4,59,perceptual,0.03,0.2,competitor,competitor,0,3.849
4,60,perceptual,0.03,0.2,target,competitor,0,4.489
4,61,perceptual,0.03,0.2,target,target,1,2.908
4,62,numeric,0.03,0.05,competitor,target,1,8.85
4,63,numeric,0.03,0.2,target,target,1,11.656
4,64,perceptual,0.03,0.2,target,competitor,0,4.289
4,65,numeric,0.1,0.2,competitor,competitor,0,7.064
4,66,perceptual,0.03,0.05,target,target,1,6.76
4,67,perceptual,0.1,0.2,target,target,1,2.942
4,68,numeric,0.1,0.05,target,target,1,6.678
4,69,numeric,0.03,0.2,competitor,competitor,0,10.003
4,70,perceptual,0.03,0.05,target,competitor,0,5.532
4,71,perceptual,0.03,0.2,competitor,decoy,0,6.824
4,72,numeric,0.1,0.05,target,decoy,0,11.049
4,73,numeric,0.1,0.05,competitor,target,1,9.03
4,74,numeric,0.1,0.2,target,target,1,4.587
4,75,perceptual,0.1,0.2,competitor,target,1,6.502
4,76,numeric,0.1,0.05,target,target,1,6.808
4,77,numeric,0.03,0.05,competitor,decoy,0,10.022
4,78,numeric,0.1,0.2,competitor,competitor,0,6.146
4,79,numeric,0.03,0.2,target,target,1,9.645
4,80,perceptual,0.1,0.05,competitor,competitor,0,6.449
4,81,perceptual,0.1,0.05,target,target,1,5.351
4,82,numeric,0.03,0.05,competitor,target,1,7.945
4,83,perceptual,0.1,0.05,competitor,competitor,0,4.003
4,84,perceptual,0.03,0.2,target,target,1,3.055
4,85,perceptual,0.1,0.05,target,decoy,0,5.217
4,86,numeric,0.03,0.05,target,target,1,5.302
4,87,numeric,0.03,0.05,competitor,target,1,6.758
4,88,perceptual,0.1,0.2,target,target,1,7.436
4,89,perceptual,0.03,0.2,target,competitor,0,5.398
4,90,perceptual,0.1,0.2,competitor,target,1,5.924
4,91,perceptual,0.03,0.2,competitor,target,1,3.377
4,92,perceptual,0.03,0.2,target,competitor,0,5.975
4,93,perceptual,0.03,0.05,competitor,target,1,6.294
4,94,perceptual,0.1,0.2,target,target,1,6.99
4,95,numeric,0.1,0.05,target,target,1,9.661
4,96,numeric,0.03,0.05,competitor,competitor,0,10.462
4,97,perceptual,0.03,0.2,competitor,target,1,5.698
4,98,perceptual,0.03,0.2,target,target,1,4.538
4,99,numeric,0.1,0.2,target,competitor,0,4.97
4,100,numeric,0.1,0.05,target,target,1,8.657
4,101,numeric,0.03,0.05,target,target,1,9.629
4,102,numeric,0.1,0.2,target,target,1,10.11
4,103,perceptual,0.03,0.2,competitor,target,1,5.387
4,104,perceptual,0.1,0.2,competitor,decoy,0,8.555
4,105,numeric,0.03,0.05,competitor,competitor,0,10.301
4,106,perceptual,0.03,0.05,target,decoy,0,5.797
4,107,numeric,0.03,0.05,competitor,decoy,0,5.813
4,108,perceptual,0.1,0.2,target,competitor,0,5.559
4,109,numeric,0.1,0.2,competitor,competitor,0,6.261
4,110,numeric,0.1,0.05,target,target,1,7.69
4,111,numeric,0.03,0.05,target,target,1,4.023
4,112,perceptual,0.1,0.2,competitor,competitor,0,3.896
4,113,perceptual,0.03,0.05,target,target,1,7.14
4,114,numeric,0.03,0.05,competitor,target,1,5.744
4,115,perceptual,0.1,0.05,target,competitor,0,4.326
4,116,numeric,0.03,0.2,target,target,1,7.078
4,117,numeric,0.03,0.2,competitor,competitor,0,7.308
4,118,numeric,0.1,0.2,competitor,competitor,0,3.268
4,119,perceptual,0.1,0.05,target,competitor,0,4.588
4,120,perceptual,0.03,0.2,competitor,target,1,3.281
4,121,perceptual,0.03,0.05,competitor,target,1,6.426
4,122,numeric,0.1,0.2,competitor,competitor,0,3.876
4,123,perceptual,0.03,0.05,competitor,target,1,3.527
4,124,numeric,0.03,0.2,target,decoy,0,3.581
4,125,numeric,0.1,0.05,target,target,1,9.078
4,126,numeric,0.03,0.2,competitor,target,1,7.484
4,127,perceptual,0.1,0.05,target,target,1,3.485
4,128,perceptual,0.03,0.2,target,competitor,0,3.564
4,129,perceptual,0.03,0.05,competitor,competitor,0,3.705
4,130,perceptual,0.03,0.05,target,decoy,0,3.686
4,131,numeric,0.1,0.2,competitor,target,1,5.363
4,132,numeric,0.1,0.05,target,target,1,3.747
4,133,perceptual,0.1,0.2,competitor,target,1,3.313
4,134,numeric,0.1,0.05,competitor,competitor,0,6.446
4,135,numeric,0.1,0.05,competitor,target,1,3.655
4,136,perceptual,0.03,0.05,competitor,decoy,0,5.198
4,137,perceptual,0.03,0.05,competitor,target,1,2.747
4,138,numeric,0.1,0.2,target,decoy,0,3.897
4,139,numeric,0.03,0.2,target,target,1,4.29
4,140,numeric,0.03,0.05,competitor,target,1,11.246
4,141,numeric,0.1,0.05,competitor,target,1,4.28
4,142,perceptual,0.03,0.05,competitor,target,1,3.496
4,143,numeric,0.03,0.2,target,competitor,0,4.638
4,144,perceptual,0.1,0.05,competitor,target,1,3.144
4,145,numeric,0.1,0.05,competitor,target,1,3.848
4,148,perceptual,0.03,0.2,competitor,competitor,0,0.413
4,149,perceptual,0.1,0.2,competitor,target,1,4.023
4,150,perceptual,0.1,0.05,competitor,decoy,0,4.1
4,151,perceptual,0.03,0.05,competitor,target,1,8.078
4,152,numeric,0.1,0.2,competitor,target,1,2.594
4,153,perceptual,0.03,0.2,competitor,target,1,2.791
4,154,numeric,0.03,0.2,competitor,target,1,4.382
4,155,numeric,0.03,0.05,competitor,competitor,0,2.79
4,156,perceptual,0.03,0.05,target,target,1,3.35
4,157,numeric,0.03,0.05,target,target,1,18.202
4,158,numeric,0.03,0.05,target,target,1,5.632
4,159,perceptual,0.1,0.2,target,target,1,4.188
4,160,numeric,0.1,0.05,competitor,competitor,0,4.67
4,161,numeric,0.03,0.2,target,target,1,4.215
4,162,numeric,0.1,0.2,target,target,1,4.483
4,163,numeric,0.03,0.2,competitor,decoy,0,3.562
4,164,numeric,0.1,0.2,target,target,1,3.777
4,165,perceptual,0.03,0.2,target,competitor,0,2.935
4,166,numeric,0.03,0.05,target,decoy,0,6.628
4,167,perceptual,0.1,0.2,target,competitor,0,5.149
4,168,perceptual,0.1,0.2,target,competitor,0,4.063
4,169,perceptual,0.03,0.05,competitor,competitor,0,4.301
4,170,perceptual,0.1,0.05,competitor,target,1,3.366
4,171,numeric,0.1,0.05,competitor,competitor,0,4.38
4,172,perceptual,0.03,0.05,target,target,1,4.281
4,173,numeric,0.03,0.05,target,target,1,8.226
4,174,numeric,0.03,0.2,competitor,competitor,0,7.049
4,175,perceptual,0.1,0.05,target,target,1,4.035
4,176,numeric,0.03,0.2,competitor,target,1,7.469
4,177,perceptual,0.03,0.05,target,decoy,0,3.166
4,178,numeric,0.03,0.2,target,target,1,5.916
4,179,perceptual,0.1,0.2,competitor,competitor,0,4.065
4,180,perceptual,0.1,0.2,competitor,target,1,5.455
4,181,numeric,0.1,0.05,competitor,target,1,10.652
4,182,perceptual,0.1,0.2,target,decoy,0,3.687
4,183,perceptual,0.1,0.2,target,competitor,0,4.239
4,184,perceptual,0.1,0.05,competitor,competitor,0,4.33
4,185,numeric,0.1,0.2,competitor,target,1,5.965
4,186,perceptual,0.1,0.05,target,decoy,0,4.604
4,187,perceptual,0.1,0.2,target,decoy,0,2.778
4,188,numeric,0.1,0.2,target,target,1,5.249
4,189,perceptual,0.1,0.2,target,competitor,0,3.579
4,190,perceptual,0.03,0.2,target,decoy,0,2.233
4,191,numeric,0.03,0.2,target,target,1,3.536
4,192,perceptual,0.03,0.05,target,competitor,0,4.902
5,1,numeric,0.1,0.2,competitor,target,1,16.153
5,3,perceptual,0.1,0.2,competitor,competitor,0,5.81
5,4,perceptual,0.03,0.2,competitor,competitor,0,11.914
5,5,perceptual,0.03,0.05,competitor,competitor,0,4.332
5,6,perceptual,0.1,0.2,competitor,decoy,0,3.937
5,7,numeric,0.03,0.05,competitor,target,1,17.067
5,8,numeric,0.03,0.2,target,target,1,6.5
5,9,perceptual,0.03,0.2,target,competitor,0,7.82
5,10,numeric,0.03,0.2,target,target,1,16.066
5,11,perceptual,0.1,0.2,competitor,target,1,14.147
5,12,numeric,0.1,0.05,competitor,target,1,13.785
5,13,perceptual,0.03,0.2,target,decoy,0,3.737
5,14,perceptual,0.1,0.05,competitor,decoy,0,4.78
5,15,perceptual,0.1,0.05,target,target,1,3.681
5,16,perceptual,0.03,0.05,competitor,target,1,6.234
5,17,perceptual,0.03,0.2,competitor,decoy,0,5.38
5,18,numeric,0.03,0.05,target,target,1,10.338
5,19,numeric,0.1,0.2,target,target,1,13.404
5,20,perceptual,0.1,0.2,target,decoy,0,5.566
5,21,perceptual,0.03,0.05,competitor,target,1,8.254
5,22,perceptual,0.03,0.2,competitor,target,1,6.033
5,23,numeric,0.03,0.05,target,target,1,15.33
5,24,numeric,0.03,0.05,competitor,competitor,0,9.299
5,25,perceptual,0.1,0.2,target,decoy,0,6.45
5,26,perceptual,0.1,0.2,target,competitor,0,11.401
5,27,perceptual,0.03,0.2,competitor,competitor,0,4.63
5,28,numeric,0.1,0.2,competitor,competitor,0,14.831
5,29,perceptual,0.03,0.05,target,decoy,0,5.505
5,30,numeric,0.1,0.2,competitor,target,1,10.549
5,31,numeric,0.1,0.2,target,decoy,0,12.25
5,32,numeric,0.03,0.05,target,decoy,0,13.331
5,33,numeric,0.1,0.2,target,target,1,7.403
5,34,perceptual,0.03,0.2,competitor,target,1,5.216
5,35,perceptual,0.03,0.05,target,target,1,8.037
5,36,perceptual,0.1,0.05,target,target,1,3.77
5,37,perceptual,0.1,0.2,competitor,decoy,0,4.773
5,38,numeric,0.03,0.05,target,target,1,11.069
5,39,numeric,0.1,0.05,target,target,1,6.603
5,40,perceptual,0.03,0.2,target,target,1,9.85
5,41,perceptual,0.1,0.2,target,decoy,0,8.333
5,42,perceptual,0.1,0.2,target,decoy,0,6.817
5,43,perceptual,0.03,0.05,competitor,competitor,0,5.986
5,44,perceptual,0.03,0.2,target,decoy,0,6.052
5,45,perceptual,0.1,0.05,target,competitor,0,8.437
5,46,perceptual,0.03,0.2,competitor,target,1,4.95
5,47,perceptual,0.03,0.05,target,decoy,0,5.018
5,48,numeric,0.1,0.2,target,target,1,7.64
5,49,numeric,0.1,0.05,competitor,target,1,6.318
5,50,numeric,0.03,0.2,competitor,target,1,6.699
5,51,numeric,0.03,0.2,competitor,competitor,0,13.521
5,52,perceptual,0.03,0.05,competitor,competitor,0,5.083
5,53,perceptual,0.1,0.05,competitor,target,1,4.5
5,54,perceptual,0.1,0.05,competitor,competitor,0,4.925
5,55,numeric,0.03,0.2,target,competitor,0,18.766
5,56,numeric,0.1,0.05,competitor,target,1,9.548
5,57,numeric,0.03,0.05,competitor,target,1,10.499
5,58,numeric,0.1,0.05,target,target,1,9.248
5,59,numeric,0.1,0.2,target,target,1,11.163
5,60,perceptual,0.03,0.2,competitor,target,1,7.299
5,61,numeric,0.1,0.2,target,decoy,0,14.365
5,62,numeric,0.03,0.05,target,target,1,11.622
5,63,perceptual,0.1,0.05,target,decoy,0,9.983
5,64,numeric,0.03,0.05,competitor,decoy,0,4.951
5,65,perceptual,0.1,0.05,target,target,1,9.494
5,66,numeric,0.03,0.05,target,target,1,6.055
5,67,numeric,0.03,0.2,target,competitor,0,6.599
5,68,numeric,0.03,0.2,competitor,competitor,0,6.269
5,69,perceptual,0.03,0.2,competitor,decoy,0,4.55
5,70,perceptual,0.03,0.05,competitor,competitor,0,4.072
5,71,numeric,0.1,0.05,target,competitor,0,10.865
5,72,numeric,0.1,0.05,competitor,target,1,10.816
5,73,numeric,0.03,0.2,competitor,target,1,10.622
5,74,numeric,0.1,0.2,competitor,target,1,5.737
5,75,perceptual,0.1,0.05,competitor,target,1,5.667
5,76,perceptual,0.03,0.2,target,decoy,0,6.653
5,77,perceptual,0.1,0.2,competitor,decoy,0,5.737
5,78,perceptual,0.03,0.05,competitor,competitor,0,5.135
5,79,numeric,0.1,0.05,target,target,1,10.608
5,80,perceptual,0.1,0.2,competitor,target,1,7.14
5,81,perceptual,0.03,0.2,target,competitor,0,7.97
5,82,perceptual,0.1,0.05,target,competitor,0,17.485
5,83,numeric,0.03,0.2,target,target,1,11.983
5,84,perceptual,0.03,0.05,competitor,competitor,0,6.95
5,86,perceptual,0.1,0.2,competitor,competitor,0,0.208
5,87,numeric,0.1,0.2,target,target,1,8.734
5,88,perceptual,0.1,0.2,competitor,competitor,0,6.098
5,89,perceptual,0.1,0.2,target,decoy,0,6.397
5,90,perceptual,0.1,0.2,target,decoy,0,5.787
5,91,perceptual,0.03,0.2,target,decoy,0,4.986
5,92,numeric,0.03,0.2,competitor,target,1,14.383
5,93,perceptual,0.1,0.2,target,competitor,0,5.123
5,95,numeric,0.1,0.2,target,target,1,5.052
5,96,numeric,0.1,0.05,target,target,1,7.118
5,97,perceptual,0.03,0.2,competitor,decoy,0,5.335
5,98,perceptual,0.03,0.05,target,competitor,0,1.734
5,99,numeric,0.1,0.2,competitor,competitor,0,14.6
5,100,numeric,0.1,0.2,competitor,target,1,16.832
5,101,perceptual,0.03,0.2,target,competitor,0,7.885
5,102,numeric,0.1,0.05,competitor,target,1,9.115
5,103,numeric,0.1,0.2,competitor,competitor,0,10.965
5,104,perceptual,0.1,0.2,competitor,decoy,0,4.899
5,105,perceptual,0.1,0.2,competitor,competitor,0,2.381
5,106,perceptual,0.03,0.2,competitor,competitor,0,2.155
5,107,perceptual,0.1,0.05,competitor,target,1,1.72
5,108,numeric,0.03,0.2,target,competitor,0,7.12
5,109,numeric,0.03,0.2,competitor,target,1,5.716
5,110,perceptual,0.1,0.2,target,target,1,5.085
5,111,perceptual,0.03,0.05,target,competitor,0,4.599
5,112,numeric,0.1,0.05,target,decoy,0,12.035
5,113,perceptual,0.1,0.05,competitor,competitor,0,4.562
5,114,perceptual,0.1,0.05,competitor,decoy,0,4.973
5,115,numeric,0.03,0.05,target,competitor,0,10.081
5,116,numeric,0.03,0.2,competitor,competitor,0,10.364
5,117,perceptual,0.1,0.2,competitor,decoy,0,6.149
5,118,perceptual,0.1,0.05,target,competitor,0,3.287
5,119,numeric,0.03,0.2,competitor,competitor,0,7.569
5,120,numeric,0.03,0.2,competitor,competitor,0,9.234
5,121,numeric,0.03,0.05,target,target,1,9.959
5,122,numeric,0.1,0.05,competitor,competitor,0,7.514
5,123,numeric,0.1,0.05,competitor,competitor,0,13.565
5,124,perceptual,0.03,0.05,target,decoy,0,7.82
5,125,perceptual,0.1,0.2,target,competitor,0,8.217
5,126,numeric,0.1,0.05,competitor,target,1,7.086
5,127,numeric,0.1,0.05,target,competitor,0,5.587
5,128,numeric,0.03,0.2,target,competitor,0,8.799
5,129,perceptual,0.03,0.2,target,competitor,0,6.209
5,130,perceptual,0.1,0.05,target,competitor,0,6.118
5,131,numeric,0.1,0.2,competitor,target,1,10.067
5,132,numeric,0.1,0.2,competitor,target,1,5.849
5,133,perceptual,0.03,0.2,competitor,decoy,0,5.19
5,134,perceptual,0.03,0.05,target,competitor,0,4.503
5,135,numeric,0.03,0.05,competitor,target,1,5.401
5,136,numeric,0.03,0.05,competitor,target,1,16.084
5,137,perceptual,0.03,0.05,competitor,decoy,0,4.566
5,138,perceptual,0.03,0.05,target,decoy,0,10.486
5,139,numeric,0.1,0.05,target,target,1,6.784
5,140,perceptual,0.03,0.05,competitor,decoy,0,3.436
5,141,perceptual,0.03,0.05,target,target,1,4
5,142,numeric,0.03,0.2,competitor,target,1,6.95
5,143,numeric,0.1,0.05,competitor,target,1,5.2
5,144,numeric,0.1,0.05,competitor,competitor,0,6.618
5,145,numeric,0.03,0.2,target,target,1,10.953
5,146,numeric,0.03,0.05,competitor,target,1,11.371
5,147,perceptual,0.1,0.2,target,decoy,0,3.705
5,148,numeric,0.1,0.2,target,target,1,7.568
5,149,numeric,0.1,0.05,target,target,1,9.084
5,150,numeric,0.1,0.05,target,competitor,0,9.222
5,151,perceptual,0.03,0.05,target,competitor,0,5.533
5,152,perceptual,0.03,0.2,target,competitor,0,4.989
5,154,numeric,0.1,0.05,target,competitor,0,6.446
5,155,numeric,0.03,0.05,target,target,1,8.146
5,156,numeric,0.03,0.2,target,target,1,9.635
5,157,numeric,0.03,0.05,competitor,competitor,0,17.65
5,158,numeric,0.03,0.2,target,decoy,0,19.6
5,159,numeric,0.03,0.2,target,target,1,19.117
5,160,numeric,0.03,0.2,competitor,target,1,12.6
5,161,perceptual,0.1,0.05,competitor,target,1,11.889
5,162,numeric,0.03,0.05,target,target,1,8.72
5,163,perceptual,0.1,0.05,competitor,decoy,0,6.982
5,164,numeric,0.03,0.05,competitor,competitor,0,17.201
5,165,numeric,0.1,0.05,competitor,competitor,0,17.682
5,166,numeric,0.1,0.2,competitor,target,1,5.836
5,167,perceptual,0.1,0.05,competitor,competitor,0,10.65
5,168,perceptual,0.1,0.2,target,target,1,13.252
5,169,perceptual,0.1,0.05,competitor,decoy,0,6.199
5,170,numeric,0.03,0.2,target,target,1,6.686
5,171,numeric,0.03,0.2,competitor,competitor,0,11.667
5,172,perceptual,0.03,0.2,target,target,1,7.239
5,173,perceptual,0.03,0.05,target,decoy,0,5.706
5,174,perceptual,0.1,0.05,target,competitor,0,4.433
5,175,numeric,0.03,0.05,competitor,competitor,0,9.784
5,176,perceptual,0.1,0.05,target,target,1,6.339
5,177,perceptual,0.03,0.2,competitor,competitor,0,5.39
5,178,numeric,0.1,0.2,target,target,1,8.952
5,180,perceptual,0.1,0.05,target,target,1,5.957
5,181,perceptual,0.1,0.05,competitor,competitor,0,6.533
5,182,perceptual,0.03,0.05,target,competitor,0,3
5,183,numeric,0.1,0.2,competitor,target,1,5.673
5,184,numeric,0.1,0.2,target,target,1,16.601
5,185,perceptual,0.03,0.05,competitor,target,1,6.471
5,186,numeric,0.1,0.2,competitor,competitor,0,6.533
5,187,numeric,0.03,0.05,competitor,target,1,16.345
5,188,perceptual,0.03,0.2,target,competitor,0,6.866
5,189,perceptual,0.03,0.05,competitor,decoy,0,6.55
5,190,numeric,0.1,0.05,target,target,1,8.833
5,191,numeric,0.03,0.05,target,target,1,11.437
5,192,perceptual,0.1,0.05,target,target,1,5.117
6,1,numeric,0.1,0.05,target,target,1,9.711
6,2,perceptual,0.03,0.05,target,competitor,0,8.945
6,3,perceptual,0.1,0.05,target,decoy,0,3.869
6,4,numeric,0.1,0.2,target,target,1,7.247
6,5,numeric,0.03,0.2,competitor,target,1,7.707
6,6,numeric,0.1,0.2,competitor,target,1,6.361
6,7,numeric,0.1,0.05,target,target,1,7.46
6,8,numeric,0.03,0.2,competitor,competitor,0,4.422
6,9,numeric,0.1,0.2,competitor,competitor,0,12.193
6,10,numeric,0.1,0.05,target,competitor,0,9.869
6,11,perceptual,0.1,0.05,target,target,1,8.63
6,12,numeric,0.1,0.2,target,target,1,5.644
6,13,numeric,0.03,0.05,target,target,1,9.032
6,14,numeric,0.03,0.2,competitor,target,1,11.21
6,15,numeric,0.1,0.05,competitor,target,1,11.352
6,16,perceptual,0.03,0.05,competitor,decoy,0,5.936
6,17,perceptual,0.03,0.2,target,target,1,4.509
6,18,numeric,0.1,0.05,target,decoy,0,12.686
6,19,numeric,0.1,0.05,target,target,1,7.81
6,20,numeric,0.1,0.05,target,target,1,7.856
6,21,numeric,0.1,0.05,target,target,1,5.408
6,22,perceptual,0.1,0.05,competitor,target,1,4.349
6,23,numeric,0.03,0.05,competitor,target,1,7.188
6,24,perceptual,0.1,0.05,competitor,target,1,4.156
6,25,numeric,0.1,0.2,target,target,1,4.133
6,26,perceptual,0.1,0.2,competitor,target,1,3.906
6,27,numeric,0.03,0.2,target,competitor,0,9.03
6,28,perceptual,0.03,0.05,target,target,1,5.648
6,29,perceptual,0.1,0.2,competitor,competitor,0,6.038
6,30,perceptual,0.03,0.05,target,competitor,0,7.114
6,31,perceptual,0.03,0.2,target,target,1,8.488
6,32,numeric,0.1,0.05,competitor,target,1,5.436
6,33,numeric,0.1,0.2,target,target,1,5.921
6,34,numeric,0.03,0.05,competitor,target,1,6.893
6,35,numeric,0.1,0.05,competitor,target,1,8.561
6,36,perceptual,0.1,0.2,target,target,1,8.469
6,37,perceptual,0.1,0.2,competitor,target,1,3.8
6,38,numeric,0.03,0.2,target,target,1,16.202
6,39,numeric,0.1,0.05,target,target,1,4.339
6,40,perceptual,0.1,0.05,target,decoy,0,5.845
6,41,perceptual,0.03,0.05,competitor,target,1,5.486
6,42,numeric,0.03,0.2,target,target,1,7.538
6,43,numeric,0.1,0.05,competitor,target,1,3.827
6,44,numeric,0.03,0.2,target,target,1,11.264
6,45,numeric,0.1,0.05,competitor,competitor,0,9.362
6,46,perceptual,0.03,0.05,competitor,competitor,0,3.29
6,47,numeric,0.03,0.05,target,target,1,9.07
6,48,numeric,0.1,0.05,target,target,1,8.009
6,49,numeric,0.1,0.05,competitor,target,1,9.647
6,50,perceptual,0.1,0.05,target,target,1,3.768
6,51,perceptual,0.1,0.05,competitor,competitor,0,2.433
6,52,numeric,0.1,0.05,competitor,target,1,2.763
6,53,perceptual,0.1,0.2,target,target,1,2.628
6,54,numeric,0.03,0.05,target,competitor,0,8.898
6,55,perceptual,0.1,0.05,competitor,target,1,6.963
6,56,numeric,0.1,0.05,competitor,competitor,0,10.128
6,57,perceptual,0.1,0.2,target,target,1,5.151
6,58,numeric,0.1,0.2,competitor,target,1,4.729
6,59,numeric,0.1,0.05,competitor,target,1,3.611
6,60,perceptual,0.03,0.05,target,target,1,0.183
6,61,numeric,0.1,0.2,target,target,1,3.121
6,62,numeric,0.03,0.05,competitor,competitor,0,9.188
6,63,perceptual,0.1,0.05,competitor,target,1,3.703
6,64,perceptual,0.1,0.05,competitor,target,1,2.267
6,65,perceptual,0.1,0.05,competitor,competitor,0,5.628
6,66,numeric,0.03,0.05,target,target,1,7.454
6,67,perceptual,0.03,0.2,competitor,competitor,0,3.779
6,68,numeric,0.1,0.2,competitor,competitor,0,4.815
6,69,perceptual,0.1,0.2,target,target,1,4.182
6,70,numeric,0.03,0.05,target,decoy,0,3.03
6,71,numeric,0.03,0.2,competitor,target,1,3.805
6,72,perceptual,0.1,0.2,target,target,1,4.102
6,73,perceptual,0.1,0.2,target,target,1,4.822
6,74,perceptual,0.03,0.2,target,target,1,2.79
6,75,perceptual,0.03,0.2,competitor,target,1,4.676
6,76,numeric,0.1,0.05,target,target,1,6.189
6,77,numeric,0.03,0.05,target,competitor,0,0.983
6,78,perceptual,0.03,0.2,target,target,1,4.013
6,79,perceptual,0.03,0.05,target,target,1,3.19
6,80,numeric,0.1,0.05,competitor,target,1,5.343
6,81,numeric,0.03,0.2,competitor,target,1,5.049
6,82,perceptual,0.1,0.2,competitor,competitor,0,6.471
6,83,numeric,0.03,0.2,target,target,1,7.153
6,84,perceptual,0.03,0.05,competitor,competitor,0,2.485
6,85,perceptual,0.1,0.2,competitor,target,1,3.134
6,86,numeric,0.03,0.2,target,competitor,0,4.595
6,87,perceptual,0.03,0.2,target,target,1,2.542
6,88,perceptual,0.03,0.05,competitor,target,1,4.587
6,89,perceptual,0.03,0.05,target,competitor,0,3.383
6,90,perceptual,0.03,0.2,competitor,target,1,3.803
6,91,perceptual,0.1,0.2,competitor,target,1,3.034
6,92,perceptual,0.03,0.05,target,target,1,4.29
6,93,perceptual,0.1,0.2,competitor,target,1,3.724
6,94,perceptual,0.1,0.2,target,target,1,1.982
6,95,numeric,0.03,0.2,target,decoy,0,9.986
6,96,perceptual,0.03,0.05,target,decoy,0,6.846
6,97,perceptual,0.03,0.05,target,target,1,9.024
6,98,numeric,0.03,0.05,competitor,competitor,0,5.16
6,99,perceptual,0.03,0.2,competitor,competitor,0,2.131
6,100,numeric,0.03,0.2,competitor,competitor,0,3.021
6,101,numeric,0.03,0.05,competitor,target,1,4.849
6,102,perceptual,0.1,0.05,competitor,decoy,0,3.982
6,103,numeric,0.1,0.2,target,target,1,6.705
6,104,perceptual,0.1,0.2,target,target,1,3.28
6,105,perceptual,0.1,0.05,target,competitor,0,2.847
6,106,numeric,0.1,0.2,competitor,target,1,4.974
6,107,numeric,0.03,0.05,competitor,target,1,5.316
6,108,numeric,0.1,0.2,competitor,target,1,3.066
6,109,perceptual,0.03,0.05,competitor,decoy,0,2.952
6,110,numeric,0.03,0.2,competitor,competitor,0,4.861
6,111,perceptual,0.03,0.05,target,target,1,3.15
6,112,perceptual,0.03,0.05,target,competitor,0,2.713
6,113,numeric,0.1,0.2,target,competitor,0,2.098
6,114,perceptual,0.1,0.2,competitor,target,1,2.505
6,115,perceptual,0.03,0.2,competitor,competitor,0,3.086
6,116,numeric,0.03,0.2,target,competitor,0,5.529
6,117,perceptual,0.1,0.05,competitor,target,1,3.321
6,118,numeric,0.03,0.2,target,competitor,0,5.895
6,119,numeric,0.03,0.05,competitor,target,1,2.573
6,120,perceptual,0.03,0.2,target,target,1,2.568
6,121,perceptual,0.03,0.05,competitor,competitor,0,2.972
6,122,numeric,0.03,0.05,target,target,1,10.317
6,123,perceptual,0.03,0.05,competitor,target,1,2.813
6,124,perceptual,0.1,0.2,target,target,1,2.791
6,125,numeric,0.1,0.2,target,target,1,3.833
6,126,perceptual,0.1,0.05,target,decoy,0,2.593
6,127,numeric,0.03,0.2,target,competitor,0,4.121
6,128,numeric,0.1,0.2,target,competitor,0,3.189
6,129,perceptual,0.1,0.2,competitor,target,1,3.844
6,130,perceptual,0.1,0.2,competitor,competitor,0,3.336
6,131,perceptual,0.03,0.2,competitor,target,1,2.558
6,132,perceptual,0.1,0.05,target,target,1,3.674
6,133,perceptual,0.03,0.2,competitor,target,1,4.196
6,134,numeric,0.1,0.05,target,target,1,6.666
6,135,numeric,0.1,0.2,target,target,1,6.114
6,136,numeric,0.03,0.05,competitor,competitor,0,10.682
6,137,numeric,0.1,0.2,target,target,1,3.086
6,138,numeric,0.03,0.05,target,decoy,0,2.754
6,139,perceptual,0.1,0.05,competitor,target,1,3.5
6,140,perceptual,0.03,0.2,target,target,1,3.079
6,141,perceptual,0.03,0.2,target,competitor,0,2.597
6,142,numeric,0.03,0.2,competitor,target,1,3.35
6,143,perceptual,0.1,0.2,competitor,target,1,3.589
6,144,numeric,0.1,0.2,competitor,competitor,0,4.24
6,145,numeric,0.1,0.05,competitor,target,1,6.242
6,146,perceptual,0.1,0.05,target,decoy,0,3.272
6,147,numeric,0.03,0.05,competitor,target,1,2.922
6,148,numeric,0.03,0.05,competitor,target,1,2.327
6,149,perceptual,0.03,0.05,competitor,target,1,3.24
6,150,numeric,0.03,0.05,target,competitor,0,2.064
6,151,perceptual,0.1,0.05,target,decoy,0,2.027
6,152,numeric,0.1,0.05,competitor,target,1,4.912
6,153,perceptual,0.1,0.2,competitor,target,1,2.642
6,154,numeric,0.03,0.2,competitor,competitor,0,6.246
6,155,perceptual,0.03,0.05,competitor,target,1,3.813
6,156,perceptual,0.03,0.2,competitor,target,1,4.33
6,157,perceptual,0.03,0.05,competitor,target,1,4.325
6,158,numeric,0.1,0.2,competitor,competitor,0,6.264
6,159,perceptual,0.1,0.05,competitor,competitor,0,2.953
6,160,numeric,0.03,0.2,competitor,competitor,0,2.31
6,161,numeric,0.1,0.2,competitor,target,1,3.193
6,162,perceptual,0.03,0.05,target,competitor,0,2.678
6,163,numeric,0.1,0.2,competitor,target,1,3.409
6,164,perceptual,0.1,0.2,target,target,1,4.366
6,165,numeric,0.03,0.2,target,target,1,3.637
6,166,perceptual,0.03,0.2,target,target,1,2.325
6,167,perceptual,0.03,0.2,competitor,target,1,2.545
6,168,numeric,0.1,0.2,target,competitor,0,3.176
6,169,perceptual,0.1,0.05,target,competitor,0,3.295
6,170,perceptual,0.1,0.2,target,competitor,0,3.892
6,171,numeric,0.03,0.2,competitor,competitor,0,4.596
6,172,perceptual,0.03,0.2,target,competitor,0,3.091
6,173,numeric,0.1,0.2,competitor,competitor,0,3.264
6,174,numeric,0.03,0.05,target,decoy,0,4.002
6,175,perceptual,0.1,0.05,target,target,1,3.09
6,176,perceptual,0.03,0.2,competitor,competitor,0,3.185
6,177,perceptual,0.03,0.05,competitor,target,1,2.506
6,178,numeric,0.1,0.05,target,competitor,0,2.968
6,179,perceptual,0.1,0.2,target,target,1,3.809
6,180,perceptual,0.03,0.2,competitor,target,1,2.728
6,181,perceptual,0.1,0.05,competitor,competitor,0,4.614
6,182,perceptual,0.03,0.2,target,competitor,0,4.218
6,183,perceptual,0.1,0.05,target,competitor,0,5.836
6,184,numeric,0.03,0.05,competitor,competitor,0,4.016
6,185,numeric,0.03,0.05,target,target,1,5.258
6,186,perceptual,0.03,0.2,competitor,target,1,3.128
6,187,numeric,0.03,0.05,target,target,1,6.858
6,188,numeric,0.03,0.2,competitor,target,1,3.004
6,189,numeric,0.03,0.05,competitor,competitor,0,2.79
6,190,perceptual,0.03,0.2,target,competitor,0,3.445
6,191,numeric,0.03,0.2,target,target,1,3.284
6,192,numeric,0.1,0.2,competitor,competitor,0,11.458
7,1,numeric,0.03,0.2,competitor,competitor,0,12.259
7,2,numeric,0.1,0.2,competitor,target,1,11.722
7,3,numeric,0.1,0.2,competitor,target,1,7.369
7,4,numeric,0.03,0.2,competitor,target,1,11.654
7,5,perceptual,0.1,0.05,competitor,target,1,8.646
7,6,perceptual,0.03,0.2,target,competitor,0,8.262
7,7,numeric,0.1,0.2,competitor,competitor,0,10.932
7,8,numeric,0.03,0.2,target,competitor,0,5.149
7,9,numeric,0.03,0.05,competitor,competitor,0,4.381
7,10,numeric,0.03,0.05,target,decoy,0,4.286
7,11,numeric,0.03,0.05,competitor,decoy,0,4.067
7,12,perceptual,0.03,0.05,competitor,target,1,4.298
7,13,numeric,0.03,0.2,target,competitor,0,5.2
7,14,perceptual,0.1,0.05,target,competitor,0,5.791
7,15,numeric,0.1,0.05,competitor,target,1,5.564
7,16,perceptual,0.1,0.05,competitor,target,1,3.31
7,17,numeric,0.1,0.2,competitor,competitor,0,5.784
7,18,numeric,0.1,0.2,competitor,target,1,3.573
7,19,numeric,0.1,0.05,competitor,target,1,2.849
7,20,perceptual,0.03,0.2,competitor,competitor,0,4.372
7,21,numeric,0.1,0.2,target,competitor,0,5.091
7,22,numeric,0.1,0.2,competitor,competitor,0,4.596
7,23,perceptual,0.03,0.2,competitor,decoy,0,4.889
7,24,numeric,0.03,0.2,target,target,1,5.796
7,25,perceptual,0.03,0.2,target,competitor,0,3.371
7,26,perceptual,0.1,0.05,target,target,1,3.372
7,27,numeric,0.1,0.2,competitor,target,1,5.607
7,28,numeric,0.03,0.05,target,competitor,0,7.57
7,29,perceptual,0.03,0.2,target,competitor,0,4.851
7,30,perceptual,0.03,0.05,competitor,target,1,5.241
7,31,numeric,0.03,0.05,target,competitor,0,3.007
7,32,perceptual,0.1,0.2,target,decoy,0,5.36
7,33,numeric,0.03,0.05,target,competitor,0,7.762
7,34,perceptual,0.1,0.2,competitor,target,1,5.787
7,35,perceptual,0.1,0.05,competitor,target,1,5.314
7,36,perceptual,0.03,0.2,competitor,target,1,4.201
7,37,perceptual,0.1,0.05,competitor,competitor,0,4.011
7,38,perceptual,0.1,0.2,target,competitor,0,4.255
7,39,perceptual,0.1,0.05,target,competitor,0,3.882
7,40,perceptual,0.1,0.2,competitor,competitor,0,4.697
7,41,numeric,0.03,0.2,competitor,competitor,0,5.838
7,42,perceptual,0.1,0.2,target,target,1,3.058
7,43,numeric,0.03,0.05,target,decoy,0,3.39
7,44,numeric,0.1,0.2,target,target,1,3.23
7,45,perceptual,0.1,0.2,competitor,competitor,0,2.239
7,46,perceptual,0.1,0.05,target,decoy,0,1.952
7,47,perceptual,0.1,0.05,competitor,target,1,2.648
7,48,perceptual,0.1,0.05,target,target,1,4.309
7,49,numeric,0.03,0.2,target,decoy,0,2.565
7,50,perceptual,0.03,0.05,competitor,competitor,0,3.076
7,51,perceptual,0.1,0.2,target,target,1,4.983
7,52,perceptual,0.1,0.2,competitor,target,1,4.645
7,53,numeric,0.1,0.2,competitor,target,1,4.204
7,54,numeric,0.1,0.05,competitor,competitor,0,3.255
7,55,perceptual,0.1,0.05,competitor,decoy,0,5.297
7,56,numeric,0.1,0.2,competitor,decoy,0,3.367
7,57,perceptual,0.1,0.2,competitor,target,1,3.182
7,58,numeric,0.1,0.2,competitor,target,1,4.014
7,59,numeric,0.1,0.2,target,decoy,0,2.999
7,60,numeric,0.03,0.05,target,target,1,4.628
7,61,numeric,0.03,0.2,competitor,decoy,0,4.455
7,62,numeric,0.03,0.05,competitor,target,1,6.051
7,63,perceptual,0.1,0.2,target,competitor,0,7.495
7,64,numeric,0.1,0.05,competitor,target,1,4.517
7,65,numeric,0.03,0.2,target,competitor,0,7.897
7,66,perceptual,0.1,0.05,target,decoy,0,7.192
7,67,numeric,0.03,0.05,target,competitor,0,4.334
7,68,perceptual,0.1,0.2,target,target,1,3.866
7,69,perceptual,0.03,0.2,competitor,target,1,2.6
7,70,perceptual,0.03,0.05,target,target,1,7.501
7,71,numeric,0.1,0.05,competitor,competitor,0,5.665
7,72,numeric,0.1,0.2,competitor,target,1,3.539
7,73,perceptual,0.1,0.2,competitor,competitor,0,4.454
7,74,perceptual,0.03,0.2,competitor,competitor,0,3.73
7,75,perceptual,0.03,0.05,target,competitor,0,2.828
7,76,numeric,0.1,0.05,target,competitor,0,2.776
7,77,perceptual,0.03,0.05,competitor,competitor,0,2.607
7,78,perceptual,0.1,0.05,target,competitor,0,3.345
7,79,perceptual,0.1,0.05,target,competitor,0,3.296
7,80,perceptual,0.03,0.05,competitor,decoy,0,1.808
7,81,numeric,0.03,0.05,target,decoy,0,1.417
7,82,numeric,0.03,0.2,competitor,target,1,1.302
7,83,perceptual,0.03,0.05,competitor,decoy,0,1.348
7,84,numeric,0.1,0.05,competitor,decoy,0,4.444
7,85,perceptual,0.03,0.2,competitor,decoy,0,2.773
7,86,perceptual,0.03,0.05,target,target,1,4.881
7,87,numeric,0.1,0.2,target,target,1,3.424
7,88,perceptual,0.03,0.05,competitor,target,1,6.068
7,89,numeric,0.1,0.2,target,competitor,0,4.323
7,90,perceptual,0.03,0.05,competitor,decoy,0,4.17
7,91,numeric,0.1,0.05,competitor,decoy,0,6.986
7,92,numeric,0.03,0.2,competitor,target,1,4.567
7,93,numeric,0.03,0.2,target,competitor,0,4.815
7,94,perceptual,0.03,0.05,target,competitor,0,4.073
7,95,perceptual,0.03,0.2,target,competitor,0,4.714
7,96,perceptual,0.1,0.2,competitor,target,1,3.402
7,97,perceptual,0.1,0.2,competitor,decoy,0,4.218
7,98,numeric,0.03,0.05,competitor,target,1,5.711
7,99,numeric,0.1,0.2,target,competitor,0,8.943
7,100,numeric,0.1,0.05,target,target,1,6.041
7,101,perceptual,0.1,0.2,target,competitor,0,5.005
7,102,perceptual,0.03,0.2,competitor,target,1,4.125
7,103,perceptual,0.1,0.2,competitor,competitor,0,4.502
7,104,numeric,0.03,0.2,competitor,competitor,0,3.914
7,105,numeric,0.1,0.2,target,target,1,5.123
7,106,perceptual,0.03,0.2,target,competitor,0,2.975
7,107,perceptual,0.1,0.2,target,decoy,0,5.338
7,108,numeric,0.1,0.05,competitor,target,1,5.058
7,109,numeric,0.03,0.05,competitor,competitor,0,4.543
7,110,numeric,0.1,0.2,target,decoy,0,0.108
7,111,numeric,0.1,0.2,target,target,1,5.831
7,112,numeric,0.1,0.2,competitor,target,1,5.05
7,113,numeric,0.1,0.05,target,decoy,0,4.047
7,114,numeric,0.03,0.05,competitor,competitor,0,4.854
7,115,perceptual,0.1,0.05,target,decoy,0,6.047
7,116,numeric,0.1,0.05,target,target,1,6.819
7,117,perceptual,0.03,0.05,target,decoy,0,4.751
7,118,numeric,0.03,0.05,competitor,competitor,0,5.238
7,119,numeric,0.1,0.2,target,target,1,4.149
7,120,numeric,0.1,0.05,competitor,target,1,7.18
7,121,perceptual,0.1,0.2,competitor,competitor,0,5.16
7,122,numeric,0.03,0.2,target,competitor,0,2.907
7,123,numeric,0.03,0.2,target,target,1,4.206
7,124,perceptual,0.1,0.2,target,competitor,0,5.502
7,125,perceptual,0.03,0.2,target,target,1,3.214
7,126,perceptual,0.1,0.05,competitor,target,1,5.607
7,127,numeric,0.1,0.05,target,competitor,0,5.19
7,128,perceptual,0.03,0.2,competitor,competitor,0,7.246
7,129,perceptual,0.03,0.05,competitor,target,1,6.25
7,130,numeric,0.1,0.2,target,target,1,6.857
7,131,numeric,0.03,0.05,target,target,1,5.804
7,132,perceptual,0.1,0.05,target,competitor,0,3.314
7,133,perceptual,0.1,0.2,target,competitor,0,3.653
7,134,perceptual,0.03,0.2,competitor,decoy,0,4.715
7,135,perceptual,0.03,0.05,target,target,1,4.334
7,136,numeric,0.03,0.05,competitor,competitor,0,4.464
7,137,perceptual,0.1,0.2,target,target,1,4
7,138,numeric,0.03,0.05,competitor,target,1,5.336
7,139,perceptual,0.03,0.05,competitor,competitor,0,6.444
7,140,numeric,0.1,0.05,target,decoy,0,5.67
7,141,perceptual,0.03,0.05,target,competitor,0,4.726
7,142,numeric,0.03,0.2,target,competitor,0,4.914
7,143,numeric,0.03,0.2,competitor,competitor,0,8.212
7,144,perceptual,0.03,0.2,competitor,target,1,4.938
7,145,numeric,0.1,0.05,target,target,1,5.869
7,146,perceptual,0.1,0.05,competitor,target,1,4.315
7,147,numeric,0.1,0.05,competitor,target,1,5.207
7,148,perceptual,0.03,0.2,target,target,1,7.714
7,149,numeric,0.1,0.2,target,target,1,7.482
7,150,numeric,0.1,0.05,target,target,1,6.296
7,151,perceptual,0.03,0.05,competitor,target,1,4.979
7,152,perceptual,0.1,0.05,competitor,competitor,0,5.091
7,153,perceptual,0.03,0.05,target,competitor,0,6.367
7,154,perceptual,0.03,0.2,competitor,target,1,5.958
7,155,numeric,0.03,0.05,target,target,1,6.032
7,156,perceptual,0.1,0.05,competitor,target,1,3.337
7,157,perceptual,0.03,0.2,target,competitor,0,5.758
7,158,perceptual,0.03,0.2,competitor,decoy,0,4.564
7,159,numeric,0.03,0.2,target,competitor,0,3.753
7,160,numeric,0.03,0.05,target,competitor,0,4.223
7,161,perceptual,0.03,0.2,target,target,1,4.212
7,162,numeric,0.03,0.2,target,target,1,4.282
7,163,numeric,0.03,0.2,competitor,competitor,0,10.3
7,164,numeric,0.03,0.05,target,target,1,9.312
7,165,numeric,0.1,0.05,competitor,target,1,6.109
7,166,numeric,0.1,0.05,target,decoy,0,8.99
7,167,perceptual,0.1,0.05,target,target,1,5.528
7,168,perceptual,0.03,0.05,target,decoy,0,3.197
7,169,perceptual,0.03,0.2,target,target,1,3.379
7,170,perceptual,0.1,0.2,target,competitor,0,3.764
7,171,numeric,0.03,0.05,competitor,target,1,8.731
7,172,numeric,0.1,0.05,target,competitor,0,7.1
7,173,perceptual,0.03,0.05,target,target,1,3.198
7,174,perceptual,0.03,0.05,target,competitor,0,3.753
7,175,perceptual,0.03,0.05,competitor,decoy,0,7.755
7,176,perceptual,0.1,0.2,competitor,competitor,0,3.43
7,177,perceptual,0.1,0.05,target,competitor,0,4.174
7,178,numeric,0.03,0.2,competitor,target,1,5.153
7,179,numeric,0.03,0.2,competitor,target,1,4.815
7,180,perceptual,0.03,0.2,target,decoy,0,2.405
7,181,perceptual,0.1,0.2,competitor,competitor,0,3.158
7,182,perceptual,0.1,0.05,competitor,target,1,3.684
7,183,numeric,0.1,0.05,target,target,1,5.829
7,184,numeric,0.1,0.05,target,target,1,3.491
7,185,numeric,0.03,0.05,competitor,target,1,4.679
7,186,numeric,0.03,0.05,competitor,competitor,0,7.244
7,187,perceptual,0.1,0.05,competitor,competitor,0,4.707
7,188,numeric,0.1,0.05,competitor,target,1,4.119
7,189,perceptual,0.03,0.2,target,competitor,0,3.942
7,190,numeric,0.03,0.2,target,target,1,3.256
7,191,numeric,0.03,0.2,competitor,target,1,7.489
7,192,perceptual,0.03,0.05,target,competitor,0,2.905
8,1,perceptual,0.1,0.05,competitor,competitor,0,8.192
8,2,numeric,0.03,0.2,target,target,1,7.961
8,3,perceptual,0.1,0.05,target,decoy,0,4.555
8,4,perceptual,0.03,0.05,target,target,1,6.876
8,5,perceptual,0.1,0.05,target,target,1,4.967
8,6,perceptual,0.03,0.05,competitor,decoy,0,4.981
8,7,numeric,0.1,0.2,competitor,competitor,0,9.484
8,8,perceptual,0.03,0.05,competitor,target,1,6.649
8,9,perceptual,0.1,0.2,target,target,1,3.687
8,10,perceptual,0.1,0.2,target,target,1,5.258
8,11,perceptual,0.1,0.05,target,decoy,0,5.081
8,12,perceptual,0.1,0.05,competitor,decoy,0,4.074
8,13,perceptual,0.1,0.2,target,competitor,0,4.509
8,14,numeric,0.03,0.05,target,target,1,8.826
8,15,perceptual,0.03,0.05,target,decoy,0,6.653
8,16,numeric,0.1,0.2,target,target,1,6.523
8,17,perceptual,0.1,0.05,target,decoy,0,4.135
8,18,numeric,0.03,0.05,competitor,competitor,0,10.007
8,19,perceptual,0.03,0.05,competitor,target,1,7.846
8,20,perceptual,0.1,0.05,target,target,1,7.36
8,21,perceptual,0.1,0.05,target,competitor,0,5.031
8,22,numeric,0.1,0.2,competitor,target,1,8.544
8,23,perceptual,0.1,0.2,target,target,1,4.52
8,24,perceptual,0.1,0.2,target,competitor,0,5.189
8,25,numeric,0.03,0.05,competitor,competitor,0,17.614
8,26,perceptual,0.03,0.05,competitor,target,1,7.33
8,27,perceptual,0.03,0.05,target,target,1,3.945
8,28,numeric,0.1,0.2,competitor,target,1,10.477
8,29,perceptual,0.1,0.05,target,target,1,4.862
8,30,numeric,0.1,0.2,competitor,target,1,7.451
8,31,numeric,0.03,0.05,competitor,target,1,7.762
8,32,numeric,0.03,0.2,target,competitor,0,10.778
8,33,numeric,0.1,0.05,competitor,target,1,7.46
8,34,perceptual,0.1,0.2,competitor,competitor,0,6.502
8,35,numeric,0.03,0.05,target,target,1,7.526
8,36,numeric,0.1,0.05,target,target,1,13.18
8,37,perceptual,0.03,0.2,competitor,competitor,0,8.888
8,38,perceptual,0.1,0.2,competitor,competitor,0,5.996
8,39,numeric,0.03,0.2,competitor,target,1,12.153
8,40,perceptual,0.03,0.05,target,decoy,0,3.689
8,41,perceptual,0.1,0.05,competitor,decoy,0,6.961
8,42,numeric,0.1,0.2,target,target,1,6.062
8,43,perceptual,0.03,0.05,competitor,competitor,0,4.309
8,44,numeric,0.1,0.05,competitor,target,1,8.154
8,45,numeric,0.1,0.05,target,target,1,9.817
8,46,numeric,0.03,0.05,target,competitor,0,14.11
8,47,perceptual,0.03,0.05,competitor,target,1,4.362
8,48,numeric,0.03,0.2,competitor,competitor,0,9.931
8,49,perceptual,0.1,0.2,target,competitor,0,6.757
8,50,perceptual,0.03,0.2,competitor,target,1,4.935
8,51,numeric,0.1,0.05,competitor,target,1,7.912
8,52,numeric,0.03,0.2,competitor,competitor,0,14.655
8,53,numeric,0.03,0.2,target,target,1,6.374
8,54,perceptual,0.03,0.2,competitor,competitor,0,4.312
8,55,numeric,0.03,0.2,competitor,target,1,11.392
8,56,numeric,0.03,0.05,competitor,competitor,0,7.001
8,57,numeric,0.1,0.05,target,target,1,17.241
8,58,perceptual,0.1,0.05,target,competitor,0,5.96
8,59,perceptual,0.1,0.2,competitor,target,1,3.586
8,60,numeric,0.1,0.2,target,target,1,17.518
8,61,perceptual,0.03,0.05,competitor,target,1,5.04
8,62,numeric,0.03,0.2,target,target,1,12.144
8,63,perceptual,0.03,0.05,target,competitor,0,6.103
8,64,perceptual,0.03,0.2,competitor,target,1,4.373
8,65,perceptual,0.03,0.05,target,decoy,0,4.587
8,66,perceptual,0.1,0.05,target,decoy,0,3.751
8,67,numeric,0.03,0.05,competitor,target,1,4.639
8,68,perceptual,0.1,0.2,target,competitor,0,3.725
8,69,numeric,0.03,0.05,competitor,target,1,13.446
8,70,numeric,0.1,0.2,target,target,1,7.416
8,71,numeric,0.1,0.05,competitor,competitor,0,11.24
8,72,perceptual,0.03,0.2,target,competitor,0,4.512
8,73,numeric,0.03,0.2,competitor,target,1,6.856
8,74,perceptual,0.1,0.2,competitor,target,1,7.22
8,75,perceptual,0.1,0.2,target,target,1,4.634
8,76,perceptual,0.03,0.2,target,target,1,3.286
8,77,perceptual,0.1,0.2,competitor,competitor,0,6.495
8,78,numeric,0.03,0.2,target,competitor,0,5.353
8,79,perceptual,0.03,0.2,target,target,1,16.503
8,80,numeric,0.03,0.05,target,target,1,10.699
8,81,perceptual,0.1,0.2,target,competitor,0,4.114
8,82,perceptual,0.1,0.2,target,competitor,0,6.592
8,83,numeric,0.1,0.05,competitor,competitor,0,9.291
8,84,perceptual,0.03,0.2,target,decoy,0,6.538
8,85,perceptual,0.1,0.05,competitor,decoy,0,6.015
8,86,numeric,0.03,0.2,competitor,target,1,10.175
8,87,numeric,0.03,0.2,target,target,1,8.181
8,88,perceptual,0.1,0.2,competitor,target,1,5.461
8,89,numeric,0.1,0.05,target,target,1,6.606
8,90,numeric,0.1,0.2,competitor,target,1,11.908
8,91,numeric,0.03,0.05,competitor,competitor,0,8.703
8,92,perceptual,0.03,0.05,target,competitor,0,4.542
8,93,numeric,0.03,0.2,target,target,1,6.27
8,94,numeric,0.1,0.2,target,target,1,14.2
8,95,numeric,0.1,0.05,competitor,target,1,6.757
8,96,numeric,0.1,0.05,target,target,1,6.357
8,97,perceptual,0.03,0.05,competitor,competitor,0,6.727
8,98,numeric,0.03,0.05,target,target,1,7.225
8,99,numeric,0.03,0.2,competitor,competitor,0,5.664
8,100,numeric,0.1,0.05,target,target,1,14.498
8,101,numeric,0.03,0.05,target,target,1,7.369
8,102,perceptual,0.03,0.2,target,target,1,4.019
8,103,perceptual,0.03,0.2,competitor,competitor,0,5.04
8,104,numeric,0.1,0.05,target,target,1,6.426
8,105,perceptual,0.03,0.2,target,competitor,0,3.889
8,106,numeric,0.03,0.05,competitor,competitor,0,9.921
8,107,numeric,0.1,0.2,target,target,1,10.93
8,108,perceptual,0.1,0.05,competitor,decoy,0,5.238
8,109,perceptual,0.03,0.05,target,decoy,0,5.791
8,110,perceptual,0.1,0.2,competitor,decoy,0,5.524
8,111,numeric,0.03,0.2,target,target,1,7.869
8,112,numeric,0.03,0.2,competitor,target,1,6.524
8,113,perceptual,0.1,0.05,competitor,target,1,9.53
8,114,perceptual,0.1,0.2,competitor,decoy,0,6.169
8,115,numeric,0.03,0.05,target,target,1,6.44
8,116,perceptual,0.03,0.05,competitor,target,1,6.574
8,117,numeric,0.03,0.2,competitor,competitor,0,11.061
8,118,perceptual,0.03,0.2,target,competitor,0,3.488
8,119,numeric,0.1,0.2,target,target,1,10.502
8,120,numeric,0.1,0.05,competitor,target,1,8.048
8,121,numeric,0.1,0.2,competitor,competitor,0,14.122
8,122,numeric,0.1,0.05,competitor,target,1,6.53
8,123,numeric,0.1,0.2,competitor,competitor,0,10.139
8,124,perceptual,0.1,0.2,target,competitor,0,4.534
8,125,perceptual,0.1,0.2,competitor,competitor,0,3.968
8,126,numeric,0.03,0.2,target,competitor,0,6.16
8,127,numeric,0.1,0.2,competitor,target,1,7.9
8,128,numeric,0.03,0.05,competitor,target,1,7.175
8,129,numeric,0.03,0.2,target,target,1,5.594
8,130,perceptual,0.03,0.2,target,decoy,0,4.36
8,131,numeric,0.03,0.05,competitor,competitor,0,6.33
8,132,numeric,0.03,0.2,target,target,1,10.689
8,133,numeric,0.03,0.05,target,target,1,9.749
8,134,numeric,0.1,0.05,competitor,competitor,0,10.317
8,135,perceptual,0.03,0.05,competitor,target,1,3.562
8,136,perceptual,0.03,0.05,competitor,competitor,0,4.433
8,137,numeric,0.1,0.05,target,target,1,10.26
8,138,numeric,0.1,0.05,target,target,1,10.307
8,139,numeric,0.03,0.2,competitor,competitor,0,6.599
8,140,perceptual,0.03,0.2,target,competitor,0,3.315
8,141,perceptual,0.1,0.05,competitor,decoy,0,4.708
8,142,numeric,0.1,0.2,target,target,1,9.445
8,143,perceptual,0.03,0.2,competitor,target,1,4.39
8,144,numeric,0.1,0.2,competitor,competitor,0,8.509
8,145,perceptual,0.1,0.05,competitor,competitor,0,6.331
8,146,perceptual,0.1,0.05,competitor,decoy,0,5.971
8,147,perceptual,0.03,0.05,target,competitor,0,4.734
8,148,numeric,0.1,0.2,target,competitor,0,9.053
8,149,perceptual,0.1,0.2,target,decoy,0,4.421
8,150,perceptual,0.1,0.05,competitor,target,1,4.548
8,151,numeric,0.03,0.05,competitor,target,1,7.36
8,152,perceptual,0.1,0.05,competitor,decoy,0,5.256
8,153,perceptual,0.03,0.05,target,target,1,5.353
8,154,numeric,0.03,0.05,target,target,1,8.619
8,155,perceptual,0.03,0.2,competitor,target,1,4.078
8,156,numeric,0.1,0.2,target,target,1,13.341
8,157,numeric,0.1,0.2,target,target,1,7.465
8,158,numeric,0.03,0.05,target,target,1,8.549
8,159,numeric,0.1,0.05,target,target,1,9.288
8,160,perceptual,0.1,0.2,competitor,target,1,5.943
8,161,perceptual,0.03,0.2,competitor,competitor,0,4.357
8,162,perceptual,0.03,0.2,competitor,competitor,0,2.805
8,163,perceptual,0.03,0.2,target,competitor,0,4.751
8,164,perceptual,0.1,0.05,target,target,1,3.953
8,165,perceptual,0.03,0.2,competitor,competitor,0,6.019
8,166,numeric,0.03,0.2,target,competitor,0,15.167
8,167,numeric,0.1,0.2,competitor,target,1,9.355
8,168,perceptual,0.03,0.05,target,decoy,0,4.347
8,169,perceptual,0.03,0.2,competitor,competitor,0,3.95
8,170,perceptual,0.03,0.05,target,competitor,0,3.174
8,171,numeric,0.1,0.05,competitor,competitor,0,6.48
8,172,numeric,0.1,0.05,target,target,1,6.985
8,173,numeric,0.1,0.2,target,target,1,6.931
8,174,perceptual,0.03,0.2,target,target,1,3.942
8,175,perceptual,0.03,0.05,competitor,target,1,3.037
8,176,perceptual,0.03,0.2,target,target,1,3.69
8,177,perceptual,0.1,0.05,competitor,target,1,3.527
8,178,numeric,0.1,0.05,target,target,1,9.845
8,179,numeric,0.03,0.2,competitor,competitor,0,8.875
8,180,perceptual,0.1,0.05,target,decoy,0,4.097
8,181,numeric,0.03,0.2,competitor,competitor,0,7.305
8,182,numeric,0.1,0.05,competitor,target,1,6.69
8,183,numeric,0.03,0.05,target,competitor,0,6.865
8,184,perceptual,0.1,0.2,competitor,target,1,5.147
8,185,perceptual,0.03,0.2,competitor,competitor,0,5.446
8,186,perceptual,0.1,0.05,target,target,1,4.407
8,187,numeric,0.1,0.2,competitor,target,1,8.307
8,188,perceptual,0.1,0.2,competitor,competitor,0,3.371
8,189,numeric,0.03,0.05,target,target,1,5.757
8,190,numeric,0.1,0.2,competitor,competitor,0,8.531
8,191,numeric,0.03,0.05,competitor,target,1,11.791
8,192,numeric,0.1,0.05,competitor,target,1,11.284
9,1,numeric,0.1,0.2,competitor,decoy,0,8.13
9,2,numeric,0.03,0.2,competitor,competitor,0,6.43
9,3,perceptual,0.1,0.2,target,target,1,6.055
9,4,numeric,0.1,0.2,competitor,target,1,7.694
9,5,numeric,0.1,0.2,competitor,target,1,5.361
9,6,numeric,0.03,0.05,target,target,1,7.376
9,7,perceptual,0.03,0.2,target,competitor,0,4.899
9,8,numeric,0.1,0.2,competitor,target,1,8.771
9,9,perceptual,0.03,0.05,target,competitor,0,6.661
9,10,numeric,0.03,0.2,target,competitor,0,5.817
9,11,perceptual,0.1,0.05,competitor,target,1,4.616
9,12,perceptual,0.1,0.2,target,target,1,8.588
9,13,numeric,0.1,0.2,target,decoy,0,5.375
9,14,perceptual,0.1,0.2,target,target,1,6.346
9,15,numeric,0.03,0.2,target,target,1,4.197
9,16,numeric,0.1,0.2,target,target,1,5.983
9,17,numeric,0.1,0.05,target,competitor,0,4.605
9,18,perceptual,0.03,0.2,target,target,1,5.177
9,19,numeric,0.1,0.05,target,target,1,5.203
9,20,perceptual,0.1,0.05,competitor,decoy,0,6.877
9,21,numeric,0.03,0.05,competitor,competitor,0,10.595
9,22,perceptual,0.03,0.2,competitor,competitor,0,5.56
9,23,numeric,0.1,0.05,target,competitor,0,6.243
9,24,perceptual,0.03,0.05,competitor,target,1,4.389
9,25,numeric,0.1,0.05,target,decoy,0,3.714
9,26,numeric,0.03,0.05,target,target,1,4.523
9,27,perceptual,0.1,0.05,target,target,1,5.21
9,28,perceptual,0.03,0.2,competitor,decoy,0,4.024
9,29,perceptual,0.03,0.2,competitor,competitor,0,4.167
9,30,perceptual,0.1,0.2,competitor,target,1,6.589
9,31,numeric,0.03,0.05,competitor,target,1,4.363
9,32,perceptual,0.1,0.2,competitor,target,1,5.59
9,33,numeric,0.03,0.05,competitor,target,1,2.785
9,34,perceptual,0.03,0.2,target,decoy,0,4.633
9,35,numeric,0.03,0.05,target,target,1,8.94
9,36,perceptual,0.03,0.2,target,decoy,0,7.893
9,37,numeric,0.03,0.05,target,target,1,9.828
9,38,perceptual,0.03,0.05,target,target,1,5.31
9,39,perceptual,0.1,0.05,target,target,1,4.14
9,40,perceptual,0.03,0.2,target,competitor,0,3.046
9,41,numeric,0.1,0.2,target,target,1,4.297
9,42,perceptual,0.03,0.05,target,target,1,7.674
9,43,perceptual,0.03,0.05,competitor,competitor,0,4.325
9,44,numeric,0.03,0.2,competitor,decoy,0,0.074
9,45,perceptual,0.03,0.05,target,target,1,9.707
9,46,numeric,0.03,0.05,target,target,1,3.938
9,47,perceptual,0.1,0.05,competitor,target,1,2.794
9,48,perceptual,0.1,0.05,target,target,1,4.331
9,49,perceptual,0.03,0.05,target,competitor,0,4.152
9,50,perceptual,0.03,0.2,competitor,target,1,2.459
9,51,perceptual,0.1,0.2,competitor,target,1,3.273
9,52,perceptual,0.1,0.05,competitor,target,1,6.532
9,53,perceptual,0.1,0.05,competitor,competitor,0,5.07
9,54,perceptual,0.03,0.2,competitor,target,1,2.916
9,55,numeric,0.03,0.05,competitor,decoy,0,5.743
9,56,numeric,0.03,0.2,competitor,target,1,5.473
9,57,perceptual,0.1,0.05,competitor,competitor,0,6.486
9,58,numeric,0.1,0.2,competitor,target,1,4.114
9,59,perceptual,0.1,0.2,target,competitor,0,4.042
9,60,perceptual,0.03,0.2,competitor,target,1,5.342
9,61,numeric,0.03,0.2,competitor,target,1,4.377
9,62,perceptual,0.1,0.05,target,decoy,0,2.365
9,63,perceptual,0.03,0.05,target,decoy,0,5.806
9,64,numeric,0.1,0.05,competitor,competitor,0,8.439
9,65,numeric,0.03,0.2,competitor,decoy,0,3.907
9,66,perceptual,0.1,0.05,competitor,competitor,0,3.693
9,67,perceptual,0.03,0.05,competitor,decoy,0,5.074
9,68,perceptual,0.1,0.2,target,decoy,0,3.324
9,69,perceptual,0.03,0.2,competitor,target,1,4.942
9,70,perceptual,0.1,0.05,target,decoy,0,7.56
9,71,perceptual,0.03,0.05,competitor,competitor,0,3.857
9,72,perceptual,0.03,0.05,target,decoy,0,5.35
9,73,numeric,0.1,0.05,competitor,target,1,3.292
9,74,numeric,0.03,0.2,target,target,1,3.706
9,75,numeric,0.03,0.2,target,competitor,0,5.088
9,76,numeric,0.1,0.2,competitor,target,1,4.101
9,77,numeric,0.1,0.05,target,decoy,0,4.939
9,78,numeric,0.1,0.05,target,target,1,3.074
9,79,numeric,0.1,0.2,competitor,competitor,0,4.856
9,80,perceptual,0.03,0.05,competitor,competitor,0,7.619
9,81,numeric,0.1,0.05,target,decoy,0,3.797
9,82,perceptual,0.03,0.05,competitor,target,1,2.675
9,83,numeric,0.03,0.2,target,competitor,0,3.14
9,84,numeric,0.1,0.2,target,decoy,0,3.543
9,85,perceptual,0.03,0.05,target,target,1,4.456
9,86,perceptual,0.03,0.05,competitor,competitor,0,5.026
9,87,perceptual,0.03,0.2,competitor,competitor,0,5.557
9,88,numeric,0.03,0.05,competitor,target,1,5.308
9,89,numeric,0.03,0.2,competitor,competitor,0,9.926
9,90,perceptual,0.1,0.2,target,competitor,0,5.919
9,91,perceptual,0.03,0.05,competitor,target,1,3.187
9,92,perceptual,0.1,0.05,target,target,1,3.525
9,93,perceptual,0.1,0.05,target,competitor,0,8.042
9,94,numeric,0.1,0.2,competitor,target,1,5.825
9,95,numeric,0.1,0.05,competitor,target,1,2.987
9,96,numeric,0.1,0.05,competitor,competitor,0,6.877
9,97,perceptual,0.1,0.2,competitor,target,1,3.568
9,98,perceptual,0.1,0.2,target,competitor,0,2.727
9,99,numeric,0.03,0.05,competitor,target,1,8.175
9,100,numeric,0.03,0.2,target,competitor,0,6.102
9,101,perceptual,0.03,0.05,competitor,target,1,6.874
9,102,perceptual,0.03,0.2,competitor,decoy,0,7.731
9,103,numeric,0.1,0.05,competitor,decoy,0,2.763
9,104,numeric,0.1,0.2,competitor,competitor,0,4.126
9,105,perceptual,0.1,0.2,competitor,decoy,0,4.746
9,106,numeric,0.1,0.05,target,competitor,0,2.782
9,107,numeric,0.03,0.2,competitor,target,1,11.327
9,108,perceptual,0.1,0.2,competitor,target,1,4.24
9,109,perceptual,0.03,0.05,target,target,1,5.475
9,110,numeric,0.03,0.05,competitor,competitor,0,4.479
9,111,numeric,0.1,0.2,target,competitor,0,6.075
9,112,perceptual,0.03,0.2,competitor,target,1,2.978
9,113,numeric,0.03,0.2,target,target,1,3.24
9,114,numeric,0.1,0.05,competitor,competitor,0,3.259
9,115,numeric,0.1,0.2,target,target,1,4.826
9,116,perceptual,0.1,0.2,competitor,target,1,4.6
9,117,numeric,0.1,0.2,target,competitor,0,4.78
9,118,perceptual,0.1,0.2,competitor,decoy,0,8.007
9,119,numeric,0.03,0.05,competitor,target,1,4.209
9,120,numeric,0.1,0.2,target,target,1,6.827
9,121,numeric,0.1,0.2,competitor,target,1,5.007
9,122,numeric,0.1,0.05,competitor,decoy,0,5.427
9,123,numeric,0.1,0.2,target,target,1,4.094
9,124,perceptual,0.1,0.05,competitor,target,1,5.356
9,125,perceptual,0.03,0.05,target,target,1,3.572
9,126,perceptual,0.03,0.05,competitor,decoy,0,7.211
9,127,perceptual,0.03,0.2,target,decoy,0,4.296
9,128,numeric,0.03,0.05,competitor,target,1,3.977
9,129,numeric,0.1,0.2,competitor,target,1,3.133
9,130,numeric,0.1,0.05,competitor,competitor,0,5.56
9,131,numeric,0.1,0.05,competitor,target,1,5.505
9,132,numeric,0.1,0.05,target,competitor,0,5.476
9,133,numeric,0.03,0.05,target,competitor,0,5.245
9,134,perceptual,0.1,0.2,competitor,target,1,6.56
9,135,numeric,0.1,0.2,target,competitor,0,3.279
9,136,numeric,0.1,0.05,target,target,1,8.341
9,137,numeric,0.03,0.2,target,target,1,3.707
9,138,perceptual,0.03,0.05,competitor,decoy,0,6.106
9,139,perceptual,0.03,0.05,target,decoy,0,4.557
9,140,perceptual,0.03,0.2,target,competitor,0,6.094
9,141,perceptual,0.1,0.2,target,target,1,7.165
9,142,numeric,0.1,0.05,competitor,decoy,0,9.209
9,143,numeric,0.1,0.05,competitor,target,1,6.149
9,144,numeric,0.03,0.2,target,competitor,0,4.315
9,145,numeric,0.03,0.2,competitor,target,1,2.157
9,146,numeric,0.03,0.05,competitor,target,1,2.647
9,147,perceptual,0.1,0.05,target,competitor,0,3.721
9,148,perceptual,0.1,0.2,competitor,competitor,0,3.144
9,149,perceptual,0.03,0.2,competitor,decoy,0,3.53
9,150,numeric,0.03,0.05,target,decoy,0,5.859
9,151,numeric,0.03,0.05,target,competitor,0,3.697
9,152,perceptual,0.03,0.05,target,competitor,0,4.006
9,153,numeric,0.03,0.05,competitor,target,1,3.996
9,154,perceptual,0.1,0.05,competitor,competitor,0,4.008
9,155,numeric,0.03,0.2,competitor,decoy,0,7.411
9,156,perceptual,0.1,0.05,competitor,target,1,4.909
9,157,numeric,0.03,0.05,target,target,1,6.624
9,158,perceptual,0.1,0.2,target,competitor,0,3.525
9,159,perceptual,0.03,0.2,target,competitor,0,2.995
9,160,perceptual,0.1,0.2,target,target,1,2.53
9,161,perceptual,0.03,0.2,target,competitor,0,2.684
9,162,numeric,0.03,0.05,target,competitor,0,3.747
9,163,perceptual,0.1,0.05,competitor,decoy,0,5.935
9,164,numeric,0.03,0.05,competitor,target,1,3.499
9,165,perceptual,0.1,0.05,target,decoy,0,4.209
9,166,perceptual,0.1,0.05,target,target,1,7.293
9,167,numeric,0.03,0.05,target,target,1,6.903
9,168,perceptual,0.1,0.2,competitor,competitor,0,3.359
9,169,numeric,0.03,0.2,competitor,decoy,0,5.695
9,170,numeric,0.1,0.05,target,target,1,10.161
9,171,perceptual,0.03,0.2,competitor,target,1,3.978
9,172,perceptual,0.03,0.2,target,competitor,0,2.937
9,173,numeric,0.03,0.2,target,competitor,0,3.123
9,174,perceptual,0.1,0.2,target,target,1,4.791
9,175,numeric,0.1,0.05,competitor,decoy,0,2.697
9,176,numeric,0.03,0.2,competitor,target,1,4.206
9,177,numeric,0.1,0.2,target,target,1,3.751
9,178,perceptual,0.03,0.2,target,decoy,0,4.348
9,179,perceptual,0.03,0.05,competitor,target,1,4.63
9,180,numeric,0.03,0.2,target,decoy,0,7.343
9,181,perceptual,0.1,0.05,competitor,competitor,0,6.205
9,182,numeric,0.1,0.2,target,target,1,3.953
9,183,numeric,0.1,0.05,target,competitor,0,2.61
9,184,perceptual,0.1,0.2,competitor,competitor,0,8.243
9,185,numeric,0.03,0.05,target,competitor,0,10.962
9,186,numeric,0.03,0.2,competitor,competitor,0,6.417
9,187,perceptual,0.1,0.2,target,competitor,0,10.939
9,188,perceptual,0.1,0.05,target,decoy,0,3.393
9,189,numeric,0.03,0.2,target,competitor,0,4.214
9,190,perceptual,0.03,0.2,target,target,1,5.613
9,191,numeric,0.1,0.2,competitor,competitor,0,3.374
9,192,perceptual,0.1,0.05,target,competitor,0,4.477
10,1,numeric,0.1,0.05,target,target,1,9.066
10,2,numeric,0.1,0.2,target,target,1,8.052
10,3,perceptual,0.1,0.2,target,target,1,6.634
10,4,numeric,0.1,0.05,competitor,target,1,8.712
10,5,perceptual,0.1,0.2,target,target,1,9.529
10,6,numeric,0.1,0.05,competitor,target,1,6.606
10,7,perceptual,0.03,0.2,competitor,target,1,7.893
10,8,numeric,0.03,0.2,competitor,competitor,0,4.961
10,9,numeric,0.03,0.05,target,competitor,0,9.601
10,10,numeric,0.1,0.05,competitor,target,1,5.177
10,11,perceptual,0.03,0.2,target,target,1,5.259
10,12,numeric,0.1,0.2,competitor,target,1,5.517
10,13,numeric,0.1,0.05,target,target,1,6.826
10,14,perceptual,0.1,0.05,target,target,1,8.557
10,15,numeric,0.1,0.2,competitor,target,1,9.718
10,16,perceptual,0.03,0.2,competitor,target,1,9.522
10,17,numeric,0.1,0.2,target,target,1,5.236
10,18,numeric,0.1,0.05,target,decoy,0,7.143
10,19,numeric,0.03,0.05,target,decoy,0,13.158
10,20,perceptual,0.1,0.05,competitor,target,1,7.813
10,21,numeric,0.03,0.05,target,competitor,0,8.389
10,22,numeric,0.03,0.05,competitor,target,1,4.965
10,23,numeric,0.03,0.2,competitor,target,1,8.608
10,24,perceptual,0.1,0.2,competitor,target,1,3.992
10,25,numeric,0.1,0.05,competitor,target,1,3.61
10,26,perceptual,0.03,0.05,competitor,competitor,0,5.668
10,27,perceptual,0.03,0.2,target,target,1,5.198
10,28,numeric,0.03,0.05,target,target,1,4.267
10,29,numeric,0.1,0.05,target,target,1,11.01
10,30,perceptual,0.1,0.05,target,target,1,3.045
10,31,perceptual,0.1,0.2,competitor,competitor,0,7.277
10,32,perceptual,0.1,0.2,target,competitor,0,5.111
10,33,perceptual,0.1,0.2,target,target,1,3.513
10,34,numeric,0.03,0.05,competitor,competitor,0,5.64
10,35,numeric,0.1,0.05,target,target,1,7.736
10,36,perceptual,0.1,0.05,target,target,1,9.604
10,37,numeric,0.1,0.2,target,target,1,8.095
10,38,numeric,0.1,0.05,target,competitor,0,11.833
10,39,numeric,0.03,0.05,target,target,1,7.656
10,40,numeric,0.1,0.05,target,target,1,6.051
10,41,perceptual,0.1,0.2,competitor,decoy,0,2.086
10,42,numeric,0.03,0.05,target,target,1,6.711
10,43,numeric,0.1,0.05,competitor,target,1,9.015
10,44,numeric,0.03,0.05,target,target,1,9.423
10,45,perceptual,0.1,0.05,competitor,target,1,8.19
10,46,numeric,0.03,0.2,competitor,decoy,0,10.998
10,47,numeric,0.1,0.05,target,target,1,5.673
10,48,numeric,0.03,0.05,competitor,target,1,11.31
10,49,numeric,0.1,0.05,target,competitor,0,6.806
10,50,perceptual,0.1,0.2,target,target,1,8.64
10,51,perceptual,0.1,0.05,competitor,target,1,11.949
10,52,perceptual,0.1,0.05,competitor,target,1,5.319
10,53,perceptual,0.1,0.2,target,target,1,4.514
10,54,perceptual,0.03,0.05,competitor,target,1,4.682
10,55,perceptual,0.03,0.05,target,target,1,14.711
10,56,numeric,0.03,0.05,target,target,1,9.529
10,57,perceptual,0.03,0.2,target,target,1,5.83
10,58,perceptual,0.03,0.05,competitor,competitor,0,10.191
10,59,numeric,0.03,0.2,target,target,1,8.006
10,60,perceptual,0.1,0.2,target,competitor,0,5.317
10,61,numeric,0.03,0.05,competitor,competitor,0,11.307
10,62,numeric,0.03,0.2,target,target,1,6.251
10,63,perceptual,0.03,0.05,competitor,target,1,6.838
10,64,numeric,0.03,0.05,competitor,target,1,12.217
10,65,perceptual,0.1,0.2,competitor,competitor,0,4.333
10,66,perceptual,0.1,0.05,target,competitor,0,5.006
10,67,numeric,0.1,0.2,competitor,competitor,0,6.429
10,68,perceptual,0.1,0.2,competitor,target,1,4.751
10,69,perceptual,0.1,0.05,target,competitor,0,6.607
10,70,perceptual,0.1,0.05,competitor,target,1,4.169
10,71,perceptual,0.1,0.05,target,target,1,4.505
10,72,perceptual,0.03,0.2,target,competitor,0,7.57
10,73,perceptual,0.1,0.05,competitor,target,1,4.682
10,74,perceptual,0.1,0.05,target,decoy,0,4.88
10,75,perceptual,0.03,0.05,target,target,1,4.987
10,76,numeric,0.1,0.2,competitor,target,1,6.296
10,77,perceptual,0.1,0.2,target,target,1,6.638
10,78,perceptual,0.03,0.2,competitor,target,1,6.118
10,79,numeric,0.03,0.05,target,target,1,7.289
10,80,perceptual,0.1,0.05,target,target,1,8.874
10,81,perceptual,0.1,0.2,target,target,1,5.828
10,82,numeric,0.1,0.2,target,target,1,7.207
10,83,perceptual,0.03,0.05,competitor,target,1,5.229
10,84,numeric,0.03,0.05,competitor,competitor,0,7.469
10,85,perceptual,0.03,0.05,competitor,target,1,4.511
10,86,perceptual,0.03,0.05,target,competitor,0,5.418
10,87,numeric,0.03,0.05,competitor,competitor,0,5.868
10,88,perceptual,0.1,0.2,competitor,target,1,8.154
10,89,perceptual,0.03,0.2,target,competitor,0,8.148
10,90,perceptual,0.03,0.05,competitor,target,1,10.764
10,91,numeric,0.03,0.2,competitor,competitor,0,5.284
10,92,numeric,0.1,0.2,competitor,target,1,6.768
10,93,perceptual,0.03,0.05,target,target,1,6.493
10,94,perceptual,0.1,0.05,target,target,1,11.907
10,95,numeric,0.03,0.2,target,target,1,5.745
10,96,numeric,0.03,0.2,target,competitor,0,13.609
10,97,numeric,0.03,0.05,competitor,competitor,0,10.076
10,98,numeric,0.03,0.2,competitor,competitor,0,7.415
10,99,perceptual,0.03,0.2,competitor,competitor,0,4.548
10,100,numeric,0.1,0.2,target,target,1,4.709
10,101,numeric,0.03,0.2,competitor,target,1,5.489
10,102,numeric,0.1,0.2,target,target,1,5.598
10,103,numeric,0.03,0.2,target,competitor,0,11.97
10,104,numeric,0.03,0.05,competitor,target,1,4.397
10,105,perceptual,0.1,0.05,competitor,target,1,4.382
10,106,numeric,0.03,0.2,competitor,target,1,6.021
10,107,perceptual,0.1,0.2,competitor,target,1,3.963
10,108,numeric,0.1,0.2,competitor,target,1,7.064
10,109,numeric,0.1,0.05,competitor,target,1,4.749
10,110,perceptual,0.03,0.2,competitor,target,1,3.67
10,111,perceptual,0.03,0.2,target,target,1,14.276
10,112,perceptual,0.03,0.05,competitor,target,1,3.195
10,113,numeric,0.1,0.05,target,target,1,5.645
10,114,numeric,0.03,0.2,competitor,target,1,3.908
10,115,perceptual,0.1,0.2,competitor,target,1,4.952
10,116,perceptual,0.03,0.2,target,target,1,5.626
10,117,numeric,0.1,0.2,competitor,target,1,6.345
10,118,numeric,0.1,0.2,competitor,competitor,0,4.325
10,119,perceptual,0.03,0.2,target,competitor,0,2.9
10,120,perceptual,0.03,0.05,target,competitor,0,7.52
10,121,perceptual,0.1,0.2,target,target,1,5.846
10,122,numeric,0.1,0.05,competitor,competitor,0,7.807
10,123,perceptual,0.03,0.2,target,target,1,4.219
10,124,perceptual,0.03,0.05,target,decoy,0,7.642
10,125,perceptual,0.1,0.2,competitor,target,1,7.476
10,126,numeric,0.03,0.2,target,competitor,0,7.789
10,127,perceptual,0.03,0.2,competitor,target,1,3.504
10,128,perceptual,0.03,0.05,competitor,target,1,4.946
10,129,numeric,0.1,0.05,competitor,target,1,5.41
10,130,numeric,0.1,0.2,competitor,target,1,6.134
10,131,numeric,0.03,0.05,competitor,decoy,0,4.549
10,132,numeric,0.03,0.05,target,competitor,0,4.599
10,133,numeric,0.1,0.05,target,target,1,5.684
10,134,perceptual,0.03,0.05,target,competitor,0,5.247
10,135,perceptual,0.03,0.2,target,competitor,0,4.815
10,136,perceptual,0.03,0.05,target,target,1,7.555
10,137,perceptual,0.03,0.05,competitor,competitor,0,3.245
10,138,perceptual,0.03,0.05,target,target,1,4.865
10,139,numeric,0.1,0.2,target,target,1,4.828
10,140,perceptual,0.03,0.2,competitor,competitor,0,6.602
10,141,perceptual,0.03,0.2,competitor,competitor,0,7.565
10,142,perceptual,0.1,0.05,target,decoy,0,7.36
10,143,numeric,0.1,0.05,competitor,competitor,0,4.524
10,144,numeric,0.1,0.2,competitor,target,1,3.726
10,145,perceptual,0.1,0.2,competitor,target,1,3.147
10,146,perceptual,0.1,0.05,competitor,target,1,3.531
10,147,numeric,0.03,0.2,competitor,competitor,0,4.279
10,148,perceptual,0.1,0.05,target,target,1,4.152
10,149,perceptual,0.03,0.05,target,target,1,4.422
10,150,perceptual,0.03,0.2,competitor,competitor,0,3.608
10,151,perceptual,0.03,0.2,competitor,target,1,4.549
10,152,numeric,0.1,0.2,target,competitor,0,3.376
10,153,numeric,0.03,0.2,target,competitor,0,4.224
10,154,numeric,0.03,0.2,target,competitor,0,6.22
10,155,numeric,0.1,0.05,target,competitor,0,6.53
10,156,perceptual,0.03,0.05,target,competitor,0,4.511
10,157,perceptual,0.03,0.05,competitor,competitor,0,8.506
10,158,numeric,0.03,0.05,competitor,target,1,8.609
10,159,numeric,0.03,0.05,target,target,1,4.353
10,160,numeric,0.03,0.2,target,competitor,0,3.47
10,161,numeric,0.1,0.05,competitor,target,1,4.539
10,162,numeric,0.03,0.2,competitor,target,1,4.346
10,163,numeric,0.03,0.2,target,target,1,6.571
10,164,numeric,0.1,0.2,competitor,target,1,3.02
10,165,numeric,0.1,0.2,target,competitor,0,3.488
10,166,perceptual,0.03,0.2,target,target,1,5.916
10,167,perceptual,0.1,0.05,target,competitor,0,3.64
10,168,numeric,0.1,0.2,target,target,1,6.262
10,169,perceptual,0.03,0.2,competitor,competitor,0,4.483
10,170,perceptual,0.03,0.2,competitor,competitor,0,5.397
10,171,perceptual,0.1,0.2,target,target,1,3.363
10,172,numeric,0.1,0.05,competitor,target,1,5.167
10,173,perceptual,0.1,0.2,target,target,1,4.624
10,174,perceptual,0.1,0.05,competitor,target,1,5.321
10,175,numeric,0.03,0.05,target,competitor,0,8.788
10,176,perceptual,0.03,0.05,target,competitor,0,4.434
10,177,perceptual,0.1,0.05,competitor,target,1,3.984
10,178,numeric,0.1,0.05,competitor,competitor,0,6.445
10,179,perceptual,0.1,0.2,competitor,target,1,3.513
10,180,perceptual,0.1,0.05,competitor,competitor,0,7.017
10,181,perceptual,0.03,0.05,competitor,target,1,3.512
10,182,perceptual,0.03,0.2,target,competitor,0,3.511
10,183,numeric,0.03,0.05,competitor,decoy,0,6.53
10,184,numeric,0.03,0.2,competitor,target,1,7.428
10,185,numeric,0.1,0.2,target,target,1,5.248
10,186,numeric,0.1,0.2,target,decoy,0,5.097
10,187,perceptual,0.1,0.05,competitor,competitor,0,0.096
10,188,numeric,0.03,0.2,target,competitor,0,3.946
10,189,numeric,0.1,0.2,competitor,competitor,0,4.885
10,190,numeric,0.03,0.2,competitor,target,1,2.866
10,191,numeric,0.03,0.2,target,competitor,0,7.947
10,192,perceptual,0.1,0.2,competitor,target,1,4.107
11,1,numeric,0.1,0.05,target,decoy,0,17.251
11,2,numeric,0.1,0.2,target,target,1,10.023
11,3,perceptual,0.1,0.05,target,target,1,5.688
11,4,perceptual,0.1,0.05,target,target,1,8.87
11,5,numeric,0.1,0.2,target,competitor,0,8.052
11,6,numeric,0.03,0.2,competitor,target,1,12.814
11,7,numeric,0.1,0.2,competitor,target,1,6.044
11,8,numeric,0.03,0.2,competitor,decoy,0,9.863
11,9,perceptual,0.03,0.2,target,competitor,0,7.2
11,10,perceptual,0.1,0.05,competitor,target,1,5.344
11,11,numeric,0.03,0.05,competitor,target,1,12.064
11,12,perceptual,0.1,0.2,competitor,target,1,6.336
11,13,perceptual,0.1,0.2,competitor,competitor,0,4.116
11,14,numeric,0.03,0.05,target,decoy,0,9.206
11,15,numeric,0.1,0.05,competitor,target,1,8.693
11,16,numeric,0.03,0.05,target,target,1,7.244
11,17,numeric,0.03,0.05,competitor,target,1,3.152
11,18,numeric,0.03,0.05,target,competitor,0,1.558
11,19,perceptual,0.03,0.2,target,target,1,1.604
11,20,numeric,0.03,0.2,target,competitor,0,4.27
11,21,perceptual,0.03,0.05,competitor,decoy,0,3.862
11,22,perceptual,0.1,0.2,target,competitor,0,4.092
11,23,perceptual,0.1,0.2,target,target,1,4.556
11,24,numeric,0.1,0.05,target,decoy,0,7.326
11,25,perceptual,0.1,0.05,target,target,1,3.958
11,26,numeric,0.03,0.05,competitor,competitor,0,4.537
11,27,numeric,0.03,0.2,target,target,1,3.433
11,28,numeric,0.1,0.2,competitor,target,1,4.168
11,29,numeric,0.03,0.05,target,competitor,0,5.453
11,30,perceptual,0.03,0.05,target,target,1,4.462
11,31,perceptual,0.1,0.2,competitor,target,1,3.661
11,32,numeric,0.03,0.2,competitor,target,1,2.457
11,33,perceptual,0.03,0.2,competitor,decoy,0,2.313
11,34,perceptual,0.1,0.2,target,target,1,3.334
11,35,perceptual,0.03,0.2,target,competitor,0,3.409
11,36,perceptual,0.1,0.2,competitor,competitor,0,2.276
11,37,perceptual,0.03,0.05,target,decoy,0,3.401
11,38,numeric,0.1,0.05,competitor,competitor,0,3.035
11,39,perceptual,0.1,0.2,competitor,competitor,0,3.687
11,40,numeric,0.1,0.2,competitor,target,1,4.397
11,41,numeric,0.03,0.2,competitor,target,1,3.754
11,42,numeric,0.1,0.05,competitor,decoy,0,2.312
11,43,perceptual,0.03,0.2,target,competitor,0,2.393
11,44,perceptual,0.03,0.05,competitor,target,1,2.188
11,45,numeric,0.03,0.05,target,target,1,3.721
11,46,numeric,0.1,0.2,competitor,target,1,2.253
11,47,perceptual,0.1,0.2,competitor,target,1,2.322
11,48,numeric,0.03,0.05,competitor,target,1,2.308
11,49,numeric,0.03,0.05,competitor,decoy,0,3.176
11,50,perceptual,0.1,0.05,competitor,competitor,0,4.389
11,51,numeric,0.1,0.2,competitor,competitor,0,2.902
11,52,perceptual,0.1,0.2,target,target,1,2.597
11,53,numeric,0.03,0.2,target,competitor,0,3.107
11,54,numeric,0.1,0.2,target,competitor,0,2.589
11,55,numeric,0.03,0.2,competitor,decoy,0,2.291
11,56,numeric,0.1,0.05,target,decoy,0,3.074
11,57,perceptual,0.1,0.05,competitor,target,1,2.313
11,58,perceptual,0.03,0.05,competitor,target,1,3.036
11,59,perceptual,0.03,0.05,target,target,1,3.241
11,60,perceptual,0.03,0.05,target,decoy,0,3.036
11,61,numeric,0.03,0.2,competitor,competitor,0,2.104
11,62,numeric,0.1,0.05,competitor,target,1,4.929
11,63,numeric,0.03,0.05,target,target,1,2.077
11,64,numeric,0.1,0.05,competitor,target,1,3.398
11,65,perceptual,0.03,0.05,target,decoy,0,2.173
11,66,perceptual,0.03,0.2,target,competitor,0,2.607
11,67,perceptual,0.1,0.05,target,decoy,0,2.042
11,68,perceptual,0.03,0.05,competitor,competitor,0,2.195
11,69,perceptual,0.1,0.05,competitor,target,1,1.972
11,70,numeric,0.03,0.2,target,competitor,0,2.04
11,71,perceptual,0.1,0.2,competitor,competitor,0,2.98
11,72,perceptual,0.1,0.2,target,competitor,0,1.969
11,73,numeric,0.03,0.2,target,target,1,2.809
11,74,perceptual,0.1,0.05,target,target,1,2.163
11,75,numeric,0.1,0.2,competitor,competitor,0,2.507
11,76,numeric,0.03,0.2,target,decoy,0,2.016
11,77,numeric,0.03,0.2,competitor,target,1,1.977
11,78,perceptual,0.03,0.05,target,target,1,2.401
11,79,perceptual,0.03,0.2,target,target,1,2.114
11,80,numeric,0.1,0.05,target,decoy,0,1.906
11,81,perceptual,0.1,0.2,target,competitor,0,2.233
11,82,numeric,0.1,0.2,competitor,competitor,0,2.188
11,83,numeric,0.1,0.05,target,competitor,0,2.881
11,84,numeric,0.03,0.2,competitor,competitor,0,2.729
11,85,numeric,0.1,0.2,competitor,competitor,0,3.425
11,86,numeric,0.03,0.2,competitor,target,1,2.902
11,87,perceptual,0.1,0.05,target,target,1,6.455
11,88,perceptual,0.03,0.2,target,decoy,0,7.061
11,89,perceptual,0.1,0.05,competitor,target,1,3.902
11,90,numeric,0.03,0.05,competitor,competitor,0,2.609
11,91,numeric,0.03,0.2,target,target,1,3.863
11,92,numeric,0.03,0.2,target,target,1,3.568
11,93,perceptual,0.03,0.05,target,target,1,2.599
11,94,numeric,0.1,0.05,target,competitor,0,3.415
11,95,perceptual,0.03,0.2,competitor,decoy,0,2.018
11,96,numeric,0.1,0.05,target,decoy,0,2.195
11,97,perceptual,0.1,0.05,target,competitor,0,2.658
11,98,numeric,0.03,0.05,target,decoy,0,2.879
11,99,numeric,0.03,0.2,target,target,1,2.557
11,100,perceptual,0.1,0.2,target,competitor,0,2.685
11,101,perceptual,0.03,0.2,target,target,1,2.204
11,102,perceptual,0.1,0.2,target,target,1,5.649
11,103,perceptual,0.03,0.2,target,target,1,3.293
11,104,perceptual,0.03,0.05,competitor,target,1,7.047
11,105,numeric,0.1,0.2,target,competitor,0,4.251
11,106,perceptual,0.1,0.05,competitor,target,1,3.453
11,107,perceptual,0.03,0.2,competitor,competitor,0,3.936
11,108,numeric,0.03,0.05,competitor,target,1,2.216
11,109,numeric,0.1,0.2,competitor,target,1,2.077
11,110,perceptual,0.1,0.05,target,target,1,2.341
11,111,numeric,0.1,0.2,competitor,target,1,2.495
11,112,numeric,0.1,0.05,competitor,decoy,0,2.296
11,113,perceptual,0.03,0.05,competitor,competitor,0,2.02
11,114,perceptual,0.1,0.2,competitor,competitor,0,3.668
11,115,numeric,0.1,0.05,target,target,1,2.274
11,116,numeric,0.03,0.05,competitor,target,1,2.469
11,117,perceptual,0.1,0.05,target,decoy,0,2.151
11,118,perceptual,0.03,0.2,competitor,target,1,3.5
11,119,perceptual,0.1,0.05,competitor,target,1,7.563
11,120,perceptual,0.1,0.2,competitor,target,1,5.402
11,121,numeric,0.03,0.2,target,competitor,0,3.412
11,122,numeric,0.03,0.05,competitor,target,1,6.312
11,123,numeric,0.1,0.05,target,decoy,0,2.815
11,124,numeric,0.03,0.05,competitor,decoy,0,2.541
11,125,numeric,0.03,0.2,target,target,1,3.913
11,126,perceptual,0.03,0.05,competitor,target,1,2.98
11,127,numeric,0.03,0.05,target,target,1,2.832
11,128,numeric,0.1,0.2,target,target,1,4.061
11,129,numeric,0.03,0.05,target,target,1,2.617
11,130,numeric,0.1,0.05,target,decoy,0,3.31
11,131,perceptual,0.03,0.2,competitor,target,1,2.791
11,132,perceptual,0.03,0.05,target,decoy,0,3.971
11,133,perceptual,0.1,0.05,competitor,target,1,4.429
11,134,numeric,0.1,0.2,target,target,1,3.051
11,135,perceptual,0.1,0.05,target,decoy,0,2.996
11,136,numeric,0.03,0.2,competitor,target,1,2.297
11,137,perceptual,0.03,0.2,competitor,target,1,2.075
11,138,perceptual,0.1,0.05,competitor,target,1,2.776
11,139,perceptual,0.1,0.05,competitor,target,1,2.141
11,140,numeric,0.1,0.2,target,target,1,2.819
11,141,perceptual,0.1,0.05,competitor,target,1,3.451
11,142,numeric,0.1,0.2,target,target,1,3.639
11,143,perceptual,0.1,0.05,target,target,1,3.906
11,144,numeric,0.1,0.05,target,target,1,3.271
11,145,perceptual,0.03,0.05,competitor,target,1,3.78
11,146,numeric,0.1,0.2,competitor,target,1,2.391
11,147,numeric,0.03,0.05,competitor,target,1,3.394
11,148,perceptual,0.1,0.2,competitor,target,1,6.015
11,149,numeric,0.1,0.2,competitor,target,1,6.821
11,150,perceptual,0.03,0.2,competitor,competitor,0,5.44
11,151,numeric,0.1,0.05,competitor,target,1,5.687
11,152,numeric,0.03,0.2,target,target,1,4.307
11,153,numeric,0.03,0.2,competitor,target,1,4.104
11,154,perceptual,0.03,0.2,competitor,competitor,0,8.394
11,155,numeric,0.1,0.2,target,target,1,5.194
11,156,numeric,0.1,0.05,competitor,competitor,0,3.532
11,157,numeric,0.03,0.05,competitor,target,1,5.11
11,158,numeric,0.03,0.2,competitor,target,1,4.515
11,159,perceptual,0.1,0.2,target,target,1,4.158
11,160,perceptual,0.03,0.2,competitor,target,1,5.195
11,161,perceptual,0.1,0.05,target,target,1,2.692
11,162,numeric,0.1,0.2,target,target,1,3.764
11,163,perceptual,0.03,0.05,target,target,1,3.164
11,164,perceptual,0.03,0.2,competitor,competitor,0,3.381
11,165,numeric,0.03,0.05,target,competitor,0,3.639
11,166,perceptual,0.03,0.05,competitor,target,1,5.47
11,167,numeric,0.1,0.2,target,target,1,4.338
11,168,perceptual,0.03,0.2,competitor,target,1,8.166
11,169,numeric,0.1,0.05,competitor,target,1,5.472
11,170,perceptual,0.03,0.05,target,target,1,7.451
11,171,perceptual,0.1,0.2,target,decoy,0,5.004
11,172,perceptual,0.03,0.2,target,target,1,5.368
11,173,perceptual,0.03,0.05,target,target,1,4.69
11,174,numeric,0.1,0.2,target,competitor,0,6.825
11,175,perceptual,0.03,0.2,competitor,target,1,4.744
11,176,perceptual,0.1,0.2,target,competitor,0,4.73
11,177,perceptual,0.1,0.2,competitor,target,1,5.266
11,178,numeric,0.1,0.05,competitor,target,1,4.712
11,179,perceptual,0.03,0.05,competitor,competitor,0,5.012
11,180,perceptual,0.03,0.2,target,target,1,4.197
11,181,numeric,0.1,0.05,target,target,1,3.141
11,182,perceptual,0.1,0.2,target,target,1,3.333
11,183,perceptual,0.03,0.2,target,target,1,4.101
11,184,numeric,0.03,0.05,target,decoy,0,6.241
11,185,numeric,0.1,0.05,competitor,competitor,0,2.643
11,186,perceptual,0.03,0.05,competitor,target,1,2.762
11,187,perceptual,0.03,0.05,target,decoy,0,5.65
11,188,perceptual,0.1,0.05,competitor,target,1,4.257
11,189,numeric,0.1,0.05,competitor,target,1,4.78
11,190,numeric,0.03,0.05,target,decoy,0,6.374
11,191,perceptual,0.03,0.05,competitor,competitor,0,6.383
11,192,perceptual,0.1,0.2,competitor,target,1,5.096
12,1,perceptual,0.1,0.05,target,target,1,11.206
12,2,perceptual,0.03,0.2,target,decoy,0,12.097
12,3,numeric,0.1,0.2,competitor,target,1,8.41
12,4,perceptual,0.03,0.05,competitor,target,1,8.313
12,5,perceptual,0.1,0.05,target,competitor,0,10.328
12,6,numeric,0.1,0.2,target,target,1,18.981
12,7,numeric,0.1,0.2,competitor,competitor,0,12.611
12,8,numeric,0.03,0.05,competitor,competitor,0,12.367
12,9,numeric,0.03,0.05,competitor,competitor,0,11.434
12,10,numeric,0.03,0.05,target,target,1,12.887
12,11,numeric,0.1,0.2,target,target,1,10.796
12,12,perceptual,0.03,0.2,target,competitor,0,9.093
12,13,numeric,0.1,0.05,target,target,1,14.211
12,14,perceptual,0.03,0.2,competitor,target,1,4.743
12,15,numeric,0.03,0.2,target,target,1,4.178
12,16,numeric,0.1,0.05,target,target,1,5.412
12,17,perceptual,0.1,0.05,competitor,decoy,0,13.547
12,18,numeric,0.03,0.05,competitor,decoy,0,11.395
12,21,numeric,0.1,0.05,competitor,competitor,0,14.61
12,22,perceptual,0.03,0.05,target,target,1,12.142
12,23,numeric,0.1,0.05,competitor,target,1,17.925
12,24,numeric,0.1,0.2,target,target,1,13.219
12,25,numeric,0.03,0.2,competitor,competitor,0,8.198
12,26,perceptual,0.03,0.2,competitor,target,1,13.919
12,28,numeric,0.03,0.05,target,target,1,0.645
12,29,numeric,0.1,0.05,competitor,competitor,0,8.711
12,30,numeric,0.1,0.05,target,target,1,11.496
12,31,numeric,0.03,0.2,competitor,competitor,0,15.347
12,32,perceptual,0.03,0.2,target,competitor,0,9.986
12,33,perceptual,0.03,0.2,competitor,competitor,0,12.761
12,34,numeric,0.1,0.05,target,competitor,0,11.923
12,35,perceptual,0.03,0.05,competitor,competitor,0,4.994
12,36,numeric,0.1,0.2,target,target,1,11.101
12,37,numeric,0.1,0.05,target,target,1,5.422
12,38,perceptual,0.1,0.2,target,target,1,6.362
12,39,numeric,0.1,0.2,competitor,decoy,0,6.207
12,40,numeric,0.03,0.2,target,target,1,7.294
12,41,numeric,0.1,0.05,competitor,target,1,6.317
12,42,numeric,0.1,0.2,competitor,target,1,3.096
12,43,numeric,0.03,0.2,target,target,1,5.232
12,44,perceptual,0.03,0.05,target,target,1,5.496
12,45,perceptual,0.03,0.2,target,target,1,4.976
12,46,numeric,0.03,0.2,target,target,1,6.928
12,47,perceptual,0.1,0.2,target,target,1,4.28
12,48,perceptual,0.1,0.2,competitor,target,1,2.374
12,49,perceptual,0.1,0.2,target,target,1,4.385
12,52,numeric,0.1,0.2,target,target,1,5.676
12,53,perceptual,0.03,0.2,target,target,1,5.164
12,54,numeric,0.1,0.2,target,target,1,4.145
12,55,numeric,0.03,0.2,competitor,target,1,5.767
12,56,perceptual,0.03,0.2,target,target,1,9.227
12,57,perceptual,0.1,0.2,target,target,1,6.896
12,58,numeric,0.1,0.2,target,target,1,5.278
12,59,perceptual,0.1,0.05,competitor,target,1,4.428
12,60,perceptual,0.03,0.05,target,decoy,0,7.694
12,61,perceptual,0.1,0.05,target,target,1,2.408
12,62,numeric,0.03,0.05,target,decoy,0,4.829
12,63,perceptual,0.1,0.2,target,target,1,5.101
12,64,numeric,0.03,0.2,competitor,target,1,7.423
12,65,perceptual,0.03,0.2,competitor,target,1,5.351
12,66,numeric,0.03,0.05,competitor,target,1,6.697
12,67,perceptual,0.1,0.2,competitor,target,1,16.691
12,68,numeric,0.03,0.05,target,decoy,0,6.2
12,69,numeric,0.03,0.05,target,competitor,0,2.505
12,70,numeric,0.1,0.2,target,competitor,0,3.166
12,71,numeric,0.03,0.2,competitor,target,1,2.671
12,72,numeric,0.03,0.2,target,competitor,0,2.832
12,73,perceptual,0.03,0.05,competitor,competitor,0,4.265
12,74,numeric,0.1,0.05,competitor,target,1,3.995
12,75,perceptual,0.03,0.05,target,target,1,4.875
12,76,perceptual,0.03,0.2,target,target,1,5.691
12,77,perceptual,0.03,0.05,target,decoy,0,5.425
12,78,numeric,0.1,0.05,target,decoy,0,4.796
12,79,numeric,0.1,0.05,competitor,target,1,4.465
12,80,numeric,0.03,0.05,target,target,1,16.767
12,81,numeric,0.1,0.05,competitor,target,1,7.164
12,82,numeric,0.03,0.05,target,decoy,0,4.729
12,83,perceptual,0.03,0.2,competitor,target,1,4.951
12,84,numeric,0.1,0.05,target,decoy,0,7.14
12,85,perceptual,0.03,0.2,competitor,competitor,0,3.207
12,86,numeric,0.03,0.2,competitor,target,1,2.203
12,87,perceptual,0.1,0.2,target,decoy,0,4.238
12,88,perceptual,0.03,0.2,competitor,competitor,0,3.729
12,89,numeric,0.03,0.2,target,target,1,5.858
12,90,numeric,0.1,0.05,target,decoy,0,5.092
12,91,numeric,0.03,0.05,competitor,decoy,0,6.741
12,92,numeric,0.1,0.2,target,target,1,9.161
12,93,perceptual,0.03,0.2,competitor,target,1,5.728
12,94,numeric,0.1,0.2,target,target,1,5.347
12,95,perceptual,0.03,0.05,target,decoy,0,12.749
12,96,perceptual,0.1,0.2,competitor,decoy,0,4.259
12,97,perceptual,0.03,0.05,competitor,target,1,3.817
12,98,perceptual,0.03,0.05,competitor,target,1,5.178
12,99,numeric,0.03,0.05,competitor,target,1,9.246
12,100,perceptual,0.03,0.2,target,target,1,7.906
12,101,numeric,0.1,0.05,competitor,target,1,5.303
12,102,numeric,0.03,0.05,target,target,1,5.372
12,103,perceptual,0.1,0.05,competitor,target,1,5.468
12,104,numeric,0.1,0.05,target,decoy,0,4.121
12,105,perceptual,0.03,0.2,target,target,1,3.469
12,106,numeric,0.03,0.2,target,competitor,0,3.932
12,107,perceptual,0.1,0.05,competitor,target,1,4.067
12,108,numeric,0.1,0.05,competitor,target,1,3.904
12,109,perceptual,0.1,0.05,competitor,target,1,4.747
12,110,perceptual,0.03,0.05,competitor,competitor,0,4.822
12,111,numeric,0.1,0.2,competitor,target,1,8.832
12,112,perceptual,0.1,0.05,competitor,competitor,0,5.482
12,113,perceptual,0.1,0.2,target,target,1,3.699
12,114,perceptual,0.03,0.05,target,target,1,7.839
12,115,perceptual,0.03,0.05,target,target,1,3.826
12,116,perceptual,0.03,0.2,competitor,competitor,0,3.88
12,117,numeric,0.03,0.05,competitor,competitor,0,4.984
12,118,perceptual,0.1,0.05,competitor,decoy,0,7.961
12,119,perceptual,0.1,0.05,competitor,target,1,8.147
12,120,numeric,0.1,0.2,competitor,target,1,3.543
12,121,numeric,0.1,0.2,competitor,decoy,0,3.985
12,122,numeric,0.03,0.05,target,decoy,0,4.431
12,123,numeric,0.03,0.05,competitor,decoy,0,8.253
12,124,numeric,0.03,0.05,target,decoy,0,10.387
12,125,numeric,0.1,0.2,competitor,target,1,4.083
12,126,perceptual,0.1,0.2,target,target,1,5.326
12,127,numeric,0.03,0.05,competitor,target,1,3.309
12,128,numeric,0.03,0.2,target,competitor,0,5.124
12,129,perceptual,0.03,0.2,target,competitor,0,4.732
12,130,perceptual,0.1,0.05,target,target,1,5.046
12,131,numeric,0.1,0.2,target,target,1,5.215
12,132,perceptual,0.03,0.2,competitor,target,1,2.327
12,133,numeric,0.03,0.05,competitor,decoy,0,4.501
12,134,perceptual,0.1,0.2,competitor,target,1,3.008
12,135,perceptual,0.1,0.2,competitor,target,1,4.643
12,136,perceptual,0.03,0.05,competitor,decoy,0,3.061
12,137,perceptual,0.03,0.05,target,competitor,0,5.885
12,138,numeric,0.1,0.05,competitor,competitor,0,4.742
12,139,perceptual,0.03,0.05,target,target,1,5.346
12,140,perceptual,0.03,0.05,competitor,competitor,0,5.201
12,144,numeric,0.1,0.05,competitor,target,1,14.407
12,145,perceptual,0.1,0.2,competitor,target,1,3.925
12,146,perceptual,0.03,0.05,competitor,decoy,0,4.255
12,147,perceptual,0.1,0.2,competitor,target,1,3.621
12,148,perceptual,0.1,0.05,target,target,1,4.007
12,149,numeric,0.03,0.2,competitor,competitor,0,4.046
12,150,perceptual,0.1,0.05,target,decoy,0,2.568
12,151,numeric,0.1,0.2,competitor,target,1,4.69
12,152,numeric,0.03,0.05,competitor,decoy,0,2.214
12,153,numeric,0.03,0.05,target,competitor,0,3.54
12,154,perceptual,0.03,0.05,target,competitor,0,6.03
12,155,perceptual,0.1,0.2,competitor,target,1,2.111
12,156,perceptual,0.1,0.2,competitor,target,1,3.614
12,157,perceptual,0.03,0.2,target,target,1,3.086
12,158,numeric,0.1,0.05,target,target,1,5.256
12,159,perceptual,0.1,0.05,target,target,1,2.693
12,160,numeric,0.1,0.05,target,target,1,3.011
12,161,numeric,0.03,0.05,target,decoy,0,5.317
12,162,perceptual,0.1,0.2,target,decoy,0,3.589
12,163,numeric,0.1,0.05,competitor,target,1,4.108
12,164,perceptual,0.1,0.05,competitor,decoy,0,7.261
12,165,numeric,0.03,0.05,competitor,target,1,3.918
12,166,numeric,0.03,0.2,target,target,1,3.008
12,167,numeric,0.1,0.2,competitor,competitor,0,2.625
12,168,numeric,0.1,0.2,competitor,target,1,3.568
12,169,numeric,0.03,0.2,target,target,1,6.19
12,170,perceptual,0.1,0.05,competitor,target,1,4.923
12,171,perceptual,0.1,0.05,target,decoy,0,3.179
12,172,perceptual,0.1,0.2,competitor,target,1,3.658
12,173,numeric,0.03,0.2,competitor,competitor,0,3.255
12,174,perceptual,0.1,0.2,competitor,competitor,0,3.421
12,175,perceptual,0.03,0.2,competitor,target,1,4.356
12,176,numeric,0.03,0.2,competitor,competitor,0,3.257
12,177,numeric,0.03,0.2,target,target,1,4.304
12,178,numeric,0.1,0.2,target,competitor,0,2.898
12,179,numeric,0.03,0.2,competitor,target,1,4.046
12,180,numeric,0.1,0.05,target,target,1,2.654
12,181,perceptual,0.03,0.2,target,competitor,0,2.677
12,182,perceptual,0.03,0.2,competitor,target,1,6.911
12,183,numeric,0.03,0.2,competitor,target,1,4.553
12,184,perceptual,0.03,0.05,competitor,target,1,2.989
12,185,perceptual,0.1,0.2,target,target,1,3.267
12,186,numeric,0.03,0.2,competitor,target,1,5.799
12,187,numeric,0.03,0.2,target,decoy,0,5.469
12,188,perceptual,0.1,0.2,target,target,1,6.68
12,189,perceptual,0.1,0.05,competitor,target,1,3.65
12,190,perceptual,0.03,0.05,target,competitor,0,3.639
12,191,perceptual,0.03,0.05,competitor,target,1,3.26
12,192,perceptual,0.1,0.05,target,target,1,3.571
13,1,perceptual,0.1,0.2,competitor,decoy,0,7.954
13,2,perceptual,0.1,0.2,target,competitor,0,4.994
13,3,numeric,0.03,0.05,target,competitor,0,7.401
13,4,numeric,0.1,0.05,target,target,1,9.566
13,5,perceptual,0.1,0.2,competitor,target,1,4.765
13,6,numeric,0.1,0.2,target,target,1,7.363
13,7,numeric,0.1,0.05,competitor,competitor,0,7.274
13,8,numeric,0.03,0.2,target,target,1,6.648
13,9,numeric,0.1,0.05,target,target,1,5.229
13,10,perceptual,0.1,0.05,target,target,1,6.505
13,11,numeric,0.03,0.05,target,target,1,6.367
13,12,perceptual,0.03,0.05,target,target,1,5.582
13,13,numeric,0.03,0.05,target,competitor,0,3.923
13,14,perceptual,0.03,0.2,target,competitor,0,3.809
13,15,perceptual,0.03,0.05,target,competitor,0,4.146
13,16,perceptual,0.03,0.2,target,target,1,5.724
13,17,perceptual,0.1,0.05,target,decoy,0,4.367
13,18,numeric,0.1,0.05,competitor,target,1,7.537
13,19,perceptual,0.1,0.05,competitor,competitor,0,4.373
13,20,numeric,0.03,0.2,competitor,competitor,0,5.101
13,21,numeric,0.1,0.05,competitor,target,1,7.312
13,22,numeric,0.1,0.05,competitor,target,1,6.941
13,23,numeric,0.1,0.05,target,target,1,6.501
13,24,numeric,0.1,0.05,target,target,1,5.264
13,25,perceptual,0.1,0.05,competitor,target,1,4.175
13,26,perceptual,0.03,0.05,competitor,target,1,4.168
13,27,perceptual,0.1,0.2,target,target,1,9.849
13,28,perceptual,0.1,0.2,competitor,target,1,3.696
13,29,numeric,0.03,0.05,target,target,1,5.205
13,30,numeric,0.03,0.2,competitor,target,1,3.305
13,31,perceptual,0.03,0.2,competitor,target,1,3.64
13,32,perceptual,0.03,0.2,competitor,target,1,3.135
13,33,perceptual,0.1,0.2,competitor,target,1,2.916
13,34,numeric,0.03,0.05,target,target,1,7.2
13,35,numeric,0.1,0.2,target,competitor,0,5.674
13,36,perceptual,0.1,0.2,target,decoy,0,9.709
13,37,numeric,0.1,0.2,competitor,target,1,5.207
13,38,numeric,0.03,0.05,competitor,target,1,6.213
13,39,numeric,0.03,0.2,competitor,target,1,4.277
13,40,perceptual,0.03,0.05,competitor,competitor,0,4.251
13,41,numeric,0.03,0.05,competitor,target,1,2.863
13,42,perceptual,0.1,0.2,target,target,1,4.767
13,43,numeric,0.03,0.05,competitor,target,1,5.339
13,44,perceptual,0.03,0.2,target,target,1,7.061
13,45,perceptual,0.03,0.05,competitor,competitor,0,3.962
13,46,numeric,0.1,0.2,competitor,competitor,0,12.797
13,47,perceptual,0.1,0.2,target,target,1,3.911
13,48,numeric,0.1,0.2,target,target,1,4.523
13,49,numeric,0.03,0.2,target,competitor,0,5.275
13,50,numeric,0.1,0.2,target,competitor,0,4.853
13,51,numeric,0.03,0.2,competitor,target,1,3.654
13,52,perceptual,0.03,0.2,competitor,target,1,3.176
13,53,perceptual,0.1,0.05,target,decoy,0,6.113
13,54,numeric,0.1,0.2,target,target,1,8.643
13,55,numeric,0.03,0.05,competitor,target,1,3.993
13,56,numeric,0.03,0.05,target,target,1,9.59
13,57,perceptual,0.03,0.2,target,target,1,6.794
13,58,perceptual,0.1,0.2,target,target,1,3.059
13,59,numeric,0.03,0.05,competitor,target,1,4.3
13,60,numeric,0.03,0.05,target,competitor,0,4.58
13,61,numeric,0.03,0.2,competitor,target,1,4.641
13,62,numeric,0.1,0.2,competitor,competitor,0,4.368
13,63,perceptual,0.1,0.05,competitor,competitor,0,4.168
13,64,perceptual,0.03,0.2,competitor,target,1,3.093
13,65,perceptual,0.03,0.05,target,decoy,0,3.461
13,66,numeric,0.1,0.2,competitor,target,1,5.671
13,67,perceptual,0.03,0.05,target,competitor,0,3.027
13,68,numeric,0.03,0.2,competitor,competitor,0,2.376
13,69,numeric,0.1,0.05,target,target,1,7.97
13,70,perceptual,0.03,0.2,target,target,1,3.792
13,71,perceptual,0.03,0.05,competitor,target,1,3.652
13,72,numeric,0.1,0.05,competitor,target,1,3.817
13,73,numeric,0.03,0.05,target,target,1,4.329
13,74,numeric,0.1,0.05,competitor,target,1,4.775
13,75,numeric,0.03,0.2,competitor,target,1,3.416
13,76,numeric,0.1,0.05,competitor,target,1,2.861
13,77,numeric,0.03,0.05,target,target,1,4.365
13,78,numeric,0.03,0.05,competitor,target,1,3.652
13,79,numeric,0.03,0.2,target,competitor,0,4.422
13,80,perceptual,0.03,0.05,competitor,target,1,4.821
13,81,numeric,0.03,0.05,competitor,target,1,4.386
13,82,perceptual,0.03,0.2,competitor,target,1,3.611
13,83,numeric,0.03,0.2,target,target,1,5.501
13,84,numeric,0.03,0.05,competitor,competitor,0,3.938
13,85,numeric,0.03,0.2,target,competitor,0,3.618
13,86,perceptual,0.1,0.05,target,decoy,0,4.712
13,87,numeric,0.1,0.05,target,target,1,3.865
13,88,perceptual,0.1,0.05,target,target,1,4.246
13,89,numeric,0.1,0.2,target,competitor,0,3.388
13,90,perceptual,0.03,0.2,competitor,competitor,0,6.517
13,91,perceptual,0.03,0.05,target,target,1,7.3
13,92,numeric,0.03,0.05,competitor,target,1,6.049
13,93,perceptual,0.1,0.05,target,target,1,4.523
13,94,numeric,0.03,0.2,competitor,competitor,0,4.963
13,95,perceptual,0.1,0.05,competitor,target,1,4.015
13,96,numeric,0.1,0.2,competitor,target,1,4.497
13,97,perceptual,0.03,0.05,target,competitor,0,3.994
13,98,perceptual,0.03,0.2,target,target,1,2.725
13,99,perceptual,0.03,0.2,target,competitor,0,4.251
13,100,perceptual,0.1,0.2,competitor,target,1,4.66
13,101,numeric,0.03,0.2,target,target,1,5.288
13,102,numeric,0.03,0.2,competitor,target,1,5.144
13,103,perceptual,0.1,0.2,target,competitor,0,2.642
13,104,numeric,0.1,0.2,competitor,target,1,10.498
13,105,perceptual,0.03,0.2,competitor,competitor,0,3.714
13,106,perceptual,0.1,0.05,competitor,target,1,4.231
13,107,perceptual,0.03,0.2,target,competitor,0,7.896
13,108,perceptual,0.1,0.05,competitor,target,1,7.297
13,109,numeric,0.1,0.05,competitor,target,1,4.995
13,110,perceptual,0.03,0.05,target,decoy,0,4.241
13,111,perceptual,0.1,0.2,competitor,target,1,3.742
13,112,perceptual,0.03,0.05,target,competitor,0,4.854
13,113,numeric,0.03,0.2,target,target,1,5.026
13,114,perceptual,0.1,0.2,target,target,1,2.889
13,115,perceptual,0.03,0.05,target,decoy,0,4.885
13,116,perceptual,0.03,0.05,competitor,target,1,2.93
13,117,perceptual,0.03,0.05,competitor,target,1,3.116
13,118,numeric,0.1,0.2,target,target,1,5.059
13,119,perceptual,0.1,0.05,competitor,target,1,3.547
13,120,perceptual,0.1,0.2,competitor,target,1,3.396
13,121,perceptual,0.03,0.2,target,target,1,5.044
13,122,numeric,0.1,0.05,competitor,competitor,0,6.01
13,123,perceptual,0.03,0.2,target,target,1,5.971
13,124,perceptual,0.1,0.2,competitor,competitor,0,4.901
13,125,perceptual,0.1,0.05,target,target,1,3.201
13,126,numeric,0.03,0.2,competitor,target,1,7.458
13,127,numeric,0.1,0.05,target,target,1,7.244
13,128,numeric,0.1,0.2,target,target,1,5.572
13,129,perceptual,0.03,0.05,competitor,target,1,10.642
13,130,numeric,0.1,0.05,target,target,1,7.427
13,131,numeric,0.03,0.05,target,target,1,6.777
13,132,numeric,0.03,0.2,target,target,1,5.047
13,133,numeric,0.03,0.05,competitor,competitor,0,5.333
13,134,numeric,0.1,0.2,competitor,target,1,3.623
13,135,perceptual,0.03,0.2,competitor,competitor,0,6.105
13,136,numeric,0.1,0.2,competitor,target,1,6.747
13,137,numeric,0.03,0.2,competitor,target,1,8.831
13,138,numeric,0.1,0.2,target,target,1,12.779
13,139,numeric,0.03,0.05,competitor,competitor,0,7.358
13,140,perceptual,0.1,0.2,target,target,1,2.637
13,141,numeric,0.1,0.05,competitor,target,1,3.899
13,142,perceptual,0.03,0.05,competitor,target,1,3.16
13,143,numeric,0.1,0.2,competitor,competitor,0,5.16
13,144,numeric,0.1,0.2,competitor,target,1,3.669
13,145,numeric,0.1,0.2,target,competitor,0,6.443
13,146,perceptual,0.1,0.05,competitor,target,1,3.351
13,147,numeric,0.1,0.05,target,competitor,0,3.629
13,148,numeric,0.03,0.2,target,target,1,3.305
13,149,perceptual,0.1,0.05,target,decoy,0,6.72
13,150,perceptual,0.03,0.05,target,competitor,0,2.751
13,151,numeric,0.1,0.2,competitor,target,1,3.653
13,152,perceptual,0.1,0.2,competitor,target,1,2.884
13,153,perceptual,0.1,0.05,target,competitor,0,4.524
13,154,perceptual,0.1,0.05,target,target,1,7.761
13,155,numeric,0.03,0.2,competitor,target,1,3.129
13,156,numeric,0.03,0.2,target,competitor,0,4.005
13,157,perceptual,0.03,0.05,target,competitor,0,5.52
13,158,numeric,0.1,0.2,competitor,target,1,4.007
13,159,perceptual,0.1,0.05,competitor,target,1,2.8
13,160,perceptual,0.1,0.2,target,target,1,3.321
13,161,perceptual,0.1,0.2,target,target,1,4.146
13,162,numeric,0.1,0.05,competitor,target,1,2.827
13,163,perceptual,0.1,0.2,target,competitor,0,3.075
13,164,numeric,0.03,0.2,target,competitor,0,3.635
13,165,perceptual,0.03,0.2,competitor,competitor,0,5.347
13,166,numeric,0.1,0.2,target,target,1,3.329
13,167,numeric,0.03,0.2,target,competitor,0,2.722
13,168,perceptual,0.1,0.2,competitor,decoy,0,1.912
13,169,perceptual,0.03,0.05,competitor,target,1,2.759
13,170,perceptual,0.03,0.05,competitor,decoy,0,2.933
13,171,perceptual,0.03,0.2,target,target,1,3.118
13,172,numeric,0.1,0.05,competitor,decoy,0,4.178
13,173,numeric,0.03,0.05,target,decoy,0,3.745
13,174,perceptual,0.1,0.05,competitor,target,1,2.537
13,175,perceptual,0.1,0.05,target,decoy,0,2.468
13,176,perceptual,0.1,0.2,competitor,target,1,2.71
13,177,numeric,0.03,0.05,target,target,1,4.075
13,178,perceptual,0.03,0.05,target,target,1,3.201
13,179,numeric,0.1,0.05,target,target,1,2.997
13,180,perceptual,0.03,0.2,competitor,target,1,3.312
13,181,perceptual,0.1,0.05,competitor,target,1,2.411
13,182,numeric,0.1,0.2,target,target,1,3.379
13,183,numeric,0.03,0.05,competitor,competitor,0,5.346
13,184,numeric,0.1,0.05,target,competitor,0,3.165
13,185,numeric,0.1,0.05,target,competitor,0,3.077
13,186,perceptual,0.03,0.2,competitor,competitor,0,5.681
13,187,perceptual,0.03,0.2,target,competitor,0,4.992
13,188,perceptual,0.1,0.2,competitor,target,1,4.332
13,189,perceptual,0.03,0.05,competitor,decoy,0,3.071
13,190,perceptual,0.03,0.2,competitor,target,1,2.208
13,191,perceptual,0.1,0.05,target,target,1,3.561
13,192,perceptual,0.1,0.05,competitor,competitor,0,5.292
14,1,perceptual,0.03,0.2,competitor,target,1,6.733
14,2,perceptual,0.03,0.2,competitor,target,1,6.033
14,3,perceptual,0.03,0.05,target,decoy,0,6.59
14,4,numeric,0.03,0.05,competitor,target,1,6.504
14,5,numeric,0.1,0.2,target,target,1,7.748
14,6,perceptual,0.03,0.2,target,target,1,6.931
14,7,perceptual,0.1,0.2,target,target,1,5.887
14,8,numeric,0.1,0.05,target,decoy,0,8.507
14,9,numeric,0.03,0.2,competitor,competitor,0,7.387
14,10,perceptual,0.03,0.2,target,competitor,0,0.181
14,11,perceptual,0.1,0.2,competitor,target,1,5.534
14,12,perceptual,0.03,0.2,competitor,target,1,6.522
14,13,numeric,0.1,0.2,competitor,target,1,6.365
14,14,numeric,0.1,0.05,target,target,1,8.095
14,15,perceptual,0.03,0.2,competitor,target,1,7.706
14,16,numeric,0.1,0.2,target,target,1,7.521
14,17,numeric,0.1,0.2,competitor,target,1,5.826
14,18,perceptual,0.1,0.2,competitor,target,1,4.003
14,19,perceptual,0.1,0.05,target,target,1,9.136
14,20,perceptual,0.03,0.05,competitor,target,1,5.366
14,21,perceptual,0.1,0.05,competitor,target,1,6.988
14,22,numeric,0.1,0.2,competitor,target,1,6.949
14,23,perceptual,0.1,0.2,competitor,target,1,4.199
14,24,perceptual,0.1,0.2,competitor,target,1,4.421
14,25,numeric,0.03,0.2,competitor,target,1,5.613
14,26,numeric,0.1,0.05,competitor,competitor,0,5.926
14,27,numeric,0.03,0.2,target,target,1,5.636
14,28,numeric,0.03,0.05,competitor,competitor,0,8.596
14,29,perceptual,0.03,0.2,competitor,target,1,3.877
14,30,numeric,0.1,0.2,competitor,target,1,5.301
14,31,numeric,0.1,0.05,competitor,decoy,0,7.124
14,32,perceptual,0.1,0.05,competitor,target,1,3.469
14,33,perceptual,0.03,0.2,competitor,target,1,2.389
14,34,perceptual,0.1,0.05,target,target,1,5.511
14,35,numeric,0.03,0.2,target,target,1,7.896
14,36,perceptual,0.1,0.2,competitor,target,1,6.285
14,37,numeric,0.1,0.05,competitor,target,1,6.918
14,38,perceptual,0.1,0.05,target,decoy,0,5.257
14,39,perceptual,0.1,0.05,target,target,1,6.189
14,40,perceptual,0.03,0.05,target,competitor,0,6.652
14,41,perceptual,0.03,0.2,target,competitor,0,5.615
14,42,perceptual,0.03,0.05,target,target,1,7.362
14,43,numeric,0.03,0.05,target,target,1,5.197
14,44,numeric,0.1,0.05,target,target,1,5.134
14,45,numeric,0.03,0.05,competitor,competitor,0,6.066
14,46,perceptual,0.1,0.05,target,decoy,0,2.788
14,47,perceptual,0.03,0.05,target,competitor,0,5.135
14,48,perceptual,0.1,0.2,target,target,1,4.27
14,49,perceptual,0.03,0.05,competitor,target,1,7.562
14,50,numeric,0.1,0.05,target,target,1,6.532
14,51,perceptual,0.1,0.05,competitor,target,1,5.012
14,52,numeric,0.03,0.05,competitor,target,1,5.399
14,53,perceptual,0.03,0.05,target,target,1,5.993
14,54,perceptual,0.03,0.05,target,competitor,0,6.848
14,55,numeric,0.1,0.2,target,target,1,6.706
14,56,perceptual,0.03,0.05,competitor,decoy,0,5.822
14,57,perceptual,0.03,0.2,target,target,1,8.083
14,58,numeric,0.1,0.05,target,target,1,5.567
14,59,numeric,0.1,0.2,target,target,1,5.722
14,60,numeric,0.1,0.2,target,target,1,6.447
14,61,perceptual,0.1,0.2,competitor,target,1,5.816
14,62,perceptual,0.03,0.05,competitor,competitor,0,6.33
14,63,numeric,0.03,0.05,competitor,competitor,0,6.898
14,64,numeric,0.03,0.05,competitor,competitor,0,10.048
14,65,perceptual,0.03,0.2,target,competitor,0,3.128
14,66,perceptual,0.03,0.05,competitor,competitor,0,8.489
14,67,numeric,0.03,0.05,competitor,decoy,0,1.266
14,68,numeric,0.03,0.2,target,target,1,8.566
14,69,perceptual,0.1,0.2,competitor,target,1,4.778
14,70,perceptual,0.1,0.05,competitor,target,1,4.201
14,71,perceptual,0.1,0.2,target,target,1,4.596
14,72,numeric,0.1,0.2,target,target,1,5.414
14,73,numeric,0.1,0.2,target,target,1,7.594
14,74,numeric,0.03,0.2,competitor,competitor,0,6.261
14,75,numeric,0.03,0.2,target,target,1,7.078
14,76,numeric,0.03,0.05,competitor,target,1,5.49
14,77,numeric,0.03,0.05,target,competitor,0,6.864
14,78,numeric,0.03,0.05,target,target,1,6.783
14,79,perceptual,0.1,0.2,competitor,competitor,0,6.882
14,80,numeric,0.1,0.05,competitor,target,1,9.456
14,81,perceptual,0.1,0.2,competitor,target,1,6.319
14,82,perceptual,0.1,0.05,target,target,1,4.983
14,83,numeric,0.1,0.05,target,target,1,6.189
14,84,perceptual,0.03,0.05,target,target,1,3.573
14,85,perceptual,0.1,0.05,competitor,target,1,4.975
14,86,numeric,0.1,0.05,competitor,competitor,0,7.471
14,87,perceptual,0.1,0.2,target,target,1,5.564
14,88,numeric,0.03,0.2,competitor,decoy,0,5.694
14,89,perceptual,0.03,0.05,competitor,competitor,0,3.95
14,90,numeric,0.1,0.05,target,target,1,10.931
14,91,numeric,0.1,0.2,competitor,competitor,0,9.337
14,92,perceptual,0.03,0.05,target,decoy,0,3.868
14,93,numeric,0.1,0.05,competitor,target,1,6.238
14,94,numeric,0.03,0.05,target,target,1,4.849
14,95,numeric,0.1,0.2,target,target,1,6.617
14,96,numeric,0.1,0.05,target,target,1,6.639
14,97,perceptual,0.03,0.2,target,target,1,6.877
14,98,numeric,0.03,0.2,target,target,1,6.482
14,99,numeric,0.03,0.2,competitor,target,1,5.933
14,100,numeric,0.1,0.05,target,competitor,0,5.547
14,101,numeric,0.03,0.2,competitor,competitor,0,6.948
14,102,numeric,0.03,0.05,competitor,competitor,0,6.534
14,103,perceptual,0.1,0.05,competitor,target,1,4.453
14,104,numeric,0.03,0.05,target,target,1,5.767
14,105,perceptual,0.03,0.05,target,decoy,0,3.787
14,106,perceptual,0.03,0.05,target,competitor,0,4.701
14,107,numeric,0.03,0.2,target,competitor,0,6.502
14,108,numeric,0.1,0.05,competitor,competitor,0,8.75
14,109,perceptual,0.1,0.2,target,target,1,4.366
14,110,numeric,0.03,0.05,competitor,competitor,0,5.832
14,111,perceptual,0.1,0.2,target,target,1,3.618
14,112,numeric,0.1,0.2,target,decoy,0,7.532
14,113,perceptual,0.1,0.05,target,target,1,4.124
14,114,numeric,0.03,0.2,target,target,1,7.223
14,115,numeric,0.03,0.05,target,competitor,0,6.533
14,116,numeric,0.03,0.05,competitor,competitor,0,6.167
14,117,numeric,0.03,0.2,target,competitor,0,5.157
14,118,perceptual,0.03,0.2,target,target,1,5.573
14,119,numeric,0.1,0.05,target,target,1,7.082
14,120,perceptual,0.03,0.2,target,competitor,0,4.912
14,121,perceptual,0.03,0.05,competitor,target,1,6.043
14,122,numeric,0.03,0.2,competitor,competitor,0,7.264
14,123,perceptual,0.1,0.2,competitor,competitor,0,4.143
14,124,numeric,0.1,0.05,target,decoy,0,6.528
14,125,perceptual,0.1,0.05,competitor,target,1,4.436
14,126,perceptual,0.1,0.05,competitor,competitor,0,3.35
14,127,numeric,0.1,0.05,competitor,target,1,7.765
14,128,perceptual,0.1,0.05,target,decoy,0,3.83
14,129,perceptual,0.1,0.2,target,target,1,4.805
14,130,numeric,0.1,0.2,target,target,1,5.535
14,131,perceptual,0.1,0.2,target,target,1,5.199
14,132,numeric,0.03,0.05,target,decoy,0,7.317
14,133,numeric,0.1,0.05,competitor,competitor,0,5.684
14,134,perceptual,0.1,0.2,target,target,1,8.446
14,135,numeric,0.03,0.2,target,target,1,4.298
14,136,perceptual,0.03,0.2,competitor,decoy,0,9.948
14,137,numeric,0.1,0.2,competitor,target,1,5.098
14,138,perceptual,0.03,0.05,competitor,competitor,0,3.501
14,139,perceptual,0.03,0.05,target,target,1,3.932
14,140,perceptual,0.03,0.05,competitor,competitor,0,4.3
14,141,numeric,0.1,0.05,competitor,competitor,0,7.353
14,142,perceptual,0.1,0.2,target,target,1,3.583
14,143,perceptual,0.1,0.05,competitor,competitor,0,5.852
14,144,perceptual,0.1,0.05,target,target,1,5.825
14,145,numeric,0.1,0.2,competitor,competitor,0,7.189
14,146,numeric,0.1,0.2,competitor,target,1,5.999
14,147,numeric,0.1,0.05,target,target,1,5.799
14,148,numeric,0.03,0.2,competitor,competitor,0,7.57
14,149,numeric,0.03,0.2,competitor,competitor,0,11.538
14,150,numeric,0.03,0.2,competitor,competitor,0,4.565
14,151,perceptual,0.03,0.2,target,competitor,0,3.318
14,152,perceptual,0.1,0.05,target,decoy,0,1.766
14,153,perceptual,0.1,0.05,competitor,decoy,0,4.834
14,154,perceptual,0.1,0.05,competitor,target,1,3.868
14,155,perceptual,0.03,0.2,competitor,competitor,0,3.122
14,156,perceptual,0.1,0.2,target,target,1,4.218
14,157,numeric,0.1,0.2,target,target,1,7.317
14,158,numeric,0.03,0.05,target,target,1,6.418
14,159,numeric,0.1,0.2,competitor,target,1,6.934
14,160,numeric,0.1,0.2,competitor,target,1,7.105
14,161,perceptual,0.03,0.05,competitor,target,1,3.193
14,162,perceptual,0.03,0.2,competitor,target,1,4.856
14,163,numeric,0.03,0.05,target,target,1,9.126
14,164,perceptual,0.03,0.2,target,target,1,6.353
14,165,numeric,0.1,0.2,competitor,competitor,0,9.915
14,166,numeric,0.03,0.2,competitor,target,1,7.979
14,167,perceptual,0.1,0.2,competitor,target,1,7.604
14,168,numeric,0.03,0.2,target,competitor,0,12.873
14,169,perceptual,0.03,0.2,target,target,1,6.798
14,170,numeric,0.1,0.2,target,target,1,10.817
14,171,perceptual,0.1,0.05,target,target,1,7.987
14,172,numeric,0.03,0.2,target,target,1,5.514
14,173,numeric,0.03,0.05,target,target,1,0.983
14,174,numeric,0.1,0.05,competitor,target,1,7.721
14,175,perceptual,0.1,0.05,competitor,target,1,4.857
14,176,perceptual,0.03,0.2,competitor,competitor,0,6.518
14,177,perceptual,0.1,0.2,competitor,target,1,4.235
14,178,numeric,0.1,0.05,competitor,target,1,7.039
14,179,perceptual,0.1,0.05,target,target,1,3.622
14,180,perceptual,0.03,0.2,competitor,target,1,3.305
14,181,numeric,0.03,0.05,target,target,1,9.687
14,182,perceptual,0.03,0.05,target,competitor,0,5.77
14,183,perceptual,0.03,0.2,competitor,target,1,4.988
14,184,numeric,0.03,0.2,target,target,1,6.089
14,185,numeric,0.03,0.2,competitor,competitor,0,8.616
14,186,numeric,0.1,0.2,competitor,decoy,0,5.566
14,187,numeric,0.03,0.05,competitor,target,1,7.855
14,188,perceptual,0.03,0.05,competitor,competitor,0,4.422
14,189,numeric,0.03,0.05,target,competitor,0,4.069
14,190,perceptual,0.03,0.2,target,target,1,5.088
14,191,perceptual,0.1,0.2,target,decoy,0,4.32
14,192,perceptual,0.03,0.05,competitor,target,1,4.536
15,1,perceptual,0.03,0.2,target,target,1,12.436
15,2,perceptual,0.1,0.2,target,target,1,5.71
15,3,numeric,0.1,0.2,target,competitor,0,5.404
15,4,numeric,0.03,0.05,target,competitor,0,6.808
15,5,perceptual,0.03,0.2,target,decoy,0,5.199
15,6,numeric,0.1,0.2,competitor,competitor,0,5.078
15,8,numeric,0.1,0.05,target,target,1,6.364
15,9,numeric,0.03,0.05,target,target,1,5.944
15,10,numeric,0.1,0.2,target,target,1,5.355
15,11,perceptual,0.03,0.2,target,competitor,0,4.483
15,12,perceptual,0.03,0.2,competitor,competitor,0,3.152
15,13,numeric,0.1,0.2,target,target,1,5.348
15,14,perceptual,0.1,0.05,target,decoy,0,4.237
15,15,perceptual,0.03,0.2,target,competitor,0,3.26
15,16,numeric,0.03,0.2,target,decoy,0,5.256
15,17,perceptual,0.1,0.05,competitor,target,1,3.036
15,18,perceptual,0.03,0.2,target,target,1,3.453
15,19,perceptual,0.03,0.2,competitor,competitor,0,3.754
15,20,numeric,0.03,0.05,target,competitor,0,3.634
15,21,numeric,0.03,0.05,target,competitor,0,5.102
15,22,perceptual,0.1,0.2,competitor,target,1,3.251
15,23,numeric,0.1,0.2,competitor,target,1,4.313
15,24,numeric,0.1,0.05,competitor,target,1,3.632
15,25,perceptual,0.1,0.2,competitor,target,1,2.67
15,26,numeric,0.03,0.2,competitor,competitor,0,2.997
15,27,perceptual,0.1,0.2,competitor,competitor,0,2.849
15,28,perceptual,0.1,0.2,target,target,1,3.99
15,29,numeric,0.1,0.2,target,target,1,4.545
15,30,numeric,0.03,0.2,target,target,1,3.636
15,31,numeric,0.03,0.2,competitor,decoy,0,6.863
15,32,numeric,0.03,0.2,target,competitor,0,3.407
15,33,perceptual,0.03,0.05,target,competitor,0,2.181
15,34,perceptual,0.03,0.2,target,decoy,0,1.935
15,35,numeric,0.1,0.2,target,target,1,4.196
15,36,numeric,0.1,0.2,target,competitor,0,3.321
15,37,perceptual,0.1,0.2,competitor,target,1,3.138
15,38,numeric,0.1,0.05,target,decoy,0,6.544
15,39,perceptual,0.03,0.2,competitor,competitor,0,3.384
15,40,perceptual,0.1,0.05,target,target,1,3.101
15,41,numeric,0.1,0.2,target,decoy,0,3.63
15,42,numeric,0.03,0.2,target,target,1,3.739
15,43,perceptual,0.03,0.05,competitor,decoy,0,2.61
15,44,perceptual,0.1,0.05,target,target,1,3.411
15,45,numeric,0.1,0.05,competitor,target,1,6.866
15,46,perceptual,0.1,0.05,competitor,competitor,0,3.044
15,47,perceptual,0.1,0.05,competitor,competitor,0,4.736
15,48,perceptual,0.1,0.05,competitor,target,1,4.961
15,49,numeric,0.1,0.05,competitor,target,1,3.358
15,50,perceptual,0.1,0.05,competitor,competitor,0,1.924
15,51,perceptual,0.03,0.05,target,competitor,0,3.274
15,52,numeric,0.03,0.05,target,target,1,4.914
15,53,numeric,0.03,0.2,target,target,1,4.941
15,54,numeric,0.1,0.2,competitor,competitor,0,3.076
15,55,numeric,0.1,0.05,target,competitor,0,3.242
15,56,perceptual,0.03,0.05,competitor,decoy,0,3.789
15,57,numeric,0.03,0.2,competitor,target,1,4.685
15,58,numeric,0.1,0.05,competitor,target,1,3.427
15,59,perceptual,0.1,0.05,target,target,1,3.239
15,60,numeric,0.03,0.2,competitor,decoy,0,5.712
15,61,numeric,0.03,0.05,competitor,decoy,0,7.069
15,62,numeric,0.03,0.2,competitor,target,1,9.622
15,63,perceptual,0.03,0.2,competitor,target,1,3.527
15,64,numeric,0.1,0.05,target,competitor,0,4.076
15,65,perceptual,0.1,0.05,competitor,competitor,0,2.98
15,66,perceptual,0.03,0.05,competitor,target,1,2.986
15,67,numeric,0.1,0.05,target,decoy,0,4.071
15,68,numeric,0.1,0.2,target,target,1,3.258
15,69,numeric,0.1,0.2,competitor,target,1,3.787
15,70,numeric,0.03,0.05,competitor,target,1,4.052
15,71,numeric,0.03,0.05,competitor,decoy,0,6.755
15,72,numeric,0.03,0.05,competitor,decoy,0,4.101
15,73,perceptual,0.1,0.2,competitor,target,1,2.784
15,74,perceptual,0.03,0.05,competitor,target,1,2.801
15,75,numeric,0.1,0.05,competitor,target,1,4.323
15,76,numeric,0.03,0.2,target,competitor,0,3.757
15,77,perceptual,0.1,0.05,target,decoy,0,2.888
15,78,numeric,0.1,0.2,competitor,competitor,0,3.781
15,79,perceptual,0.03,0.05,target,competitor,0,2.794
15,80,perceptual,0.1,0.05,competitor,target,1,5.761
15,81,numeric,0.03,0.05,competitor,decoy,0,2.923
15,82,numeric,0.1,0.05,competitor,target,1,3.107
15,83,numeric,0.1,0.05,target,target,1,4.959
15,84,perceptual,0.1,0.2,target,competitor,0,5.562
15,85,perceptual,0.03,0.05,competitor,decoy,0,3.282
15,86,numeric,0.1,0.05,competitor,target,1,3.378
15,87,perceptual,0.1,0.2,target,decoy,0,3.382
15,88,numeric,0.03,0.05,competitor,target,1,2.97
15,89,perceptual,0.03,0.2,competitor,target,1,3.422
15,90,perceptual,0.03,0.05,target,decoy,0,3.099
15,91,perceptual,0.1,0.2,target,target,1,6.439
15,92,numeric,0.1,0.2,competitor,competitor,0,4.338
15,93,perceptual,0.03,0.05,competitor,competitor,0,3.588
15,94,numeric,0.03,0.2,target,competitor,0,4.151
15,95,numeric,0.1,0.05,target,decoy,0,4.616
15,96,numeric,0.03,0.05,target,competitor,0,5.013
15,97,perceptual,0.03,0.05,competitor,decoy,0,2.798
15,98,numeric,0.03,0.2,competitor,decoy,0,4.157
15,99,perceptual,0.03,0.05,target,competitor,0,2.55
15,100,perceptual,0.03,0.05,competitor,competitor,0,3.708
15,101,numeric,0.03,0.2,target,target,1,4.067
15,102,perceptual,0.1,0.2,target,competitor,0,4.465
15,103,numeric,0.03,0.2,competitor,target,1,4.25
15,104,numeric,0.1,0.05,target,decoy,0,5.34
15,105,numeric,0.1,0.2,competitor,target,1,4.491
15,106,perceptual,0.1,0.05,target,target,1,2.491
15,107,perceptual,0.03,0.05,target,decoy,0,4.112
15,108,perceptual,0.1,0.2,competitor,target,1,3.419
15,109,perceptual,0.1,0.05,target,target,1,2.452
15,110,perceptual,0.1,0.2,target,competitor,0,3.424
15,111,perceptual,0.03,0.05,competitor,decoy,0,2.71
15,112,numeric,0.1,0.2,competitor,decoy,0,5.05
15,113,numeric,0.03,0.2,target,competitor,0,5.547
15,114,perceptual,0.03,0.2,target,target,1,4.092
15,115,numeric,0.1,0.2,target,competitor,0,3.468
15,116,perceptual,0.1,0.05,target,target,1,1.977
15,117,perceptual,0.1,0.2,competitor,target,1,3.442
15,118,numeric,0.03,0.2,target,competitor,0,5.301
15,119,numeric,0.1,0.2,target,target,1,4.073
15,120,perceptual,0.03,0.05,competitor,target,1,5.149
15,121,numeric,0.1,0.05,competitor,competitor,0,5.618
15,122,perceptual,0.1,0.05,competitor,target,1,2.919
15,123,perceptual,0.1,0.05,target,target,1,3.183
15,124,numeric,0.03,0.05,competitor,target,1,8.269
15,125,perceptual,0.03,0.2,target,target,1,2.972
15,126,numeric,0.1,0.05,competitor,target,1,7.323
15,127,perceptual,0.1,0.2,competitor,target,1,4.5
15,128,numeric,0.03,0.05,target,target,1,4.117
15,129,perceptual,0.03,0.2,competitor,competitor,0,3.204
15,130,numeric,0.03,0.05,competitor,target,1,4.01
15,131,perceptual,0.1,0.2,target,target,1,2.89
15,132,perceptual,0.03,0.2,competitor,target,1,5.959
15,133,perceptual,0.1,0.05,competitor,competitor,0,3.291
15,134,numeric,0.1,0.05,target,competitor,0,3.491
15,135,numeric,0.1,0.2,target,target,1,5.304
15,136,numeric,0.1,0.2,competitor,target,1,3.956
15,137,perceptual,0.03,0.05,competitor,competitor,0,3.643
15,138,numeric,0.03,0.2,competitor,target,1,4.302
15,139,perceptual,0.03,0.05,target,competitor,0,4.094
15,140,numeric,0.03,0.2,competitor,target,1,3.783
15,141,perceptual,0.1,0.05,target,target,1,5.719
15,142,numeric,0.03,0.05,target,decoy,0,6.605
15,143,perceptual,0.03,0.05,target,decoy,0,4.834
15,144,perceptual,0.03,0.2,target,target,1,3.264
15,145,numeric,0.1,0.05,target,competitor,0,4.076
15,146,perceptual,0.1,0.05,target,target,1,3.607
15,147,perceptual,0.1,0.05,competitor,target,1,3.34
15,148,perceptual,0.03,0.2,competitor,competitor,0,3.25
15,149,numeric,0.1,0.05,competitor,decoy,0,7.455
15,150,perceptual,0.03,0.2,target,competitor,0,3.979
15,151,numeric,0.03,0.2,target,target,1,5.599
15,152,perceptual,0.03,0.05,target,decoy,0,3.334
15,153,perceptual,0.03,0.2,competitor,target,1,2.695
15,154,perceptual,0.03,0.2,competitor,target,1,3.699
15,155,numeric,0.03,0.2,competitor,competitor,0,4.59
15,156,perceptual,0.03,0.2,competitor,competitor,0,6.05
15,157,numeric,0.03,0.05,target,decoy,0,6.529
15,158,numeric,0.03,0.05,competitor,competitor,0,5.427
15,159,numeric,0.03,0.2,target,decoy,0,6.284
15,160,numeric,0.03,0.05,competitor,decoy,0,7.364
15,161,perceptual,0.1,0.2,target,target,1,2.538
15,162,numeric,0.1,0.2,competitor,target,1,7.38
15,163,numeric,0.03,0.2,competitor,target,1,6.196
15,164,numeric,0.1,0.05,target,target,1,5.04
15,165,numeric,0.1,0.2,target,competitor,0,3.65
15,166,numeric,0.1,0.2,competitor,decoy,0,4.807
15,167,perceptual,0.1,0.2,target,target,1,3.191
15,168,perceptual,0.1,0.2,competitor,target,1,3.434
15,169,perceptual,0.03,0.2,target,target,1,5.305
15,170,numeric,0.1,0.05,competitor,target,1,5.974
15,171,perceptual,0.03,0.2,competitor,competitor,0,2.935
15,172,numeric,0.1,0.05,competitor,target,1,7.116
15,173,perceptual,0.1,0.2,competitor,competitor,0,2.931
15,174,perceptual,0.1,0.2,target,competitor,0,3.5
15,175,perceptual,0.03,0.05,target,competitor,0,5.495
15,176,perceptual,0.03,0.05,target,target,1,5.781
15,177,numeric,0.1,0.2,competitor,decoy,0,6.012
15,178,perceptual,0.03,0.05,competitor,target,1,2.487
15,179,numeric,0.1,0.05,target,competitor,0,4.722
15,180,numeric,0.03,0.05,competitor,decoy,0,4.828
15,181,perceptual,0.03,0.05,target,decoy,0,4.85
15,182,perceptual,0.1,0.2,target,target,1,2.323
15,183,numeric,0.03,0.2,competitor,decoy,0,5.674
15,184,numeric,0.03,0.05,target,competitor,0,9.52
15,185,perceptual,0.03,0.2,target,target,1,2.904
15,186,perceptual,0.1,0.2,competitor,competitor,0,3.717
15,187,perceptual,0.1,0.05,competitor,target,1,6.593
15,188,perceptual,0.1,0.05,target,target,1,3.744
15,189,perceptual,0.1,0.05,competitor,target,1,5.373
15,190,numeric,0.03,0.05,competitor,target,1,6.798
15,191,perceptual,0.1,0.2,competitor,competitor,0,6.721
15,192,numeric,0.03,0.05,target,competitor,0,4.751
16,1,perceptual,0.03,0.2,competitor,competitor,0,18.751
16,2,perceptual,0.1,0.05,target,decoy,0,6.367
16,3,perceptual,0.1,0.05,competitor,target,1,9.231
16,4,numeric,0.1,0.2,competitor,competitor,0,18.072
16,5,numeric,0.03,0.2,target,decoy,0,9.397
16,6,perceptual,0.03,0.05,target,competitor,0,4.925
16,7,numeric,0.1,0.2,competitor,competitor,0,12.02
16,8,perceptual,0.03,0.05,competitor,decoy,0,5.283
16,9,numeric,0.1,0.05,target,target,1,11.018
16,10,numeric,0.1,0.2,competitor,competitor,0,7.475
16,11,perceptual,0.03,0.2,competitor,target,1,6.256
16,12,numeric,0.1,0.05,target,target,1,16.08
16,13,numeric,0.1,0.2,target,target,1,15.294
16,14,numeric,0.1,0.05,target,target,1,7.306
16,15,numeric,0.1,0.2,competitor,target,1,8.671
16,16,numeric,0.03,0.05,target,competitor,0,9.394
16,17,perceptual,0.1,0.2,competitor,competitor,0,8.249
16,18,perceptual,0.1,0.05,target,target,1,11.11
16,19,perceptual,0.1,0.05,competitor,competitor,0,11.149
16,20,numeric,0.03,0.05,target,competitor,0,11.886
16,21,numeric,0.1,0.2,competitor,decoy,0,12.681
16,22,perceptual,0.03,0.2,target,decoy,0,9.284
16,23,numeric,0.03,0.05,competitor,target,1,16.334
16,24,numeric,0.03,0.2,competitor,target,1,8.017
16,25,numeric,0.1,0.2,target,competitor,0,8.386
16,26,numeric,0.1,0.2,target,target,1,7.803
16,27,perceptual,0.1,0.05,target,competitor,0,4.555
16,28,numeric,0.03,0.2,competitor,target,1,10.148
16,29,numeric,0.1,0.2,target,target,1,9.525
16,30,perceptual,0.03,0.05,target,decoy,0,5.433
16,31,perceptual,0.1,0.05,target,target,1,5.685
16,32,numeric,0.03,0.2,competitor,competitor,0,13.125
16,33,numeric,0.03,0.05,target,target,1,6.512
16,34,numeric,0.03,0.2,target,competitor,0,10.041
16,35,perceptual,0.1,0.2,competitor,competitor,0,11.216
16,36,numeric,0.03,0.2,target,target,1,12.418
16,37,perceptual,0.1,0.05,target,target,1,2.269
16,38,numeric,0.03,0.2,competitor,decoy,0,3.023
16,39,perceptual,0.03,0.2,competitor,target,1,2.87
16,40,numeric,0.03,0.2,target,target,1,8.32
16,41,numeric,0.03,0.05,competitor,target,1,7.568
16,42,perceptual,0.03,0.2,competitor,decoy,0,4.06
16,43,perceptual,0.1,0.05,target,target,1,6.158
16,44,numeric,0.1,0.05,competitor,competitor,0,7.683
16,45,perceptual,0.1,0.2,target,decoy,0,5.32
16,46,perceptual,0.1,0.2,competitor,decoy,0,7.243
16,47,numeric,0.03,0.05,competitor,competitor,0,12.983
16,48,numeric,0.1,0.05,competitor,target,1,8.209
16,49,perceptual,0.1,0.05,target,decoy,0,6.92
16,50,numeric,0.03,0.05,competitor,target,1,5.568
16,51,perceptual,0.1,0.2,competitor,target,1,5.187
16,52,numeric,0.03,0.05,competitor,target,1,9.937
16,53,perceptual,0.03,0.05,target,target,1,4.905
16,54,numeric,0.1,0.05,target,target,1,12.537
16,55,numeric,0.1,0.2,target,target,1,9.936
16,56,numeric,0.03,0.2,target,target,1,9.334
16,57,perceptual,0.1,0.2,competitor,target,1,8.539
16,58,numeric,0.1,0.2,competitor,target,1,10.964
16,59,numeric,0.03,0.2,competitor,target,1,12.288
16,60,perceptual,0.1,0.2,competitor,target,1,4.21
16,61,perceptual,0.03,0.05,target,decoy,0,9.496
16,62,numeric,0.1,0.05,competitor,target,1,13.751
16,63,perceptual,0.1,0.05,competitor,target,1,3.242
16,64,numeric,0.1,0.2,competitor,target,1,10.519
16,65,numeric,0.1,0.2,target,decoy,0,9.785
16,66,numeric,0.03,0.05,target,target,1,15.29
16,67,numeric,0.03,0.05,target,competitor,0,7.488
16,68,perceptual,0.03,0.2,target,decoy,0,6.449
16,69,numeric,0.03,0.05,competitor,competitor,0,15.865
16,70,perceptual,0.1,0.2,target,target,1,9.644
16,71,numeric,0.03,0.05,competitor,competitor,0,15.377
16,72,numeric,0.03,0.2,competitor,target,1,10.054
16,73,perceptual,0.1,0.2,target,target,1,4.712
16,74,numeric,0.03,0.05,target,target,1,19.829
16,75,perceptual,0.03,0.05,competitor,target,1,4.651
16,76,perceptual,0.03,0.2,competitor,target,1,8.026
16,77,perceptual,0.1,0.05,target,target,1,3.621
16,78,perceptual,0.03,0.2,target,target,1,7.45
16,79,perceptual,0.03,0.2,competitor,decoy,0,4.269
16,80,numeric,0.1,0.2,target,target,1,9.201
16,81,perceptual,0.03,0.05,competitor,target,1,6.148
16,82,perceptual,0.1,0.2,competitor,target,1,5.712
16,83,perceptual,0.1,0.2,competitor,target,1,4.51
16,84,numeric,0.1,0.2,target,target,1,7.262
16,85,perceptual,0.1,0.2,target,decoy,0,3.208
16,86,perceptual,0.1,0.2,target,competitor,0,3.466
16,87,perceptual,0.03,0.05,competitor,target,1,2.793
16,88,numeric,0.1,0.05,target,target,1,6.493
16,89,perceptual,0.1,0.2,competitor,target,1,2.835
16,90,perceptual,0.03,0.2,target,competitor,0,4.571
16,91,perceptual,0.03,0.2,target,decoy,0,4.668
16,92,perceptual,0.1,0.05,competitor,competitor,0,5.588
16,93,perceptual,0.03,0.2,target,target,1,2.755
16,94,numeric,0.1,0.05,target,target,1,5.415
16,95,numeric,0.1,0.05,target,target,1,8.836
16,96,numeric,0.1,0.05,competitor,target,1,9.386
16,97,perceptual,0.03,0.05,target,competitor,0,3.264
16,98,numeric,0.1,0.05,target,target,1,10.951
16,99,perceptual,0.1,0.05,target,decoy,0,4.468
16,100,perceptual,0.1,0.05,target,competitor,0,3.962
16,101,perceptual,0.1,0.05,competitor,decoy,0,5.737
16,102,perceptual,0.03,0.05,target,competitor,0,2.826
16,103,numeric,0.03,0.05,target,target,1,14.183
16,104,numeric,0.03,0.2,competitor,competitor,0,5.916
16,105,perceptual,0.03,0.2,competitor,competitor,0,2.755
16,106,perceptual,0.03,0.2,competitor,decoy,0,2.565
16,107,perceptual,0.03,0.05,target,competitor,0,3.204
16,108,numeric,0.03,0.2,target,competitor,0,8.233
16,109,perceptual,0.1,0.2,target,competitor,0,3.542
16,110,numeric,0.1,0.2,target,target,1,12.55
16,111,perceptual,0.03,0.2,target,target,1,12.565
16,112,numeric,0.1,0.05,competitor,competitor,0,12.658
16,113,numeric,0.03,0.05,competitor,competitor,0,11.588
16,114,numeric,0.03,0.2,competitor,target,1,10.006
16,115,numeric,0.1,0.2,competitor,target,1,6.565
16,116,numeric,0.03,0.05,competitor,competitor,0,6.435
16,117,numeric,0.03,0.2,target,target,1,6.181
16,118,numeric,0.1,0.2,target,target,1,9.166
16,119,perceptual,0.03,0.2,target,competitor,0,3.856
16,120,numeric,0.03,0.05,competitor,target,1,15.816
16,121,numeric,0.03,0.05,competitor,target,1,3.057
16,122,perceptual,0.1,0.05,competitor,competitor,0,6.099
16,123,perceptual,0.03,0.05,target,competitor,0,2.857
16,124,perceptual,0.03,0.2,competitor,competitor,0,2.686
16,125,numeric,0.03,0.2,target,competitor,0,5.717
16,126,perceptual,0.1,0.05,competitor,target,1,2.685
16,127,numeric,0.1,0.05,competitor,target,1,8.13
16,128,numeric,0.1,0.05,target,target,1,6.103
16,129,perceptual,0.03,0.2,target,competitor,0,4.164
16,130,numeric,0.1,0.05,competitor,target,1,6.619
16,131,perceptual,0.03,0.05,target,target,1,5.486
16,132,perceptual,0.1,0.2,target,decoy,0,5.291
16,133,perceptual,0.03,0.2,target,decoy,0,6.22
16,134,perceptual,0.1,0.05,competitor,decoy,0,2.887
16,135,numeric,0.03,0.2,competitor,target,1,3.737
16,136,perceptual,0.1,0.05,competitor,competitor,0,2.808
16,137,perceptual,0.1,0.2,competitor,decoy,0,2.543
16,138,numeric,0.1,0.05,competitor,target,1,5.179
16,139,numeric,0.03,0.2,target,target,1,7.621
16,140,numeric,0.1,0.05,competitor,target,1,6.287
16,141,perceptual,0.03,0.05,target,target,1,3.386
16,142,numeric,0.1,0.05,competitor,competitor,0,7
16,143,perceptual,0.1,0.2,target,competitor,0,4.99
16,144,perceptual,0.03,0.2,target,target,1,7.352
16,145,perceptual,0.03,0.05,competitor,target,1,5.194
16,147,perceptual,0.1,0.2,competitor,competitor,0,14.271
16,148,perceptual,0.1,0.05,competitor,target,1,5.769
16,149,perceptual,0.03,0.2,target,competitor,0,3.219
16,150,perceptual,0.1,0.05,target,decoy,0,3.708
16,151,numeric,0.1,0.2,competitor,decoy,0,4.149
16,152,perceptual,0.03,0.05,target,competitor,0,3.464
16,153,perceptual,0.1,0.05,competitor,target,1,2.396
16,154,numeric,0.03,0.05,competitor,target,1,7.006
16,155,numeric,0.03,0.05,target,competitor,0,4.356
16,156,perceptual,0.1,0.05,target,competitor,0,2.947
16,157,numeric,0.03,0.05,target,competitor,0,3.286
16,158,numeric,0.03,0.2,target,competitor,0,3.745
16,159,numeric,0.1,0.05,competitor,target,1,4.13
16,160,perceptual,0.1,0.2,target,competitor,0,2.758
16,161,perceptual,0.1,0.2,target,decoy,0,5.402
16,162,perceptual,0.03,0.05,competitor,target,1,3.214
16,163,perceptual,0.03,0.2,competitor,target,1,4.931
16,164,perceptual,0.1,0.05,competitor,target,1,4.173
16,165,numeric,0.03,0.2,target,target,1,7.023
16,166,numeric,0.1,0.2,competitor,target,1,8.993
16,167,perceptual,0.03,0.05,competitor,target,1,4
16,168,perceptual,0.03,0.2,competitor,target,1,3.009
16,169,numeric,0.03,0.05,target,target,1,5.317
16,170,numeric,0.1,0.05,target,target,1,6.243
16,171,numeric,0.1,0.2,competitor,target,1,5.339
16,172,numeric,0.03,0.2,competitor,target,1,8.736
16,173,perceptual,0.03,0.05,competitor,competitor,0,2.865
16,174,numeric,0.03,0.05,target,target,1,6.713
16,175,numeric,0.1,0.05,competitor,competitor,0,8.658
16,176,perceptual,0.1,0.2,competitor,decoy,0,3.359
16,177,numeric,0.1,0.05,target,decoy,0,7.701
16,178,perceptual,0.03,0.05,competitor,competitor,0,2.238
16,179,numeric,0.1,0.05,target,target,1,9.365
16,180,numeric,0.03,0.05,target,target,1,6.199
16,181,perceptual,0.1,0.2,target,target,1,2.731
16,182,numeric,0.1,0.2,target,target,1,5.206
16,183,numeric,0.1,0.2,target,target,1,8.935
16,184,perceptual,0.03,0.05,competitor,target,1,3.736
16,185,perceptual,0.03,0.2,competitor,target,1,4.534
16,186,numeric,0.03,0.2,target,target,1,4.178
16,187,perceptual,0.03,0.05,target,competitor,0,4.917
16,188,perceptual,0.03,0.05,competitor,decoy,0,5.181
16,189,perceptual,0.1,0.2,target,target,1,4.005
16,190,numeric,0.1,0.2,competitor,target,1,8.136
16,191,numeric,0.03,0.2,competitor,competitor,0,8.123
16,192,numeric,0.03,0.2,competitor,target,1,7.481
17,1,perceptual,0.03,0.2,competitor,target,1,17.062
17,2,numeric,0.1,0.05,competitor,target,1,7.076
17,3,numeric,0.1,0.2,target,decoy,0,15.782
17,4,numeric,0.03,0.2,target,target,1,7.915
17,5,perceptual,0.03,0.05,target,target,1,10.288
17,6,numeric,0.1,0.05,target,target,1,7.102
17,7,numeric,0.1,0.2,target,competitor,0,8.649
17,8,numeric,0.03,0.05,target,competitor,0,2.586
17,9,perceptual,0.1,0.2,target,target,1,7.546
17,10,perceptual,0.1,0.05,competitor,target,1,11.18
17,11,perceptual,0.03,0.2,competitor,competitor,0,12.014
17,12,numeric,0.1,0.2,target,competitor,0,6.101
17,13,perceptual,0.1,0.2,competitor,target,1,6.272
17,14,numeric,0.1,0.05,competitor,competitor,0,9.98
17,15,numeric,0.1,0.05,competitor,decoy,0,8.281
17,16,perceptual,0.03,0.05,competitor,target,1,10.546
17,17,numeric,0.1,0.2,competitor,competitor,0,8.958
17,18,perceptual,0.1,0.05,competitor,target,1,9.311
17,19,numeric,0.1,0.05,competitor,target,1,12.435
17,20,numeric,0.03,0.05,target,target,1,6.869
17,21,perceptual,0.03,0.2,competitor,competitor,0,16.363
17,22,perceptual,0.03,0.2,target,target,1,15.795
17,23,numeric,0.03,0.2,target,competitor,0,7.053
17,24,numeric,0.1,0.05,competitor,decoy,0,7.052
17,25,perceptual,0.03,0.05,target,target,1,4.632
17,26,numeric,0.03,0.2,target,target,1,8.331
17,27,perceptual,0.03,0.05,target,target,1,6.584
17,28,perceptual,0.1,0.05,target,target,1,7.703
17,29,numeric,0.1,0.05,competitor,competitor,0,9.367
17,30,perceptual,0.03,0.05,target,competitor,0,12.777
17,31,perceptual,0.03,0.05,competitor,competitor,0,14.543
17,32,numeric,0.03,0.05,competitor,target,1,5.946
17,33,numeric,0.1,0.2,target,competitor,0,8.035
17,34,perceptual,0.03,0.2,target,target,1,6.78
17,35,numeric,0.03,0.2,target,decoy,0,6.068
17,36,perceptual,0.1,0.05,target,target,1,5.264
17,37,perceptual,0.03,0.2,competitor,decoy,0,3.08
17,38,perceptual,0.1,0.05,competitor,target,1,4.555
17,39,perceptual,0.1,0.05,target,target,1,8.868
17,40,numeric,0.03,0.2,competitor,decoy,0,10.897
17,41,perceptual,0.03,0.2,target,target,1,9.043
17,42,numeric,0.03,0.2,target,target,1,13.165
17,43,numeric,0.03,0.05,target,decoy,0,10.965
17,44,perceptual,0.1,0.05,target,target,1,9.996
17,45,perceptual,0.03,0.2,competitor,competitor,0,12.305
17,46,perceptual,0.03,0.05,target,competitor,0,8.303
17,47,numeric,0.1,0.2,target,target,1,12.35
17,48,numeric,0.03,0.05,competitor,target,1,12.927
17,49,numeric,0.03,0.2,competitor,decoy,0,4.891
17,50,perceptual,0.1,0.05,competitor,decoy,0,1.468
17,51,perceptual,0.03,0.2,target,decoy,0,1.156
17,52,numeric,0.1,0.05,competitor,decoy,0,0.216
17,53,numeric,0.03,0.05,target,competitor,0,0.929
17,54,numeric,0.1,0.2,competitor,decoy,0,0.272
17,55,perceptual,0.03,0.2,target,competitor,0,1.301
17,56,perceptual,0.1,0.05,target,decoy,0,1.186
17,57,numeric,0.1,0.05,target,decoy,0,1.147
17,58,numeric,0.03,0.2,target,competitor,0,0.943
17,59,perceptual,0.03,0.05,competitor,decoy,0,1.21
17,60,perceptual,0.1,0.2,competitor,decoy,0,1.268
17,61,perceptual,0.1,0.2,competitor,competitor,0,1.035
17,62,numeric,0.1,0.05,target,competitor,0,1.098
17,63,numeric,0.03,0.2,target,competitor,0,1.091
17,64,numeric,0.03,0.2,competitor,competitor,0,1.007
17,65,perceptual,0.03,0.05,competitor,decoy,0,7.854
17,66,perceptual,0.1,0.05,competitor,target,1,3.579
17,67,perceptual,0.1,0.2,target,target,1,6.346
17,68,perceptual,0.1,0.2,competitor,target,1,8.834
17,69,perceptual,0.1,0.05,target,target,1,5.115
17,70,numeric,0.03,0.05,competitor,target,1,7.157
17,71,perceptual,0.03,0.2,target,competitor,0,6.202
17,72,numeric,0.03,0.2,competitor,target,1,7.156
17,73,perceptual,0.03,0.2,competitor,target,1,3.004
17,74,perceptual,0.1,0.05,target,target,1,3.852
17,75,numeric,0.1,0.2,target,target,1,7.694
17,76,numeric,0.03,0.2,target,target,1,6.268
17,78,perceptual,0.1,0.05,competitor,competitor,0,19.372
17,79,perceptual,0.1,0.2,competitor,decoy,0,4.235
17,80,numeric,0.1,0.2,competitor,target,1,5.857
17,81,numeric,0.03,0.2,competitor,target,1,2.596
17,82,numeric,0.03,0.2,target,competitor,0,1.389
17,83,perceptual,0.1,0.2,competitor,competitor,0,1.283
17,84,perceptual,0.03,0.05,target,target,1,1.338
17,85,numeric,0.03,0.05,target,decoy,0,1.346
17,86,perceptual,0.03,0.05,competitor,decoy,0,0.926
17,87,perceptual,0.1,0.2,target,competitor,0,0.606
17,88,numeric,0.03,0.2,competitor,competitor,0,1.326
17,89,perceptual,0.03,0.05,target,competitor,0,1.496
17,90,numeric,0.03,0.05,competitor,decoy,0,1.288
17,91,numeric,0.03,0.2,competitor,decoy,0,1.293
17,92,perceptual,0.03,0.05,competitor,competitor,0,1.282
17,93,numeric,0.03,0.05,competitor,competitor,0,1.141
17,94,perceptual,0.1,0.05,target,competitor,0,1.121
17,95,numeric,0.1,0.05,target,target,1,1.261
17,96,numeric,0.03,0.2,competitor,target,1,0.989
17,97,perceptual,0.03,0.2,target,decoy,0,1.324
17,98,perceptual,0.1,0.2,target,target,1,0.188
17,99,perceptual,0.1,0.2,competitor,decoy,0,0.244
17,100,numeric,0.1,0.05,target,decoy,0,0.22
17,101,perceptual,0.1,0.2,target,competitor,0,0.219
17,102,numeric,0.1,0.2,target,decoy,0,0.37
17,103,numeric,0.1,0.05,competitor,competitor,0,0.2
17,104,numeric,0.03,0.2,competitor,competitor,0,0.186
17,105,numeric,0.03,0.05,competitor,target,1,0.189
17,106,numeric,0.03,0.05,target,target,1,0.168
17,107,perceptual,0.1,0.2,target,decoy,0,0.183
17,108,perceptual,0.1,0.05,target,target,1,0.196
17,109,numeric,0.1,0.05,target,target,1,0.195
17,110,perceptual,0.03,0.2,target,target,1,0.196
17,111,numeric,0.1,0.05,target,target,1,0.197
17,112,numeric,0.03,0.2,target,target,1,0.204
17,113,perceptual,0.1,0.2,target,target,1,0.797
17,114,numeric,0.1,0.2,target,target,1,0.246
17,115,perceptual,0.1,0.05,competitor,target,1,0.266
17,116,numeric,0.03,0.05,target,competitor,0,0.242
17,117,perceptual,0.1,0.05,competitor,target,1,0.211
17,118,perceptual,0.1,0.05,competitor,decoy,0,0.205
17,119,perceptual,0.03,0.05,competitor,target,1,0.197
17,120,numeric,0.1,0.05,target,competitor,0,0.194
17,121,perceptual,0.1,0.05,target,competitor,0,0.189
17,122,numeric,0.1,0.2,target,decoy,0,0.196
17,123,perceptual,0.03,0.05,target,competitor,0,0.18
17,124,perceptual,0.03,0.05,competitor,decoy,0,0.192
17,125,numeric,0.03,0.05,target,competitor,0,0.202
17,126,perceptual,0.03,0.2,target,decoy,0,0.191
17,127,perceptual,0.1,0.2,competitor,decoy,0,0.189
17,128,numeric,0.1,0.2,target,target,1,0.181
17,129,numeric,0.1,0.05,target,competitor,0,0.473
17,130,perceptual,0.03,0.2,target,target,1,1.528
17,131,perceptual,0.03,0.2,competitor,decoy,0,0.204
17,132,numeric,0.03,0.2,competitor,target,1,0.194
17,133,perceptual,0.1,0.2,competitor,competitor,0,0.201
17,134,perceptual,0.03,0.2,target,target,1,0.198
17,135,numeric,0.03,0.2,competitor,target,1,0.206
17,136,numeric,0.03,0.05,competitor,decoy,0,0.213
17,137,perceptual,0.1,0.05,competitor,target,1,0.172
17,138,numeric,0.1,0.2,competitor,competitor,0,0.297
17,139,numeric,0.03,0.05,competitor,target,1,0.192
17,140,numeric,0.03,0.05,target,decoy,0,0.197
17,141,numeric,0.03,0.05,competitor,competitor,0,0.205
17,142,numeric,0.1,0.05,competitor,decoy,0,0.185
17,143,numeric,0.1,0.05,target,decoy,0,0.244
17,144,numeric,0.1,0.2,competitor,decoy,0,0.205
17,145,perceptual,0.1,0.2,target,competitor,0,0.227
17,146,perceptual,0.03,0.05,target,decoy,0,0.235
17,147,numeric,0.03,0.05,competitor,decoy,0,0.197
17,148,perceptual,0.03,0.05,competitor,target,1,0.216
17,149,numeric,0.03,0.2,target,decoy,0,0.355
17,150,numeric,0.1,0.05,target,decoy,0,0.186
17,151,perceptual,0.03,0.2,competitor,competitor,0,0.181
17,152,numeric,0.1,0.2,competitor,decoy,0,0.176
17,153,numeric,0.03,0.05,target,decoy,0,0.345
17,154,perceptual,0.1,0.05,target,competitor,0,0.187
17,155,numeric,0.1,0.2,competitor,decoy,0,0.203
17,156,numeric,0.1,0.2,target,target,1,0.191
17,157,numeric,0.03,0.05,competitor,target,1,0.46
17,158,perceptual,0.1,0.05,target,target,1,0.186
17,159,perceptual,0.03,0.05,competitor,decoy,0,0.195
17,160,numeric,0.1,0.2,competitor,decoy,0,0.204
17,161,perceptual,0.1,0.2,competitor,decoy,0,0.49
17,162,numeric,0.1,0.05,competitor,target,1,0.231
17,163,perceptual,0.03,0.05,target,decoy,0,0.214
17,164,perceptual,0.03,0.2,competitor,target,1,0.2
17,165,perceptual,0.1,0.2,competitor,target,1,0.216
17,166,perceptual,0.1,0.05,competitor,target,1,0.22
17,167,numeric,0.03,0.05,competitor,competitor,0,0.21
17,168,perceptual,0.03,0.05,target,target,1,0.207
17,169,numeric,0.1,0.2,competitor,target,1,0.208
17,170,perceptual,0.1,0.05,competitor,target,1,0.214
17,171,perceptual,0.03,0.2,target,competitor,0,0.241
17,172,perceptual,0.03,0.2,competitor,decoy,0,0.373
17,173,numeric,0.1,0.05,competitor,target,1,0.335
17,174,numeric,0.03,0.2,competitor,decoy,0,0.298
17,175,numeric,0.1,0.05,competitor,target,1,0.321
17,176,perceptual,0.1,0.2,competitor,target,1,0.301
17,177,perceptual,0.03,0.05,competitor,competitor,0,8.386
17,178,perceptual,0.03,0.2,competitor,target,1,4.167
17,179,perceptual,0.03,0.05,target,competitor,0,4.433
17,180,numeric,0.1,0.2,target,competitor,0,6.111
17,181,perceptual,0.03,0.05,competitor,target,1,4.495
17,182,numeric,0.1,0.2,competitor,target,1,5.631
17,183,perceptual,0.1,0.2,target,competitor,0,3.02
17,184,numeric,0.03,0.05,target,target,1,6.546
17,185,numeric,0.1,0.05,target,target,1,3.857
17,186,perceptual,0.1,0.2,target,target,1,5.698
17,187,numeric,0.1,0.2,competitor,target,1,3.185
17,188,perceptual,0.1,0.2,target,target,1,7.826
17,189,numeric,0.1,0.2,competitor,target,1,3.213
17,190,perceptual,0.03,0.2,competitor,target,1,2.967
17,191,numeric,0.03,0.05,target,target,1,4.747
17,192,perceptual,0.1,0.2,target,target,1,6.026
18,1,perceptual,0.03,0.05,target,decoy,0,4.81
18,2,perceptual,0.1,0.2,target,decoy,0,8.822
18,3,perceptual,0.03,0.2,target,target,1,3.939
18,4,perceptual,0.03,0.2,target,target,1,3.351
18,5,perceptual,0.03,0.05,target,competitor,0,5.792
18,6,numeric,0.1,0.05,competitor,target,1,3.823
18,7,perceptual,0.1,0.2,competitor,decoy,0,7.319
18,8,perceptual,0.03,0.2,competitor,competitor,0,11.991
18,9,numeric,0.1,0.2,competitor,target,1,5.214
18,10,numeric,0.03,0.2,competitor,target,1,7.764
18,11,perceptual,0.1,0.2,competitor,decoy,0,0.469
18,12,perceptual,0.1,0.2,competitor,target,1,8.505
18,13,numeric,0.1,0.2,target,target,1,7.319
18,14,perceptual,0.1,0.05,target,competitor,0,3.599
18,15,perceptual,0.1,0.2,target,target,1,5.386
18,16,numeric,0.1,0.05,target,target,1,5.288
18,17,perceptual,0.1,0.2,competitor,target,1,3.583
18,18,perceptual,0.03,0.05,target,target,1,6.208
18,19,perceptual,0.1,0.2,competitor,target,1,2.835
18,20,numeric,0.03,0.2,target,target,1,2.582
18,21,perceptual,0.1,0.05,competitor,target,1,3.53
18,22,numeric,0.03,0.05,target,target,1,3.213
18,23,perceptual,0.1,0.2,target,competitor,0,3.718
18,24,numeric,0.1,0.05,target,decoy,0,8.124
18,25,numeric,0.03,0.05,competitor,decoy,0,4.225
18,26,numeric,0.03,0.05,competitor,target,1,10.382
18,27,perceptual,0.03,0.2,target,target,1,3.949
18,28,perceptual,0.1,0.05,target,target,1,3.558
18,29,perceptual,0.03,0.05,competitor,competitor,0,2.549
18,30,perceptual,0.03,0.2,target,competitor,0,3.147
18,31,perceptual,0.03,0.05,competitor,target,1,1.847
18,32,numeric,0.1,0.2,competitor,target,1,1.419
18,33,perceptual,0.03,0.2,target,target,1,2.171
18,34,numeric,0.03,0.2,competitor,decoy,0,1.39
18,35,numeric,0.1,0.05,target,decoy,0,2.025
18,36,numeric,0.1,0.05,target,target,1,2.597
18,37,perceptual,0.03,0.05,competitor,decoy,0,2.049
18,38,perceptual,0.1,0.05,target,target,1,2.015
18,39,numeric,0.03,0.2,competitor,decoy,0,1.379
18,40,perceptual,0.1,0.05,target,decoy,0,2.724
18,41,numeric,0.1,0.05,target,target,1,1.464
18,42,numeric,0.03,0.2,target,competitor,0,1.998
18,43,perceptual,0.03,0.2,target,competitor,0,1.451
18,44,numeric,0.03,0.05,competitor,target,1,3.3
18,45,perceptual,0.1,0.05,competitor,competitor,0,1.913
18,46,numeric,0.03,0.05,target,target,1,2.851
18,47,numeric,0.03,0.05,competitor,decoy,0,1.414
18,48,numeric,0.1,0.2,target,competitor,0,1.298
18,49,numeric,0.1,0.05,competitor,competitor,0,2.755
18,50,numeric,0.03,0.2,competitor,target,1,1.738
18,51,perceptual,0.03,0.05,competitor,decoy,0,2.186
18,52,perceptual,0.1,0.2,target,competitor,0,3.747
18,53,numeric,0.1,0.2,target,competitor,0,1.766
18,54,numeric,0.1,0.05,target,target,1,1.469
18,55,numeric,0.1,0.2,competitor,competitor,0,1.484
18,56,perceptual,0.1,0.05,target,decoy,0,1.731
18,57,numeric,0.1,0.2,competitor,target,1,2.135
18,58,numeric,0.1,0.05,competitor,competitor,0,1.497
18,59,numeric,0.1,0.2,competitor,competitor,0,1.365
18,60,numeric,0.1,0.05,competitor,target,1,1.333
18,61,numeric,0.03,0.2,target,competitor,0,1.302
18,62,numeric,0.1,0.2,target,target,1,1.354
18,63,perceptual,0.1,0.2,competitor,decoy,0,1.286
18,64,numeric,0.1,0.2,target,decoy,0,1.313
18,65,perceptual,0.03,0.05,competitor,competitor,0,6.813
18,66,numeric,0.1,0.2,competitor,target,1,7.035
18,67,numeric,0.1,0.05,competitor,competitor,0,9.999
18,68,numeric,0.03,0.2,competitor,target,1,6.497
18,69,perceptual,0.03,0.2,competitor,decoy,0,3.503
18,70,numeric,0.03,0.05,target,competitor,0,11.931
18,71,perceptual,0.1,0.05,target,competitor,0,6.503
18,72,perceptual,0.1,0.05,target,target,1,2.548
18,73,numeric,0.1,0.2,competitor,target,1,3.921
18,74,perceptual,0.03,0.2,competitor,target,1,3.202
18,75,numeric,0.03,0.2,target,target,1,5.857
18,76,numeric,0.03,0.05,competitor,competitor,0,2.549
18,77,numeric,0.03,0.05,target,target,1,2.666
18,78,numeric,0.03,0.2,target,target,1,1.458
18,79,numeric,0.03,0.2,target,target,1,2.17
18,80,perceptual,0.03,0.2,target,competitor,0,2.214
18,83,perceptual,0.03,0.05,competitor,target,1,5.051
18,84,perceptual,0.03,0.2,target,decoy,0,1.366
18,85,numeric,0.1,0.05,target,decoy,0,1.458
18,86,perceptual,0.03,0.05,target,decoy,0,1.362
18,87,numeric,0.1,0.05,competitor,competitor,0,1.252
18,88,perceptual,0.03,0.05,target,decoy,0,1.552
18,89,numeric,0.03,0.2,competitor,target,1,1.247
18,90,numeric,0.03,0.05,competitor,decoy,0,1.264
18,91,perceptual,0.03,0.2,competitor,decoy,0,1.299
18,92,numeric,0.03,0.2,target,target,1,1.214
18,93,numeric,0.1,0.2,competitor,competitor,0,2.268
18,94,perceptual,0.1,0.2,target,target,1,1.534
18,95,perceptual,0.03,0.05,target,competitor,0,1.402
18,96,perceptual,0.1,0.2,competitor,decoy,0,1.316
18,97,perceptual,0.03,0.05,competitor,decoy,0,1.339
18,98,perceptual,0.03,0.05,competitor,decoy,0,0.962
18,99,perceptual,0.1,0.05,competitor,decoy,0,1.281
18,100,numeric,0.1,0.2,target,target,1,1.228
18,101,numeric,0.1,0.2,competitor,competitor,0,0.964
18,102,numeric,0.03,0.05,competitor,target,1,1.489
18,103,perceptual,0.03,0.2,competitor,competitor,0,1.302
18,104,perceptual,0.1,0.05,target,target,1,1.063
18,105,perceptual,0.03,0.2,competitor,target,1,0.597
18,106,perceptual,0.1,0.05,competitor,target,1,0.537
18,107,perceptual,0.03,0.2,target,decoy,0,0.349
18,108,perceptual,0.03,0.2,competitor,competitor,0,0.3
18,109,numeric,0.03,0.05,target,target,1,0.308
18,110,numeric,0.1,0.05,target,target,1,0.383
18,111,numeric,0.03,0.05,target,target,1,0.225
18,112,numeric,0.03,0.05,competitor,target,1,0.335
18,113,numeric,0.03,0.05,target,competitor,0,1.602
18,114,numeric,0.03,0.2,competitor,competitor,0,0.42
18,115,perceptual,0.1,0.05,competitor,decoy,0,1.651
18,116,numeric,0.1,0.2,competitor,competitor,0,0.613
18,117,numeric,0.03,0.05,target,target,1,0.397
18,118,perceptual,0.03,0.2,target,decoy,0,0.553
18,119,numeric,0.1,0.05,competitor,target,1,1.359
18,120,numeric,0.1,0.05,competitor,competitor,0,1.217
18,121,perceptual,0.03,0.2,competitor,decoy,0,1.283
18,122,numeric,0.03,0.2,competitor,decoy,0,1.297
18,123,perceptual,0.1,0.2,target,competitor,0,1.19
18,124,perceptual,0.03,0.05,target,decoy,0,0.664
18,125,numeric,0.03,0.05,competitor,decoy,0,0.881
18,126,perceptual,0.1,0.05,target,decoy,0,1.447
18,127,perceptual,0.03,0.2,target,competitor,0,1.287
18,128,perceptual,0.03,0.2,competitor,target,1,1.705
18,129,numeric,0.03,0.05,target,decoy,0,1.862
18,130,perceptual,0.1,0.2,competitor,competitor,0,2.463
18,131,perceptual,0.03,0.05,competitor,competitor,0,2.532
18,132,perceptual,0.03,0.2,competitor,competitor,0,1.875
18,133,numeric,0.03,0.2,target,decoy,0,2.453
18,134,numeric,0.1,0.05,target,target,1,5.28
18,135,numeric,0.03,0.05,target,target,1,9.655
18,136,numeric,0.1,0.2,competitor,target,1,10.233
18,137,numeric,0.03,0.2,competitor,decoy,0,8.507
18,138,numeric,0.03,0.2,target,target,1,7.431
18,139,perceptual,0.03,0.05,competitor,target,1,2.653
18,140,numeric,0.03,0.05,competitor,competitor,0,13.53
18,141,numeric,0.1,0.05,competitor,competitor,0,14.115
18,142,perceptual,0.1,0.2,competitor,target,1,12.981
18,143,perceptual,0.1,0.2,target,competitor,0,2.261
18,144,numeric,0.1,0.2,target,competitor,0,3.603
18,145,perceptual,0.03,0.05,competitor,competitor,0,2.501
18,146,numeric,0.1,0.05,competitor,decoy,0,0.365
18,147,perceptual,0.1,0.2,competitor,target,1,0.368
18,148,numeric,0.1,0.05,competitor,competitor,0,0.268
18,149,perceptual,0.03,0.05,target,target,1,0.27
18,150,numeric,0.03,0.2,competitor,target,1,0.338
18,151,numeric,0.1,0.05,target,target,1,0.263
18,152,numeric,0.1,0.2,target,target,1,0.288
18,153,perceptual,0.03,0.05,target,target,1,0.23
18,154,perceptual,0.1,0.05,competitor,competitor,0,0.252
18,155,numeric,0.03,0.2,target,competitor,0,0.325
18,156,numeric,0.1,0.05,target,decoy,0,0.23
18,157,perceptual,0.1,0.05,competitor,target,1,0.221
18,158,perceptual,0.1,0.2,target,decoy,0,0.214
18,159,perceptual,0.03,0.05,target,decoy,0,0.285
18,160,numeric,0.1,0.2,target,competitor,0,0.238
18,161,perceptual,0.1,0.05,competitor,competitor,0,0.364
18,162,numeric,0.03,0.05,target,competitor,0,0.441
18,163,numeric,0.03,0.2,competitor,target,1,0.303
18,164,numeric,0.03,0.2,competitor,decoy,0,0.318
18,165,numeric,0.03,0.2,target,competitor,0,0.234
18,166,perceptual,0.03,0.05,competitor,target,1,0.249
18,167,perceptual,0.03,0.2,competitor,competitor,0,0.206
18,168,numeric,0.03,0.05,target,decoy,0,0.264
18,169,numeric,0.1,0.2,target,decoy,0,0.293
18,170,numeric,0.1,0.2,competitor,competitor,0,0.349
18,171,numeric,0.03,0.05,competitor,decoy,0,0.207
18,172,perceptual,0.1,0.05,competitor,decoy,0,0.314
18,173,perceptual,0.1,0.2,target,competitor,0,0.266
18,174,numeric,0.1,0.2,target,decoy,0,0.32
18,175,perceptual,0.1,0.05,target,target,1,0.43
18,176,perceptual,0.1,0.2,competitor,competitor,0,0.285
18,177,numeric,0.1,0.05,target,competitor,0,0.345
18,178,perceptual,0.1,0.2,target,competitor,0,0.264
18,179,perceptual,0.1,0.2,target,target,1,0.168
18,180,perceptual,0.1,0.05,competitor,target,1,0.347
18,181,perceptual,0.1,0.2,target,competitor,0,0.216
18,182,perceptual,0.1,0.05,competitor,target,1,0.368
18,183,perceptual,0.03,0.05,target,competitor,0,0.318
18,184,numeric,0.1,0.2,target,competitor,0,0.351
18,185,numeric,0.03,0.2,target,target,1,0.746
18,186,perceptual,0.1,0.05,competitor,decoy,0,0.224
18,187,perceptual,0.03,0.2,target,target,1,0.32
18,188,perceptual,0.1,0.2,competitor,decoy,0,0.224
18,189,perceptual,0.03,0.2,competitor,competitor,0,0.601
18,190,numeric,0.03,0.05,competitor,target,1,0.335
18,191,perceptual,0.1,0.05,target,decoy,0,0.425
18,192,perceptual,0.1,0.05,target,target,1,1.788
19,1,numeric,0.1,0.2,competitor,competitor,0,13.265
19,2,perceptual,0.03,0.05,competitor,decoy,0,7.646
19,3,numeric,0.1,0.05,competitor,competitor,0,15.212
19,4,numeric,0.03,0.2,competitor,target,1,8.77
19,5,numeric,0.1,0.2,competitor,competitor,0,13.802
19,6,numeric,0.03,0.05,target,target,1,8.36
19,7,numeric,0.1,0.05,target,competitor,0,10.053
19,8,numeric,0.03,0.05,competitor,target,1,8.41
19,9,perceptual,0.1,0.05,competitor,target,1,6.725
19,10,numeric,0.1,0.2,target,competitor,0,13.415
19,11,perceptual,0.1,0.2,competitor,target,1,8.348
19,12,perceptual,0.1,0.05,target,target,1,3.637
19,13,perceptual,0.03,0.2,target,target,1,3.723
19,14,perceptual,0.03,0.05,competitor,target,1,3.241
19,15,perceptual,0.03,0.05,competitor,competitor,0,3.094
19,16,perceptual,0.03,0.05,competitor,decoy,0,5.807
19,17,perceptual,0.03,0.2,competitor,target,1,4.177
19,18,perceptual,0.1,0.05,target,target,1,3.688
19,19,perceptual,0.1,0.05,competitor,competitor,0,4.518
19,20,perceptual,0.03,0.05,competitor,target,1,10.589
19,21,numeric,0.03,0.05,target,target,1,8.213
19,22,perceptual,0.03,0.2,target,target,1,6.592
19,23,numeric,0.03,0.05,target,competitor,0,14.127
19,24,numeric,0.03,0.05,competitor,decoy,0,13.77
19,25,numeric,0.1,0.2,target,target,1,13.334
19,26,perceptual,0.1,0.05,target,decoy,0,3.669
19,27,numeric,0.03,0.2,target,target,1,10.204
19,28,perceptual,0.1,0.2,target,decoy,0,0.216
19,29,perceptual,0.1,0.2,target,competitor,0,5.428
19,30,numeric,0.1,0.05,target,target,1,10.938
19,31,perceptual,0.03,0.2,target,target,1,3.752
19,32,perceptual,0.03,0.05,target,target,1,4.03
19,33,numeric,0.03,0.2,competitor,target,1,17.252
19,34,perceptual,0.03,0.2,competitor,target,1,4.704
19,35,perceptual,0.1,0.2,target,target,1,3.672
19,36,perceptual,0.1,0.2,competitor,target,1,4.177
19,37,perceptual,0.1,0.2,target,target,1,3.349
19,38,numeric,0.1,0.2,target,target,1,7.696
19,39,perceptual,0.03,0.05,competitor,target,1,3.184
19,40,perceptual,0.03,0.2,competitor,decoy,0,2.216
19,41,perceptual,0.1,0.05,competitor,target,1,3.196
19,42,numeric,0.1,0.2,target,target,1,12.256
19,43,numeric,0.03,0.05,competitor,target,1,7.852
19,44,numeric,0.03,0.05,target,decoy,0,8.426
19,45,perceptual,0.03,0.05,competitor,target,1,3.247
19,46,numeric,0.1,0.05,competitor,target,1,4.191
19,47,numeric,0.1,0.2,competitor,target,1,7.696
19,48,numeric,0.1,0.05,competitor,target,1,13.381
19,49,numeric,0.03,0.2,target,target,1,9.747
19,50,numeric,0.03,0.2,target,competitor,0,10.247
19,51,numeric,0.03,0.05,competitor,competitor,0,14.44
19,52,perceptual,0.1,0.05,competitor,target,1,5.799
19,53,perceptual,0.1,0.05,target,target,1,4.528
19,54,numeric,0.03,0.2,competitor,competitor,0,6.226
19,55,perceptual,0.1,0.2,competitor,target,1,3.245
19,56,perceptual,0.1,0.05,target,target,1,2.884
19,57,perceptual,0.03,0.2,competitor,competitor,0,3.222
19,59,perceptual,0.1,0.05,target,target,1,1.378
19,60,perceptual,0.03,0.05,target,target,1,2.555
19,61,numeric,0.1,0.2,competitor,competitor,0,4.351
19,62,perceptual,0.1,0.2,target,target,1,4.473
19,63,perceptual,0.03,0.05,target,target,1,3.372
19,64,numeric,0.1,0.05,target,target,1,5.551
19,65,perceptual,0.1,0.2,target,target,1,4.048
19,66,numeric,0.03,0.2,target,competitor,0,7.707
19,67,numeric,0.03,0.2,competitor,competitor,0,9.052
19,68,numeric,0.03,0.05,competitor,target,1,14.139
19,69,perceptual,0.1,0.05,competitor,target,1,3.049
19,70,numeric,0.03,0.2,competitor,target,1,9.416
19,71,numeric,0.03,0.2,competitor,target,1,13.879
19,72,numeric,0.1,0.2,competitor,target,1,8.344
19,73,numeric,0.1,0.05,competitor,target,1,7.349
19,74,numeric,0.03,0.05,target,target,1,12.83
19,75,perceptual,0.1,0.05,competitor,competitor,0,5.067
19,76,perceptual,0.1,0.2,competitor,competitor,0,2.65
19,77,numeric,0.1,0.05,target,target,1,16.281
19,78,perceptual,0.1,0.05,target,target,1,4.826
19,79,numeric,0.03,0.2,target,target,1,7.921
19,80,perceptual,0.1,0.2,target,target,1,4.202
19,81,perceptual,0.1,0.2,competitor,target,1,3.094
19,82,perceptual,0.03,0.2,target,competitor,0,2.518
19,83,numeric,0.1,0.05,target,decoy,0,13.427
19,84,perceptual,0.03,0.2,competitor,competitor,0,3.558
19,85,numeric,0.03,0.05,competitor,competitor,0,16.682
19,86,perceptual,0.1,0.2,competitor,target,1,4.444
19,88,perceptual,0.1,0.2,target,target,1,2.61
19,89,perceptual,0.03,0.2,target,competitor,0,2.142
19,90,perceptual,0.1,0.05,competitor,target,1,3.889
19,91,numeric,0.03,0.05,competitor,competitor,0,10.216
19,92,numeric,0.1,0.05,target,target,1,11.66
19,93,numeric,0.1,0.2,target,target,1,9.182
19,94,numeric,0.1,0.2,competitor,target,1,9.403
19,95,numeric,0.03,0.2,target,target,1,11.18
19,96,perceptual,0.1,0.2,target,target,1,4.55
19,97,perceptual,0.1,0.05,target,decoy,0,2.791
19,98,perceptual,0.03,0.05,target,decoy,0,4.522
19,99,perceptual,0.03,0.2,competitor,competitor,0,4.82
19,100,numeric,0.03,0.05,competitor,target,1,8.47
19,101,numeric,0.03,0.2,target,target,1,12.65
19,102,perceptual,0.03,0.05,competitor,competitor,0,5.009
19,103,numeric,0.1,0.2,target,target,1,12.909
19,104,numeric,0.1,0.2,competitor,target,1,11.305
19,105,numeric,0.03,0.2,competitor,competitor,0,10.641
19,106,perceptual,0.1,0.05,competitor,target,1,4.55
19,107,perceptual,0.1,0.2,target,target,1,2.642
19,108,perceptual,0.1,0.2,competitor,target,1,7.71
19,109,numeric,0.03,0.2,target,competitor,0,12.802
19,110,perceptual,0.03,0.05,target,decoy,0,2.605
19,111,perceptual,0.1,0.05,target,decoy,0,5.482
19,112,numeric,0.1,0.05,target,target,1,8.488
19,113,numeric,0.1,0.05,competitor,target,1,8.793
19,114,perceptual,0.03,0.05,target,target,1,3.796
19,115,numeric,0.03,0.2,target,target,1,10.657
19,116,numeric,0.03,0.05,competitor,target,1,12.673
19,117,perceptual,0.1,0.2,competitor,competitor,0,5.525
19,118,perceptual,0.03,0.2,target,competitor,0,3.848
19,119,perceptual,0.1,0.2,target,competitor,0,2.671
19,120,perceptual,0.03,0.05,competitor,target,1,4.511
19,121,numeric,0.1,0.05,target,target,1,8.884
19,122,perceptual,0.03,0.2,competitor,target,1,3.708
19,123,numeric,0.03,0.05,target,target,1,9.318
19,124,numeric,0.1,0.05,target,target,1,14.4
19,125,numeric,0.1,0.05,competitor,target,1,11.69
19,126,numeric,0.03,0.2,competitor,target,1,11.579
19,127,numeric,0.03,0.2,competitor,competitor,0,10.101
19,128,numeric,0.1,0.2,target,competitor,0,10.342
19,129,perceptual,0.03,0.2,competitor,competitor,0,2.927
19,130,numeric,0.1,0.05,target,target,1,10.537
19,131,perceptual,0.03,0.05,competitor,decoy,0,6.069
19,132,numeric,0.1,0.2,competitor,target,1,11.085
19,133,perceptual,0.03,0.2,competitor,competitor,0,3.122
19,134,numeric,0.1,0.2,target,competitor,0,7.98
19,135,perceptual,0.1,0.05,target,decoy,0,2.397
19,136,perceptual,0.1,0.05,target,target,1,5.438
19,137,perceptual,0.03,0.2,target,target,1,5.635
19,138,perceptual,0.03,0.05,target,decoy,0,5.486
19,139,perceptual,0.03,0.2,target,target,1,2.824
19,140,perceptual,0.03,0.05,competitor,competitor,0,3.297
19,141,perceptual,0.1,0.05,competitor,target,1,3.526
19,142,numeric,0.03,0.05,target,target,1,9.677
19,143,perceptual,0.1,0.05,competitor,target,1,4.238
19,144,numeric,0.03,0.05,competitor,competitor,0,7.828
19,145,numeric,0.03,0.05,target,target,1,13.883
19,146,numeric,0.1,0.05,target,target,1,7.381
19,147,perceptual,0.03,0.05,target,target,1,5.927
19,148,numeric,0.03,0.2,competitor,competitor,0,9.163
19,149,perceptual,0.1,0.2,target,target,1,2.807
19,150,numeric,0.1,0.05,competitor,target,1,10.89
19,151,numeric,0.03,0.05,target,target,1,10.053
19,152,numeric,0.1,0.05,competitor,target,1,14.083
19,153,numeric,0.1,0.2,competitor,target,1,12.026
19,154,perceptual,0.1,0.2,competitor,target,1,3.144
19,155,numeric,0.03,0.2,target,target,1,11.429
19,156,perceptual,0.1,0.2,competitor,target,1,3.265
19,157,numeric,0.03,0.05,target,target,1,11.061
19,158,perceptual,0.03,0.05,competitor,target,1,3.304
19,159,numeric,0.1,0.05,competitor,competitor,0,10.446
19,160,numeric,0.03,0.2,competitor,target,1,11.193
19,161,perceptual,0.1,0.2,competitor,target,1,3.504
19,162,numeric,0.03,0.2,target,target,1,9.903
19,163,perceptual,0.03,0.05,target,target,1,3.269
19,164,perceptual,0.03,0.2,competitor,target,1,3.609
19,165,numeric,0.03,0.05,target,target,1,12.35
19,166,numeric,0.1,0.05,competitor,target,1,10.658
19,167,numeric,0.1,0.2,target,target,1,15.828
19,168,numeric,0.1,0.2,target,target,1,18.904
19,169,numeric,0.1,0.2,competitor,target,1,15.795
19,170,numeric,0.03,0.05,competitor,target,1,11.022
19,171,numeric,0.1,0.05,competitor,target,1,10.944
19,172,perceptual,0.03,0.2,target,target,1,3.01
19,173,perceptual,0.03,0.2,target,competitor,0,2.254
19,174,perceptual,0.03,0.05,target,competitor,0,3.313
19,175,numeric,0.1,0.2,competitor,target,1,10.087
19,176,perceptual,0.03,0.2,target,target,1,4.65
19,177,numeric,0.1,0.05,competitor,target,1,11.366
19,178,perceptual,0.03,0.05,target,target,1,4.97
19,179,perceptual,0.03,0.2,competitor,competitor,0,2.645
19,180,numeric,0.1,0.2,target,target,1,10.223
19,181,perceptual,0.03,0.05,target,target,1,2.926
19,182,perceptual,0.03,0.2,target,target,1,7.573
19,183,numeric,0.03,0.05,target,target,1,10.62
19,184,numeric,0.1,0.05,target,target,1,7.491
19,185,perceptual,0.1,0.05,target,target,1,3.881
19,186,numeric,0.03,0.05,competitor,target,1,10.053
19,187,perceptual,0.1,0.05,competitor,competitor,0,3.207
19,188,perceptual,0.1,0.05,competitor,target,1,5.529
19,189,perceptual,0.03,0.2,competitor,competitor,0,3.821
19,190,numeric,0.1,0.2,competitor,competitor,0,16.33
19,191,numeric,0.03,0.2,competitor,target,1,18.604
19,192,perceptual,0.1,0.2,competitor,target,1,2.966
20,2,perceptual,0.1,0.2,competitor,competitor,0,3.527
20,3,perceptual,0.1,0.05,target,target,1,6.081
20,4,perceptual,0.1,0.05,competitor,target,1,6.123
20,5,perceptual,0.1,0.2,competitor,competitor,0,7.424
20,6,numeric,0.03,0.2,competitor,target,1,8.908
20,7,numeric,0.03,0.2,target,competitor,0,9.772
20,8,numeric,0.03,0.2,competitor,target,1,12.333
20,9,perceptual,0.03,0.2,target,target,1,9.519
20,10,numeric,0.1,0.05,competitor,decoy,0,15.026
20,11,numeric,0.03,0.2,target,competitor,0,11.366
20,12,numeric,0.03,0.05,competitor,target,1,10.923
20,13,perceptual,0.03,0.05,competitor,decoy,0,11.749
20,14,perceptual,0.03,0.05,competitor,target,1,9.463
20,15,numeric,0.03,0.05,competitor,competitor,0,7.306
20,16,numeric,0.03,0.2,target,decoy,0,6.713
20,17,numeric,0.03,0.05,target,target,1,12.056
20,18,numeric,0.1,0.05,competitor,competitor,0,6.264
20,19,numeric,0.1,0.05,target,target,1,11.517
20,20,numeric,0.03,0.05,competitor,target,1,6.229
20,21,perceptual,0.1,0.05,competitor,decoy,0,10.695
20,22,perceptual,0.03,0.05,competitor,decoy,0,8.201
20,23,perceptual,0.1,0.05,target,target,1,7.135
20,24,perceptual,0.1,0.2,target,target,1,6.5
20,25,numeric,0.03,0.2,competitor,competitor,0,12.633
20,26,perceptual,0.03,0.2,competitor,target,1,7.876
20,28,perceptual,0.1,0.05,target,target,1,5.973
20,29,perceptual,0.1,0.2,competitor,target,1,7.253
20,30,perceptual,0.03,0.2,competitor,decoy,0,6.177
20,31,numeric,0.03,0.05,target,target,1,10.519
20,32,perceptual,0.1,0.2,competitor,competitor,0,8.05
20,33,numeric,0.03,0.2,competitor,competitor,0,14.486
20,34,perceptual,0.1,0.05,competitor,competitor,0,5.537
20,35,perceptual,0.03,0.2,target,target,1,4.732
20,36,perceptual,0.03,0.2,target,target,1,4.775
20,37,numeric,0.1,0.2,competitor,target,1,9.104
20,38,perceptual,0.1,0.05,target,target,1,6.792
20,39,numeric,0.03,0.05,target,target,1,6.724
20,40,perceptual,0.1,0.2,target,target,1,4.743
20,41,numeric,0.03,0.2,competitor,competitor,0,9.375
20,42,perceptual,0.03,0.05,target,target,1,5.284
20,43,numeric,0.1,0.05,competitor,competitor,0,6.196
20,44,perceptual,0.1,0.2,competitor,competitor,0,5.471
20,45,perceptual,0.03,0.2,competitor,competitor,0,6.979
20,46,perceptual,0.03,0.05,target,target,1,5.353
20,47,perceptual,0.1,0.2,target,target,1,7.114
20,48,numeric,0.1,0.2,target,target,1,7.359
20,49,perceptual,0.1,0.2,target,target,1,5.708
20,50,numeric,0.1,0.05,target,target,1,5.975
20,51,perceptual,0.1,0.2,target,target,1,6.349
20,52,numeric,0.1,0.05,competitor,target,1,7.432
20,53,numeric,0.03,0.05,target,target,1,7.311
20,54,perceptual,0.03,0.05,competitor,target,1,5.809
20,55,numeric,0.1,0.05,target,target,1,5.095
20,56,numeric,0.1,0.2,competitor,target,1,10.741
20,57,numeric,0.1,0.05,competitor,target,1,6.535
20,58,perceptual,0.03,0.05,target,competitor,0,6.21
20,59,perceptual,0.1,0.2,target,target,1,6.474
20,60,numeric,0.03,0.05,competitor,target,1,10.861
20,61,perceptual,0.03,0.05,target,decoy,0,5.162
20,62,perceptual,0.03,0.2,target,target,1,3.888
20,63,numeric,0.1,0.2,target,target,1,7.835
20,64,perceptual,0.03,0.05,competitor,decoy,0,8.86
20,65,perceptual,0.03,0.05,competitor,competitor,0,8.824
20,66,numeric,0.1,0.2,target,target,1,7.289
20,67,numeric,0.1,0.2,target,target,1,4.884
20,68,perceptual,0.03,0.05,competitor,target,1,4.158
20,69,numeric,0.1,0.05,target,target,1,9.019
20,70,perceptual,0.03,0.2,competitor,target,1,7.114
20,71,numeric,0.1,0.05,target,target,1,6.121
20,72,numeric,0.03,0.05,target,target,1,9.945
20,73,numeric,0.1,0.05,competitor,competitor,0,6.949
20,74,perceptual,0.1,0.05,target,target,1,9.871
20,75,perceptual,0.1,0.05,target,target,1,5.845
20,76,numeric,0.1,0.2,competitor,target,1,9.705
20,77,perceptual,0.03,0.2,target,target,1,4.264
20,78,numeric,0.1,0.05,target,target,1,5.82
20,79,perceptual,0.03,0.05,competitor,competitor,0,5.927
20,80,numeric,0.03,0.2,competitor,competitor,0,7.492
20,81,perceptual,0.1,0.05,competitor,target,1,5.134
20,82,perceptual,0.03,0.2,target,target,1,6.412
20,83,perceptual,0.03,0.05,target,decoy,0,4.215
20,84,numeric,0.03,0.05,competitor,competitor,0,7.74
20,85,perceptual,0.03,0.05,target,target,1,5.436
20,86,numeric,0.1,0.05,target,target,1,6.481
20,87,numeric,0.03,0.05,target,target,1,7.579
20,88,numeric,0.03,0.2,target,competitor,0,6.342
20,89,numeric,0.03,0.05,competitor,competitor,0,9.302
20,90,perceptual,0.1,0.2,competitor,competitor,0,5.377
20,91,numeric,0.03,0.2,competitor,competitor,0,9.545
20,92,numeric,0.1,0.2,target,target,1,8.735
20,93,perceptual,0.1,0.2,target,target,1,4.009
20,94,numeric,0.1,0.2,competitor,target,1,9.537
20,95,numeric,0.1,0.05,competitor,target,1,7.7
20,96,perceptual,0.1,0.05,competitor,target,1,5.039
20,97,perceptual,0.1,0.05,competitor,target,1,4.826
20,98,numeric,0.1,0.2,target,competitor,0,6.354
20,99,perceptual,0.03,0.2,competitor,competitor,0,4.7
20,100,numeric,0.1,0.05,competitor,competitor,0,8.252
20,101,perceptual,0.1,0.05,competitor,target,1,5.284
20,102,perceptual,0.1,0.05,competitor,target,1,4.155
20,103,perceptual,0.1,0.05,competitor,target,1,5.228
20,104,numeric,0.1,0.05,target,target,1,5.579
20,105,numeric,0.1,0.2,competitor,competitor,0,6.588
20,106,numeric,0.1,0.05,competitor,target,1,4.645
20,107,numeric,0.1,0.2,target,target,1,5.569
20,108,perceptual,0.03,0.05,competitor,competitor,0,4.308
20,109,perceptual,0.03,0.05,competitor,competitor,0,8.851
20,110,perceptual,0.1,0.05,target,decoy,0,6.77
20,111,perceptual,0.1,0.2,competitor,target,1,4.559
20,112,perceptual,0.1,0.05,target,target,1,4.601
20,113,perceptual,0.1,0.2,target,target,1,5.289
20,114,perceptual,0.1,0.05,target,competitor,0,6.271
20,115,perceptual,0.03,0.05,target,target,1,8.301
20,116,numeric,0.1,0.05,target,decoy,0,7.006
20,117,perceptual,0.1,0.05,target,target,1,4.456
20,118,perceptual,0.1,0.2,target,target,1,5.797
20,119,numeric,0.03,0.05,competitor,target,1,6.529
20,120,perceptual,0.03,0.2,competitor,competitor,0,4.974
20,121,perceptual,0.03,0.2,competitor,competitor,0,4.395
20,122,numeric,0.1,0.05,competitor,competitor,0,5.519
20,123,perceptual,0.03,0.2,target,target,1,4.083
20,124,numeric,0.03,0.2,target,target,1,7.855
20,125,numeric,0.03,0.2,target,target,1,6.311
20,126,numeric,0.03,0.05,target,target,1,7.052
20,127,perceptual,0.1,0.05,competitor,target,1,5.103
20,128,numeric,0.03,0.2,target,target,1,8.206
20,129,numeric,0.03,0.05,competitor,target,1,10.985
20,130,perceptual,0.1,0.2,target,decoy,0,4.848
20,131,perceptual,0.1,0.05,competitor,target,1,6.78
20,132,perceptual,0.03,0.2,target,target,1,4.306
20,133,perceptual,0.03,0.05,target,target,1,6.419
20,134,perceptual,0.03,0.05,competitor,competitor,0,5.925
20,135,perceptual,0.1,0.2,competitor,target,1,7.598
20,136,perceptual,0.1,0.2,target,target,1,3.684
20,137,numeric,0.03,0.2,competitor,target,1,9.75
20,138,perceptual,0.03,0.2,competitor,competitor,0,5.231
20,139,numeric,0.1,0.2,competitor,target,1,10.021
20,140,perceptual,0.03,0.2,competitor,target,1,5.275
20,141,numeric,0.1,0.2,target,target,1,9.378
20,142,numeric,0.03,0.2,competitor,competitor,0,5.743
20,143,numeric,0.03,0.05,target,target,1,7.598
20,144,numeric,0.03,0.05,target,target,1,8.744
20,145,perceptual,0.03,0.05,target,competitor,0,3.343
20,146,numeric,0.1,0.2,competitor,competitor,0,7.444
20,147,numeric,0.1,0.2,competitor,target,1,5.341
20,148,perceptual,0.03,0.2,competitor,decoy,0,18.523
20,149,numeric,0.03,0.2,competitor,target,1,9.286
20,150,numeric,0.1,0.05,competitor,target,1,6.305
20,151,numeric,0.03,0.2,competitor,target,1,6.559
20,152,perceptual,0.03,0.2,competitor,competitor,0,5.701
20,153,perceptual,0.03,0.05,competitor,target,1,9.715
20,154,numeric,0.03,0.05,target,target,1,5.209
20,155,numeric,0.03,0.05,competitor,competitor,0,6.873
20,156,perceptual,0.03,0.2,target,target,1,7.851
20,157,numeric,0.03,0.05,competitor,target,1,12.227
20,158,numeric,0.03,0.2,target,competitor,0,7.512
20,159,perceptual,0.1,0.05,target,target,1,6.982
20,160,numeric,0.1,0.2,competitor,target,1,8.216
20,161,numeric,0.1,0.2,target,target,1,7.068
20,162,numeric,0.03,0.05,target,target,1,7.523
20,163,numeric,0.03,0.05,competitor,competitor,0,10.886
20,164,perceptual,0.1,0.2,competitor,competitor,0,7.048
20,165,numeric,0.1,0.05,target,target,1,5.474
20,166,perceptual,0.03,0.2,target,target,1,8.428
20,167,numeric,0.03,0.2,target,decoy,0,12.411
20,168,perceptual,0.03,0.2,target,target,1,3.413
20,169,perceptual,0.03,0.05,target,target,1,3.739
20,170,perceptual,0.1,0.2,competitor,competitor,0,7.09
20,171,perceptual,0.03,0.05,target,decoy,0,7.732
20,172,numeric,0.03,0.2,target,competitor,0,10.194
20,173,numeric,0.1,0.2,target,target,1,5.359
20,174,numeric,0.03,0.05,target,target,1,9.092
20,175,numeric,0.1,0.05,target,decoy,0,10.739
20,176,numeric,0.1,0.05,competitor,target,1,12.457
20,177,numeric,0.03,0.2,target,decoy,0,7.052
20,178,numeric,0.03,0.05,competitor,decoy,0,4.841
20,179,numeric,0.03,0.2,competitor,target,1,7.099
20,180,numeric,0.1,0.2,competitor,competitor,0,3.712
20,181,perceptual,0.1,0.2,competitor,target,1,6.662
20,182,numeric,0.1,0.05,target,competitor,0,9.955
20,183,numeric,0.1,0.2,competitor,target,1,6.059
20,184,perceptual,0.03,0.2,competitor,competitor,0,8.058
20,185,perceptual,0.1,0.2,competitor,target,1,2.497
20,186,perceptual,0.1,0.05,competitor,competitor,0,8.106
20,187,perceptual,0.1,0.2,target,target,1,7.616
20,188,numeric,0.03,0.2,target,target,1,4.906
20,189,numeric,0.1,0.2,target,target,1,5.937
20,190,numeric,0.1,0.2,target,target,1,6.17
20,191,numeric,0.1,0.2,competitor,competitor,0,8.242
20,192,perceptual,0.03,0.2,target,target,1,5.823
21,1,perceptual,0.1,0.2,competitor,target,1,14.929
21,2,perceptual,0.1,0.2,competitor,target,1,5.865
21,3,numeric,0.03,0.2,competitor,competitor,0,8.603
21,4,perceptual,0.03,0.2,target,competitor,0,5.925
21,5,numeric,0.1,0.2,competitor,target,1,7.203
21,6,numeric,0.1,0.05,competitor,target,1,9.843
21,7,numeric,0.1,0.2,target,target,1,8.731
21,8,perceptual,0.03,0.2,target,target,1,3.779
21,9,numeric,0.03,0.2,target,target,1,5.818
21,10,numeric,0.1,0.2,competitor,competitor,0,6.778
21,11,perceptual,0.03,0.2,competitor,target,1,3.94
21,12,perceptual,0.03,0.2,competitor,decoy,0,2.865
21,13,numeric,0.1,0.2,target,target,1,7.301
21,14,numeric,0.03,0.05,target,target,1,8.202
21,15,perceptual,0.1,0.2,competitor,target,1,4.119
21,16,perceptual,0.03,0.2,target,target,1,4.851
21,17,perceptual,0.1,0.2,competitor,target,1,3.563
21,18,perceptual,0.1,0.05,competitor,target,1,4.707
21,19,perceptual,0.03,0.05,competitor,target,1,9.437
21,20,perceptual,0.03,0.05,competitor,target,1,6.45
21,21,numeric,0.03,0.2,competitor,competitor,0,13.587
21,22,perceptual,0.1,0.05,target,target,1,5.699
21,23,perceptual,0.1,0.05,competitor,target,1,3.211
21,24,numeric,0.03,0.05,target,target,1,6.074
21,25,numeric,0.1,0.05,competitor,decoy,0,13.847
21,26,perceptual,0.03,0.05,competitor,target,1,4.242
21,27,perceptual,0.1,0.05,target,target,1,3.926
21,28,perceptual,0.1,0.05,competitor,target,1,2.368
21,29,numeric,0.03,0.05,target,target,1,9.313
21,30,numeric,0.03,0.2,target,competitor,0,6.998
21,31,perceptual,0.03,0.05,competitor,competitor,0,4.833
21,32,perceptual,0.03,0.2,competitor,target,1,3.255
21,33,numeric,0.03,0.05,competitor,competitor,0,8.43
21,34,numeric,0.03,0.2,target,target,1,8.737
21,35,numeric,0.03,0.2,target,target,1,6.833
21,36,numeric,0.1,0.05,target,target,1,11.871
21,37,perceptual,0.1,0.2,competitor,target,1,4.169
21,38,perceptual,0.03,0.2,target,target,1,4.14
21,39,numeric,0.1,0.2,competitor,competitor,0,9.061
21,40,perceptual,0.1,0.2,target,competitor,0,3.353
21,41,perceptual,0.1,0.2,competitor,target,1,2.963
21,42,perceptual,0.1,0.05,target,target,1,4.563
21,43,numeric,0.1,0.05,target,target,1,12.943
21,44,numeric,0.1,0.05,target,target,1,5.166
21,45,numeric,0.1,0.05,competitor,competitor,0,13.268
21,46,numeric,0.03,0.05,target,target,1,7.287
21,47,numeric,0.03,0.2,competitor,competitor,0,12.201
21,48,perceptual,0.1,0.2,target,target,1,2.195
21,49,perceptual,0.1,0.05,target,target,1,4.457
21,50,perceptual,0.03,0.05,target,target,1,5.754
21,51,numeric,0.1,0.05,target,target,1,4.718
21,52,perceptual,0.03,0.05,competitor,decoy,0,2.767
21,53,perceptual,0.1,0.05,target,target,1,3.977
21,54,perceptual,0.03,0.2,competitor,competitor,0,4.885
21,55,perceptual,0.1,0.2,competitor,target,1,3.579
21,56,numeric,0.03,0.05,competitor,competitor,0,5.591
21,57,numeric,0.1,0.2,competitor,target,1,8.127
21,58,numeric,0.03,0.05,competitor,competitor,0,6.037
21,59,numeric,0.03,0.2,target,competitor,0,5.467
21,60,perceptual,0.03,0.2,target,competitor,0,3.158
21,61,perceptual,0.1,0.2,competitor,target,1,2.665
21,62,numeric,0.1,0.05,competitor,competitor,0,11.677
21,63,numeric,0.03,0.05,competitor,target,1,4.845
21,64,perceptual,0.03,0.2,target,target,1,4.236
21,65,numeric,0.03,0.05,competitor,competitor,0,4.438
21,66,numeric,0.1,0.05,competitor,target,1,5.007
21,67,numeric,0.1,0.2,competitor,competitor,0,8.478
21,68,perceptual,0.03,0.2,target,competitor,0,4.238
21,69,numeric,0.03,0.05,target,target,1,8.127
21,70,numeric,0.1,0.2,target,target,1,8.918
21,71,numeric,0.1,0.2,competitor,target,1,8.128
21,72,numeric,0.03,0.05,target,target,1,7.963
21,73,perceptual,0.1,0.2,target,competitor,0,8.294
21,74,perceptual,0.03,0.05,target,competitor,0,4.777
21,75,numeric,0.1,0.05,target,target,1,7.106
21,76,numeric,0.1,0.05,competitor,competitor,0,10.181
21,77,numeric,0.03,0.05,competitor,competitor,0,17.927
21,78,perceptual,0.03,0.2,target,target,1,5.983
21,79,perceptual,0.03,0.2,competitor,competitor,0,2.683
21,80,numeric,0.03,0.2,competitor,competitor,0,7.067
21,81,perceptual,0.1,0.2,target,target,1,2.866
21,82,perceptual,0.03,0.05,target,target,1,2.972
21,83,perceptual,0.1,0.2,target,competitor,0,3.694
21,84,perceptual,0.1,0.05,competitor,target,1,4.829
21,85,numeric,0.03,0.05,target,target,1,7.036
21,86,numeric,0.1,0.2,target,competitor,0,9.625
21,87,numeric,0.1,0.05,competitor,competitor,0,9.2
21,88,perceptual,0.1,0.05,competitor,target,1,2.735
21,89,numeric,0.03,0.2,target,competitor,0,6.893
21,90,perceptual,0.1,0.05,competitor,target,1,2.823
21,91,numeric,0.03,0.2,target,target,1,5.414
21,92,numeric,0.1,0.05,competitor,target,1,10.246
21,93,perceptual,0.1,0.05,target,competitor,0,7.659
21,94,numeric,0.1,0.05,competitor,competitor,0,16.317
21,95,perceptual,0.03,0.2,competitor,target,1,2.498
21,96,numeric,0.1,0.2,competitor,target,1,2.748
21,97,numeric,0.03,0.05,target,target,1,3.376
21,98,perceptual,0.1,0.2,target,target,1,2.292
21,99,perceptual,0.03,0.2,competitor,target,1,3.659
21,100,numeric,0.1,0.05,competitor,competitor,0,9.79
21,101,perceptual,0.1,0.05,competitor,competitor,0,3.178
21,102,numeric,0.1,0.05,competitor,competitor,0,7.89
21,103,perceptual,0.1,0.05,competitor,target,1,3.119
21,104,numeric,0.03,0.2,target,target,1,5.815
21,105,perceptual,0.03,0.05,competitor,target,1,3.21
21,106,perceptual,0.03,0.05,target,target,1,4.799
21,107,numeric,0.03,0.05,competitor,target,1,8.621
21,108,perceptual,0.03,0.2,target,target,1,4.068
21,109,numeric,0.1,0.05,target,target,1,6.312
21,110,numeric,0.03,0.2,competitor,target,1,10.608
21,111,perceptual,0.1,0.2,target,target,1,11.318
21,112,numeric,0.1,0.2,target,target,1,6.357
21,113,numeric,0.1,0.05,target,target,1,7.928
21,114,numeric,0.1,0.05,competitor,target,1,9.211
21,115,numeric,0.03,0.2,competitor,competitor,0,10.109
21,116,numeric,0.03,0.2,competitor,competitor,0,9.913
21,117,perceptual,0.1,0.05,target,target,1,3.756
21,118,numeric,0.1,0.2,target,target,1,7.987
21,119,numeric,0.03,0.05,competitor,competitor,0,11.391
21,120,perceptual,0.03,0.05,competitor,target,1,3.788
21,121,numeric,0.03,0.2,competitor,competitor,0,6.783
21,122,perceptual,0.03,0.2,competitor,competitor,0,2.484
21,123,numeric,0.1,0.05,target,target,1,9.547
21,124,numeric,0.03,0.05,target,target,1,9.617
21,125,perceptual,0.1,0.05,target,decoy,0,5.437
21,126,perceptual,0.03,0.05,target,target,1,4.471
21,127,numeric,0.1,0.2,competitor,target,1,8.485
21,128,perceptual,0.03,0.05,target,competitor,0,4.922
21,129,numeric,0.03,0.2,target,target,1,10.073
21,130,numeric,0.1,0.05,target,decoy,0,11.467
21,131,numeric,0.03,0.2,competitor,competitor,0,9.188
21,132,perceptual,0.03,0.05,target,competitor,0,3.395
21,133,perceptual,0.03,0.05,competitor,target,1,9.271
21,134,perceptual,0.1,0.05,target,target,1,7.219
21,135,perceptual,0.1,0.2,target,competitor,0,3.731
21,136,perceptual,0.1,0.2,competitor,target,1,4.432
21,137,numeric,0.03,0.05,competitor,competitor,0,7.141
21,138,numeric,0.03,0.05,target,target,1,8.536
21,139,numeric,0.03,0.05,competitor,target,1,7.388
21,140,numeric,0.1,0.2,competitor,competitor,0,16.663
21,141,perceptual,0.03,0.05,competitor,target,1,3.954
21,142,perceptual,0.1,0.05,competitor,target,1,4.465
21,143,numeric,0.1,0.2,target,target,1,7.844
21,144,perceptual,0.1,0.2,target,competitor,0,3.417
21,145,numeric,0.1,0.05,target,target,1,6.861
21,146,numeric,0.03,0.05,competitor,competitor,0,5.074
21,147,perceptual,0.03,0.2,competitor,target,1,2.567
21,148,numeric,0.03,0.2,target,competitor,0,3.882
21,149,perceptual,0.03,0.05,competitor,competitor,0,2.935
21,150,perceptual,0.03,0.05,target,competitor,0,4.379
21,151,perceptual,0.1,0.05,competitor,target,1,3.106
21,152,perceptual,0.03,0.05,target,target,1,2.191
21,153,numeric,0.03,0.05,competitor,competitor,0,11.502
21,154,perceptual,0.1,0.05,target,target,1,4.88
21,155,numeric,0.03,0.2,competitor,competitor,0,10.654
21,156,numeric,0.1,0.2,competitor,competitor,0,8.094
21,157,numeric,0.1,0.2,target,target,1,5.792
21,158,perceptual,0.03,0.2,competitor,competitor,0,3.266
21,159,perceptual,0.1,0.05,competitor,decoy,0,2.992
21,160,numeric,0.1,0.2,competitor,target,1,9.365
21,161,numeric,0.03,0.2,competitor,competitor,0,7.781
21,162,perceptual,0.1,0.05,target,target,1,3.709
21,163,perceptual,0.1,0.05,target,target,1,3.744
21,164,perceptual,0.1,0.2,target,target,1,4.177
21,165,numeric,0.1,0.2,competitor,competitor,0,10.313
21,166,perceptual,0.1,0.2,target,competitor,0,3.016
21,167,perceptual,0.03,0.05,competitor,target,1,5.031
21,168,numeric,0.1,0.2,target,target,1,7.803
21,169,numeric,0.03,0.2,target,target,1,6.772
21,170,perceptual,0.03,0.05,competitor,competitor,0,4.666
21,171,perceptual,0.1,0.2,competitor,target,1,4.229
21,172,perceptual,0.1,0.2,competitor,target,1,4.581
21,173,perceptual,0.1,0.2,target,target,1,4.192
21,174,numeric,0.03,0.2,target,target,1,5.848
21,175,perceptual,0.03,0.05,target,target,1,5.41
21,176,numeric,0.1,0.05,target,target,1,7.095
21,177,numeric,0.1,0.2,target,competitor,0,6.185
21,178,numeric,0.1,0.2,target,target,1,9.569
21,179,perceptual,0.03,0.2,target,target,1,4.451
21,180,numeric,0.03,0.2,competitor,competitor,0,4.717
21,181,numeric,0.1,0.05,target,target,1,8.224
21,182,perceptual,0.03,0.05,target,decoy,0,2.786
21,183,perceptual,0.03,0.2,competitor,competitor,0,2.831
21,184,perceptual,0.03,0.05,target,competitor,0,6.297
21,185,numeric,0.03,0.05,target,competitor,0,3.541
21,186,perceptual,0.03,0.2,competitor,target,1,2.469
21,187,perceptual,0.03,0.2,target,competitor,0,3.418
21,188,perceptual,0.1,0.05,competitor,target,1,4.397
21,189,perceptual,0.1,0.2,competitor,target,1,4.318
21,190,numeric,0.1,0.2,target,target,1,8.495
21,191,numeric,0.03,0.05,target,target,1,16.107
21,192,perceptual,0.03,0.2,target,target,1,4.246
22,1,perceptual,0.1,0.05,competitor,target,1,6.122
22,2,perceptual,0.1,0.05,competitor,target,1,6.457
22,3,perceptual,0.03,0.05,target,decoy,0,9.319
22,4,numeric,0.1,0.2,target,target,1,8.163
22,5,perceptual,0.03,0.2,target,target,1,8.829
22,6,perceptual,0.03,0.2,competitor,competitor,0,5.74
22,7,numeric,0.1,0.05,competitor,target,1,5.129
22,8,numeric,0.03,0.05,target,decoy,0,5.691
22,9,perceptual,0.1,0.2,target,target,1,5.718
22,10,perceptual,0.03,0.05,target,target,1,5.843
22,11,perceptual,0.03,0.2,target,competitor,0,4.012
22,12,perceptual,0.1,0.2,target,target,1,4.711
22,13,perceptual,0.1,0.2,target,target,1,6.169
22,14,perceptual,0.1,0.2,competitor,target,1,3.987
22,15,numeric,0.1,0.05,competitor,target,1,4.8
22,16,numeric,0.1,0.2,target,target,1,7.046
22,17,perceptual,0.03,0.2,competitor,target,1,6.062
22,18,numeric,0.1,0.05,competitor,target,1,4.501
22,19,perceptual,0.1,0.2,target,target,1,3.789
22,20,perceptual,0.03,0.05,competitor,target,1,4.861
22,21,numeric,0.03,0.2,competitor,competitor,0,18.293
22,22,numeric,0.03,0.2,target,target,1,4.026
22,23,perceptual,0.1,0.05,competitor,target,1,3.409
22,24,numeric,0.03,0.05,competitor,target,1,6.623
22,25,numeric,0.03,0.2,competitor,competitor,0,9.827
22,26,perceptual,0.1,0.05,target,target,1,6.552
22,27,perceptual,0.1,0.05,competitor,target,1,4.924
22,28,perceptual,0.03,0.2,target,competitor,0,5.264
22,29,perceptual,0.03,0.05,target,competitor,0,5.733
22,30,perceptual,0.03,0.2,competitor,target,1,5.937
22,31,perceptual,0.03,0.05,competitor,target,1,3.364
22,32,perceptual,0.1,0.2,target,target,1,4.54
22,33,numeric,0.03,0.2,competitor,target,1,11.256
22,34,numeric,0.1,0.2,competitor,competitor,0,7.498
22,35,numeric,0.03,0.05,target,target,1,11.188
22,36,numeric,0.03,0.05,target,target,1,2.954
22,37,perceptual,0.1,0.05,target,decoy,0,4.28
22,38,numeric,0.1,0.05,competitor,competitor,0,2.96
22,39,perceptual,0.03,0.05,target,competitor,0,2.952
22,40,numeric,0.03,0.05,competitor,decoy,0,2.457
22,41,perceptual,0.03,0.05,competitor,target,1,2.724
22,42,perceptual,0.03,0.2,target,target,1,3.053
22,43,numeric,0.03,0.2,competitor,competitor,0,12.453
22,44,numeric,0.03,0.2,competitor,competitor,0,6.776
22,45,perceptual,0.1,0.2,competitor,competitor,0,3.167
22,46,numeric,0.03,0.2,target,target,1,6.685
22,47,perceptual,0.03,0.2,competitor,target,1,4.449
22,48,numeric,0.03,0.05,competitor,target,1,13.663
22,49,numeric,0.1,0.05,target,target,1,10.18
22,50,perceptual,0.1,0.2,competitor,competitor,0,7.428
22,51,numeric,0.1,0.2,target,target,1,7.098
22,52,numeric,0.1,0.2,target,target,1,9.213
22,53,numeric,0.03,0.2,target,target,1,6.955
22,54,perceptual,0.1,0.05,competitor,target,1,6.347
22,55,perceptual,0.03,0.05,target,target,1,5.469
22,56,numeric,0.03,0.05,target,target,1,8.285
22,57,perceptual,0.03,0.05,target,target,1,3.477
22,58,numeric,0.03,0.2,target,target,1,7.648
22,59,perceptual,0.03,0.05,target,target,1,7.274
22,60,perceptual,0.1,0.2,competitor,target,1,3.263
22,61,numeric,0.03,0.2,competitor,target,1,4.277
22,62,perceptual,0.1,0.05,target,decoy,0,3.963
22,63,numeric,0.1,0.05,target,target,1,8.112
22,64,numeric,0.03,0.05,target,target,1,8.535
22,65,perceptual,0.03,0.2,competitor,target,1,6.287
22,66,numeric,0.03,0.05,target,target,1,5.842
22,67,numeric,0.03,0.2,target,target,1,8.939
22,68,numeric,0.1,0.2,target,target,1,3.417
22,69,perceptual,0.03,0.05,competitor,competitor,0,2.647
22,70,perceptual,0.1,0.2,target,target,1,2.943
22,71,numeric,0.1,0.05,competitor,target,1,3.679
22,72,perceptual,0.03,0.05,competitor,target,1,4.002
22,73,numeric,0.03,0.05,competitor,decoy,0,5.189
22,74,numeric,0.1,0.2,competitor,target,1,3.028
22,75,numeric,0.1,0.2,competitor,target,1,8.231
22,76,perceptual,0.03,0.05,target,target,1,4.866
22,77,perceptual,0.03,0.05,competitor,target,1,2.78
22,78,perceptual,0.1,0.05,competitor,target,1,3.36
22,79,perceptual,0.03,0.05,competitor,competitor,0,8.94
22,80,perceptual,0.03,0.2,competitor,decoy,0,0.013
22,81,numeric,0.03,0.05,target,target,1,7.011
22,82,numeric,0.1,0.2,target,target,1,6.246
22,83,numeric,0.03,0.05,competitor,target,1,11.199
22,84,numeric,0.03,0.2,target,target,1,3.352
22,85,perceptual,0.1,0.05,target,competitor,0,4.664
22,86,perceptual,0.1,0.05,competitor,target,1,2.968
22,87,numeric,0.1,0.2,target,target,1,3.244
22,88,numeric,0.03,0.2,competitor,target,1,3.455
22,89,numeric,0.1,0.05,target,target,1,8.368
22,90,perceptual,0.03,0.2,target,target,1,3.258
22,91,numeric,0.1,0.2,competitor,competitor,0,9.321
22,92,numeric,0.1,0.2,competitor,decoy,0,3.979
22,93,numeric,0.1,0.05,competitor,competitor,0,8.995
22,94,numeric,0.1,0.05,target,target,1,7.101
22,95,perceptual,0.1,0.05,competitor,target,1,2.725
22,96,numeric,0.03,0.2,target,competitor,0,6.746
22,97,perceptual,0.03,0.2,target,target,1,3.551
22,98,numeric,0.1,0.2,target,target,1,5.14
22,99,numeric,0.1,0.2,target,target,1,3.93
22,100,perceptual,0.03,0.2,competitor,target,1,4.375
22,101,numeric,0.03,0.05,target,target,1,4.895
22,102,perceptual,0.03,0.2,target,competitor,0,4.285
22,103,numeric,0.03,0.2,competitor,competitor,0,6.193
22,104,numeric,0.03,0.2,target,target,1,4.281
22,105,perceptual,0.1,0.2,competitor,target,1,2.853
22,106,perceptual,0.03,0.2,competitor,competitor,0,5.55
22,107,perceptual,0.1,0.05,target,target,1,3.298
22,108,numeric,0.03,0.05,target,target,1,7.537
22,109,perceptual,0.1,0.2,competitor,target,1,3.327
22,110,perceptual,0.1,0.05,competitor,target,1,2.98
22,111,numeric,0.03,0.05,competitor,competitor,0,6.847
22,112,perceptual,0.1,0.2,competitor,target,1,2.818
22,113,numeric,0.1,0.2,competitor,target,1,6.882
22,114,numeric,0.03,0.2,competitor,target,1,5.714
22,115,numeric,0.1,0.2,competitor,target,1,5.317
22,116,numeric,0.03,0.2,competitor,target,1,6.289
22,117,perceptual,0.03,0.2,competitor,competitor,0,3.15
22,118,perceptual,0.03,0.05,target,decoy,0,3.372
22,119,numeric,0.03,0.05,competitor,target,1,4.315
22,120,perceptual,0.03,0.2,target,competitor,0,6.113
22,121,numeric,0.1,0.2,target,target,1,12.156
22,122,numeric,0.1,0.05,competitor,target,1,7.315
22,123,numeric,0.03,0.05,target,target,1,8.351
22,124,perceptual,0.1,0.2,competitor,competitor,0,2.823
22,125,numeric,0.03,0.2,target,target,1,7.491
22,126,perceptual,0.03,0.05,competitor,competitor,0,3.515
22,127,numeric,0.03,0.2,competitor,target,1,7.679
22,128,numeric,0.1,0.05,competitor,target,1,7.292
22,129,perceptual,0.03,0.2,competitor,competitor,0,3.195
22,130,numeric,0.1,0.05,target,target,1,6.213
22,131,perceptual,0.03,0.2,competitor,target,1,3.469
22,132,numeric,0.03,0.05,competitor,target,1,6.151
22,133,perceptual,0.1,0.2,target,target,1,3.499
22,134,perceptual,0.03,0.05,target,competitor,0,3.249
22,135,perceptual,0.1,0.2,target,target,1,4.059
22,136,numeric,0.1,0.05,competitor,target,1,6.179
22,137,numeric,0.1,0.05,target,target,1,7.03
22,138,numeric,0.1,0.05,target,target,1,6.168
22,139,perceptual,0.1,0.2,target,target,1,3.228
22,140,perceptual,0.1,0.05,target,target,1,5.471
22,141,perceptual,0.1,0.05,competitor,target,1,4.547
22,142,numeric,0.1,0.2,competitor,target,1,6.467
22,143,perceptual,0.1,0.2,competitor,competitor,0,3.044
22,144,perceptual,0.1,0.2,competitor,target,1,2.582
22,145,numeric,0.1,0.05,competitor,target,1,5.359
22,146,numeric,0.03,0.2,competitor,competitor,0,4.819
22,147,numeric,0.1,0.2,competitor,target,1,6.486
22,148,perceptual,0.1,0.05,competitor,target,1,2.694
22,149,perceptual,0.1,0.05,competitor,target,1,6.824
22,150,numeric,0.1,0.05,target,target,1,8.516
22,151,perceptual,0.1,0.05,target,target,1,7.75
22,152,numeric,0.03,0.05,target,target,1,7.157
22,153,numeric,0.03,0.05,competitor,target,1,5.719
22,154,perceptual,0.03,0.05,target,target,1,3.052
22,155,perceptual,0.1,0.2,target,target,1,3.469
22,156,perceptual,0.1,0.05,target,decoy,0,2.825
22,157,perceptual,0.1,0.05,target,target,1,5.048
22,158,numeric,0.1,0.05,target,target,1,8.923
22,159,numeric,0.1,0.05,target,target,1,9.438
22,160,numeric,0.1,0.05,competitor,target,1,5.91
22,161,numeric,0.03,0.05,competitor,competitor,0,10.128
22,162,perceptual,0.03,0.2,target,target,1,3.742
22,163,numeric,0.1,0.2,target,target,1,7.849
22,164,numeric,0.1,0.05,competitor,competitor,0,4.864
22,165,perceptual,0.03,0.05,competitor,target,1,5.506
22,166,numeric,0.03,0.2,target,competitor,0,4.405
22,167,perceptual,0.1,0.2,target,target,1,8.487
22,168,numeric,0.03,0.05,competitor,target,1,6.966
22,169,numeric,0.1,0.05,target,target,1,7.565
22,170,numeric,0.1,0.2,competitor,target,1,7.974
22,171,numeric,0.03,0.2,target,target,1,8.07
22,172,perceptual,0.1,0.05,target,target,1,4.257
22,173,perceptual,0.03,0.05,competitor,target,1,3.913
22,174,numeric,0.03,0.2,target,competitor,0,8.859
22,175,numeric,0.1,0.2,target,target,1,12.934
22,176,perceptual,0.03,0.05,competitor,competitor,0,3.289
22,177,numeric,0.1,0.2,competitor,target,1,7.645
22,178,perceptual,0.1,0.2,competitor,competitor,0,2.594
22,179,perceptual,0.1,0.05,target,target,1,3.845
22,180,numeric,0.1,0.05,target,target,1,11.397
22,181,perceptual,0.03,0.2,target,competitor,0,3.115
22,182,perceptual,0.1,0.2,competitor,target,1,5.127
22,183,perceptual,0.1,0.2,target,target,1,3.684
22,184,perceptual,0.03,0.05,competitor,decoy,0,4.358
22,185,perceptual,0.1,0.05,target,decoy,0,3.858
22,186,numeric,0.03,0.05,competitor,competitor,0,19.235
22,187,numeric,0.1,0.2,competitor,target,1,5.314
22,188,perceptual,0.03,0.2,target,competitor,0,2.933
22,189,numeric,0.03,0.05,target,target,1,6.525
22,190,perceptual,0.03,0.2,competitor,target,1,5.159
22,191,perceptual,0.03,0.2,target,target,1,4.334
22,192,perceptual,0.03,0.05,target,competitor,0,5.987
23,1,perceptual,0.03,0.05,competitor,competitor,0,12.728
23,2,perceptual,0.1,0.2,target,target,1,6.453
23,3,perceptual,0.1,0.05,target,competitor,0,12.748
23,4,numeric,0.1,0.2,competitor,target,1,9.045
23,5,numeric,0.1,0.2,target,competitor,0,10.699
23,6,numeric,0.1,0.05,target,target,1,7.762
23,7,numeric,0.1,0.05,target,target,1,15.913
23,8,perceptual,0.1,0.2,competitor,target,1,15.428
23,9,perceptual,0.03,0.2,target,target,1,11.749
23,10,perceptual,0.03,0.05,target,decoy,0,11.662
23,11,numeric,0.1,0.05,target,target,1,9.628
23,12,perceptual,0.1,0.05,competitor,competitor,0,10.921
23,13,perceptual,0.03,0.2,target,target,1,7.585
23,14,numeric,0.1,0.05,competitor,competitor,0,11.085
23,15,perceptual,0.03,0.05,competitor,competitor,0,11.911
23,16,perceptual,0.1,0.05,target,target,1,7.7
23,17,perceptual,0.03,0.2,target,target,1,9.329
23,18,perceptual,0.03,0.05,competitor,competitor,0,8.505
23,19,perceptual,0.03,0.05,target,target,1,8.668
23,20,numeric,0.03,0.2,target,competitor,0,11.913
23,21,numeric,0.1,0.2,competitor,target,1,9.779
23,22,perceptual,0.03,0.05,target,target,1,9.455
23,23,perceptual,0.1,0.2,target,target,1,6.543
23,24,numeric,0.03,0.2,competitor,target,1,12.621
23,25,numeric,0.1,0.05,target,target,1,10.996
23,26,perceptual,0.03,0.2,competitor,competitor,0,8.696
23,27,perceptual,0.1,0.05,target,target,1,8.382
23,28,numeric,0.03,0.05,competitor,target,1,8.828
23,29,numeric,0.1,0.2,competitor,target,1,16.447
23,30,numeric,0.03,0.05,competitor,target,1,12.829
23,31,numeric,0.03,0.05,target,target,1,8.964
23,32,perceptual,0.03,0.2,competitor,target,1,8.112
23,33,perceptual,0.1,0.05,competitor,target,1,5.487
23,34,numeric,0.03,0.05,target,target,1,10.095
23,35,numeric,0.03,0.2,target,target,1,9.598
23,36,numeric,0.1,0.05,competitor,target,1,13.493
23,37,numeric,0.03,0.2,target,target,1,9.987
23,38,perceptual,0.1,0.2,target,competitor,0,5.594
23,39,perceptual,0.1,0.2,competitor,target,1,9.265
23,40,perceptual,0.03,0.2,competitor,competitor,0,6.187
23,41,perceptual,0.03,0.2,competitor,competitor,0,9.786
23,42,numeric,0.03,0.05,competitor,competitor,0,13.6
23,43,perceptual,0.03,0.05,target,target,1,8.374
23,44,perceptual,0.03,0.2,target,target,1,3.929
23,45,numeric,0.1,0.05,target,target,1,6.669
23,46,numeric,0.03,0.2,target,target,1,7.559
23,47,numeric,0.1,0.2,target,target,1,11.353
23,48,numeric,0.03,0.05,competitor,competitor,0,8.54
23,49,perceptual,0.1,0.05,target,competitor,0,8.587
23,50,perceptual,0.03,0.05,competitor,competitor,0,6.913
23,51,perceptual,0.1,0.05,target,target,1,4.082
23,52,perceptual,0.1,0.05,competitor,target,1,3.225
23,53,perceptual,0.03,0.05,competitor,competitor,0,4.317
23,54,perceptual,0.03,0.05,competitor,competitor,0,6.916
23,55,perceptual,0.1,0.2,target,target,1,3.958
23,56,perceptual,0.1,0.2,competitor,target,1,5.115
23,57,numeric,0.03,0.2,target,target,1,7.92
23,58,perceptual,0.03,0.2,target,competitor,0,2.854
23,59,perceptual,0.03,0.2,target,competitor,0,3.648
23,60,perceptual,0.1,0.2,target,target,1,4.546
23,61,perceptual,0.1,0.2,competitor,target,1,5.004
23,62,numeric,0.03,0.05,competitor,target,1,11.806
23,63,numeric,0.1,0.2,target,target,1,7.013
23,64,perceptual,0.03,0.05,competitor,decoy,0,4.16
23,65,perceptual,0.1,0.05,competitor,target,1,6.203
23,66,perceptual,0.03,0.2,target,target,1,3.097
23,67,numeric,0.03,0.2,competitor,target,1,8.63
23,68,perceptual,0.1,0.05,competitor,target,1,4.6
23,69,perceptual,0.03,0.05,competitor,target,1,7.5
23,70,perceptual,0.03,0.05,target,target,1,5.257
23,71,numeric,0.03,0.05,competitor,competitor,0,10.625
23,72,numeric,0.1,0.2,competitor,target,1,5.174
23,73,numeric,0.1,0.05,target,target,1,5.154
23,74,numeric,0.1,0.2,target,target,1,6.298
23,75,numeric,0.03,0.05,competitor,target,1,7.196
23,76,perceptual,0.1,0.05,competitor,target,1,5.329
23,77,numeric,0.03,0.2,target,target,1,8.097
23,78,numeric,0.1,0.2,competitor,target,1,6.431
23,79,perceptual,0.1,0.2,competitor,target,1,5.702
23,80,perceptual,0.03,0.05,target,target,1,10.293
23,81,numeric,0.1,0.05,competitor,target,1,10.421
23,82,numeric,0.1,0.05,target,target,1,18.459
23,83,perceptual,0.03,0.05,competitor,competitor,0,16.293
23,84,perceptual,0.03,0.05,target,target,1,7.294
23,85,perceptual,0.1,0.05,target,target,1,4.216
23,86,numeric,0.03,0.05,target,competitor,0,8.616
23,87,numeric,0.1,0.05,competitor,competitor,0,7.843
23,88,numeric,0.03,0.2,target,target,1,9.897
23,89,numeric,0.03,0.2,competitor,target,1,8.779
23,90,numeric,0.03,0.05,target,target,1,11.629
23,91,numeric,0.1,0.2,target,target,1,10.146
23,92,numeric,0.03,0.05,target,target,1,8.161
23,93,perceptual,0.1,0.2,target,target,1,6.565
23,94,numeric,0.03,0.2,competitor,competitor,0,10.246
23,95,numeric,0.1,0.05,competitor,competitor,0,12.362
23,96,perceptual,0.03,0.2,competitor,competitor,0,9.397
23,97,perceptual,0.03,0.05,competitor,target,1,5.347
23,98,perceptual,0.1,0.05,competitor,competitor,0,5.445
23,99,perceptual,0.1,0.05,target,target,1,7.181
23,100,numeric,0.1,0.2,competitor,target,1,4.808
23,101,numeric,0.03,0.2,competitor,target,1,6.718
23,102,numeric,0.1,0.2,target,target,1,7.789
23,103,numeric,0.03,0.05,competitor,competitor,0,7.153
23,104,numeric,0.03,0.05,target,target,1,6.196
23,105,perceptual,0.1,0.05,competitor,target,1,5.269
23,106,numeric,0.1,0.05,competitor,target,1,11.559
23,107,perceptual,0.1,0.05,competitor,target,1,5.26
23,108,perceptual,0.03,0.05,target,competitor,0,11.036
23,109,numeric,0.1,0.05,target,target,1,7.579
23,110,perceptual,0.03,0.2,competitor,target,1,5.251
23,111,perceptual,0.03,0.2,competitor,target,1,9.178
23,112,numeric,0.03,0.05,target,target,1,8.573
23,113,numeric,0.1,0.2,target,target,1,5.111
23,114,perceptual,0.1,0.05,competitor,target,1,4.689
23,115,numeric,0.1,0.05,competitor,target,1,7.949
23,116,perceptual,0.03,0.05,target,target,1,6.48
23,117,numeric,0.03,0.2,competitor,competitor,0,8.388
23,118,perceptual,0.03,0.05,competitor,competitor,0,4.631
23,119,numeric,0.1,0.2,target,target,1,9.621
23,120,numeric,0.03,0.2,competitor,competitor,0,4.568
23,121,numeric,0.03,0.2,target,competitor,0,6.129
23,122,perceptual,0.03,0.2,competitor,target,1,4.89
23,123,perceptual,0.03,0.2,target,target,1,6.843
23,124,numeric,0.1,0.2,target,target,1,5.982
23,125,perceptual,0.03,0.05,target,target,1,3.643
23,126,perceptual,0.1,0.05,competitor,target,1,3.934
23,127,numeric,0.03,0.05,target,competitor,0,11.755
23,128,perceptual,0.03,0.2,target,competitor,0,10.932
23,129,perceptual,0.1,0.05,target,competitor,0,4.712
23,130,perceptual,0.1,0.2,target,decoy,0,6.514
23,131,numeric,0.03,0.2,target,target,1,11.729
23,132,numeric,0.03,0.2,competitor,target,1,8.431
23,133,perceptual,0.1,0.2,target,competitor,0,5.81
23,134,numeric,0.03,0.2,competitor,target,1,9.232
23,135,perceptual,0.1,0.2,competitor,target,1,6.22
23,136,numeric,0.1,0.2,competitor,target,1,7.258
23,137,numeric,0.1,0.2,target,target,1,6.421
23,138,perceptual,0.1,0.05,target,target,1,5.98
23,139,perceptual,0.1,0.2,competitor,target,1,6.908
23,140,perceptual,0.1,0.2,target,competitor,0,2.894
23,141,perceptual,0.1,0.05,target,target,1,3.868
23,142,numeric,0.1,0.2,competitor,target,1,5.497
23,143,numeric,0.1,0.05,competitor,target,1,3.79
23,144,perceptual,0.03,0.05,target,target,1,7.94
23,145,perceptual,0.1,0.2,competitor,competitor,0,5.045
23,146,numeric,0.1,0.2,competitor,target,1,6.281
23,147,numeric,0.1,0.05,target,target,1,6.525
23,148,numeric,0.1,0.05,competitor,target,1,9.299
23,149,perceptual,0.03,0.2,target,target,1,3.279
23,150,numeric,0.03,0.2,competitor,target,1,9.779
23,151,perceptual,0.1,0.2,target,target,1,6.529
23,152,perceptual,0.03,0.05,target,decoy,0,8.992
23,153,perceptual,0.03,0.2,competitor,competitor,0,6.117
23,154,numeric,0.03,0.05,target,competitor,0,4.886
23,155,perceptual,0.1,0.2,competitor,target,1,2.86
23,156,numeric,0.03,0.05,competitor,decoy,0,11.943
23,157,numeric,0.1,0.2,competitor,target,1,3.933
23,158,numeric,0.1,0.2,competitor,competitor,0,6.913
23,159,numeric,0.1,0.05,competitor,target,1,3.921
23,160,numeric,0.03,0.05,competitor,target,1,10.713
23,161,numeric,0.1,0.05,target,competitor,0,3.825
23,162,perceptual,0.1,0.2,target,competitor,0,2.517
23,163,perceptual,0.03,0.2,competitor,target,1,5.829
23,164,numeric,0.03,0.2,competitor,competitor,0,9.495
23,165,numeric,0.1,0.05,competitor,decoy,0,2.898
23,166,numeric,0.1,0.05,competitor,target,1,3.23
23,167,numeric,0.03,0.2,target,target,1,13.561
23,168,numeric,0.03,0.2,competitor,target,1,4.207
23,169,numeric,0.1,0.2,target,decoy,0,12.359
23,170,perceptual,0.03,0.2,target,target,1,3.509
23,171,perceptual,0.1,0.05,target,decoy,0,4.647
23,172,perceptual,0.1,0.2,competitor,target,1,4.469
23,173,perceptual,0.03,0.2,target,target,1,6.18
23,174,numeric,0.03,0.2,target,target,1,2.874
23,175,numeric,0.03,0.05,target,target,1,4.194
23,176,numeric,0.03,0.05,target,competitor,0,4.465
23,177,perceptual,0.1,0.2,target,target,1,4.24
23,178,perceptual,0.03,0.2,competitor,competitor,0,3.031
23,179,numeric,0.03,0.2,target,target,1,3.544
23,180,perceptual,0.03,0.05,competitor,competitor,0,4.283
23,181,numeric,0.03,0.05,competitor,target,1,8.186
23,182,numeric,0.03,0.05,target,decoy,0,4.06
23,183,perceptual,0.1,0.2,competitor,target,1,4.432
23,184,numeric,0.1,0.2,competitor,target,1,4.523
23,185,perceptual,0.1,0.05,target,decoy,0,5.014
23,186,perceptual,0.03,0.2,competitor,target,1,5.21
23,187,numeric,0.03,0.05,competitor,target,1,3.751
23,188,perceptual,0.1,0.2,competitor,target,1,5.412
23,189,numeric,0.1,0.05,target,target,1,6.662
23,190,numeric,0.1,0.2,target,competitor,0,7.649
23,191,numeric,0.1,0.05,target,target,1,10.242
23,192,perceptual,0.1,0.05,competitor,decoy,0,5.988
24,1,numeric,0.03,0.2,target,competitor,0,9.33
24,2,numeric,0.1,0.05,target,competitor,0,9.15
24,3,numeric,0.03,0.05,competitor,target,1,8.733
24,4,perceptual,0.03,0.2,competitor,target,1,5.217
24,5,numeric,0.03,0.05,target,competitor,0,9.317
24,6,numeric,0.1,0.05,competitor,target,1,9.224
24,7,perceptual,0.03,0.2,target,decoy,0,7.225
24,8,numeric,0.03,0.05,competitor,target,1,5.95
24,9,numeric,0.03,0.05,competitor,target,1,8.534
24,10,perceptual,0.1,0.2,competitor,decoy,0,4.43
24,11,numeric,0.03,0.2,competitor,target,1,12.343
24,12,perceptual,0.1,0.2,competitor,decoy,0,7.916
24,13,numeric,0.1,0.2,competitor,target,1,8.528
24,14,numeric,0.03,0.05,target,target,1,6.639
24,15,perceptual,0.03,0.05,competitor,competitor,0,6.349
24,16,perceptual,0.03,0.05,competitor,decoy,0,6.916
24,17,numeric,0.1,0.2,competitor,target,1,5.865
24,18,numeric,0.1,0.2,target,competitor,0,5.583
24,19,perceptual,0.1,0.05,target,decoy,0,8.184
24,20,numeric,0.1,0.2,target,target,1,5.132
24,21,numeric,0.1,0.05,target,target,1,7.675
24,22,numeric,0.03,0.05,target,target,1,9.262
24,23,perceptual,0.03,0.2,target,competitor,0,6.281
24,24,numeric,0.1,0.05,target,target,1,9.558
24,25,perceptual,0.1,0.05,target,target,1,7.343
24,26,perceptual,0.03,0.05,target,decoy,0,4.738
24,27,numeric,0.03,0.2,competitor,target,1,12.112
24,28,numeric,0.03,0.05,competitor,target,1,6.248
24,29,numeric,0.1,0.05,competitor,competitor,0,3.688
24,30,numeric,0.03,0.05,competitor,competitor,0,6.091
24,31,numeric,0.1,0.2,target,target,1,5.934
24,32,numeric,0.03,0.2,competitor,competitor,0,4.308
24,33,perceptual,0.03,0.05,competitor,target,1,5.269
24,34,perceptual,0.03,0.05,target,target,1,5.622
24,35,perceptual,0.1,0.2,target,competitor,0,4.497
24,36,perceptual,0.03,0.05,competitor,target,1,9.502
24,37,numeric,0.03,0.05,competitor,decoy,0,7.784
24,38,numeric,0.03,0.05,target,target,1,5.588
24,39,perceptual,0.03,0.2,target,decoy,0,9.041
24,40,perceptual,0.03,0.05,target,competitor,0,6.633
24,41,perceptual,0.03,0.2,target,competitor,0,6.493
24,42,perceptual,0.03,0.05,target,target,1,3.971
24,43,perceptual,0.03,0.2,target,decoy,0,4.957
24,44,perceptual,0.1,0.2,target,competitor,0,5.657
24,45,perceptual,0.03,0.2,competitor,decoy,0,4.948
24,46,numeric,0.03,0.05,target,competitor,0,9.367
24,47,numeric,0.1,0.05,competitor,competitor,0,9.651
24,48,numeric,0.1,0.2,competitor,target,1,10.953
24,49,perceptual,0.1,0.2,target,decoy,0,6.605
24,50,perceptual,0.03,0.05,competitor,competitor,0,10.518
24,51,perceptual,0.1,0.2,competitor,target,1,7.966
24,52,numeric,0.1,0.2,competitor,target,1,14.444
24,53,perceptual,0.03,0.05,competitor,competitor,0,5.449
24,54,perceptual,0.03,0.05,target,target,1,5.993
24,55,perceptual,0.1,0.2,competitor,competitor,0,4.053
24,56,perceptual,0.03,0.05,competitor,decoy,0,5.877
24,57,perceptual,0.1,0.05,competitor,decoy,0,3.147
24,58,numeric,0.1,0.05,competitor,target,1,5.521
24,59,numeric,0.03,0.2,target,target,1,8.132
24,60,numeric,0.1,0.2,target,decoy,0,4.81
24,61,perceptual,0.1,0.2,target,competitor,0,6.061
24,62,perceptual,0.1,0.05,competitor,target,1,5.659
24,63,numeric,0.03,0.2,competitor,competitor,0,7.083
24,64,perceptual,0.03,0.05,target,competitor,0,6.21
24,65,perceptual,0.1,0.05,competitor,competitor,0,3.741
24,66,numeric,0.03,0.2,competitor,competitor,0,6.45
24,67,numeric,0.1,0.2,competitor,target,1,7.539
24,68,numeric,0.1,0.05,competitor,target,1,5.599
24,69,numeric,0.03,0.2,competitor,target,1,5.149
24,70,perceptual,0.1,0.05,competitor,target,1,4.659
24,71,numeric,0.1,0.2,target,target,1,7.384
24,72,perceptual,0.03,0.05,competitor,decoy,0,3.035
24,73,numeric,0.03,0.2,competitor,target,1,6.466
24,74,perceptual,0.03,0.05,target,competitor,0,4.772
24,75,perceptual,0.1,0.2,target,decoy,0,5.623
24,76,perceptual,0.03,0.05,competitor,target,1,5.599
24,77,numeric,0.03,0.05,competitor,decoy,0,9.24
24,78,perceptual,0.03,0.05,target,target,1,3.515
24,79,numeric,0.03,0.2,competitor,target,1,5.948
24,80,numeric,0.03,0.2,competitor,competitor,0,6.509
24,81,perceptual,0.1,0.05,competitor,target,1,4.198
24,82,numeric,0.1,0.05,competitor,target,1,4.951
24,83,numeric,0.03,0.2,target,competitor,0,5.062
24,84,perceptual,0.1,0.05,competitor,target,1,3.688
24,85,numeric,0.1,0.2,target,competitor,0,3.926
24,86,perceptual,0.03,0.2,competitor,competitor,0,2.988
24,87,numeric,0.1,0.05,target,target,1,5.009
24,88,numeric,0.03,0.2,target,target,1,4.808
24,89,perceptual,0.1,0.2,target,target,1,3.325
24,90,perceptual,0.1,0.05,competitor,decoy,0,3.422
24,91,perceptual,0.1,0.2,target,competitor,0,3.526
24,92,numeric,0.1,0.2,competitor,target,1,6.95
24,93,perceptual,0.03,0.2,target,competitor,0,3.606
24,94,perceptual,0.1,0.05,competitor,competitor,0,3.08
24,95,perceptual,0.1,0.05,target,decoy,0,4.631
24,96,numeric,0.1,0.05,target,target,1,6.41
24,97,numeric,0.1,0.2,target,target,1,4.768
24,98,numeric,0.1,0.05,target,competitor,0,4.897
24,99,numeric,0.03,0.05,competitor,competitor,0,6.931
24,100,numeric,0.1,0.2,competitor,target,1,4.525
24,101,numeric,0.03,0.05,target,competitor,0,3.789
24,102,perceptual,0.1,0.2,competitor,target,1,5.215
24,103,perceptual,0.1,0.2,target,decoy,0,4.825
24,104,numeric,0.1,0.2,competitor,competitor,0,6.347
24,105,numeric,0.1,0.05,competitor,target,1,4.855
24,106,numeric,0.1,0.2,competitor,target,1,3.876
24,107,perceptual,0.03,0.2,target,decoy,0,3.278
24,108,numeric,0.03,0.05,competitor,competitor,0,7.069
24,109,perceptual,0.03,0.2,competitor,target,1,6.054
24,110,perceptual,0.03,0.05,target,target,1,3.864
24,111,numeric,0.03,0.2,target,target,1,5.943
24,112,numeric,0.1,0.05,competitor,target,1,4.466
24,113,perceptual,0.1,0.2,competitor,competitor,0,8.119
24,114,numeric,0.1,0.05,competitor,competitor,0,5.192
24,115,numeric,0.1,0.05,competitor,competitor,0,3.999
24,116,numeric,0.1,0.05,target,target,1,6.83
24,117,numeric,0.03,0.05,competitor,target,1,4.5
24,118,numeric,0.1,0.2,target,target,1,5.673
24,119,perceptual,0.1,0.05,target,decoy,0,3.41
24,120,perceptual,0.1,0.2,competitor,target,1,2.62
24,121,perceptual,0.1,0.2,target,competitor,0,4.559
24,122,numeric,0.1,0.2,target,competitor,0,7.733
24,123,perceptual,0.03,0.05,competitor,competitor,0,3.398
24,124,numeric,0.1,0.05,competitor,competitor,0,4.732
24,125,numeric,0.03,0.2,competitor,competitor,0,4.805
24,126,perceptual,0.03,0.05,competitor,decoy,0,3.248
24,127,perceptual,0.03,0.2,target,target,1,4.092
24,128,perceptual,0.1,0.2,target,competitor,0,3.471
24,129,numeric,0.1,0.05,target,target,1,4.938
24,130,perceptual,0.1,0.05,target,competitor,0,6.1
24,131,perceptual,0.1,0.05,target,target,1,7.475
24,132,perceptual,0.03,0.2,target,competitor,0,5.738
24,133,numeric,0.03,0.05,target,competitor,0,5.333
24,134,numeric,0.03,0.05,target,target,1,5.143
24,135,perceptual,0.1,0.05,competitor,decoy,0,6.222
24,136,numeric,0.1,0.2,competitor,target,1,6.874
24,137,perceptual,0.1,0.05,target,competitor,0,6.241
24,138,numeric,0.03,0.05,target,target,1,5.864
24,139,numeric,0.1,0.05,target,target,1,4.582
24,140,perceptual,0.1,0.2,competitor,target,1,5.211
24,141,perceptual,0.1,0.05,target,decoy,0,3.432
24,142,numeric,0.03,0.05,competitor,decoy,0,5.706
24,143,numeric,0.1,0.05,target,competitor,0,4.93
24,144,numeric,0.03,0.2,target,competitor,0,6.724
24,145,numeric,0.1,0.2,target,competitor,0,5.033
24,146,perceptual,0.1,0.05,target,competitor,0,4.526
24,147,numeric,0.03,0.2,target,target,1,8.308
24,148,numeric,0.1,0.2,target,competitor,0,4.126
24,149,numeric,0.03,0.2,target,target,1,6.82
24,150,perceptual,0.03,0.05,target,competitor,0,2.981
24,151,perceptual,0.1,0.05,competitor,competitor,0,2.351
24,152,numeric,0.03,0.05,target,decoy,0,5.364
24,153,numeric,0.03,0.2,competitor,target,1,4.842
24,154,perceptual,0.1,0.05,target,target,1,2.746
24,155,perceptual,0.1,0.2,competitor,target,1,2.937
24,156,perceptual,0.03,0.2,competitor,decoy,0,3.977
24,157,perceptual,0.03,0.2,competitor,target,1,3.079
24,158,perceptual,0.03,0.2,target,competitor,0,2.853
24,159,perceptual,0.1,0.2,competitor,target,1,2.863
24,160,numeric,0.03,0.2,target,target,1,5.156
24,161,numeric,0.1,0.2,competitor,target,1,4.817
24,162,perceptual,0.03,0.05,competitor,decoy,0,4.497
24,163,perceptual,0.03,0.2,target,decoy,0,4.238
24,164,perceptual,0.1,0.2,target,target,1,3.815
24,165,perceptual,0.1,0.05,target,target,1,2.144
24,166,perceptual,0.1,0.2,target,decoy,0,3.881
24,167,numeric,0.03,0.05,target,target,1,4.052
24,168,numeric,0.03,0.2,competitor,competitor,0,3.743
24,169,numeric,0.1,0.2,target,competitor,0,4.798
24,170,perceptual,0.03,0.05,target,competitor,0,4.883
24,171,numeric,0.1,0.2,competitor,target,1,4.081
24,172,perceptual,0.03,0.2,competitor,decoy,0,3.603
24,173,numeric,0.03,0.2,target,target,1,6.716
24,174,numeric,0.03,0.05,target,competitor,0,6.499
24,175,numeric,0.03,0.05,competitor,target,1,6.409
24,176,perceptual,0.03,0.2,competitor,competitor,0,2.687
24,177,numeric,0.03,0.2,target,competitor,0,9.324
24,178,perceptual,0.1,0.05,competitor,decoy,0,3.822
24,179,perceptual,0.1,0.05,target,target,1,2.691
24,180,numeric,0.03,0.2,target,target,1,7.806
24,181,perceptual,0.03,0.2,competitor,competitor,0,2.781
24,182,perceptual,0.1,0.2,competitor,target,1,2.789
24,183,numeric,0.1,0.05,target,target,1,2.992
24,184,perceptual,0.1,0.05,competitor,target,1,2.927
24,185,perceptual,0.03,0.2,target,competitor,0,2.365
24,186,perceptual,0.03,0.2,competitor,target,1,4.414
24,187,perceptual,0.03,0.2,competitor,target,1,3.524
24,188,perceptual,0.03,0.2,competitor,decoy,0,5.23
24,189,perceptual,0.03,0.05,target,competitor,0,4.581
24,190,numeric,0.1,0.05,target,target,1,4.083
24,191,numeric,0.1,0.05,competitor,target,1,4.788
24,192,perceptual,0.1,0.2,competitor,decoy,0,3.239
25,2,perceptual,0.1,0.2,competitor,target,1,6.14
25,3,numeric,0.1,0.05,competitor,target,1,9.964
25,4,numeric,0.1,0.05,competitor,target,1,7.188
25,5,perceptual,0.1,0.2,competitor,target,1,6.287
25,6,perceptual,0.03,0.05,target,target,1,8.706
25,7,numeric,0.03,0.05,target,decoy,0,9.185
25,8,perceptual,0.1,0.2,competitor,competitor,0,9.187
25,9,perceptual,0.03,0.2,target,competitor,0,9.417
25,10,numeric,0.03,0.2,target,target,1,10.924
25,11,numeric,0.1,0.05,target,decoy,0,7.139
25,12,numeric,0.1,0.05,target,target,1,6.921
25,13,numeric,0.1,0.2,target,competitor,0,8.141
25,14,perceptual,0.1,0.05,target,target,1,7.727
25,15,numeric,0.1,0.2,competitor,target,1,11.444
25,16,numeric,0.1,0.05,target,competitor,0,9.727
25,17,perceptual,0.03,0.2,target,target,1,8.735
25,18,perceptual,0.1,0.2,competitor,target,1,6.567
25,19,numeric,0.1,0.2,target,target,1,8.931
25,20,numeric,0.1,0.2,target,target,1,9.947
25,21,numeric,0.1,0.2,target,competitor,0,9.732
25,22,numeric,0.03,0.2,competitor,competitor,0,16.334
25,23,perceptual,0.1,0.2,target,target,1,7.272
25,24,numeric,0.03,0.05,competitor,target,1,8.3
25,25,numeric,0.03,0.2,target,target,1,12.303
25,26,numeric,0.1,0.05,target,target,1,9.065
25,27,perceptual,0.03,0.2,competitor,competitor,0,7.178
25,28,perceptual,0.1,0.05,target,target,1,11.658
25,29,numeric,0.03,0.05,competitor,competitor,0,16.33
25,30,perceptual,0.1,0.2,competitor,competitor,0,8.052
25,31,numeric,0.1,0.05,target,target,1,9.255
25,32,numeric,0.1,0.05,competitor,competitor,0,13.112
25,33,numeric,0.03,0.05,target,competitor,0,7.02
25,34,perceptual,0.1,0.05,competitor,competitor,0,7.006
25,35,numeric,0.1,0.05,competitor,target,1,7.992
25,36,numeric,0.03,0.05,target,target,1,12.143
25,37,numeric,0.03,0.2,competitor,competitor,0,8.36
25,38,perceptual,0.1,0.05,target,target,1,8.443
25,39,numeric,0.1,0.2,target,target,1,13.409
25,40,perceptual,0.1,0.2,target,target,1,7.362
25,41,perceptual,0.03,0.05,target,decoy,0,17.716
25,43,perceptual,0.03,0.2,competitor,target,1,6.838
25,44,perceptual,0.1,0.05,target,decoy,0,8.35
25,45,perceptual,0.03,0.2,competitor,target,1,10.537
25,46,numeric,0.1,0.05,competitor,competitor,0,7.438
25,47,numeric,0.1,0.2,competitor,target,1,12.186
25,48,numeric,0.1,0.05,target,target,1,7.436
25,49,perceptual,0.1,0.05,competitor,target,1,8.956
25,50,perceptual,0.03,0.2,target,target,1,9.412
25,51,perceptual,0.1,0.2,target,target,1,8.157
25,52,perceptual,0.1,0.2,competitor,target,1,8.866
25,53,perceptual,0.1,0.05,target,competitor,0,10.814
25,54,numeric,0.1,0.2,target,decoy,0,11.043
25,55,perceptual,0.1,0.05,target,target,1,11.051
25,56,numeric,0.03,0.2,target,competitor,0,10.975
25,57,perceptual,0.03,0.05,target,target,1,8.82
25,58,numeric,0.03,0.05,competitor,competitor,0,10.569
25,59,numeric,0.1,0.2,competitor,competitor,0,7.939
25,60,perceptual,0.1,0.05,competitor,target,1,10.487
25,61,perceptual,0.03,0.2,competitor,target,1,5.413
25,62,perceptual,0.03,0.05,target,target,1,12.524
25,63,perceptual,0.1,0.05,competitor,decoy,0,9.091
25,64,perceptual,0.1,0.05,target,competitor,0,9.508
25,66,numeric,0.03,0.05,competitor,target,1,0.125
25,67,perceptual,0.1,0.2,competitor,competitor,0,8.326
25,68,perceptual,0.1,0.05,target,target,1,9.237
25,69,perceptual,0.03,0.2,target,competitor,0,9.714
25,70,numeric,0.03,0.2,target,target,1,7.972
25,71,numeric,0.1,0.05,competitor,target,1,10.162
25,72,numeric,0.03,0.05,target,target,1,11.715
25,73,perceptual,0.1,0.2,target,target,1,7.383
25,74,numeric,0.1,0.05,target,target,1,6.042
25,75,perceptual,0.1,0.2,target,target,1,7.595
25,76,numeric,0.1,0.05,target,target,1,7.225
25,77,numeric,0.1,0.2,target,competitor,0,13.918
25,78,numeric,0.03,0.05,competitor,decoy,0,8.934
25,79,numeric,0.1,0.2,competitor,target,1,8.124
25,80,perceptual,0.1,0.05,target,decoy,0,6.672
25,81,perceptual,0.03,0.2,competitor,competitor,0,6.775
25,82,numeric,0.03,0.05,competitor,target,1,8.633
25,83,perceptual,0.03,0.05,competitor,target,1,8.931
25,84,numeric,0.03,0.05,target,target,1,6.586
25,85,perceptual,0.1,0.2,competitor,target,1,8.608
25,86,numeric,0.03,0.2,target,target,1,8.309
25,87,perceptual,0.1,0.2,target,target,1,10.409
25,88,numeric,0.1,0.05,target,competitor,0,8.688
25,89,perceptual,0.03,0.2,competitor,target,1,4.49
25,90,perceptual,0.1,0.2,target,competitor,0,9.178
25,91,numeric,0.1,0.2,target,competitor,0,7.502
25,92,perceptual,0.03,0.2,target,competitor,0,6.131
25,93,perceptual,0.03,0.05,target,competitor,0,7.268
25,94,perceptual,0.03,0.2,competitor,target,1,7.589
25,95,numeric,0.1,0.05,target,target,1,10.749
25,96,numeric,0.1,0.2,competitor,target,1,12.099
25,97,numeric,0.03,0.05,target,competitor,0,13.778
25,98,numeric,0.1,0.2,target,target,1,5.115
25,99,perceptual,0.1,0.2,competitor,target,1,11.309
25,100,perceptual,0.03,0.2,competitor,competitor,0,9.057
25,101,perceptual,0.1,0.05,competitor,target,1,13.596
25,102,numeric,0.03,0.05,competitor,competitor,0,11.337
25,103,perceptual,0.1,0.05,target,target,1,9.332
25,104,perceptual,0.03,0.2,target,target,1,9.523
25,105,perceptual,0.03,0.05,competitor,decoy,0,10.85
25,106,perceptual,0.03,0.2,target,target,1,8.343
25,107,numeric,0.03,0.2,competitor,competitor,0,6.461
25,108,perceptual,0.03,0.05,target,competitor,0,10.291
25,109,perceptual,0.03,0.2,competitor,target,1,14.61
25,111,perceptual,0.03,0.05,target,target,1,6.419
25,112,numeric,0.03,0.2,competitor,competitor,0,10.443
25,113,numeric,0.03,0.2,target,competitor,0,7.436
25,114,perceptual,0.1,0.05,competitor,target,1,9.382
25,115,perceptual,0.03,0.2,target,target,1,9.609
25,116,perceptual,0.03,0.2,competitor,target,1,15.408
25,117,perceptual,0.03,0.2,target,target,1,8.061
25,118,perceptual,0.1,0.2,target,target,1,9.391
25,119,numeric,0.03,0.2,competitor,target,1,12.474
25,120,perceptual,0.03,0.05,competitor,competitor,0,10.288
25,121,numeric,0.1,0.05,competitor,competitor,0,11.562
25,122,perceptual,0.1,0.2,target,target,1,7.933
25,123,numeric,0.03,0.2,competitor,competitor,0,8.109
25,124,perceptual,0.03,0.05,target,target,1,8.039
25,125,numeric,0.03,0.05,target,competitor,0,9.632
25,126,numeric,0.1,0.2,competitor,competitor,0,9.52
25,127,numeric,0.03,0.05,competitor,target,1,9.729
25,128,perceptual,0.03,0.05,competitor,competitor,0,4.253
25,129,perceptual,0.03,0.05,competitor,decoy,0,6.864
25,130,numeric,0.1,0.05,competitor,target,1,6.237
25,131,perceptual,0.1,0.05,competitor,target,1,5.474
25,132,numeric,0.03,0.2,target,target,1,5.378
25,133,numeric,0.03,0.2,target,target,1,6.292
25,134,perceptual,0.03,0.2,target,target,1,5.951
25,135,numeric,0.1,0.05,competitor,competitor,0,5.616
25,136,perceptual,0.03,0.05,competitor,target,1,6.392
25,137,perceptual,0.1,0.05,competitor,target,1,10.413
25,138,perceptual,0.03,0.05,competitor,target,1,4.239
25,139,numeric,0.1,0.05,competitor,competitor,0,6.272
25,140,numeric,0.1,0.2,competitor,target,1,7.807
25,141,perceptual,0.03,0.2,target,competitor,0,6.543
25,142,perceptual,0.1,0.2,target,decoy,0,6.14
25,143,numeric,0.1,0.2,competitor,target,1,7.257
25,144,numeric,0.03,0.05,target,target,1,6.4
25,145,perceptual,0.03,0.05,target,target,1,13.139
25,146,numeric,0.03,0.05,competitor,competitor,0,5.242
25,147,numeric,0.1,0.2,competitor,target,1,4.978
25,148,numeric,0.1,0.2,competitor,target,1,9.576
25,149,numeric,0.03,0.05,competitor,target,1,7.767
25,150,perceptual,0.1,0.05,competitor,target,1,6.235
25,151,perceptual,0.1,0.05,target,decoy,0,9.935
25,152,perceptual,0.03,0.05,target,target,1,6.014
25,153,perceptual,0.1,0.2,competitor,target,1,5.257
25,154,numeric,0.1,0.2,target,target,1,8.236
25,155,perceptual,0.03,0.05,competitor,target,1,5.319
25,156,numeric,0.03,0.2,target,target,1,6.439
25,157,perceptual,0.1,0.2,competitor,target,1,4.21
25,158,numeric,0.1,0.2,target,competitor,0,7.501
25,159,perceptual,0.1,0.05,competitor,target,1,7.336
25,160,perceptual,0.03,0.2,target,target,1,4.334
25,161,numeric,0.03,0.2,competitor,competitor,0,7.606
25,162,numeric,0.03,0.05,competitor,competitor,0,5.611
25,163,numeric,0.03,0.05,target,competitor,0,8.548
25,164,numeric,0.03,0.2,competitor,target,1,6.271
25,165,perceptual,0.1,0.05,competitor,target,1,6.761
25,166,perceptual,0.1,0.2,target,target,1,6.988
25,167,numeric,0.03,0.05,competitor,target,1,8.927
25,168,numeric,0.1,0.2,competitor,target,1,6.791
25,169,numeric,0.03,0.2,competitor,competitor,0,10.424
25,170,numeric,0.1,0.2,target,target,1,8.899
25,171,perceptual,0.1,0.05,target,target,1,8.49
25,172,numeric,0.03,0.2,competitor,competitor,0,9.466
25,173,perceptual,0.03,0.05,target,competitor,0,6.339
25,174,numeric,0.1,0.05,competitor,competitor,0,11.789
25,175,perceptual,0.1,0.2,competitor,target,1,8.162
25,176,numeric,0.03,0.2,target,target,1,6.486
25,177,perceptual,0.03,0.05,target,decoy,0,8.699
25,178,numeric,0.1,0.2,competitor,target,1,5.963
25,179,numeric,0.03,0.05,target,target,1,8.203
25,180,perceptual,0.1,0.2,target,competitor,0,5.867
25,181,numeric,0.1,0.05,target,target,1,5.938
25,182,perceptual,0.03,0.05,competitor,target,1,4.426
25,183,numeric,0.03,0.2,target,competitor,0,8.135
25,184,numeric,0.1,0.05,target,target,1,10.351
25,185,perceptual,0.03,0.05,competitor,competitor,0,9.414
25,186,perceptual,0.03,0.2,competitor,competitor,0,6.018
25,187,numeric,0.03,0.2,target,competitor,0,11.219
25,188,perceptual,0.1,0.05,competitor,competitor,0,8.674
25,189,numeric,0.03,0.05,target,competitor,0,10.981
25,190,numeric,0.03,0.2,competitor,target,1,4.554
25,191,perceptual,0.03,0.05,competitor,target,1,4.424
25,192,numeric,0.1,0.05,competitor,decoy,0,4.221
26,2,perceptual,0.1,0.2,target,decoy,0,0.246
26,3,perceptual,0.1,0.2,competitor,competitor,0,8.426
26,4,numeric,0.03,0.2,competitor,competitor,0,10.899
26,5,perceptual,0.1,0.05,competitor,competitor,0,9.362
26,6,numeric,0.1,0.05,target,target,1,7.938
26,7,perceptual,0.1,0.2,competitor,competitor,0,7.129
26,9,perceptual,0.1,0.2,target,target,1,7.629
26,10,perceptual,0.1,0.05,target,decoy,0,11.682
26,11,perceptual,0.1,0.2,target,decoy,0,8.034
26,12,numeric,0.1,0.05,target,target,1,18.031
26,13,perceptual,0.03,0.05,competitor,target,1,4.415
26,14,perceptual,0.03,0.2,competitor,target,1,7.232
26,15,perceptual,0.03,0.2,target,target,1,5.967
26,16,numeric,0.1,0.2,competitor,competitor,0,16.688
26,17,perceptual,0.03,0.2,competitor,competitor,0,6.385
26,18,perceptual,0.1,0.2,competitor,decoy,0,7.652
26,19,perceptual,0.03,0.05,target,decoy,0,5.64
26,20,perceptual,0.03,0.2,target,target,1,6.383
26,21,perceptual,0.03,0.05,target,competitor,0,9.1
26,22,perceptual,0.03,0.05,competitor,competitor,0,6.55
26,23,numeric,0.1,0.2,target,competitor,0,8.21
26,24,numeric,0.03,0.05,competitor,competitor,0,10.063
26,25,perceptual,0.03,0.05,competitor,target,1,6.101
26,26,perceptual,0.03,0.05,target,target,1,11.721
26,27,numeric,0.1,0.05,target,target,1,5.496
26,28,perceptual,0.1,0.05,competitor,competitor,0,8.152
26,29,perceptual,0.1,0.05,target,target,1,5.929
26,30,numeric,0.03,0.05,target,target,1,6.911
26,31,numeric,0.03,0.05,target,target,1,11.828
26,32,perceptual,0.1,0.05,competitor,target,1,9.029
26,33,numeric,0.03,0.2,target,target,1,9.008
26,34,perceptual,0.1,0.05,competitor,decoy,0,9.662
26,35,numeric,0.03,0.2,competitor,target,1,7.766
26,36,numeric,0.03,0.2,competitor,target,1,9.679
26,37,perceptual,0.1,0.2,target,target,1,7.636
26,38,perceptual,0.1,0.2,target,target,1,6.231
26,39,numeric,0.1,0.2,competitor,target,1,17.111
26,40,perceptual,0.1,0.05,target,target,1,8.077
26,41,perceptual,0.03,0.2,target,target,1,7.425
26,42,perceptual,0.03,0.2,competitor,target,1,7.816
26,43,numeric,0.1,0.2,competitor,target,1,5.329
26,44,perceptual,0.03,0.05,target,target,1,5.313
26,45,perceptual,0.1,0.2,competitor,target,1,5.486
26,46,perceptual,0.1,0.2,competitor,target,1,4.632
26,47,perceptual,0.1,0.05,competitor,target,1,6.724
26,48,perceptual,0.03,0.05,competitor,target,1,13.825
26,49,numeric,0.03,0.2,competitor,target,1,8.233
26,50,perceptual,0.03,0.2,target,competitor,0,7.985
26,51,numeric,0.03,0.2,competitor,target,1,8.995
26,52,numeric,0.1,0.2,target,target,1,6.195
26,53,numeric,0.1,0.2,target,target,1,6.236
26,54,numeric,0.03,0.05,competitor,target,1,10.916
26,55,perceptual,0.03,0.2,competitor,target,1,5.609
26,56,perceptual,0.03,0.2,competitor,competitor,0,9.566
26,57,numeric,0.1,0.2,target,target,1,6.544
26,58,perceptual,0.1,0.05,target,target,1,5.559
26,59,numeric,0.03,0.05,target,target,1,6.901
26,60,perceptual,0.03,0.05,target,competitor,0,6.939
26,61,numeric,0.03,0.05,target,target,1,10.234
26,62,perceptual,0.1,0.2,competitor,target,1,7.127
26,63,perceptual,0.1,0.05,target,decoy,0,9.97
26,64,perceptual,0.03,0.05,competitor,competitor,0,7.869
26,65,perceptual,0.03,0.2,competitor,competitor,0,5.909
26,66,numeric,0.1,0.05,competitor,target,1,4.587
26,67,numeric,0.03,0.2,competitor,competitor,0,5.22
26,68,numeric,0.03,0.05,competitor,target,1,8.776
26,69,numeric,0.1,0.05,competitor,competitor,0,5.744
26,70,numeric,0.03,0.2,target,target,1,5.569
26,71,perceptual,0.1,0.2,competitor,target,1,3.855
26,72,perceptual,0.1,0.05,competitor,target,1,3.872
26,73,numeric,0.03,0.05,competitor,target,1,5.986
26,74,numeric,0.1,0.2,competitor,target,1,8.051
26,75,numeric,0.1,0.2,competitor,competitor,0,6.197
26,76,numeric,0.1,0.05,competitor,target,1,6.399
26,77,numeric,0.03,0.05,target,target,1,6.901
26,78,perceptual,0.1,0.05,target,target,1,7.695
26,79,perceptual,0.1,0.05,competitor,target,1,6.245
26,80,numeric,0.1,0.2,target,target,1,4.913
26,81,numeric,0.1,0.05,target,target,1,5.617
26,82,perceptual,0.03,0.05,target,target,1,10.578
26,83,numeric,0.1,0.2,competitor,competitor,0,11.691
26,84,numeric,0.1,0.05,target,target,1,7.336
26,85,perceptual,0.1,0.05,target,target,1,7.369
26,86,numeric,0.03,0.05,competitor,competitor,0,7.83
26,87,perceptual,0.1,0.2,target,target,1,9.831
26,88,numeric,0.03,0.05,target,target,1,6.355
26,89,numeric,0.03,0.2,competitor,competitor,0,4.909
26,90,numeric,0.1,0.2,target,competitor,0,9.479
26,91,numeric,0.1,0.2,target,target,1,11.318
26,92,numeric,0.03,0.05,competitor,target,1,6.789
26,93,numeric,0.1,0.05,competitor,target,1,6.315
26,94,numeric,0.1,0.05,target,competitor,0,13.705
26,95,perceptual,0.03,0.05,competitor,target,1,7.955
26,96,perceptual,0.03,0.2,target,target,1,4.707
26,97,perceptual,0.03,0.2,target,target,1,6.593
26,98,numeric,0.03,0.05,competitor,target,1,4.205
26,99,perceptual,0.03,0.2,competitor,competitor,0,3.043
26,100,numeric,0.03,0.05,target,target,1,4.799
26,101,perceptual,0.03,0.2,competitor,target,1,4.66
26,102,numeric,0.1,0.05,competitor,target,1,8.136
26,103,numeric,0.03,0.05,competitor,decoy,0,8.346
26,104,numeric,0.1,0.05,competitor,target,1,5.685
26,105,perceptual,0.03,0.05,target,competitor,0,12.825
26,106,perceptual,0.03,0.2,competitor,target,1,4.352
26,107,numeric,0.03,0.2,competitor,target,1,6.458
26,108,numeric,0.03,0.2,target,target,1,9.881
26,109,numeric,0.1,0.2,target,target,1,8.55
26,110,perceptual,0.03,0.05,target,target,1,6.671
26,111,perceptual,0.1,0.05,competitor,target,1,4.72
26,112,perceptual,0.1,0.05,competitor,competitor,0,7.518
26,113,numeric,0.1,0.05,target,target,1,7.966
26,114,numeric,0.03,0.2,target,target,1,7.654
26,115,perceptual,0.1,0.2,competitor,target,1,7.265
26,116,perceptual,0.03,0.2,competitor,target,1,5.931
26,117,numeric,0.03,0.05,target,target,1,4.478
26,118,numeric,0.1,0.05,competitor,target,1,11.242
26,119,numeric,0.03,0.2,target,target,1,8.495
26,120,numeric,0.03,0.2,competitor,competitor,0,6.14
26,121,numeric,0.1,0.05,target,target,1,9.873
26,122,perceptual,0.03,0.2,target,target,1,5.205
26,123,numeric,0.1,0.05,competitor,target,1,5.137
26,124,perceptual,0.03,0.05,competitor,decoy,0,9.126
26,125,numeric,0.1,0.2,competitor,competitor,0,9.597
26,126,perceptual,0.03,0.05,target,competitor,0,7.313
26,127,perceptual,0.1,0.2,target,target,1,6.345
26,128,numeric,0.03,0.2,target,target,1,4.693
26,129,numeric,0.1,0.2,target,competitor,0,11.094
26,130,perceptual,0.03,0.05,competitor,target,1,5.626
26,131,perceptual,0.1,0.2,target,target,1,5.686
26,132,perceptual,0.1,0.05,competitor,target,1,5.509
26,133,numeric,0.1,0.05,target,competitor,0,6.575
26,134,perceptual,0.1,0.2,target,target,1,3.57
26,135,numeric,0.03,0.2,target,target,1,11.976
26,136,perceptual,0.1,0.05,target,target,1,4.708
26,137,perceptual,0.1,0.05,competitor,target,1,4.567
26,138,perceptual,0.1,0.05,competitor,target,1,5.71
26,139,numeric,0.1,0.2,target,target,1,6.467
26,140,numeric,0.1,0.2,competitor,target,1,7.923
26,141,perceptual,0.03,0.2,target,target,1,3.175
26,142,perceptual,0.03,0.2,target,target,1,4.265
26,143,numeric,0.1,0.2,competitor,competitor,0,6.355
26,144,perceptual,0.03,0.05,competitor,competitor,0,3.299
26,145,numeric,0.1,0.05,target,target,1,5.079
26,146,numeric,0.1,0.05,competitor,target,1,5.715
26,147,numeric,0.03,0.2,target,target,1,5.109
26,148,numeric,0.1,0.2,competitor,competitor,0,9.695
26,149,numeric,0.1,0.05,target,decoy,0,5.179
26,150,perceptual,0.03,0.05,target,competitor,0,5.778
26,151,numeric,0.03,0.05,target,target,1,16.057
26,152,perceptual,0.1,0.05,target,decoy,0,5.33
26,153,numeric,0.03,0.2,competitor,target,1,5.241
26,154,numeric,0.03,0.2,competitor,target,1,6.982
26,155,perceptual,0.03,0.2,target,competitor,0,3.095
26,156,numeric,0.03,0.2,competitor,competitor,0,6.779
26,157,numeric,0.1,0.2,competitor,target,1,5.644
26,158,numeric,0.03,0.2,target,target,1,7.279
26,159,perceptual,0.03,0.05,competitor,target,1,3.086
26,160,numeric,0.03,0.05,competitor,competitor,0,7.503
26,161,numeric,0.1,0.05,target,target,1,6.631
26,162,numeric,0.1,0.2,target,target,1,2.904
26,163,perceptual,0.1,0.05,target,target,1,2.698
26,164,perceptual,0.03,0.2,competitor,competitor,0,3.248
26,165,perceptual,0.03,0.2,target,target,1,2.776
26,166,perceptual,0.1,0.2,target,target,1,3.016
26,167,numeric,0.03,0.2,target,competitor,0,3.993
26,168,numeric,0.1,0.05,competitor,target,1,5.25
26,169,perceptual,0.1,0.2,target,target,1,2.608
26,170,perceptual,0.03,0.05,competitor,competitor,0,4.579
26,171,numeric,0.1,0.2,competitor,decoy,0,5.566
26,172,numeric,0.1,0.05,competitor,target,1,6.223
26,173,perceptual,0.03,0.05,target,target,1,5.501
26,174,numeric,0.1,0.05,competitor,target,1,9.145
26,175,perceptual,0.1,0.2,competitor,target,1,5.382
26,176,numeric,0.03,0.05,target,target,1,3.464
26,177,perceptual,0.1,0.2,competitor,target,1,2.777
26,178,perceptual,0.03,0.2,target,target,1,3.686
26,179,perceptual,0.03,0.2,competitor,target,1,3.376
26,180,numeric,0.03,0.2,target,competitor,0,6.818
26,181,numeric,0.1,0.2,target,target,1,5.807
26,182,numeric,0.03,0.05,target,competitor,0,8.117
26,183,numeric,0.03,0.2,target,target,1,5.849
26,184,perceptual,0.03,0.05,target,target,1,2.729
26,185,perceptual,0.1,0.05,target,target,1,3.336
26,186,numeric,0.03,0.05,competitor,decoy,0,2.709
26,187,perceptual,0.03,0.05,competitor,decoy,0,3.085
26,188,perceptual,0.1,0.2,competitor,target,1,4.304
26,189,numeric,0.03,0.05,competitor,target,1,7.958
26,190,perceptual,0.1,0.2,target,competitor,0,3.68
26,191,perceptual,0.1,0.2,competitor,competitor,0,2.639
26,192,perceptual,0.1,0.05,target,decoy,0,2.677
27,2,numeric,0.03,0.05,competitor,target,1,12.841
27,3,numeric,0.03,0.2,target,competitor,0,8.083
27,4,perceptual,0.1,0.2,competitor,target,1,6.05
27,5,numeric,0.03,0.2,competitor,competitor,0,15.889
27,6,numeric,0.1,0.05,competitor,competitor,0,7.916
27,7,perceptual,0.1,0.05,target,target,1,7.436
27,8,perceptual,0.03,0.05,target,target,1,5.324
27,9,perceptual,0.1,0.05,target,target,1,5.961
27,10,numeric,0.03,0.05,competitor,target,1,9.028
27,11,numeric,0.03,0.05,competitor,competitor,0,7.228
27,12,numeric,0.1,0.05,target,target,1,5.393
27,13,perceptual,0.1,0.2,competitor,decoy,0,6.308
27,14,numeric,0.03,0.05,target,target,1,8.668
27,15,numeric,0.03,0.05,competitor,target,1,9.046
27,16,numeric,0.1,0.05,competitor,target,1,9.732
27,17,perceptual,0.03,0.2,competitor,competitor,0,8.564
27,18,numeric,0.1,0.05,competitor,target,1,7.239
27,19,numeric,0.1,0.2,competitor,competitor,0,8.412
27,20,perceptual,0.03,0.05,target,decoy,0,6.012
27,21,perceptual,0.1,0.05,competitor,decoy,0,3.91
27,22,perceptual,0.1,0.05,competitor,target,1,3.161
27,23,numeric,0.1,0.05,target,target,1,5.802
27,24,perceptual,0.1,0.2,target,decoy,0,6.904
27,25,numeric,0.03,0.2,competitor,target,1,7.637
27,26,perceptual,0.1,0.2,target,decoy,0,8.278
27,27,numeric,0.03,0.05,target,target,1,7.063
27,28,perceptual,0.1,0.2,target,competitor,0,4.698
27,29,perceptual,0.03,0.2,competitor,competitor,0,7.272
27,30,perceptual,0.1,0.05,target,competitor,0,6.017
27,31,numeric,0.03,0.2,target,target,1,10.713
27,32,perceptual,0.1,0.2,competitor,competitor,0,6.11
27,33,perceptual,0.03,0.05,competitor,target,1,4.474
27,34,perceptual,0.03,0.05,competitor,decoy,0,5.58
27,35,numeric,0.1,0.05,competitor,competitor,0,4.662
27,36,numeric,0.03,0.2,competitor,competitor,0,8.631
27,37,perceptual,0.03,0.2,target,decoy,0,7.969
27,38,numeric,0.03,0.2,target,decoy,0,7.262
27,39,numeric,0.03,0.2,competitor,competitor,0,6.75
27,40,perceptual,0.03,0.2,competitor,target,1,3.237
27,41,perceptual,0.03,0.05,target,competitor,0,5.054
27,42,numeric,0.1,0.2,target,target,1,5.385
27,43,numeric,0.03,0.05,target,target,1,9.546
27,44,numeric,0.1,0.05,target,target,1,5.938
27,45,numeric,0.1,0.05,target,target,1,13.432
27,46,numeric,0.1,0.05,target,target,1,8.405
27,47,perceptual,0.03,0.05,competitor,decoy,0,5.346
27,48,perceptual,0.03,0.05,competitor,target,1,4.001
27,49,numeric,0.1,0.05,target,target,1,10.804
27,50,perceptual,0.1,0.2,competitor,target,1,7.96
27,51,perceptual,0.1,0.2,competitor,decoy,0,4.706
27,52,numeric,0.1,0.2,target,target,1,7.677
27,53,perceptual,0.03,0.2,competitor,decoy,0,3.615
27,54,perceptual,0.1,0.2,target,target,1,5.78
27,55,numeric,0.1,0.05,target,target,1,6.533
27,56,perceptual,0.1,0.05,competitor,competitor,0,5.196
27,57,numeric,0.03,0.05,competitor,target,1,5.216
27,58,numeric,0.1,0.2,target,target,1,5.956
27,59,numeric,0.1,0.2,target,target,1,8.103
27,60,perceptual,0.03,0.2,competitor,decoy,0,6.13
27,61,perceptual,0.03,0.2,target,competitor,0,5.66
27,62,perceptual,0.03,0.2,target,decoy,0,5.726
27,63,perceptual,0.03,0.05,competitor,decoy,0,5.44
27,64,numeric,0.03,0.2,target,target,1,8.085
27,65,numeric,0.1,0.2,target,target,1,10.107
27,66,perceptual,0.03,0.05,target,competitor,0,6.037
27,67,perceptual,0.03,0.2,target,competitor,0,3.113
27,68,perceptual,0.03,0.2,target,competitor,0,4.36
27,69,perceptual,0.03,0.2,competitor,decoy,0,4.57
27,70,perceptual,0.03,0.2,target,competitor,0,5.467
27,71,numeric,0.03,0.2,competitor,competitor,0,10.397
27,72,perceptual,0.1,0.05,competitor,decoy,0,4.684
27,73,perceptual,0.03,0.05,competitor,target,1,6.006
27,74,numeric,0.03,0.05,competitor,competitor,0,8.429
27,75,perceptual,0.03,0.05,target,competitor,0,4.606
27,76,perceptual,0.03,0.2,competitor,competitor,0,6.372
27,77,perceptual,0.03,0.2,target,target,1,6.531
27,78,numeric,0.03,0.05,competitor,target,1,6.827
27,79,numeric,0.03,0.05,competitor,competitor,0,6.954
27,80,numeric,0.1,0.2,target,target,1,6.53
27,81,numeric,0.1,0.05,competitor,competitor,0,15.143
27,82,perceptual,0.03,0.05,competitor,decoy,0,6.061
27,83,perceptual,0.03,0.2,competitor,competitor,0,5.831
27,84,perceptual,0.03,0.05,target,target,1,7.703
27,85,numeric,0.1,0.05,competitor,target,1,6.301
27,86,numeric,0.1,0.2,competitor,target,1,5.604
27,87,numeric,0.03,0.2,target,target,1,11.537
27,88,numeric,0.1,0.05,competitor,competitor,0,15.849
27,89,numeric,0.1,0.05,target,target,1,7.465
27,90,perceptual,0.03,0.05,target,decoy,0,5.355
27,91,perceptual,0.03,0.05,target,competitor,0,4.5
27,92,numeric,0.03,0.2,target,target,1,7.77
27,93,numeric,0.03,0.2,target,target,1,5.828
27,94,numeric,0.03,0.05,target,target,1,7.232
27,95,numeric,0.1,0.2,competitor,competitor,0,9.795
27,96,numeric,0.03,0.2,competitor,target,1,7.471
27,97,numeric,0.03,0.2,target,target,1,5.258
27,98,perceptual,0.1,0.2,target,decoy,0,3.9
27,99,perceptual,0.03,0.2,competitor,decoy,0,3.849
27,100,perceptual,0.1,0.05,competitor,competitor,0,6.68
27,101,numeric,0.1,0.2,competitor,target,1,6.756
27,102,perceptual,0.1,0.05,competitor,decoy,0,5.945
27,103,numeric,0.1,0.2,competitor,target,1,11.801
27,104,numeric,0.03,0.05,target,competitor,0,9.737
27,105,numeric,0.1,0.2,target,target,1,6.941
27,106,perceptual,0.1,0.2,competitor,competitor,0,4.305
27,107,numeric,0.03,0.2,target,target,1,6.468
27,108,numeric,0.03,0.2,target,competitor,0,9.754
27,109,perceptual,0.03,0.05,competitor,competitor,0,5.304
27,110,perceptual,0.1,0.05,target,decoy,0,3.657
27,111,perceptual,0.03,0.05,target,target,1,7.569
27,112,perceptual,0.03,0.2,competitor,competitor,0,5.568
27,113,numeric,0.03,0.05,target,target,1,6.291
27,114,numeric,0.1,0.2,target,target,1,6.422
27,115,perceptual,0.1,0.05,target,competitor,0,4.818
27,116,numeric,0.03,0.05,target,target,1,9.395
27,117,numeric,0.1,0.2,target,competitor,0,11.623
27,118,perceptual,0.03,0.2,target,competitor,0,4.429
27,119,perceptual,0.03,0.2,target,competitor,0,3.669
27,120,perceptual,0.1,0.2,competitor,decoy,0,3.366
27,121,numeric,0.1,0.2,target,target,1,9.201
27,122,numeric,0.03,0.05,target,target,1,6.421
27,123,perceptual,0.03,0.05,competitor,competitor,0,5.436
27,124,numeric,0.03,0.05,target,target,1,6.396
27,125,perceptual,0.1,0.2,target,competitor,0,5.324
27,126,numeric,0.03,0.05,competitor,competitor,0,6.793
27,127,perceptual,0.1,0.05,competitor,decoy,0,7.081
27,128,perceptual,0.1,0.05,target,decoy,0,4.37
27,129,numeric,0.03,0.2,competitor,competitor,0,6.626
27,130,perceptual,0.1,0.2,target,decoy,0,5.519
27,131,perceptual,0.1,0.05,target,competitor,0,6.434
27,132,perceptual,0.03,0.05,competitor,decoy,0,5.747
27,133,numeric,0.03,0.05,competitor,competitor,0,7.162
27,134,numeric,0.1,0.2,target,target,1,8.524
27,135,perceptual,0.03,0.05,competitor,target,1,4.588
27,136,perceptual,0.1,0.05,target,competitor,0,3.862
27,137,numeric,0.1,0.05,target,target,1,7.281
27,138,numeric,0.1,0.2,competitor,target,1,8.181
27,139,perceptual,0.1,0.05,competitor,competitor,0,5.632
27,140,perceptual,0.03,0.2,target,target,1,6.279
27,141,numeric,0.1,0.05,competitor,target,1,5.771
27,142,numeric,0.03,0.05,target,target,1,9.871
27,143,numeric,0.03,0.05,competitor,target,1,10.166
27,144,numeric,0.03,0.2,competitor,decoy,0,8.729
27,145,perceptual,0.03,0.2,competitor,target,1,3.741
27,146,numeric,0.1,0.2,target,target,1,7.431
27,147,perceptual,0.1,0.2,target,decoy,0,4.601
27,148,numeric,0.1,0.2,competitor,decoy,0,10.999
27,149,perceptual,0.1,0.05,target,competitor,0,5.963
27,150,numeric,0.1,0.2,competitor,competitor,0,6.237
27,151,numeric,0.1,0.2,competitor,target,1,7.154
27,152,perceptual,0.03,0.05,competitor,target,1,6.791
27,153,numeric,0.03,0.2,competitor,competitor,0,5.969
27,154,perceptual,0.1,0.05,target,target,1,6.002
27,155,numeric,0.1,0.05,target,target,1,6.782
27,156,numeric,0.1,0.05,target,target,1,11.288
27,157,perceptual,0.03,0.05,target,decoy,0,7.647
27,158,numeric,0.03,0.05,target,target,1,8.427
27,159,perceptual,0.03,0.2,target,competitor,0,4.291
27,160,numeric,0.1,0.05,competitor,competitor,0,6.019
27,161,numeric,0.1,0.05,competitor,target,1,15.11
27,162,perceptual,0.1,0.2,competitor,competitor,0,4.146
27,163,numeric,0.03,0.05,target,competitor,0,7.132
27,164,perceptual,0.1,0.2,target,target,1,4.071
27,165,perceptual,0.03,0.2,competitor,decoy,0,3.115
27,166,perceptual,0.1,0.05,competitor,target,1,5.871
27,167,numeric,0.03,0.2,target,target,1,11.034
27,168,perceptual,0.1,0.2,target,decoy,0,3.734
27,169,numeric,0.1,0.05,target,competitor,0,9.269
27,170,numeric,0.03,0.2,target,target,1,8.763
27,171,perceptual,0.1,0.2,target,decoy,0,3.596
27,172,numeric,0.03,0.05,competitor,competitor,0,9.864
27,173,perceptual,0.1,0.05,target,competitor,0,4.597
27,174,perceptual,0.03,0.2,target,target,1,4.927
27,175,numeric,0.1,0.2,competitor,target,1,8.309
27,176,numeric,0.1,0.05,competitor,decoy,0,10.846
27,177,perceptual,0.1,0.05,target,target,1,6.852
27,178,perceptual,0.03,0.05,target,decoy,0,4.553
27,179,perceptual,0.1,0.2,competitor,decoy,0,4.685
27,180,perceptual,0.1,0.05,competitor,decoy,0,3.881
27,181,numeric,0.03,0.2,competitor,competitor,0,3.736
27,182,perceptual,0.1,0.05,competitor,competitor,0,3.302
27,183,perceptual,0.1,0.2,target,target,1,7.313
27,184,perceptual,0.03,0.05,target,competitor,0,5.683
27,185,numeric,0.1,0.05,competitor,target,1,6.014
27,186,perceptual,0.1,0.2,competitor,target,1,5.683
27,187,numeric,0.03,0.2,competitor,target,1,7.898
27,188,perceptual,0.1,0.05,competitor,decoy,0,4.28
27,189,numeric,0.1,0.2,competitor,target,1,6.005
27,190,numeric,0.03,0.2,competitor,competitor,0,8.528
27,191,perceptual,0.1,0.2,competitor,target,1,3.848
27,192,numeric,0.1,0.2,competitor,target,1,6.245
29,1,perceptual,0.1,0.05,target,competitor,0,8.789
29,2,numeric,0.1,0.05,competitor,target,1,11.558
29,3,numeric,0.03,0.05,competitor,competitor,0,11.009
29,4,perceptual,0.1,0.05,competitor,competitor,0,9.165
29,5,numeric,0.1,0.05,competitor,target,1,8.781
29,6,numeric,0.1,0.05,competitor,target,1,8.239
29,7,perceptual,0.1,0.2,target,decoy,0,7.205
29,8,numeric,0.1,0.05,target,target,1,12.584
29,9,numeric,0.1,0.05,competitor,target,1,6.903
29,10,perceptual,0.1,0.2,competitor,target,1,5.977
29,11,numeric,0.03,0.05,target,competitor,0,11.016
29,12,perceptual,0.03,0.2,competitor,target,1,9.81
29,13,numeric,0.03,0.05,competitor,target,1,11.533
29,14,perceptual,0.03,0.05,target,competitor,0,11.903
29,15,numeric,0.1,0.2,target,target,1,8.085
29,16,perceptual,0.1,0.05,competitor,target,1,8.512
29,17,perceptual,0.1,0.2,competitor,competitor,0,10.692
29,18,numeric,0.03,0.2,target,competitor,0,14.387
29,19,perceptual,0.1,0.2,target,competitor,0,6.448
29,20,numeric,0.1,0.2,target,target,1,9.848
29,21,numeric,0.1,0.05,target,target,1,10.286
29,22,numeric,0.1,0.2,competitor,decoy,0,7.27
29,23,perceptual,0.1,0.2,competitor,target,1,7.513
29,24,perceptual,0.1,0.05,competitor,target,1,8.238
29,25,perceptual,0.03,0.2,competitor,competitor,0,13.912
29,26,numeric,0.03,0.2,competitor,competitor,0,8.286
29,27,perceptual,0.03,0.2,target,decoy,0,4.846
29,28,numeric,0.03,0.2,target,target,1,6.608
29,29,numeric,0.03,0.2,target,target,1,12.443
29,30,numeric,0.1,0.2,target,target,1,9.986
29,31,perceptual,0.03,0.05,competitor,competitor,0,6.555
29,32,perceptual,0.1,0.2,competitor,decoy,0,5.117
29,33,numeric,0.1,0.05,competitor,target,1,7.769
29,34,perceptual,0.03,0.05,target,target,1,10.105
29,35,perceptual,0.03,0.05,target,competitor,0,5.058
29,36,numeric,0.1,0.2,competitor,competitor,0,10.649
29,37,numeric,0.1,0.05,target,target,1,8.743
29,38,perceptual,0.03,0.2,target,target,1,5.947
29,39,perceptual,0.03,0.2,target,competitor,0,4.697
29,40,perceptual,0.1,0.2,target,target,1,7.37
29,41,numeric,0.03,0.05,target,target,1,14.616
29,42,numeric,0.03,0.2,competitor,decoy,0,11.597
29,43,perceptual,0.1,0.05,competitor,decoy,0,9.201
29,44,numeric,0.03,0.2,competitor,competitor,0,12.102
29,45,perceptual,0.03,0.2,competitor,competitor,0,7.687
29,46,perceptual,0.1,0.2,target,competitor,0,4.657
29,47,numeric,0.1,0.2,competitor,target,1,10.298
29,48,numeric,0.1,0.2,competitor,target,1,8.848
29,49,numeric,0.1,0.05,competitor,target,1,10.283
29,50,numeric,0.03,0.05,competitor,competitor,0,10.025
29,51,numeric,0.1,0.05,competitor,target,1,7.345
29,52,perceptual,0.1,0.05,target,target,1,7.576
29,53,perceptual,0.03,0.2,competitor,decoy,0,10.646
29,54,perceptual,0.03,0.2,target,competitor,0,5.152
29,55,perceptual,0.03,0.05,competitor,target,1,3.632
29,56,numeric,0.1,0.2,competitor,decoy,0,5.364
29,57,numeric,0.1,0.2,target,competitor,0,10.878
29,58,numeric,0.03,0.2,competitor,target,1,5.726
29,59,numeric,0.1,0.05,competitor,target,1,3.32
29,60,perceptual,0.1,0.05,target,target,1,6.108
29,61,perceptual,0.03,0.2,target,competitor,0,3.891
29,62,numeric,0.1,0.2,competitor,target,1,9.545
29,63,perceptual,0.1,0.05,target,target,1,6.501
29,64,numeric,0.03,0.2,competitor,target,1,4.768
29,65,perceptual,0.1,0.2,competitor,competitor,0,4.653
29,66,numeric,0.1,0.2,target,competitor,0,4.601
29,67,numeric,0.03,0.2,target,competitor,0,4.802
29,68,numeric,0.03,0.2,target,decoy,0,4.941
29,69,perceptual,0.03,0.05,competitor,competitor,0,4.301
29,70,perceptual,0.03,0.05,target,competitor,0,3.539
29,71,perceptual,0.03,0.05,target,target,1,7.075
29,72,perceptual,0.1,0.05,competitor,target,1,3.531
29,73,numeric,0.03,0.05,target,target,1,5.872
29,74,perceptual,0.03,0.2,target,target,1,4.241
29,75,numeric,0.03,0.2,target,target,1,10.474
29,76,numeric,0.1,0.2,competitor,target,1,8.634
29,77,perceptual,0.1,0.05,competitor,target,1,3.718
29,78,numeric,0.1,0.2,competitor,competitor,0,6.208
29,79,perceptual,0.1,0.2,target,target,1,3.415
29,80,perceptual,0.1,0.2,competitor,competitor,0,9.269
29,81,perceptual,0.03,0.05,target,decoy,0,8.041
29,82,perceptual,0.1,0.05,target,target,1,10.089
29,83,numeric,0.03,0.2,target,target,1,5.77
29,84,perceptual,0.03,0.05,competitor,decoy,0,5.705
29,85,numeric,0.03,0.2,competitor,target,1,6.219
29,86,perceptual,0.03,0.05,competitor,competitor,0,4.221
29,87,perceptual,0.03,0.05,competitor,decoy,0,5.805
29,88,numeric,0.03,0.05,competitor,competitor,0,4.852
29,89,perceptual,0.03,0.2,competitor,competitor,0,3.452
29,90,numeric,0.1,0.05,target,competitor,0,4.714
29,91,perceptual,0.03,0.2,target,decoy,0,4.378
29,92,numeric,0.1,0.2,target,target,1,11.361
29,93,perceptual,0.03,0.2,target,target,1,6.785
29,94,numeric,0.03,0.2,competitor,target,1,7.71
29,95,numeric,0.1,0.05,competitor,target,1,5.255
29,96,perceptual,0.1,0.2,target,decoy,0,4.559
29,97,numeric,0.1,0.05,target,competitor,0,7.634
29,98,perceptual,0.1,0.2,target,target,1,4.882
29,99,perceptual,0.1,0.05,competitor,competitor,0,5.524
29,100,perceptual,0.1,0.05,target,competitor,0,3.043
29,101,numeric,0.03,0.05,target,target,1,5.08
29,102,numeric,0.03,0.05,target,competitor,0,5.172
29,103,perceptual,0.03,0.2,competitor,target,1,4.757
29,104,perceptual,0.03,0.05,target,target,1,4.83
29,105,numeric,0.1,0.05,target,competitor,0,4.486
29,106,perceptual,0.1,0.05,target,target,1,3.721
29,107,numeric,0.03,0.05,target,competitor,0,3.43
29,108,perceptual,0.1,0.05,competitor,competitor,0,5.248
29,109,numeric,0.1,0.05,target,competitor,0,12.121
29,110,perceptual,0.1,0.2,competitor,target,1,4.22
29,111,perceptual,0.03,0.05,target,target,1,4.718
29,112,numeric,0.1,0.2,target,target,1,3.961
29,113,numeric,0.1,0.2,target,target,1,3.771
29,114,numeric,0.1,0.2,competitor,target,1,4.244
29,115,perceptual,0.03,0.05,competitor,target,1,4.034
29,116,numeric,0.1,0.05,target,decoy,0,5.256
29,117,numeric,0.03,0.2,target,decoy,0,2.575
29,118,perceptual,0.03,0.05,competitor,competitor,0,5.584
29,119,numeric,0.1,0.05,competitor,competitor,0,6.342
29,120,perceptual,0.03,0.2,competitor,target,1,7.707
29,121,numeric,0.1,0.2,competitor,target,1,4.271
29,122,perceptual,0.1,0.2,target,competitor,0,2.956
29,123,numeric,0.03,0.2,competitor,competitor,0,3.588
29,124,numeric,0.03,0.2,competitor,target,1,9.838
29,125,perceptual,0.03,0.2,competitor,decoy,0,6.925
29,126,perceptual,0.1,0.2,target,target,1,4.146
29,127,numeric,0.03,0.05,competitor,target,1,2.753
29,128,numeric,0.1,0.2,competitor,competitor,0,3.989
29,129,perceptual,0.1,0.2,competitor,competitor,0,5.041
29,130,perceptual,0.1,0.2,competitor,target,1,4.981
29,131,perceptual,0.1,0.2,target,competitor,0,5.314
29,132,numeric,0.03,0.2,competitor,competitor,0,4.249
29,133,perceptual,0.03,0.2,competitor,target,1,3.196
29,134,numeric,0.03,0.2,target,decoy,0,6.26
29,135,perceptual,0.1,0.2,target,target,1,4.574
29,136,perceptual,0.1,0.2,target,competitor,0,8.71
29,137,numeric,0.1,0.05,competitor,competitor,0,8.836
29,138,numeric,0.1,0.2,target,target,1,9.641
29,139,perceptual,0.1,0.05,target,target,1,6.229
29,140,perceptual,0.03,0.2,target,target,1,7.813
29,141,numeric,0.1,0.05,target,target,1,5.792
29,142,numeric,0.03,0.05,target,decoy,0,4.228
29,143,numeric,0.03,0.05,competitor,competitor,0,8.544
29,144,perceptual,0.1,0.2,competitor,target,1,2.996
29,145,perceptual,0.03,0.2,target,target,1,4.017
29,146,perceptual,0.1,0.05,competitor,target,1,2.892
29,147,numeric,0.03,0.05,competitor,decoy,0,3.744
29,148,numeric,0.03,0.05,competitor,target,1,3.388
29,149,numeric,0.1,0.2,competitor,decoy,0,2.793
29,150,perceptual,0.1,0.05,target,decoy,0,3.995
29,151,perceptual,0.1,0.05,target,competitor,0,3.743
29,152,perceptual,0.1,0.05,competitor,target,1,2.473
29,153,numeric,0.03,0.05,target,competitor,0,3.601
29,154,numeric,0.03,0.05,competitor,competitor,0,2.894
29,155,numeric,0.03,0.05,target,decoy,0,4.844
29,156,perceptual,0.1,0.05,competitor,target,1,6.764
29,157,numeric,0.03,0.2,target,competitor,0,3.757
29,158,numeric,0.03,0.2,competitor,target,1,2.681
29,159,numeric,0.03,0.05,target,target,1,3.272
29,160,numeric,0.03,0.2,competitor,competitor,0,3.502
29,161,numeric,0.03,0.05,target,competitor,0,3.223
29,162,numeric,0.1,0.05,target,decoy,0,2.501
29,163,numeric,0.03,0.2,target,target,1,2.265
29,164,numeric,0.03,0.05,competitor,competitor,0,3.666
29,165,perceptual,0.03,0.2,target,target,1,3.058
29,166,perceptual,0.1,0.05,competitor,target,1,2.053
29,167,perceptual,0.03,0.05,target,target,1,6.224
29,168,numeric,0.03,0.05,competitor,competitor,0,3.253
29,169,numeric,0.1,0.2,target,competitor,0,3.543
29,170,numeric,0.1,0.05,competitor,target,1,3.483
29,171,perceptual,0.03,0.2,competitor,target,1,2.933
29,172,numeric,0.1,0.05,target,target,1,3.645
29,173,perceptual,0.1,0.05,target,competitor,0,5.786
29,174,numeric,0.03,0.05,target,competitor,0,3.65
29,175,perceptual,0.03,0.05,target,competitor,0,2.9
29,176,perceptual,0.03,0.2,competitor,competitor,0,2.358
29,177,perceptual,0.03,0.2,competitor,target,1,3.349
29,178,perceptual,0.03,0.05,competitor,target,1,4.091
29,179,perceptual,0.03,0.05,competitor,competitor,0,2.866
29,180,numeric,0.1,0.2,target,target,1,2.702
29,181,perceptual,0.03,0.05,target,target,1,3.283
29,182,perceptual,0.1,0.2,competitor,decoy,0,5.166
29,183,perceptual,0.03,0.05,competitor,target,1,4.03
29,184,perceptual,0.1,0.05,target,decoy,0,6.131
29,185,numeric,0.1,0.2,target,target,1,3.426
29,186,perceptual,0.1,0.2,competitor,decoy,0,4.525
29,187,perceptual,0.03,0.2,target,competitor,0,3.464
29,188,numeric,0.03,0.2,target,target,1,5.04
29,189,perceptual,0.03,0.05,target,competitor,0,4.89
29,190,perceptual,0.03,0.05,competitor,decoy,0,4.6
29,191,numeric,0.1,0.05,target,target,1,7.805
29,192,numeric,0.03,0.05,competitor,competitor,0,6.893
30,1,numeric,0.1,0.2,target,target,1,12.972
30,2,perceptual,0.1,0.2,competitor,target,1,9.02
30,3,perceptual,0.03,0.05,competitor,competitor,0,11.342
30,4,numeric,0.03,0.2,target,decoy,0,5.784
30,5,perceptual,0.03,0.2,target,competitor,0,6.063
30,6,numeric,0.03,0.2,target,target,1,8.57
30,7,perceptual,0.1,0.2,target,decoy,0,8.241
30,8,numeric,0.1,0.05,competitor,target,1,6.874
30,9,numeric,0.1,0.05,competitor,target,1,6.643
30,10,numeric,0.1,0.2,competitor,target,1,8.823
30,11,numeric,0.1,0.05,competitor,target,1,8.499
30,12,numeric,0.1,0.05,competitor,competitor,0,5.389
30,13,perceptual,0.03,0.2,competitor,decoy,0,6.946
30,14,perceptual,0.03,0.2,target,competitor,0,6.946
30,15,perceptual,0.1,0.05,target,competitor,0,7.801
30,16,numeric,0.1,0.05,target,target,1,9.862
30,17,numeric,0.03,0.2,competitor,target,1,5.74
30,18,numeric,0.03,0.05,competitor,competitor,0,6.432
30,19,perceptual,0.1,0.2,target,target,1,4.951
30,20,perceptual,0.03,0.05,target,decoy,0,5.791
30,21,perceptual,0.1,0.2,competitor,target,1,7.511
30,22,numeric,0.1,0.2,target,target,1,7.207
30,23,numeric,0.03,0.2,competitor,target,1,9.28
30,24,perceptual,0.03,0.05,target,decoy,0,4.743
30,25,perceptual,0.03,0.05,competitor,target,1,9.284
30,26,perceptual,0.03,0.2,competitor,competitor,0,5.393
30,27,numeric,0.1,0.2,competitor,target,1,5.113
30,28,numeric,0.03,0.05,competitor,competitor,0,10.042
30,29,numeric,0.1,0.2,competitor,target,1,9.741
30,30,perceptual,0.1,0.2,target,competitor,0,4.129
30,31,perceptual,0.1,0.05,target,decoy,0,3.135
30,32,numeric,0.1,0.2,target,target,1,7.324
30,33,numeric,0.03,0.05,competitor,target,1,7.269
30,34,perceptual,0.1,0.2,target,competitor,0,4.464
30,35,numeric,0.1,0.05,competitor,target,1,5.984
30,36,numeric,0.1,0.2,competitor,target,1,10.589
30,37,perceptual,0.03,0.2,target,competitor,0,3.512
30,38,perceptual,0.03,0.2,competitor,competitor,0,7.574
30,39,perceptual,0.1,0.2,competitor,target,1,5.253
30,40,numeric,0.1,0.05,target,target,1,6.188
30,41,perceptual,0.03,0.2,target,competitor,0,4.694
30,42,perceptual,0.1,0.05,competitor,decoy,0,6.064
30,43,perceptual,0.03,0.05,competitor,competitor,0,4.91
30,44,numeric,0.03,0.2,competitor,competitor,0,8.561
30,45,perceptual,0.1,0.05,target,competitor,0,7.384
30,46,perceptual,0.1,0.2,competitor,decoy,0,6.737
30,47,numeric,0.1,0.05,target,decoy,0,5.568
30,48,perceptual,0.03,0.2,competitor,competitor,0,4.981
30,49,perceptual,0.1,0.2,competitor,target,1,6.341
30,50,numeric,0.03,0.05,competitor,target,1,8.237
30,51,numeric,0.1,0.2,competitor,competitor,0,13.019
30,52,numeric,0.1,0.2,competitor,target,1,10.151
30,53,perceptual,0.03,0.05,target,decoy,0,6.508
30,54,numeric,0.1,0.05,target,target,1,7.345
30,55,numeric,0.03,0.05,target,target,1,9.165
30,56,perceptual,0.03,0.2,target,target,1,7.807
30,57,numeric,0.1,0.05,target,competitor,0,12.134
30,58,perceptual,0.03,0.05,competitor,competitor,0,3.888
30,59,numeric,0.03,0.05,target,competitor,0,8.516
30,60,numeric,0.03,0.05,target,competitor,0,5.272
30,61,numeric,0.1,0.2,target,target,1,6.611
30,62,numeric,0.1,0.2,competitor,target,1,12.814
30,63,numeric,0.03,0.2,competitor,target,1,9.199
30,64,numeric,0.03,0.05,target,target,1,9.906
30,65,numeric,0.03,0.2,competitor,competitor,0,6.368
30,66,perceptual,0.1,0.05,competitor,decoy,0,7.318
30,67,perceptual,0.1,0.05,competitor,target,1,3.864
30,68,numeric,0.03,0.2,target,competitor,0,5.815
30,69,numeric,0.1,0.2,target,target,1,6.044
30,70,perceptual,0.1,0.2,competitor,competitor,0,5.72
30,71,perceptual,0.03,0.2,target,competitor,0,3.928
30,72,numeric,0.03,0.05,competitor,target,1,11.328
30,73,numeric,0.1,0.2,target,target,1,8.429
30,74,perceptual,0.1,0.05,target,decoy,0,4.037
30,75,perceptual,0.03,0.05,competitor,target,1,4.753
30,76,perceptual,0.03,0.05,competitor,competitor,0,5.848
30,77,numeric,0.1,0.05,target,target,1,10.041
30,78,numeric,0.1,0.2,target,decoy,0,9.755
30,79,perceptual,0.03,0.2,target,competitor,0,5.495
30,80,perceptual,0.03,0.05,target,competitor,0,7.052
30,81,perceptual,0.1,0.2,target,competitor,0,3.714
30,82,perceptual,0.1,0.05,target,competitor,0,3.374
30,83,perceptual,0.1,0.2,target,target,1,2.606
30,84,perceptual,0.03,0.2,competitor,competitor,0,3.758
30,85,perceptual,0.03,0.05,competitor,target,1,6.79
30,86,numeric,0.03,0.2,competitor,competitor,0,6.341
30,87,perceptual,0.03,0.2,target,target,1,6.971
30,88,perceptual,0.1,0.05,competitor,target,1,5.49
30,89,numeric,0.1,0.2,competitor,target,1,11.29
30,90,numeric,0.03,0.2,target,target,1,8.481
30,91,perceptual,0.1,0.2,competitor,decoy,0,8.534
30,92,perceptual,0.1,0.2,target,decoy,0,6.878
30,93,perceptual,0.03,0.2,competitor,competitor,0,6.112
30,94,numeric,0.03,0.2,competitor,competitor,0,8.409
30,95,perceptual,0.1,0.2,target,target,1,5.135
30,96,numeric,0.03,0.2,target,competitor,0,9.778
30,97,perceptual,0.03,0.2,target,competitor,0,5.228
30,98,numeric,0.1,0.2,target,target,1,5.93
30,99,numeric,0.1,0.2,competitor,target,1,7.537
30,100,numeric,0.03,0.05,target,competitor,0,6.667
30,101,perceptual,0.1,0.2,competitor,competitor,0,3.863
30,102,numeric,0.1,0.2,target,target,1,6.095
30,103,perceptual,0.1,0.05,competitor,competitor,0,2.848
30,104,numeric,0.03,0.2,competitor,target,1,8.937
30,105,perceptual,0.1,0.2,competitor,target,1,4.539
30,106,perceptual,0.03,0.05,competitor,target,1,3.857
30,107,perceptual,0.1,0.05,competitor,target,1,2.964
30,108,numeric,0.03,0.2,target,target,1,7.01
30,109,perceptual,0.1,0.05,competitor,decoy,0,4.352
30,110,numeric,0.03,0.2,target,target,1,7.544
30,111,perceptual,0.1,0.05,competitor,target,1,5.678
30,112,perceptual,0.03,0.2,target,competitor,0,4.828
30,113,numeric,0.1,0.05,target,target,1,6.75
30,114,numeric,0.03,0.2,target,target,1,12.38
30,115,numeric,0.03,0.2,target,competitor,0,7.869
30,116,numeric,0.1,0.2,target,target,1,10.47
30,117,perceptual,0.03,0.05,competitor,target,1,3.774
30,118,numeric,0.03,0.05,target,target,1,10.257
30,119,numeric,0.03,0.05,target,target,1,9.415
30,120,perceptual,0.1,0.05,competitor,target,1,3.372
30,121,perceptual,0.03,0.2,competitor,decoy,0,4.279
30,122,numeric,0.1,0.05,competitor,target,1,6.43
30,123,perceptual,0.03,0.2,competitor,competitor,0,3.862
30,124,perceptual,0.1,0.2,target,target,1,6.902
30,125,numeric,0.03,0.2,competitor,target,1,9.089
30,126,numeric,0.03,0.2,target,target,1,13.164
30,127,perceptual,0.1,0.05,competitor,competitor,0,3.94
30,128,perceptual,0.03,0.2,competitor,decoy,0,4.352
30,129,perceptual,0.03,0.05,target,decoy,0,6.269
30,130,perceptual,0.03,0.2,target,competitor,0,5.291
30,131,numeric,0.03,0.05,competitor,competitor,0,7.804
30,132,numeric,0.03,0.05,competitor,target,1,7.492
30,133,numeric,0.03,0.05,competitor,competitor,0,9.538
30,134,perceptual,0.03,0.05,target,competitor,0,6.484
30,135,numeric,0.03,0.05,target,target,1,6.346
30,136,perceptual,0.1,0.05,competitor,target,1,3.921
30,137,numeric,0.1,0.05,target,competitor,0,6.248
30,138,perceptual,0.1,0.05,target,target,1,3.214
30,139,perceptual,0.03,0.05,competitor,decoy,0,6.15
30,140,perceptual,0.03,0.2,competitor,target,1,3.64
30,141,numeric,0.03,0.05,target,target,1,9.521
30,142,perceptual,0.1,0.2,target,competitor,0,3.54
30,143,perceptual,0.1,0.2,competitor,target,1,4.602
30,144,numeric,0.1,0.05,competitor,target,1,6.973
30,145,numeric,0.1,0.05,competitor,target,1,5.469
30,146,perceptual,0.03,0.05,competitor,target,1,2.866
30,147,numeric,0.1,0.2,target,target,1,5.746
30,148,perceptual,0.1,0.05,target,decoy,0,2.871
30,149,perceptual,0.03,0.2,competitor,decoy,0,5.2
30,150,perceptual,0.03,0.05,target,decoy,0,4.585
30,151,perceptual,0.03,0.2,target,competitor,0,3.207
30,152,numeric,0.1,0.2,competitor,competitor,0,7.695
30,153,numeric,0.03,0.05,competitor,competitor,0,19.371
30,154,numeric,0.1,0.05,target,target,1,9.808
30,155,perceptual,0.03,0.05,target,competitor,0,0.478
30,156,numeric,0.1,0.2,competitor,target,1,10.843
30,157,perceptual,0.03,0.05,target,target,1,3.005
30,158,numeric,0.03,0.05,competitor,target,1,9.135
30,159,numeric,0.1,0.05,target,target,1,12.626
30,160,numeric,0.03,0.2,competitor,target,1,8.642
30,161,numeric,0.03,0.2,competitor,competitor,0,7.053
30,162,perceptual,0.1,0.05,target,target,1,4.407
30,163,perceptual,0.1,0.05,target,competitor,0,6.858
30,164,numeric,0.03,0.2,competitor,competitor,0,8.287
30,165,perceptual,0.03,0.05,competitor,competitor,0,4.208
30,166,perceptual,0.03,0.2,competitor,target,1,5.636
30,167,perceptual,0.03,0.05,target,competitor,0,4.801
30,168,numeric,0.03,0.05,competitor,competitor,0,10.905
30,169,numeric,0.1,0.05,competitor,target,1,11.098
30,170,perceptual,0.1,0.2,competitor,target,1,3.434
30,171,perceptual,0.1,0.05,target,target,1,4.076
30,172,perceptual,0.1,0.2,target,decoy,0,4.764
30,173,numeric,0.03,0.05,competitor,competitor,0,6.946
30,174,numeric,0.03,0.05,target,competitor,0,7.744
30,175,numeric,0.1,0.05,target,competitor,0,11.119
30,176,perceptual,0.1,0.05,target,competitor,0,2.688
30,177,perceptual,0.03,0.05,target,competitor,0,2.904
30,178,numeric,0.1,0.05,competitor,target,1,4.737
30,179,numeric,0.1,0.05,competitor,competitor,0,8.899
30,180,numeric,0.03,0.2,target,target,1,6.483
30,181,perceptual,0.1,0.2,target,decoy,0,4.406
30,182,perceptual,0.1,0.2,competitor,target,1,3.69
30,183,perceptual,0.1,0.05,competitor,competitor,0,8.417
30,184,numeric,0.03,0.05,target,target,1,8.434
30,185,numeric,0.1,0.05,competitor,competitor,0,10.105
30,186,perceptual,0.1,0.05,target,target,1,7.197
30,187,numeric,0.1,0.2,target,competitor,0,13.999
30,188,numeric,0.03,0.2,target,target,1,8.345
30,189,numeric,0.03,0.05,target,target,1,10.336
30,190,numeric,0.1,0.2,competitor,competitor,0,9.489
30,191,numeric,0.1,0.05,target,target,1,10.112
30,192,perceptual,0.03,0.05,target,decoy,0,5.17
31,2,perceptual,0.03,0.05,competitor,competitor,0,15.764
31,3,perceptual,0.03,0.05,target,target,1,8.361
31,4,numeric,0.1,0.2,target,target,1,11.066
31,5,numeric,0.1,0.05,target,decoy,0,5.632
31,6,numeric,0.03,0.2,target,target,1,7.798
31,7,numeric,0.1,0.05,competitor,target,1,6.488
31,8,numeric,0.03,0.05,competitor,competitor,0,5.943
31,9,perceptual,0.1,0.2,target,target,1,8.549
31,10,numeric,0.03,0.05,competitor,target,1,9.127
31,11,perceptual,0.03,0.05,target,competitor,0,7.252
31,12,perceptual,0.1,0.05,competitor,target,1,6.343
31,13,perceptual,0.1,0.05,competitor,target,1,3.749
31,14,numeric,0.03,0.2,competitor,competitor,0,10.632
31,15,perceptual,0.1,0.2,competitor,target,1,7.327
31,16,numeric,0.1,0.05,competitor,competitor,0,7.467
31,17,perceptual,0.03,0.05,competitor,target,1,6.121
31,18,perceptual,0.1,0.05,competitor,target,1,5.169
31,19,numeric,0.1,0.2,competitor,target,1,4.417
31,20,perceptual,0.03,0.2,competitor,target,1,4.433
31,21,perceptual,0.1,0.2,target,target,1,5.563
31,22,numeric,0.1,0.2,target,target,1,6.29
31,23,numeric,0.1,0.05,target,decoy,0,8.501
31,24,perceptual,0.1,0.05,target,target,1,5.138
31,25,numeric,0.1,0.05,target,target,1,9.445
31,26,numeric,0.1,0.05,competitor,target,1,8.812
31,27,perceptual,0.03,0.2,competitor,target,1,8.039
31,28,perceptual,0.1,0.2,target,competitor,0,3.757
31,29,perceptual,0.1,0.05,target,decoy,0,5.044
31,30,perceptual,0.1,0.05,target,target,1,5.138
31,31,numeric,0.1,0.2,target,competitor,0,5.177
31,32,perceptual,0.03,0.05,target,target,1,6.63
31,33,numeric,0.03,0.2,competitor,decoy,0,7.789
31,34,perceptual,0.03,0.2,competitor,target,1,6.953
31,35,numeric,0.03,0.2,competitor,target,1,4.259
31,36,numeric,0.03,0.05,competitor,competitor,0,3.593
31,37,perceptual,0.1,0.05,competitor,target,1,8.65
31,38,numeric,0.1,0.05,competitor,target,1,9.266
31,39,perceptual,0.03,0.05,competitor,target,1,5.043
31,40,perceptual,0.03,0.2,target,competitor,0,4.276
31,41,numeric,0.1,0.2,target,target,1,9.797
31,42,perceptual,0.1,0.2,target,target,1,4.394
31,43,numeric,0.1,0.2,target,competitor,0,4.761
31,44,numeric,0.1,0.05,competitor,competitor,0,8.516
31,45,perceptual,0.1,0.05,target,decoy,0,11.043
31,46,perceptual,0.03,0.2,target,target,1,9.65
31,47,perceptual,0.03,0.2,competitor,target,1,4.612
31,48,perceptual,0.1,0.05,competitor,target,1,4.183
31,49,perceptual,0.1,0.2,competitor,target,1,3.304
31,50,numeric,0.03,0.2,target,target,1,3.367
31,51,perceptual,0.03,0.05,competitor,target,1,3.154
31,52,numeric,0.03,0.2,target,target,1,5.537
31,53,numeric,0.03,0.05,target,target,1,14.103
31,54,numeric,0.1,0.2,target,target,1,8.232
31,55,perceptual,0.03,0.05,competitor,target,1,11.482
31,56,numeric,0.03,0.2,target,competitor,0,6.9
31,57,numeric,0.03,0.2,competitor,competitor,0,3.751
31,58,numeric,0.1,0.2,target,competitor,0,3.579
31,59,numeric,0.03,0.05,target,target,1,7.049
31,60,numeric,0.1,0.2,competitor,target,1,10.684
31,61,numeric,0.1,0.2,target,competitor,0,7.065
31,62,perceptual,0.03,0.05,target,target,1,3.539
31,63,numeric,0.1,0.2,competitor,target,1,8.331
31,64,numeric,0.03,0.05,target,target,1,6.063
31,65,numeric,0.03,0.05,target,target,1,6.376
31,66,perceptual,0.1,0.2,target,target,1,4.293
31,67,perceptual,0.03,0.05,target,target,1,4.893
31,68,numeric,0.1,0.05,target,target,1,3.202
31,69,perceptual,0.1,0.2,target,target,1,2.771
31,70,perceptual,0.1,0.2,target,target,1,4.038
31,71,perceptual,0.1,0.2,competitor,target,1,2.664
31,72,numeric,0.03,0.05,competitor,decoy,0,3.025
31,73,perceptual,0.1,0.2,competitor,competitor,0,3.438
31,74,numeric,0.1,0.05,competitor,target,1,3.699
31,75,perceptual,0.1,0.05,competitor,competitor,0,3.098
31,76,numeric,0.03,0.2,competitor,target,1,3.351
31,77,numeric,0.1,0.05,target,target,1,5.253
31,78,numeric,0.1,0.05,competitor,target,1,6.557
31,79,numeric,0.1,0.2,competitor,target,1,5.493
31,80,numeric,0.03,0.2,competitor,target,1,8.4
31,81,numeric,0.03,0.05,competitor,decoy,0,4.52
31,82,numeric,0.03,0.05,competitor,target,1,7.149
31,83,numeric,0.03,0.05,competitor,target,1,4.961
31,84,perceptual,0.03,0.05,competitor,competitor,0,6.249
31,85,perceptual,0.1,0.2,competitor,target,1,2.367
31,86,numeric,0.03,0.05,target,target,1,7.928
31,87,numeric,0.03,0.2,competitor,decoy,0,9.694
31,88,perceptual,0.1,0.2,competitor,target,1,4.332
31,89,numeric,0.03,0.05,target,decoy,0,1.804
31,90,perceptual,0.03,0.05,competitor,decoy,0,6.264
31,91,perceptual,0.03,0.2,target,competitor,0,3.76
31,92,perceptual,0.1,0.05,target,target,1,3.048
31,93,perceptual,0.1,0.05,competitor,target,1,2.574
31,94,perceptual,0.03,0.05,target,target,1,3.943
31,95,numeric,0.03,0.2,target,competitor,0,3.67
31,96,numeric,0.03,0.2,target,target,1,3.998
31,97,perceptual,0.03,0.05,target,target,1,2.467
31,98,numeric,0.03,0.2,target,competitor,0,3.22
31,99,numeric,0.1,0.05,competitor,target,1,3.434
31,100,perceptual,0.03,0.05,target,target,1,3.202
31,101,perceptual,0.03,0.05,competitor,decoy,0,3.093
31,102,numeric,0.03,0.2,competitor,competitor,0,3.208
31,103,perceptual,0.03,0.05,target,competitor,0,4.93
31,104,numeric,0.03,0.2,competitor,competitor,0,2.64
31,105,numeric,0.1,0.05,competitor,competitor,0,3.92
31,106,perceptual,0.1,0.05,competitor,target,1,2.819
31,107,numeric,0.03,0.05,target,target,1,3.312
31,108,numeric,0.1,0.2,competitor,target,1,4.71
31,109,perceptual,0.03,0.2,competitor,target,1,4.536
31,110,perceptual,0.1,0.2,target,target,1,5.233
31,111,numeric,0.1,0.05,competitor,target,1,3.632
31,112,numeric,0.03,0.05,competitor,target,1,4.561
31,113,perceptual,0.03,0.2,competitor,competitor,0,2.287
31,114,perceptual,0.1,0.05,target,target,1,6.76
31,115,numeric,0.03,0.2,target,competitor,0,4.879
31,116,perceptual,0.1,0.05,target,target,1,4.938
31,117,numeric,0.1,0.05,competitor,target,1,4.749
31,118,numeric,0.03,0.05,target,decoy,0,5.014
31,119,perceptual,0.1,0.2,target,target,1,3.639
31,120,perceptual,0.1,0.05,target,target,1,3.074
31,121,numeric,0.03,0.2,target,target,1,9.827
31,122,perceptual,0.03,0.2,target,target,1,7.818
31,123,numeric,0.03,0.05,competitor,competitor,0,4.592
31,124,numeric,0.1,0.05,target,competitor,0,5.32
31,125,perceptual,0.03,0.2,competitor,competitor,0,4.139
31,126,numeric,0.03,0.05,competitor,competitor,0,4.744
31,127,perceptual,0.03,0.2,target,target,1,3.185
31,128,numeric,0.1,0.05,target,target,1,6.777
31,129,perceptual,0.1,0.2,competitor,target,1,2.893
31,130,numeric,0.1,0.2,target,competitor,0,3.012
31,131,perceptual,0.03,0.05,competitor,target,1,3.149
31,132,numeric,0.1,0.2,target,target,1,3.676
31,133,numeric,0.03,0.2,competitor,competitor,0,3.166
31,134,numeric,0.1,0.2,target,target,1,3.453
31,135,perceptual,0.1,0.05,competitor,target,1,2.919
31,136,perceptual,0.1,0.2,competitor,competitor,0,2.812
31,137,numeric,0.1,0.2,competitor,target,1,5.334
31,138,perceptual,0.1,0.2,competitor,target,1,3.92
31,139,numeric,0.03,0.05,competitor,competitor,0,2.584
31,140,perceptual,0.1,0.2,target,competitor,0,4.413
31,141,numeric,0.1,0.2,competitor,target,1,3.311
31,142,perceptual,0.03,0.2,target,target,1,2.716
31,143,perceptual,0.03,0.2,competitor,competitor,0,3.048
31,144,numeric,0.1,0.05,target,target,1,6.638
31,145,perceptual,0.1,0.2,competitor,target,1,3.255
31,146,numeric,0.1,0.05,target,target,1,3.658
31,147,numeric,0.03,0.2,target,competitor,0,6.654
31,148,perceptual,0.1,0.05,competitor,target,1,7.821
31,149,numeric,0.03,0.2,competitor,competitor,0,6.828
31,150,numeric,0.03,0.2,competitor,target,1,6.325
31,151,numeric,0.1,0.05,target,competitor,0,5.711
31,152,numeric,0.03,0.05,competitor,competitor,0,7.572
31,153,perceptual,0.03,0.2,competitor,competitor,0,3.027
31,154,numeric,0.03,0.05,target,competitor,0,4.363
31,155,numeric,0.03,0.05,target,competitor,0,5.431
31,156,perceptual,0.03,0.2,competitor,target,1,3.031
31,157,perceptual,0.1,0.05,target,competitor,0,3.655
31,158,perceptual,0.03,0.2,competitor,target,1,2.11
31,159,numeric,0.03,0.05,target,target,1,3.226
31,160,perceptual,0.03,0.2,competitor,target,1,2.731
31,161,perceptual,0.03,0.2,target,target,1,3.159
31,162,numeric,0.03,0.05,target,target,1,2.6
31,163,perceptual,0.1,0.2,target,decoy,0,3.296
31,164,perceptual,0.03,0.2,target,target,1,2.873
31,165,perceptual,0.03,0.2,target,target,1,2.666
31,166,numeric,0.03,0.2,target,competitor,0,4.037
31,167,perceptual,0.1,0.05,competitor,competitor,0,4.03
31,168,perceptual,0.1,0.2,target,target,1,4.327
31,169,numeric,0.03,0.2,target,competitor,0,3.135
31,170,numeric,0.1,0.05,competitor,competitor,0,3.483
31,171,perceptual,0.03,0.2,target,target,1,3.265
31,172,numeric,0.1,0.2,target,target,1,8.737
31,173,perceptual,0.1,0.05,target,competitor,0,3.284
31,174,numeric,0.1,0.2,competitor,target,1,3.674
31,175,numeric,0.1,0.2,competitor,competitor,0,2.457
31,176,perceptual,0.1,0.05,competitor,target,1,2.611
31,177,numeric,0.1,0.05,target,competitor,0,2.866
31,178,perceptual,0.03,0.05,target,decoy,0,2.933
31,179,perceptual,0.1,0.05,target,target,1,2.45
31,180,perceptual,0.03,0.2,target,target,1,2.623
31,181,perceptual,0.03,0.05,target,competitor,0,3.624
31,182,perceptual,0.03,0.05,competitor,target,1,2.632
31,183,numeric,0.1,0.2,competitor,competitor,0,3.395
31,184,perceptual,0.03,0.05,competitor,target,1,3.508
31,185,perceptual,0.03,0.05,competitor,decoy,0,3.368
31,186,numeric,0.1,0.2,competitor,target,1,6.358
31,187,numeric,0.1,0.05,target,competitor,0,2.983
31,188,perceptual,0.03,0.05,target,competitor,0,3.475
31,189,perceptual,0.1,0.2,competitor,target,1,2.627
31,190,perceptual,0.1,0.05,target,decoy,0,2.299
31,191,perceptual,0.03,0.2,target,competitor,0,3.108
31,192,perceptual,0.1,0.2,competitor,target,1,2.95
32,1,perceptual,0.1,0.05,competitor,competitor,0,14.282
32,2,numeric,0.03,0.2,competitor,target,1,12.368
32,3,numeric,0.1,0.2,target,target,1,10.296
32,4,perceptual,0.1,0.2,competitor,decoy,0,7.109
32,5,perceptual,0.1,0.2,competitor,competitor,0,8.133
32,6,numeric,0.03,0.05,target,competitor,0,14.369
32,7,numeric,0.03,0.05,competitor,decoy,0,12.027
32,8,numeric,0.03,0.05,competitor,competitor,0,12.538
32,9,perceptual,0.1,0.2,competitor,decoy,0,9.388
32,10,numeric,0.03,0.05,target,competitor,0,9.268
32,11,perceptual,0.03,0.2,competitor,target,1,10.046
32,12,perceptual,0.1,0.2,target,decoy,0,9.711
32,13,numeric,0.03,0.05,competitor,target,1,7.706
32,14,numeric,0.1,0.2,target,competitor,0,10.773
32,15,numeric,0.03,0.05,competitor,target,1,7.757
32,17,numeric,0.03,0.05,target,target,1,7.29
32,18,perceptual,0.03,0.2,target,competitor,0,4.545
32,19,numeric,0.03,0.2,target,competitor,0,4.045
32,20,perceptual,0.03,0.2,competitor,decoy,0,4.977
32,21,numeric,0.03,0.2,competitor,competitor,0,6.828
32,22,numeric,0.1,0.05,competitor,target,1,6.75
32,23,perceptual,0.03,0.05,target,competitor,0,7.664
32,24,numeric,0.1,0.05,competitor,target,1,5.829
32,25,numeric,0.03,0.2,target,competitor,0,7.305
32,26,numeric,0.03,0.2,competitor,target,1,6.366
32,27,perceptual,0.03,0.05,competitor,target,1,6.946
32,28,numeric,0.1,0.05,competitor,competitor,0,6.696
32,29,perceptual,0.03,0.05,target,competitor,0,6.535
32,30,numeric,0.1,0.2,competitor,target,1,6.066
32,31,perceptual,0.1,0.2,target,competitor,0,5.618
32,32,perceptual,0.03,0.2,target,competitor,0,6.669
32,33,perceptual,0.03,0.2,target,target,1,3.625
32,34,perceptual,0.03,0.05,competitor,target,1,3.549
32,35,perceptual,0.03,0.2,competitor,target,1,5.327
32,36,perceptual,0.03,0.05,target,competitor,0,5.152
32,37,numeric,0.03,0.2,target,competitor,0,4.967
32,38,perceptual,0.1,0.05,competitor,decoy,0,5.103
32,39,numeric,0.1,0.05,target,target,1,5.187
32,40,numeric,0.1,0.05,competitor,competitor,0,4.801
32,41,numeric,0.1,0.2,target,competitor,0,7.532
32,42,perceptual,0.1,0.05,competitor,decoy,0,4.061
32,43,perceptual,0.1,0.2,competitor,target,1,5.194
32,44,perceptual,0.1,0.05,target,competitor,0,7.462
32,45,perceptual,0.1,0.05,competitor,decoy,0,5.678
32,46,perceptual,0.1,0.2,competitor,competitor,0,4.759
32,47,perceptual,0.03,0.05,target,competitor,0,4.262
32,48,numeric,0.1,0.05,competitor,target,1,8.537
32,49,perceptual,0.1,0.05,target,competitor,0,4.157
32,50,numeric,0.1,0.05,target,target,1,3.905
32,51,numeric,0.03,0.05,competitor,target,1,6.106
32,52,perceptual,0.1,0.05,competitor,competitor,0,5.356
32,53,perceptual,0.1,0.2,competitor,target,1,3.065
32,54,perceptual,0.1,0.05,competitor,target,1,7.335
32,55,perceptual,0.03,0.05,competitor,competitor,0,5.182
32,56,numeric,0.03,0.2,target,target,1,7.837
32,57,perceptual,0.1,0.2,target,decoy,0,4.528
32,58,perceptual,0.03,0.05,target,competitor,0,4.679
32,59,numeric,0.1,0.05,target,target,1,10.233
32,60,perceptual,0.03,0.2,target,decoy,0,6.298
32,61,numeric,0.03,0.2,target,competitor,0,8.314
32,62,perceptual,0.03,0.2,target,target,1,5.196
32,63,perceptual,0.03,0.05,competitor,target,1,5.348
32,64,perceptual,0.03,0.05,competitor,target,1,4.463
32,65,numeric,0.03,0.05,target,target,1,5.065
32,66,numeric,0.1,0.05,competitor,target,1,7.129
32,67,perceptual,0.03,0.05,target,target,1,4.907
32,68,numeric,0.03,0.05,target,target,1,7.867
32,69,numeric,0.03,0.2,competitor,competitor,0,4.999
32,70,perceptual,0.03,0.2,competitor,target,1,4.549
32,71,perceptual,0.03,0.05,target,competitor,0,5.48
32,72,perceptual,0.03,0.05,competitor,decoy,0,7.041
32,73,numeric,0.1,0.2,competitor,target,1,4.886
32,74,perceptual,0.1,0.05,target,decoy,0,4.149
32,75,numeric,0.1,0.2,competitor,competitor,0,5.968
32,76,numeric,0.03,0.2,competitor,target,1,4.502
32,77,perceptual,0.03,0.2,competitor,decoy,0,4.096
32,78,perceptual,0.1,0.2,competitor,competitor,0,5.216
32,79,perceptual,0.1,0.2,competitor,target,1,4.484
32,80,perceptual,0.1,0.05,target,target,1,3.762
32,81,numeric,0.1,0.2,competitor,target,1,4.436
32,82,numeric,0.1,0.2,competitor,target,1,4.002
32,83,perceptual,0.03,0.05,competitor,decoy,0,5.069
32,84,numeric,0.03,0.2,target,competitor,0,4.004
32,85,numeric,0.1,0.05,target,target,1,6.153
32,86,numeric,0.03,0.2,competitor,target,1,7.236
32,87,numeric,0.03,0.05,competitor,target,1,6.737
32,88,numeric,0.1,0.05,target,target,1,5.065
32,89,numeric,0.03,0.05,competitor,target,1,6.232
32,90,numeric,0.1,0.2,competitor,competitor,0,6.681
32,91,numeric,0.03,0.05,target,target,1,6.87
32,92,perceptual,0.1,0.2,target,competitor,0,3.634
32,93,perceptual,0.1,0.05,target,decoy,0,5.388
32,94,numeric,0.1,0.2,target,competitor,0,6.902
32,95,numeric,0.03,0.2,competitor,competitor,0,6.122
32,96,numeric,0.1,0.2,competitor,target,1,4.898
32,97,numeric,0.1,0.05,target,target,1,4.384
32,98,numeric,0.1,0.05,target,target,1,5.327
32,99,perceptual,0.1,0.05,target,decoy,0,4.768
32,100,numeric,0.03,0.05,competitor,target,1,4.853
32,101,numeric,0.1,0.05,competitor,competitor,0,7.364
32,102,perceptual,0.1,0.2,target,competitor,0,4.415
32,103,perceptual,0.1,0.2,target,competitor,0,5.736
32,104,numeric,0.1,0.2,competitor,competitor,0,5.48
32,105,perceptual,0.03,0.05,competitor,target,1,3.112
32,106,numeric,0.03,0.2,target,target,1,6.146
32,107,perceptual,0.03,0.2,competitor,competitor,0,7.299
32,108,perceptual,0.03,0.2,competitor,target,1,6.318
32,109,perceptual,0.03,0.05,competitor,target,1,4.114
32,110,numeric,0.1,0.2,target,competitor,0,4.464
32,111,perceptual,0.03,0.2,competitor,competitor,0,4.479
32,112,numeric,0.1,0.2,competitor,target,1,4.842
32,113,perceptual,0.03,0.05,target,competitor,0,4.749
32,114,perceptual,0.1,0.05,competitor,competitor,0,2.735
32,115,numeric,0.1,0.2,target,target,1,4.431
32,116,numeric,0.1,0.05,competitor,target,1,5.812
32,117,numeric,0.1,0.05,target,target,1,6.668
32,118,numeric,0.1,0.2,target,target,1,7.813
32,119,numeric,0.03,0.2,competitor,target,1,6.851
32,120,numeric,0.03,0.2,competitor,target,1,9.685
32,121,numeric,0.1,0.05,competitor,target,1,5.516
32,122,perceptual,0.1,0.05,target,decoy,0,3.347
32,123,numeric,0.1,0.05,competitor,target,1,5.433
32,124,perceptual,0.03,0.05,target,target,1,4.116
32,125,perceptual,0.1,0.2,target,competitor,0,4.314
32,126,perceptual,0.1,0.2,competitor,target,1,3.318
32,127,perceptual,0.03,0.2,target,competitor,0,4.013
32,128,perceptual,0.1,0.05,competitor,target,1,5.203
32,129,perceptual,0.1,0.05,target,competitor,0,4.541
32,130,numeric,0.03,0.2,competitor,competitor,0,3.903
32,131,perceptual,0.03,0.2,competitor,target,1,4.063
32,132,numeric,0.1,0.05,target,competitor,0,4.147
32,133,perceptual,0.1,0.05,competitor,target,1,3.803
32,134,numeric,0.1,0.2,competitor,target,1,5.316
32,135,numeric,0.03,0.2,target,competitor,0,3.81
32,136,numeric,0.03,0.05,target,target,1,6.232
32,137,perceptual,0.1,0.2,target,competitor,0,3.1
32,138,perceptual,0.1,0.2,competitor,decoy,0,4.43
32,139,perceptual,0.03,0.2,target,competitor,0,3.044
32,140,numeric,0.1,0.2,competitor,competitor,0,4.258
32,141,perceptual,0.03,0.2,competitor,decoy,0,3.722
32,142,numeric,0.1,0.2,target,target,1,6.154
32,143,perceptual,0.03,0.2,target,decoy,0,4.064
32,144,numeric,0.03,0.05,target,target,1,7.732
32,145,numeric,0.03,0.2,target,target,1,4.621
32,146,numeric,0.03,0.05,target,target,1,5.447
32,147,perceptual,0.1,0.05,target,competitor,0,3.51
32,148,numeric,0.03,0.2,target,target,1,4.436
32,149,numeric,0.03,0.05,competitor,target,1,5.305
32,150,perceptual,0.1,0.05,competitor,target,1,3.23
32,151,perceptual,0.1,0.2,target,decoy,0,4.349
32,152,perceptual,0.03,0.2,target,competitor,0,3.8
32,153,numeric,0.03,0.05,target,target,1,3.963
32,154,perceptual,0.03,0.2,target,target,1,4.212
32,155,numeric,0.03,0.05,competitor,target,1,9.312
32,156,numeric,0.03,0.2,target,competitor,0,4.812
32,157,numeric,0.1,0.2,target,target,1,5.068
32,158,perceptual,0.03,0.05,target,decoy,0,4.587
32,159,perceptual,0.1,0.2,target,competitor,0,3.956
32,160,numeric,0.1,0.05,competitor,target,1,5.263
32,161,numeric,0.1,0.05,competitor,target,1,4.139
32,162,perceptual,0.03,0.2,target,competitor,0,3.455
32,163,numeric,0.1,0.05,target,target,1,4.633
32,164,numeric,0.03,0.2,competitor,target,1,4.464
32,165,perceptual,0.1,0.2,competitor,competitor,0,4.866
32,166,perceptual,0.1,0.05,target,target,1,5.867
32,167,perceptual,0.03,0.2,competitor,target,1,3.116
32,168,numeric,0.1,0.2,target,competitor,0,3.702
32,169,perceptual,0.03,0.2,competitor,target,1,0.08
32,170,perceptual,0.1,0.2,competitor,target,1,0.705
32,171,perceptual,0.1,0.2,target,decoy,0,5.03
32,172,numeric,0.1,0.2,target,competitor,0,3.282
32,173,perceptual,0.1,0.05,target,competitor,0,3.697
32,174,numeric,0.03,0.05,competitor,competitor,0,4.56
32,175,perceptual,0.1,0.05,target,decoy,0,3.913
32,176,perceptual,0.03,0.2,target,decoy,0,4.855
32,177,numeric,0.1,0.05,target,competitor,0,3.837
32,178,perceptual,0.1,0.2,target,competitor,0,3.189
32,179,numeric,0.03,0.05,target,target,1,5.137
32,180,numeric,0.1,0.2,competitor,target,1,6.148
32,181,numeric,0.1,0.2,target,target,1,6.148
32,182,perceptual,0.1,0.05,competitor,target,1,5.479
32,183,perceptual,0.03,0.05,target,competitor,0,3.536
32,184,numeric,0.1,0.05,target,target,1,6.899
32,185,perceptual,0.03,0.05,competitor,competitor,0,3.696
32,186,perceptual,0.03,0.05,target,decoy,0,4.218
32,187,perceptual,0.03,0.05,competitor,target,1,4.913
32,188,perceptual,0.03,0.05,competitor,target,1,3.264
32,189,numeric,0.03,0.2,competitor,target,1,8.529
32,190,numeric,0.03,0.05,competitor,target,1,4.636
32,191,numeric,0.03,0.05,target,target,1,5.653
32,192,perceptual,0.1,0.05,competitor,decoy,0,3.44
33,1,numeric,0.03,0.2,target,target,1,10.965
33,2,perceptual,0.1,0.2,competitor,target,1,8.971
33,3,numeric,0.1,0.05,target,target,1,13.252
33,4,numeric,0.03,0.2,competitor,target,1,9.765
33,5,perceptual,0.03,0.2,competitor,competitor,0,10.256
33,6,numeric,0.1,0.05,competitor,competitor,0,8.271
33,7,numeric,0.1,0.05,competitor,target,1,7.454
33,8,perceptual,0.1,0.2,competitor,target,1,11.149
33,9,numeric,0.1,0.05,competitor,target,1,12.038
33,10,perceptual,0.03,0.05,target,target,1,7.186
33,11,perceptual,0.1,0.2,target,target,1,4.613
33,12,numeric,0.1,0.2,competitor,competitor,0,16.442
33,13,numeric,0.03,0.2,target,target,1,12.275
33,14,perceptual,0.03,0.05,target,competitor,0,12.111
33,15,numeric,0.1,0.2,target,target,1,12.085
33,16,numeric,0.1,0.05,target,decoy,0,6.387
33,17,perceptual,0.1,0.05,target,target,1,10.581
33,18,numeric,0.03,0.2,competitor,competitor,0,12.783
33,19,perceptual,0.03,0.2,competitor,decoy,0,12.146
33,20,numeric,0.1,0.05,competitor,target,1,7.13
33,21,numeric,0.1,0.2,competitor,target,1,10.137
33,22,numeric,0.03,0.2,competitor,competitor,0,14.783
33,23,perceptual,0.1,0.2,target,target,1,4.876
33,24,perceptual,0.03,0.05,target,competitor,0,5.776
33,25,perceptual,0.03,0.05,competitor,competitor,0,7.112
33,26,perceptual,0.03,0.2,target,target,1,8.65
33,27,numeric,0.1,0.05,competitor,competitor,0,13.785
33,28,perceptual,0.1,0.2,target,target,1,5.298
33,29,perceptual,0.03,0.05,target,decoy,0,14.091
33,30,perceptual,0.03,0.05,target,target,1,6.063
33,31,numeric,0.03,0.05,target,target,1,8.227
33,32,perceptual,0.03,0.05,target,target,1,7.758
33,33,numeric,0.1,0.2,competitor,target,1,14.233
33,34,perceptual,0.1,0.2,target,target,1,6.419
33,35,perceptual,0.1,0.2,competitor,target,1,14.23
33,36,numeric,0.03,0.05,competitor,competitor,0,12.578
33,37,numeric,0.1,0.05,competitor,target,1,14.667
33,38,perceptual,0.1,0.05,competitor,competitor,0,7.5
33,39,perceptual,0.1,0.2,target,target,1,13.504
33,40,perceptual,0.03,0.2,competitor,competitor,0,11.125
33,41,perceptual,0.1,0.2,target,target,1,13.476
33,42,perceptual,0.03,0.05,competitor,target,1,14.069
33,43,perceptual,0.03,0.2,competitor,target,1,9.42
33,44,perceptual,0.1,0.05,target,competitor,0,14.904
33,45,perceptual,0.1,0.05,target,target,1,16.282
33,46,perceptual,0.1,0.05,competitor,target,1,11.407
33,47,perceptual,0.03,0.05,competitor,target,1,14.44
33,48,perceptual,0.03,0.2,competitor,competitor,0,10.581
33,49,perceptual,0.1,0.2,target,target,1,5.73
33,50,numeric,0.1,0.05,target,target,1,8.191
33,51,numeric,0.03,0.05,competitor,competitor,0,8.854
33,52,numeric,0.03,0.05,target,target,1,11.298
33,54,perceptual,0.03,0.05,target,target,1,6.265
33,55,perceptual,0.03,0.2,competitor,target,1,7.453
33,56,numeric,0.03,0.2,target,target,1,4.544
33,57,numeric,0.03,0.05,target,target,1,8.816
33,58,numeric,0.1,0.05,target,target,1,5.316
33,59,numeric,0.03,0.05,target,target,1,6.903
33,60,perceptual,0.03,0.2,competitor,competitor,0,6.034
33,61,numeric,0.03,0.05,competitor,competitor,0,6.623
33,62,numeric,0.1,0.05,target,target,1,11.322
33,63,perceptual,0.03,0.05,target,target,1,8.424
33,64,perceptual,0.03,0.05,competitor,competitor,0,19.559
33,65,numeric,0.1,0.05,target,target,1,6.702
33,66,perceptual,0.1,0.05,target,target,1,5.319
33,67,perceptual,0.1,0.2,competitor,competitor,0,6.521
33,68,perceptual,0.1,0.05,target,target,1,9.292
33,69,numeric,0.1,0.2,competitor,target,1,10.172
33,70,perceptual,0.1,0.05,target,decoy,0,8.494
33,71,perceptual,0.1,0.05,competitor,target,1,6.805
33,72,numeric,0.03,0.2,competitor,target,1,8.375
33,73,perceptual,0.1,0.2,target,competitor,0,15.09
33,74,perceptual,0.03,0.05,competitor,target,1,9.836
33,75,perceptual,0.03,0.05,competitor,decoy,0,5.654
33,76,numeric,0.1,0.2,target,target,1,5.76
33,77,perceptual,0.1,0.2,competitor,target,1,11.818
33,78,perceptual,0.03,0.2,competitor,competitor,0,5.538
33,79,numeric,0.1,0.05,target,target,1,8.315
33,80,perceptual,0.1,0.2,competitor,target,1,5.76
33,81,numeric,0.1,0.2,target,target,1,6.779
33,82,numeric,0.1,0.2,target,target,1,8.741
33,83,perceptual,0.03,0.05,competitor,decoy,0,16.136
33,84,perceptual,0.03,0.2,target,target,1,7.807
33,85,perceptual,0.03,0.2,target,target,1,11.503
33,86,numeric,0.1,0.05,competitor,target,1,11.493
33,87,numeric,0.03,0.2,target,target,1,6.108
33,88,numeric,0.03,0.2,target,competitor,0,5.81
33,89,perceptual,0.1,0.2,competitor,competitor,0,7.293
33,90,numeric,0.1,0.05,competitor,target,1,9.624
33,91,perceptual,0.03,0.2,target,target,1,3.735
33,92,numeric,0.03,0.2,competitor,competitor,0,13.843
33,93,numeric,0.03,0.2,target,target,1,6.393
33,94,perceptual,0.03,0.2,target,target,1,5.885
33,95,perceptual,0.1,0.2,target,target,1,13.522
33,96,numeric,0.1,0.05,target,target,1,10.726
33,97,perceptual,0.1,0.2,target,competitor,0,19.08
33,98,numeric,0.03,0.2,competitor,target,1,5.141
33,99,numeric,0.1,0.2,target,target,1,18.341
33,100,numeric,0.03,0.05,competitor,target,1,5.576
33,101,numeric,0.1,0.05,competitor,target,1,7.157
33,102,perceptual,0.03,0.05,target,target,1,7.766
33,103,numeric,0.1,0.05,target,target,1,8.352
33,104,numeric,0.03,0.05,target,target,1,9.185
33,105,numeric,0.03,0.2,target,target,1,7.62
33,106,numeric,0.1,0.2,competitor,competitor,0,6.298
33,107,numeric,0.1,0.2,target,target,1,6.444
33,108,perceptual,0.1,0.2,competitor,target,1,5.32
33,109,numeric,0.03,0.05,competitor,competitor,0,6.15
33,110,numeric,0.03,0.05,competitor,target,1,10.644
33,111,numeric,0.1,0.05,competitor,competitor,0,10.143
33,112,perceptual,0.1,0.05,target,target,1,5.597
33,113,numeric,0.03,0.05,target,target,1,13.829
33,114,perceptual,0.1,0.05,competitor,competitor,0,7.154
33,115,perceptual,0.1,0.05,target,target,1,9.107
33,116,numeric,0.03,0.05,target,target,1,5.357
33,117,perceptual,0.03,0.05,competitor,competitor,0,8.552
33,118,numeric,0.03,0.2,competitor,competitor,0,3.673
33,119,numeric,0.1,0.2,competitor,competitor,0,6.59
33,120,numeric,0.1,0.2,target,target,1,9.065
33,121,perceptual,0.1,0.05,target,target,1,6.591
33,122,numeric,0.03,0.2,competitor,target,1,9.79
33,123,numeric,0.03,0.2,target,target,1,8.651
33,124,perceptual,0.1,0.05,competitor,target,1,7.938
33,125,numeric,0.03,0.05,competitor,competitor,0,10.746
33,126,perceptual,0.03,0.05,competitor,target,1,12.032
33,127,numeric,0.1,0.2,target,target,1,5.095
33,128,perceptual,0.03,0.05,target,target,1,8.736
33,129,perceptual,0.1,0.05,competitor,target,1,4.633
33,130,numeric,0.03,0.2,target,competitor,0,6.545
33,131,perceptual,0.1,0.2,competitor,competitor,0,4.492
33,132,perceptual,0.1,0.2,target,target,1,4.286
33,133,perceptual,0.1,0.05,competitor,target,1,5.863
33,134,numeric,0.03,0.2,target,target,1,5.194
33,135,perceptual,0.03,0.2,competitor,decoy,0,7.03
33,136,perceptual,0.03,0.2,target,target,1,9.023
33,137,perceptual,0.1,0.05,target,target,1,7.763
33,138,numeric,0.03,0.2,competitor,target,1,8.929
33,139,numeric,0.03,0.05,target,target,1,4.95
33,140,perceptual,0.03,0.05,target,target,1,4.696
33,141,perceptual,0.03,0.05,target,target,1,5.272
33,142,perceptual,0.1,0.05,competitor,target,1,17.729
33,143,numeric,0.1,0.2,competitor,competitor,0,5.929
33,144,numeric,0.03,0.2,target,target,1,5.741
33,145,perceptual,0.1,0.05,competitor,target,1,5.555
33,146,numeric,0.03,0.05,competitor,competitor,0,4.956
33,147,perceptual,0.03,0.2,target,competitor,0,5.904
33,148,numeric,0.1,0.2,competitor,target,1,4.013
33,149,numeric,0.1,0.2,competitor,competitor,0,6.052
33,150,numeric,0.03,0.05,target,competitor,0,5.344
33,151,perceptual,0.03,0.2,competitor,competitor,0,4.249
33,152,numeric,0.1,0.2,competitor,target,1,7.832
33,153,numeric,0.1,0.2,target,target,1,5.188
33,154,numeric,0.1,0.05,competitor,competitor,0,5.479
33,155,numeric,0.03,0.05,target,target,1,11.435
33,156,numeric,0.1,0.2,competitor,target,1,5.075
33,157,numeric,0.1,0.05,competitor,target,1,7.84
33,158,perceptual,0.1,0.05,competitor,competitor,0,6.792
33,159,perceptual,0.1,0.05,competitor,competitor,0,5.556
33,160,numeric,0.1,0.05,target,target,1,5.822
33,161,perceptual,0.03,0.2,target,target,1,5.157
33,162,numeric,0.1,0.2,target,target,1,4.947
33,163,numeric,0.03,0.05,competitor,competitor,0,3.899
33,164,perceptual,0.03,0.2,target,target,1,4.49
33,165,perceptual,0.1,0.05,target,target,1,5.257
33,166,perceptual,0.1,0.2,competitor,target,1,3.108
33,167,perceptual,0.03,0.2,target,target,1,3.209
33,168,perceptual,0.1,0.05,competitor,target,1,3.603
33,169,numeric,0.03,0.05,competitor,competitor,0,4.712
33,170,perceptual,0.03,0.05,competitor,target,1,8.226
33,171,perceptual,0.1,0.2,competitor,target,1,13.432
33,172,numeric,0.03,0.05,competitor,target,1,5.916
33,173,perceptual,0.1,0.05,target,target,1,10.833
33,174,numeric,0.03,0.2,target,target,1,4.647
33,175,numeric,0.03,0.2,competitor,competitor,0,7.476
33,176,numeric,0.03,0.05,competitor,target,1,6.479
33,177,numeric,0.1,0.2,target,target,1,4.385
33,178,numeric,0.03,0.05,target,target,1,7.531
33,179,perceptual,0.03,0.2,target,target,1,7.736
33,180,numeric,0.1,0.2,target,target,1,5.734
33,181,perceptual,0.03,0.05,competitor,target,1,4.529
33,182,numeric,0.1,0.05,target,decoy,0,5.006
33,183,numeric,0.03,0.05,target,target,1,5.954
33,184,perceptual,0.1,0.2,competitor,target,1,3.246
33,185,numeric,0.1,0.05,target,target,1,5.844
33,186,perceptual,0.03,0.2,competitor,target,1,5.335
33,187,perceptual,0.1,0.2,target,target,1,4.467
33,188,numeric,0.03,0.2,competitor,target,1,13.695
33,189,perceptual,0.03,0.2,target,target,1,5.171
33,190,perceptual,0.03,0.2,competitor,target,1,9.965
33,191,numeric,0.1,0.2,competitor,target,1,5.695
33,192,numeric,0.03,0.2,competitor,competitor,0,7.478
34,1,numeric,0.1,0.05,target,competitor,0,8.545
34,2,perceptual,0.1,0.05,competitor,target,1,6.388
34,3,perceptual,0.03,0.05,target,target,1,9.68
34,4,perceptual,0.03,0.2,competitor,competitor,0,7.358
34,5,numeric,0.03,0.05,target,target,1,8.042
34,6,numeric,0.1,0.2,target,target,1,5.797
34,7,numeric,0.03,0.2,competitor,competitor,0,9.622
34,8,perceptual,0.1,0.2,competitor,decoy,0,5.94
34,9,perceptual,0.1,0.2,competitor,target,1,8.737
34,10,numeric,0.1,0.05,target,target,1,9.966
34,11,perceptual,0.03,0.05,competitor,competitor,0,8.727
34,12,numeric,0.1,0.2,target,target,1,10.429
34,13,numeric,0.03,0.2,target,competitor,0,7.993
34,14,perceptual,0.1,0.05,target,competitor,0,5.134
34,15,numeric,0.03,0.2,competitor,competitor,0,8.351
34,16,numeric,0.03,0.2,competitor,competitor,0,13.189
34,17,numeric,0.1,0.05,competitor,target,1,7.711
34,18,numeric,0.03,0.2,competitor,decoy,0,12.012
34,19,perceptual,0.03,0.05,competitor,target,1,6.189
34,20,perceptual,0.1,0.2,target,competitor,0,4.81
34,21,perceptual,0.03,0.05,target,target,1,7.507
34,22,perceptual,0.03,0.05,competitor,competitor,0,7.578
34,23,numeric,0.1,0.05,target,target,1,10.039
34,24,numeric,0.1,0.05,competitor,competitor,0,8.644
34,25,perceptual,0.1,0.05,competitor,competitor,0,6.646
34,26,perceptual,0.03,0.05,target,target,1,8.539
34,27,numeric,0.1,0.2,competitor,target,1,6.466
34,28,perceptual,0.03,0.05,target,target,1,9.036
34,29,perceptual,0.1,0.2,competitor,decoy,0,5.455
34,30,numeric,0.1,0.2,target,competitor,0,12.371
34,31,numeric,0.1,0.05,target,decoy,0,8.279
34,32,perceptual,0.03,0.2,target,decoy,0,4.427
34,33,numeric,0.1,0.2,competitor,competitor,0,5.889
34,34,numeric,0.03,0.05,competitor,competitor,0,10.661
34,35,perceptual,0.1,0.2,target,target,1,4.204
34,36,perceptual,0.1,0.2,target,decoy,0,6.561
34,37,numeric,0.1,0.2,competitor,target,1,7.021
34,38,perceptual,0.03,0.2,competitor,competitor,0,7.127
34,39,numeric,0.03,0.05,target,target,1,7.195
34,40,numeric,0.1,0.05,target,target,1,8.032
34,41,numeric,0.03,0.2,target,target,1,8.435
34,42,numeric,0.03,0.05,target,target,1,15.076
34,43,numeric,0.03,0.2,target,target,1,8.363
34,44,numeric,0.03,0.2,target,target,1,7.094
34,45,numeric,0.03,0.05,target,competitor,0,5.043
34,46,numeric,0.1,0.2,competitor,target,1,11.115
34,47,perceptual,0.1,0.05,competitor,target,1,5.818
34,48,perceptual,0.1,0.2,target,target,1,6.738
34,49,perceptual,0.03,0.05,target,decoy,0,5.238
34,50,perceptual,0.1,0.05,target,decoy,0,5.778
34,51,perceptual,0.1,0.05,competitor,decoy,0,4.845
34,52,numeric,0.1,0.2,target,competitor,0,6.26
34,53,numeric,0.03,0.2,target,target,1,9.966
34,54,numeric,0.03,0.05,competitor,target,1,8.093
34,55,perceptual,0.1,0.05,target,decoy,0,4.855
34,56,perceptual,0.03,0.2,competitor,decoy,0,5.309
34,57,numeric,0.03,0.05,competitor,target,1,11.291
34,58,numeric,0.1,0.05,target,target,1,8.196
34,59,numeric,0.03,0.2,target,competitor,0,6.449
34,60,numeric,0.03,0.2,target,target,1,14.003
34,61,perceptual,0.03,0.05,target,target,1,5.904
34,62,perceptual,0.03,0.2,competitor,target,1,4.324
34,63,perceptual,0.03,0.05,competitor,target,1,3.584
34,64,numeric,0.1,0.2,competitor,target,1,12.457
34,65,perceptual,0.03,0.05,competitor,competitor,0,6.22
34,66,perceptual,0.1,0.2,competitor,competitor,0,6.841
34,67,perceptual,0.1,0.05,target,decoy,0,5.212
34,68,numeric,0.03,0.2,competitor,competitor,0,5.849
34,69,numeric,0.03,0.2,target,target,1,4.256
34,70,numeric,0.03,0.05,competitor,target,1,12.032
34,71,perceptual,0.03,0.2,target,target,1,6.626
34,72,perceptual,0.1,0.2,target,target,1,9.792
34,73,numeric,0.03,0.05,competitor,competitor,0,6.589
34,74,perceptual,0.03,0.05,competitor,decoy,0,4.383
34,75,perceptual,0.1,0.2,competitor,target,1,3.506
34,76,numeric,0.03,0.2,competitor,target,1,6.893
34,77,numeric,0.03,0.2,target,target,1,9.093
34,78,numeric,0.03,0.2,competitor,target,1,6.134
34,79,numeric,0.1,0.05,competitor,target,1,10.987
34,80,perceptual,0.1,0.05,target,decoy,0,6.938
34,81,numeric,0.1,0.05,competitor,target,1,5.719
34,82,numeric,0.03,0.05,target,competitor,0,5.665
34,83,perceptual,0.1,0.2,target,target,1,8.937
34,84,perceptual,0.03,0.2,target,target,1,4.296
34,85,numeric,0.1,0.2,target,target,1,6.297
34,86,numeric,0.1,0.05,competitor,target,1,10.109
34,87,perceptual,0.1,0.05,competitor,target,1,7.179
34,88,perceptual,0.03,0.2,competitor,target,1,5.291
34,89,perceptual,0.1,0.05,competitor,target,1,9.689
34,90,perceptual,0.1,0.05,competitor,target,1,7.925
34,91,perceptual,0.03,0.05,competitor,target,1,11.615
34,92,numeric,0.03,0.05,target,competitor,0,7.454
34,93,perceptual,0.03,0.2,competitor,target,1,13.968
34,94,perceptual,0.1,0.2,competitor,target,1,4.173
34,95,perceptual,0.03,0.2,competitor,competitor,0,6.455
34,96,numeric,0.03,0.2,target,competitor,0,5.194
34,97,numeric,0.1,0.2,competitor,competitor,0,8.586
34,98,numeric,0.1,0.05,target,competitor,0,9.904
34,99,perceptual,0.03,0.05,target,target,1,5.567
34,100,perceptual,0.1,0.05,target,target,1,5.28
34,101,perceptual,0.03,0.2,target,competitor,0,6.553
34,102,numeric,0.03,0.05,competitor,competitor,0,9.32
34,103,numeric,0.03,0.2,competitor,competitor,0,5.98
34,104,perceptual,0.03,0.05,target,target,1,4.04
34,105,numeric,0.1,0.2,target,target,1,13.142
34,106,numeric,0.03,0.2,competitor,competitor,0,8.697
34,107,numeric,0.1,0.05,competitor,target,1,5.565
34,108,numeric,0.1,0.2,competitor,competitor,0,11.707
34,109,perceptual,0.1,0.2,competitor,target,1,6.052
34,110,numeric,0.03,0.05,target,target,1,6.733
34,111,numeric,0.03,0.05,target,target,1,11.063
34,112,perceptual,0.1,0.05,competitor,target,1,8.293
34,113,perceptual,0.03,0.05,target,competitor,0,6.351
34,114,perceptual,0.1,0.05,target,target,1,8.939
34,115,numeric,0.1,0.05,competitor,decoy,0,9.826
34,116,perceptual,0.03,0.05,competitor,decoy,0,4.482
34,117,numeric,0.1,0.05,competitor,target,1,7.735
34,118,perceptual,0.1,0.2,competitor,target,1,8.185
34,119,perceptual,0.1,0.05,target,target,1,9.142
34,120,numeric,0.1,0.05,target,target,1,5.06
34,121,numeric,0.1,0.2,target,competitor,0,15.421
34,122,perceptual,0.1,0.2,target,target,1,3.946
34,123,perceptual,0.03,0.2,target,competitor,0,7.281
34,124,perceptual,0.03,0.2,target,target,1,7.092
34,125,perceptual,0.03,0.05,competitor,competitor,0,4.565
34,126,perceptual,0.1,0.05,competitor,target,1,3.459
34,127,numeric,0.1,0.05,competitor,target,1,6.141
34,128,numeric,0.03,0.2,competitor,competitor,0,10.506
34,129,numeric,0.03,0.2,target,competitor,0,10.961
34,130,numeric,0.03,0.05,competitor,target,1,5.536
34,131,numeric,0.03,0.05,target,target,1,8.906
34,132,numeric,0.1,0.05,competitor,target,1,9.509
34,133,numeric,0.03,0.2,competitor,target,1,7.351
34,134,numeric,0.03,0.05,competitor,competitor,0,5.124
34,135,perceptual,0.1,0.05,target,target,1,5.383
34,136,perceptual,0.03,0.05,target,target,1,5.926
34,137,perceptual,0.03,0.05,target,target,1,4.71
34,138,numeric,0.1,0.05,target,target,1,5.687
34,139,perceptual,0.03,0.2,target,target,1,8.115
34,140,numeric,0.1,0.2,competitor,competitor,0,6.423
34,141,numeric,0.1,0.05,target,target,1,10.57
34,142,perceptual,0.03,0.05,competitor,target,1,6.299
34,143,numeric,0.1,0.2,competitor,competitor,0,6.668
34,144,perceptual,0.1,0.2,target,target,1,4.118
34,145,perceptual,0.1,0.05,competitor,target,1,4.237
34,146,numeric,0.03,0.2,competitor,target,1,4.383
34,147,perceptual,0.03,0.2,target,competitor,0,4.962
34,148,numeric,0.1,0.2,target,target,1,5.475
34,149,perceptual,0.1,0.2,competitor,target,1,2.934
34,150,perceptual,0.03,0.2,competitor,target,1,4.142
34,151,numeric,0.1,0.2,target,competitor,0,4.348
34,152,numeric,0.1,0.2,competitor,target,1,7.77
34,153,perceptual,0.03,0.2,competitor,target,1,2.916
34,154,perceptual,0.03,0.2,target,competitor,0,5.08
34,155,numeric,0.03,0.05,target,competitor,0,4.205
34,156,numeric,0.1,0.2,competitor,target,1,8.134
34,157,perceptual,0.1,0.2,target,target,1,5.267
34,158,numeric,0.1,0.2,target,target,1,7.141
34,159,numeric,0.03,0.05,target,competitor,0,5.675
34,160,perceptual,0.03,0.05,competitor,competitor,0,4.816
34,161,perceptual,0.1,0.05,target,target,1,5.991
34,162,numeric,0.03,0.05,competitor,competitor,0,6.389
34,163,perceptual,0.1,0.05,target,decoy,0,6.74
34,164,numeric,0.1,0.2,competitor,target,1,7.17
34,165,numeric,0.1,0.2,target,target,1,6.604
34,166,perceptual,0.1,0.05,competitor,target,1,5.314
34,167,perceptual,0.1,0.2,target,competitor,0,4.487
34,168,perceptual,0.03,0.2,target,competitor,0,15.022
34,169,perceptual,0.03,0.2,competitor,competitor,0,4.163
34,170,perceptual,0.03,0.2,competitor,competitor,0,2.703
34,171,numeric,0.1,0.2,target,competitor,0,5.254
34,172,perceptual,0.1,0.2,competitor,target,1,6.841
34,173,numeric,0.03,0.05,target,competitor,0,6.438
34,174,numeric,0.03,0.05,competitor,target,1,5.036
34,175,numeric,0.1,0.05,competitor,competitor,0,7.773
34,176,numeric,0.03,0.05,competitor,target,1,4.815
34,177,perceptual,0.1,0.2,target,competitor,0,4.762
34,178,perceptual,0.03,0.05,competitor,target,1,3.251
34,179,numeric,0.03,0.05,competitor,target,1,7.313
34,180,numeric,0.1,0.05,competitor,competitor,0,6.427
34,181,numeric,0.1,0.05,target,competitor,0,6.345
34,182,perceptual,0.03,0.2,competitor,target,1,5.484
34,183,perceptual,0.03,0.2,target,target,1,3.822
34,184,perceptual,0.1,0.05,competitor,target,1,4.82
34,185,perceptual,0.1,0.05,target,competitor,0,4.437
34,186,perceptual,0.03,0.2,target,decoy,0,5.66
34,187,perceptual,0.1,0.2,competitor,target,1,3.284
34,188,perceptual,0.03,0.05,target,competitor,0,4.613
34,189,perceptual,0.1,0.2,competitor,target,1,3.017
34,190,numeric,0.03,0.2,target,competitor,0,5.079
34,191,numeric,0.1,0.05,target,target,1,5.928
34,192,perceptual,0.1,0.2,target,competitor,0,3.828
35,1,perceptual,0.03,0.2,target,target,1,3.601
35,2,numeric,0.1,0.05,target,decoy,0,14.749
35,3,numeric,0.1,0.2,target,competitor,0,6.027
35,4,perceptual,0.03,0.2,target,target,1,4.945
35,5,perceptual,0.1,0.2,target,target,1,5.418
35,6,perceptual,0.1,0.05,target,target,1,5.119
35,7,perceptual,0.1,0.05,competitor,competitor,0,6.029
35,8,perceptual,0.1,0.2,competitor,target,1,4.903
35,9,numeric,0.1,0.2,target,decoy,0,6.43
35,10,numeric,0.03,0.05,target,target,1,9.668
35,11,numeric,0.03,0.2,target,target,1,7.695
35,12,numeric,0.03,0.05,target,target,1,5.837
35,13,perceptual,0.1,0.05,target,target,1,7.73
35,14,numeric,0.03,0.05,target,competitor,0,9.717
35,15,numeric,0.03,0.05,target,competitor,0,13.439
35,16,perceptual,0.03,0.2,target,target,1,6.658
35,17,perceptual,0.1,0.05,competitor,target,1,5.079
35,18,numeric,0.1,0.2,competitor,competitor,0,6.681
35,19,perceptual,0.1,0.05,target,target,1,6.008
35,20,perceptual,0.03,0.05,competitor,target,1,3.162
35,21,perceptual,0.03,0.05,target,competitor,0,5.458
35,22,numeric,0.03,0.05,competitor,target,1,6.417
35,23,numeric,0.1,0.05,competitor,target,1,10.182
35,24,numeric,0.1,0.2,target,target,1,7.763
35,25,perceptual,0.1,0.05,competitor,target,1,5.042
35,26,perceptual,0.1,0.2,competitor,target,1,4.201
35,27,perceptual,0.1,0.2,competitor,target,1,5.999
35,28,perceptual,0.03,0.2,competitor,target,1,3.862
35,29,perceptual,0.03,0.2,target,target,1,8.148
35,30,numeric,0.03,0.05,target,target,1,9.244
35,31,numeric,0.03,0.2,competitor,competitor,0,8.523
35,32,perceptual,0.03,0.2,target,competitor,0,4.909
35,33,numeric,0.03,0.2,competitor,competitor,0,8.225
35,34,numeric,0.1,0.05,target,target,1,7.108
35,35,numeric,0.03,0.05,target,competitor,0,7.73
35,36,numeric,0.03,0.2,competitor,target,1,7.632
35,37,numeric,0.03,0.05,competitor,competitor,0,11.605
35,38,numeric,0.03,0.05,target,target,1,8.465
35,39,perceptual,0.1,0.05,competitor,target,1,10.234
35,40,numeric,0.03,0.2,target,target,1,7.921
35,41,perceptual,0.1,0.2,target,decoy,0,8.066
35,42,perceptual,0.03,0.05,competitor,competitor,0,6.888
35,43,numeric,0.03,0.2,competitor,target,1,11.356
35,44,numeric,0.03,0.05,target,target,1,7.839
35,45,numeric,0.03,0.2,target,competitor,0,10.517
35,46,numeric,0.1,0.2,competitor,target,1,9.925
35,47,numeric,0.1,0.2,target,target,1,10.087
35,48,numeric,0.1,0.05,competitor,competitor,0,11.851
35,49,perceptual,0.03,0.2,target,target,1,5.261
35,50,perceptual,0.03,0.05,competitor,competitor,0,7.781
35,51,numeric,0.1,0.05,competitor,competitor,0,7.206
35,52,numeric,0.03,0.05,competitor,competitor,0,5.96
35,53,perceptual,0.1,0.05,competitor,target,1,5.008
35,54,perceptual,0.03,0.05,competitor,decoy,0,2.985
35,55,numeric,0.03,0.2,target,target,1,8.051
35,56,perceptual,0.1,0.05,target,target,1,4.358
35,57,perceptual,0.1,0.05,target,decoy,0,6.214
35,58,perceptual,0.1,0.2,competitor,target,1,3.877
35,59,perceptual,0.1,0.2,target,target,1,4.604
35,60,perceptual,0.03,0.2,competitor,target,1,3.451
35,61,numeric,0.03,0.2,target,target,1,4.147
35,62,numeric,0.1,0.2,competitor,competitor,0,7.899
35,63,numeric,0.03,0.2,competitor,competitor,0,9.418
35,64,perceptual,0.1,0.05,target,target,1,7.018
35,65,numeric,0.1,0.05,competitor,target,1,5.768
35,66,perceptual,0.03,0.05,target,competitor,0,5.749
35,67,perceptual,0.03,0.05,competitor,decoy,0,7.183
35,68,perceptual,0.03,0.05,competitor,target,1,5.116
35,69,perceptual,0.03,0.2,competitor,competitor,0,5.394
35,70,perceptual,0.1,0.2,target,target,1,3.408
35,71,numeric,0.1,0.05,competitor,target,1,7.435
35,72,numeric,0.1,0.2,target,target,1,5.801
35,73,perceptual,0.03,0.05,target,target,1,4.966
35,74,numeric,0.1,0.05,target,competitor,0,7.422
35,75,numeric,0.1,0.2,competitor,target,1,7.292
35,76,perceptual,0.1,0.2,target,target,1,5.02
35,77,perceptual,0.03,0.05,competitor,target,1,5.81
35,78,perceptual,0.1,0.2,target,target,1,4.233
35,79,perceptual,0.03,0.2,target,target,1,4.908
35,80,perceptual,0.03,0.2,competitor,target,1,4.362
35,81,perceptual,0.03,0.2,competitor,target,1,3.425
35,82,perceptual,0.03,0.05,target,competitor,0,9.686
35,83,perceptual,0.03,0.2,target,decoy,0,5.679
35,84,numeric,0.03,0.05,competitor,target,1,9.455
35,85,perceptual,0.03,0.05,target,competitor,0,7.096
35,86,perceptual,0.1,0.2,competitor,target,1,4.842
35,87,numeric,0.1,0.05,competitor,competitor,0,12.306
35,88,perceptual,0.1,0.2,competitor,target,1,5.382
35,89,perceptual,0.03,0.2,competitor,competitor,0,5.207
35,90,numeric,0.1,0.05,competitor,competitor,0,7.935
35,91,numeric,0.1,0.05,target,target,1,8.712
35,92,perceptual,0.1,0.2,competitor,target,1,3.356
35,93,numeric,0.1,0.2,competitor,competitor,0,8.715
35,94,perceptual,0.03,0.05,target,target,1,4.544
35,95,perceptual,0.03,0.05,competitor,competitor,0,7.276
35,96,numeric,0.1,0.05,competitor,target,1,6.05
35,97,numeric,0.1,0.05,target,target,1,7.794
35,98,perceptual,0.03,0.2,competitor,target,1,3.718
35,99,perceptual,0.1,0.05,target,target,1,4.246
35,100,numeric,0.03,0.05,competitor,competitor,0,9.957
35,101,numeric,0.1,0.05,target,target,1,7.63
35,102,numeric,0.1,0.2,target,target,1,1.741
35,103,perceptual,0.03,0.05,target,competitor,0,5.521
35,104,numeric,0.1,0.2,competitor,competitor,0,8.796
35,105,numeric,0.03,0.05,competitor,competitor,0,6.738
35,106,perceptual,0.1,0.05,competitor,target,1,4.855
35,107,perceptual,0.1,0.2,target,target,1,3.123
35,108,numeric,0.1,0.05,target,target,1,5.389
35,109,numeric,0.03,0.05,target,target,1,9.869
35,110,perceptual,0.03,0.2,target,target,1,3.343
35,111,perceptual,0.03,0.05,target,competitor,0,5.493
35,112,numeric,0.1,0.2,target,target,1,9.432
35,113,numeric,0.1,0.05,target,target,1,5.896
35,114,numeric,0.03,0.2,target,target,1,7.192
35,115,numeric,0.03,0.2,target,target,1,12.633
35,116,numeric,0.03,0.05,competitor,competitor,0,8.823
35,117,perceptual,0.1,0.2,competitor,target,1,3.798
35,118,numeric,0.03,0.2,competitor,competitor,0,10.98
35,119,numeric,0.1,0.05,competitor,target,1,7.361
35,120,numeric,0.03,0.05,target,target,1,11.036
35,121,perceptual,0.1,0.2,target,target,1,3.854
35,122,perceptual,0.1,0.2,target,target,1,3.881
35,123,perceptual,0.03,0.05,competitor,target,1,4.554
35,124,numeric,0.1,0.2,competitor,competitor,0,6.504
35,125,numeric,0.03,0.2,competitor,competitor,0,7.497
35,126,perceptual,0.1,0.05,target,target,1,7.459
35,127,perceptual,0.1,0.05,target,target,1,7.575
35,128,numeric,0.03,0.2,target,competitor,0,6.863
35,129,numeric,0.1,0.2,competitor,target,1,7.309
35,130,numeric,0.1,0.05,competitor,competitor,0,0.09
35,131,numeric,0.1,0.2,competitor,competitor,0,9.428
35,132,numeric,0.03,0.2,target,target,1,12.351
35,133,perceptual,0.1,0.05,target,target,1,6.106
35,134,numeric,0.03,0.2,competitor,target,1,9.352
35,135,perceptual,0.03,0.05,target,target,1,7.046
35,136,perceptual,0.03,0.2,target,target,1,5.904
35,137,numeric,0.1,0.2,competitor,target,1,7.612
35,138,numeric,0.1,0.2,competitor,competitor,0,9.149
35,139,perceptual,0.03,0.05,competitor,target,1,8.477
35,140,perceptual,0.03,0.05,competitor,decoy,0,7.691
35,141,perceptual,0.03,0.2,competitor,competitor,0,8.136
35,142,numeric,0.03,0.2,competitor,competitor,0,6.156
35,143,numeric,0.1,0.05,competitor,target,1,15.305
35,144,perceptual,0.1,0.2,competitor,target,1,4.028
35,145,numeric,0.1,0.2,target,target,1,6.472
35,146,perceptual,0.1,0.2,competitor,target,1,4.126
35,147,numeric,0.03,0.05,competitor,decoy,0,9.287
35,148,numeric,0.03,0.2,target,target,1,7.964
35,149,numeric,0.1,0.2,competitor,target,1,6.891
35,150,numeric,0.03,0.05,competitor,competitor,0,7.344
35,151,numeric,0.1,0.05,target,target,1,5.982
35,152,perceptual,0.1,0.05,target,target,1,4.531
35,153,perceptual,0.03,0.05,competitor,target,1,5.905
35,154,numeric,0.03,0.2,competitor,competitor,0,12.925
35,155,numeric,0.03,0.05,target,target,1,8.309
35,156,perceptual,0.03,0.2,target,target,1,3.646
35,157,numeric,0.1,0.2,target,target,1,7.264
35,158,perceptual,0.03,0.2,competitor,target,1,4.698
35,159,perceptual,0.1,0.05,target,target,1,5.634
35,160,numeric,0.03,0.05,competitor,competitor,0,5.099
35,161,perceptual,0.1,0.2,target,target,1,4.905
35,162,perceptual,0.03,0.2,competitor,target,1,6.464
35,163,perceptual,0.1,0.05,competitor,target,1,4.633
35,164,perceptual,0.1,0.2,target,target,1,4.193
35,165,numeric,0.1,0.05,competitor,competitor,0,8.591
35,166,numeric,0.03,0.2,competitor,target,1,8.264
35,167,numeric,0.1,0.2,target,target,1,6.719
35,168,perceptual,0.1,0.2,competitor,target,1,3.939
35,169,perceptual,0.03,0.2,competitor,target,1,5.086
35,170,perceptual,0.03,0.2,competitor,target,1,3.905
35,171,perceptual,0.03,0.05,target,target,1,5.198
35,172,numeric,0.1,0.2,target,target,1,7.061
35,173,numeric,0.1,0.05,target,decoy,0,8.38
35,174,perceptual,0.1,0.05,competitor,competitor,0,6.664
35,175,perceptual,0.1,0.05,competitor,target,1,3.743
35,176,numeric,0.1,0.2,target,target,1,6.032
35,177,perceptual,0.1,0.05,competitor,target,1,3.21
35,178,numeric,0.03,0.05,target,target,1,6.929
35,179,perceptual,0.1,0.2,competitor,target,1,5.35
35,180,numeric,0.03,0.05,competitor,target,1,10.696
35,181,perceptual,0.1,0.05,competitor,target,1,5.965
35,182,numeric,0.03,0.2,target,competitor,0,5.702
35,183,perceptual,0.03,0.05,target,target,1,7.279
35,184,numeric,0.1,0.05,target,competitor,0,12.558
35,185,numeric,0.03,0.2,target,target,1,8.352
35,186,numeric,0.1,0.05,target,decoy,0,7.635
35,187,perceptual,0.03,0.05,target,competitor,0,7.645
35,188,numeric,0.03,0.05,competitor,competitor,0,6.705
35,189,perceptual,0.03,0.2,target,target,1,3.622
35,190,perceptual,0.1,0.05,competitor,target,1,4.133
35,191,perceptual,0.1,0.2,target,competitor,0,7.975
35,192,numeric,0.03,0.2,competitor,competitor,0,7.202
36,1,perceptual,0.1,0.05,competitor,target,1,11.289
36,3,numeric,0.03,0.05,target,target,1,0.185
36,4,perceptual,0.1,0.05,target,target,1,6.052
36,5,numeric,0.03,0.05,target,competitor,0,4.371
36,6,perceptual,0.1,0.2,target,competitor,0,4.804
36,7,perceptual,0.1,0.05,competitor,target,1,3.256
36,8,numeric,0.1,0.05,competitor,target,1,13.249
36,9,numeric,0.03,0.05,competitor,competitor,0,14.071
36,10,numeric,0.1,0.05,target,competitor,0,11.951
36,11,perceptual,0.03,0.05,competitor,target,1,3.126
36,12,numeric,0.03,0.2,competitor,target,1,4.292
36,13,numeric,0.1,0.05,target,target,1,11.358
36,14,numeric,0.03,0.2,target,competitor,0,4.244
36,15,perceptual,0.1,0.05,competitor,target,1,4.562
36,16,perceptual,0.03,0.05,target,target,1,8.365
36,17,numeric,0.1,0.2,competitor,target,1,4.651
36,18,numeric,0.1,0.2,target,target,1,9.7
36,19,numeric,0.03,0.05,target,target,1,15.198
36,21,perceptual,0.1,0.2,competitor,decoy,0,0.325
36,22,perceptual,0.03,0.05,competitor,target,1,3.57
36,23,perceptual,0.1,0.2,target,target,1,4.514
36,24,perceptual,0.1,0.2,competitor,target,1,3.254
36,25,numeric,0.1,0.2,competitor,target,1,6.229
36,26,numeric,0.1,0.2,competitor,target,1,8.313
36,27,perceptual,0.03,0.2,competitor,target,1,10.242
36,28,perceptual,0.1,0.2,target,target,1,4.021
36,29,perceptual,0.03,0.2,target,competitor,0,6.401
36,30,perceptual,0.03,0.2,competitor,target,1,4.824
36,31,perceptual,0.1,0.05,competitor,target,1,4.664
36,32,numeric,0.03,0.2,competitor,competitor,0,12.658
36,33,perceptual,0.1,0.05,target,target,1,9.025
36,34,numeric,0.1,0.2,target,target,1,8.509
36,35,perceptual,0.03,0.2,target,target,1,3.497
36,36,perceptual,0.1,0.05,target,target,1,6.848
36,37,perceptual,0.03,0.05,target,competitor,0,6.119
36,38,perceptual,0.03,0.2,competitor,competitor,0,14.3
36,39,perceptual,0.1,0.2,competitor,target,1,7.37
36,40,numeric,0.1,0.05,competitor,target,1,11.432
36,41,numeric,0.1,0.2,competitor,target,1,8.493
36,42,numeric,0.1,0.05,competitor,decoy,0,11.369
36,43,perceptual,0.03,0.05,target,competitor,0,6.469
36,44,perceptual,0.03,0.05,target,target,1,9.889
36,45,perceptual,0.1,0.05,competitor,target,1,8.994
36,46,perceptual,0.03,0.2,competitor,competitor,0,10.048
36,47,numeric,0.1,0.2,competitor,competitor,0,11.476
36,48,perceptual,0.1,0.2,target,target,1,3.212
36,49,numeric,0.03,0.2,target,competitor,0,5.776
36,50,numeric,0.03,0.05,target,target,1,10.129
36,51,perceptual,0.1,0.05,competitor,target,1,5.114
36,52,numeric,0.03,0.2,target,target,1,5.353
36,53,perceptual,0.1,0.05,target,target,1,3.064
36,54,perceptual,0.1,0.05,target,target,1,2.235
36,55,numeric,0.03,0.2,target,target,1,12.102
36,56,perceptual,0.03,0.05,target,competitor,0,3.905
36,57,numeric,0.03,0.2,competitor,competitor,0,14.573
36,58,numeric,0.03,0.05,competitor,competitor,0,17.555
36,59,numeric,0.1,0.05,competitor,target,1,7.748
36,60,numeric,0.1,0.05,target,competitor,0,6.018
36,61,numeric,0.1,0.2,target,competitor,0,6.683
36,62,numeric,0.03,0.2,competitor,competitor,0,10.466
36,63,perceptual,0.03,0.2,competitor,target,1,7.803
36,64,numeric,0.03,0.2,target,target,1,4.638
36,65,perceptual,0.03,0.05,competitor,competitor,0,7.204
36,66,perceptual,0.03,0.2,competitor,competitor,0,6.634
36,67,perceptual,0.03,0.2,competitor,target,1,2.538
36,68,numeric,0.1,0.2,competitor,competitor,0,9.292
36,69,numeric,0.03,0.2,competitor,target,1,3.688
36,70,perceptual,0.1,0.2,competitor,decoy,0,2.318
36,71,numeric,0.03,0.2,target,target,1,2.76
36,72,numeric,0.1,0.2,target,target,1,2.121
36,73,numeric,0.03,0.05,competitor,competitor,0,4.321
36,74,numeric,0.03,0.2,competitor,target,1,2.009
36,75,perceptual,0.03,0.2,target,competitor,0,2
36,76,numeric,0.1,0.05,target,decoy,0,2.196
36,77,perceptual,0.1,0.05,competitor,decoy,0,2.397
36,78,perceptual,0.1,0.2,competitor,target,1,2.722
36,79,perceptual,0.03,0.05,target,decoy,0,2
36,80,perceptual,0.1,0.2,target,target,1,2.224
36,81,perceptual,0.03,0.05,competitor,target,1,2.1
36,82,numeric,0.1,0.05,target,target,1,2.567
36,83,perceptual,0.1,0.2,target,target,1,2.657
36,84,numeric,0.03,0.05,competitor,target,1,1.989
36,85,perceptual,0.1,0.05,target,target,1,3.366
36,86,numeric,0.03,0.05,competitor,decoy,0,2.518
36,87,numeric,0.1,0.05,competitor,competitor,0,2.349
36,88,perceptual,0.03,0.2,target,target,1,2.739
36,89,numeric,0.1,0.05,competitor,decoy,0,1.821
36,90,perceptual,0.03,0.05,target,competitor,0,1.612
36,91,numeric,0.1,0.2,competitor,decoy,0,1.431
36,92,numeric,0.1,0.05,competitor,decoy,0,1.442
36,93,perceptual,0.03,0.05,competitor,competitor,0,1.653
36,94,numeric,0.03,0.05,competitor,decoy,0,1.689
36,95,perceptual,0.1,0.2,competitor,target,1,2.136
36,96,perceptual,0.03,0.2,target,target,1,1.889
36,97,numeric,0.03,0.05,target,decoy,0,1.511
36,98,perceptual,0.1,0.05,target,competitor,0,1.37
36,99,perceptual,0.03,0.05,target,competitor,0,1.449
36,100,perceptual,0.1,0.2,competitor,target,1,1.693
36,101,numeric,0.03,0.05,target,competitor,0,2.069
36,102,numeric,0.1,0.05,competitor,target,1,2.308
36,103,numeric,0.03,0.2,competitor,target,1,5.397
36,104,numeric,0.03,0.2,target,target,1,2.064
36,105,numeric,0.1,0.2,competitor,target,1,2.082
36,106,perceptual,0.1,0.05,competitor,target,1,2.236
36,107,numeric,0.1,0.2,target,target,1,3.399
36,108,numeric,0.1,0.05,target,target,1,5.421
36,109,perceptual,0.03,0.05,competitor,decoy,0,6.374
36,110,perceptual,0.03,0.2,competitor,competitor,0,10.795
36,111,numeric,0.03,0.05,target,decoy,0,3.423
36,112,numeric,0.1,0.2,target,decoy,0,2.027
36,113,perceptual,0.03,0.05,target,target,1,3.055
36,114,numeric,0.1,0.2,target,target,1,2.429
36,115,numeric,0.03,0.2,target,target,1,2.313
36,116,perceptual,0.1,0.2,competitor,target,1,2.199
36,117,perceptual,0.1,0.05,target,competitor,0,5.469
36,118,perceptual,0.03,0.2,competitor,competitor,0,3.721
36,119,perceptual,0.03,0.2,target,target,1,1.8
36,120,numeric,0.03,0.2,target,decoy,0,2.612
36,121,numeric,0.03,0.05,target,decoy,0,2.574
36,122,perceptual,0.1,0.2,target,decoy,0,1.807
36,123,numeric,0.03,0.05,competitor,target,1,2.57
36,124,perceptual,0.1,0.2,target,target,1,2.211
36,125,perceptual,0.1,0.05,target,target,1,2.147
36,126,numeric,0.1,0.2,target,competitor,0,3.223
36,127,perceptual,0.1,0.2,competitor,target,1,2.883
36,128,numeric,0.1,0.2,competitor,competitor,0,3.762
36,129,numeric,0.1,0.2,target,target,1,3.83
36,130,numeric,0.1,0.2,competitor,competitor,0,1.766
36,131,numeric,0.03,0.05,competitor,competitor,0,1.956
36,132,numeric,0.1,0.05,target,target,1,2.399
36,133,perceptual,0.03,0.2,target,competitor,0,3.383
36,134,numeric,0.1,0.05,target,decoy,0,2.252
36,135,perceptual,0.1,0.05,competitor,competitor,0,2.499
36,136,numeric,0.1,0.2,competitor,competitor,0,2.168
36,137,numeric,0.03,0.2,competitor,decoy,0,2.507
36,138,perceptual,0.03,0.05,competitor,target,1,1.854
36,139,numeric,0.1,0.05,target,target,1,1.614
36,140,perceptual,0.03,0.2,target,target,1,1.944
36,141,numeric,0.1,0.2,target,target,1,2.209
36,142,numeric,0.1,0.2,target,target,1,4.343
36,143,perceptual,0.03,0.05,target,target,1,2.258
36,144,perceptual,0.03,0.05,competitor,target,1,2.284
36,145,perceptual,0.03,0.05,competitor,target,1,4.032
36,146,perceptual,0.03,0.2,competitor,target,1,3.153
36,147,perceptual,0.03,0.05,target,target,1,7.99
36,148,numeric,0.1,0.05,target,target,1,2.833
36,149,numeric,0.03,0.05,competitor,competitor,0,2.858
36,150,perceptual,0.1,0.2,target,target,1,2.672
36,151,numeric,0.03,0.05,competitor,competitor,0,11.398
36,152,perceptual,0.1,0.2,competitor,target,1,4.144
36,153,perceptual,0.1,0.05,competitor,target,1,4.286
36,154,numeric,0.03,0.2,target,decoy,0,7.097
36,155,numeric,0.03,0.2,target,competitor,0,0.309
36,156,numeric,0.03,0.05,target,target,1,6.944
36,157,perceptual,0.03,0.05,competitor,competitor,0,3.166
36,158,perceptual,0.1,0.05,competitor,target,1,3.29
36,159,perceptual,0.1,0.2,target,decoy,0,3.8
36,160,numeric,0.03,0.2,competitor,target,1,5.702
36,161,perceptual,0.1,0.2,competitor,target,1,2.26
36,162,numeric,0.03,0.2,competitor,competitor,0,6.478
36,163,perceptual,0.03,0.2,target,target,1,3.207
36,164,perceptual,0.1,0.2,target,target,1,3.301
36,165,numeric,0.03,0.05,target,target,1,3.973
36,166,perceptual,0.03,0.2,competitor,target,1,4.213
36,167,numeric,0.03,0.2,target,competitor,0,3.924
36,168,numeric,0.1,0.2,competitor,competitor,0,3.334
36,169,perceptual,0.03,0.05,target,decoy,0,4.748
36,170,numeric,0.1,0.05,competitor,competitor,0,2.485
36,171,perceptual,0.1,0.05,target,target,1,6.273
36,172,numeric,0.1,0.2,target,target,1,2.02
36,173,perceptual,0.03,0.2,target,target,1,2.146
36,174,perceptual,0.1,0.05,target,competitor,0,1.723
36,175,perceptual,0.03,0.05,competitor,competitor,0,2.625
36,176,perceptual,0.03,0.05,competitor,target,1,3.064
36,177,numeric,0.1,0.05,competitor,target,1,3.212
36,178,numeric,0.1,0.05,target,target,1,1.83
36,179,numeric,0.03,0.2,competitor,target,1,2.16
36,180,numeric,0.03,0.05,competitor,target,1,2.193
36,182,perceptual,0.03,0.2,target,target,1,2.154
36,183,perceptual,0.1,0.2,target,target,1,4.403
36,184,perceptual,0.03,0.2,target,target,1,15.243
36,185,numeric,0.1,0.05,competitor,decoy,0,9.457
36,186,perceptual,0.1,0.05,competitor,target,1,4.631
36,187,perceptual,0.1,0.05,target,target,1,5.307
36,188,numeric,0.1,0.05,competitor,competitor,0,3.08
36,189,numeric,0.03,0.2,competitor,target,1,3.372
36,190,perceptual,0.03,0.2,competitor,target,1,5.739
36,191,perceptual,0.1,0.2,competitor,competitor,0,4.327
36,192,numeric,0.1,0.05,target,target,1,1.718
37,1,perceptual,0.03,0.2,target,decoy,0,9.071
37,2,perceptual,0.1,0.05,target,decoy,0,4.962
37,3,numeric,0.1,0.05,target,target,1,9.711
37,4,perceptual,0.1,0.2,target,target,1,6.938
37,5,perceptual,0.03,0.2,competitor,decoy,0,2.798
37,6,perceptual,0.1,0.05,target,target,1,5.245
37,7,perceptual,0.1,0.05,target,competitor,0,5.13
37,8,perceptual,0.03,0.05,target,competitor,0,4.403
37,9,numeric,0.03,0.05,competitor,decoy,0,7.147
37,10,perceptual,0.03,0.05,target,competitor,0,5.41
37,11,numeric,0.03,0.05,target,competitor,0,9.128
37,12,perceptual,0.03,0.2,competitor,target,1,8.331
37,13,numeric,0.1,0.05,competitor,competitor,0,4.232
37,14,numeric,0.03,0.2,target,target,1,7.445
37,15,numeric,0.03,0.2,target,target,1,7.33
37,16,numeric,0.1,0.05,competitor,target,1,8.087
37,17,numeric,0.1,0.05,target,target,1,6.417
37,18,perceptual,0.1,0.2,target,competitor,0,3.821
37,19,perceptual,0.03,0.2,competitor,target,1,6.184
37,20,numeric,0.1,0.2,target,target,1,5.265
37,21,perceptual,0.1,0.2,competitor,target,1,6.035
37,22,perceptual,0.03,0.05,target,decoy,0,6.9
37,23,perceptual,0.1,0.05,competitor,target,1,4.073
37,24,perceptual,0.1,0.05,target,target,1,4.787
37,25,numeric,0.03,0.2,competitor,competitor,0,8.783
37,26,perceptual,0.1,0.2,competitor,target,1,4.01
37,27,perceptual,0.1,0.2,competitor,competitor,0,5.5
37,28,perceptual,0.03,0.2,target,target,1,7.517
37,29,numeric,0.03,0.05,competitor,competitor,0,13.548
37,30,numeric,0.03,0.2,target,target,1,7.075
37,31,perceptual,0.1,0.2,competitor,decoy,0,6.066
37,32,numeric,0.1,0.2,competitor,target,1,7.241
37,33,perceptual,0.1,0.2,competitor,target,1,3.356
37,34,perceptual,0.03,0.05,target,target,1,7.397
37,35,numeric,0.03,0.05,target,competitor,0,6.491
37,36,numeric,0.03,0.2,target,target,1,10.867
37,37,perceptual,0.03,0.05,competitor,competitor,0,8.148
37,38,numeric,0.03,0.2,target,competitor,0,5.565
37,39,numeric,0.1,0.2,competitor,target,1,6.815
37,40,perceptual,0.1,0.05,target,target,1,6.395
37,41,perceptual,0.1,0.05,competitor,competitor,0,4.63
37,42,perceptual,0.03,0.2,target,target,1,4.645
37,43,perceptual,0.03,0.2,competitor,competitor,0,4.375
37,44,perceptual,0.03,0.05,competitor,target,1,5.245
37,45,perceptual,0.03,0.05,competitor,target,1,3.694
37,46,perceptual,0.1,0.2,competitor,competitor,0,5.758
37,47,perceptual,0.03,0.2,target,competitor,0,5.462
37,48,perceptual,0.1,0.2,competitor,target,1,5.695
37,49,numeric,0.1,0.05,target,decoy,0,9.315
37,50,numeric,0.03,0.05,target,target,1,8.235
37,51,perceptual,0.03,0.05,competitor,target,1,5.934
37,52,numeric,0.03,0.05,target,target,1,8.297
37,53,numeric,0.03,0.2,competitor,target,1,10.787
37,54,perceptual,0.1,0.2,target,target,1,8.623
37,55,perceptual,0.03,0.2,competitor,target,1,4.521
37,56,numeric,0.03,0.2,target,competitor,0,11.988
37,57,numeric,0.1,0.2,target,target,1,10.634
37,58,perceptual,0.03,0.05,target,target,1,4.963
37,59,perceptual,0.1,0.05,competitor,target,1,4.35
37,60,perceptual,0.03,0.05,competitor,target,1,4.157
37,61,numeric,0.03,0.05,target,target,1,6.948
37,62,perceptual,0.03,0.2,competitor,competitor,0,6.665
37,63,numeric,0.1,0.2,competitor,target,1,7.433
37,64,perceptual,0.1,0.05,target,target,1,8.07
37,65,perceptual,0.1,0.2,competitor,decoy,0,4.983
37,66,numeric,0.03,0.2,competitor,competitor,0,11.936
37,67,perceptual,0.1,0.2,target,target,1,6.464
37,68,numeric,0.03,0.2,target,target,1,8.081
37,69,perceptual,0.1,0.05,competitor,competitor,0,7.899
37,70,numeric,0.03,0.05,competitor,target,1,4.478
37,71,numeric,0.03,0.05,target,target,1,7.659
37,72,numeric,0.03,0.05,target,target,1,6.262
37,73,numeric,0.03,0.2,competitor,target,1,7.533
37,74,numeric,0.03,0.2,target,target,1,10.182
37,75,numeric,0.03,0.05,competitor,target,1,7.416
37,76,perceptual,0.03,0.2,target,competitor,0,4.729
37,77,perceptual,0.03,0.2,target,target,1,7.299
37,78,numeric,0.1,0.05,target,target,1,6.086
37,79,numeric,0.03,0.05,target,target,1,4.446
37,80,numeric,0.03,0.2,competitor,target,1,8.635
37,81,numeric,0.1,0.2,competitor,target,1,4.99
37,82,perceptual,0.03,0.05,target,competitor,0,4.285
37,83,perceptual,0.1,0.05,competitor,target,1,3.252
37,84,numeric,0.1,0.2,competitor,target,1,4.63
37,85,perceptual,0.1,0.2,competitor,competitor,0,5.517
37,86,perceptual,0.1,0.2,target,target,1,4.715
37,87,numeric,0.03,0.05,competitor,competitor,0,12.793
37,88,numeric,0.03,0.05,target,target,1,6.181
37,89,numeric,0.03,0.05,target,target,1,7.426
37,90,perceptual,0.1,0.05,target,competitor,0,3.396
37,91,perceptual,0.03,0.2,target,competitor,0,4.544
37,92,perceptual,0.1,0.05,competitor,decoy,0,6.513
37,93,numeric,0.03,0.2,competitor,competitor,0,8.706
37,94,numeric,0.03,0.05,competitor,target,1,11.79
37,95,perceptual,0.03,0.05,competitor,decoy,0,8.171
37,96,perceptual,0.1,0.05,competitor,target,1,3.913
37,97,numeric,0.1,0.05,competitor,competitor,0,7.508
37,98,numeric,0.03,0.2,target,target,1,5.624
37,99,perceptual,0.03,0.05,competitor,target,1,3.448
37,100,perceptual,0.03,0.05,target,competitor,0,5.315
37,101,perceptual,0.1,0.05,target,competitor,0,6.248
37,102,numeric,0.1,0.05,target,decoy,0,6.479
37,103,numeric,0.1,0.05,competitor,target,1,10.251
37,104,perceptual,0.03,0.05,target,competitor,0,7.696
37,105,numeric,0.1,0.05,competitor,competitor,0,5.28
37,106,perceptual,0.1,0.2,target,decoy,0,9.776
37,107,numeric,0.1,0.2,target,competitor,0,5.23
37,108,numeric,0.1,0.2,competitor,competitor,0,6.649
37,109,perceptual,0.1,0.2,target,target,1,5.451
37,110,perceptual,0.03,0.05,target,decoy,0,8.831
37,111,perceptual,0.1,0.2,competitor,target,1,4.776
37,112,numeric,0.03,0.05,competitor,target,1,9.389
37,113,numeric,0.1,0.2,target,target,1,8.754
37,114,perceptual,0.1,0.05,target,decoy,0,5.292
37,115,numeric,0.1,0.05,target,target,1,11.245
37,116,numeric,0.1,0.05,competitor,target,1,9.604
37,117,perceptual,0.03,0.2,target,target,1,8.751
37,118,numeric,0.1,0.2,competitor,target,1,5.122
37,119,numeric,0.1,0.2,target,target,1,6.815
37,120,perceptual,0.03,0.2,competitor,target,1,3.207
37,121,numeric,0.1,0.05,target,competitor,0,11.088
37,122,numeric,0.03,0.2,competitor,competitor,0,6.301
37,123,perceptual,0.1,0.05,competitor,competitor,0,7.931
37,124,numeric,0.03,0.05,competitor,competitor,0,11.35
37,125,perceptual,0.03,0.2,competitor,competitor,0,5.532
37,126,perceptual,0.1,0.05,competitor,target,1,5.652
37,127,perceptual,0.1,0.05,competitor,target,1,4.065
37,128,numeric,0.1,0.05,target,target,1,9.628
37,129,perceptual,0.1,0.2,competitor,target,1,4.8
37,130,numeric,0.03,0.2,target,target,1,8.239
37,131,numeric,0.03,0.05,competitor,competitor,0,8.368
37,132,perceptual,0.03,0.2,target,target,1,7.712
37,133,numeric,0.1,0.05,target,target,1,8.348
37,134,numeric,0.1,0.05,competitor,target,1,7.42
37,135,numeric,0.03,0.2,target,target,1,10.519
37,136,perceptual,0.03,0.2,target,target,1,6.255
37,137,numeric,0.03,0.05,competitor,target,1,10.414
37,138,numeric,0.1,0.2,target,target,1,6.819
37,139,numeric,0.03,0.2,target,target,1,9.514
37,140,numeric,0.03,0.2,competitor,competitor,0,11.484
37,141,perceptual,0.03,0.05,target,target,1,6.549
37,142,perceptual,0.03,0.05,target,competitor,0,7.363
37,143,perceptual,0.03,0.2,competitor,target,1,6.547
37,144,numeric,0.1,0.2,target,target,1,9.585
37,145,numeric,0.1,0.05,target,target,1,10.161
37,146,perceptual,0.1,0.2,target,target,1,6.15
37,147,numeric,0.1,0.2,competitor,target,1,12.118
37,148,numeric,0.03,0.2,competitor,competitor,0,9.255
37,149,perceptual,0.1,0.05,competitor,target,1,6.349
37,150,perceptual,0.03,0.2,competitor,competitor,0,4.837
37,151,numeric,0.1,0.05,target,target,1,6.866
37,152,numeric,0.1,0.2,target,target,1,11.022
37,153,numeric,0.1,0.05,competitor,target,1,8.899
37,154,perceptual,0.03,0.05,competitor,decoy,0,9.512
37,155,numeric,0.1,0.05,competitor,target,1,8.826
37,156,perceptual,0.1,0.2,target,target,1,6.14
37,157,perceptual,0.1,0.05,target,target,1,7.357
37,158,perceptual,0.1,0.05,competitor,decoy,0,0.232
37,159,numeric,0.03,0.2,competitor,target,1,9.948
37,160,numeric,0.1,0.2,competitor,target,1,6.862
37,161,numeric,0.1,0.05,competitor,target,1,6.91
37,162,perceptual,0.1,0.2,target,target,1,4.952
37,163,perceptual,0.03,0.2,target,competitor,0,6.796
37,164,numeric,0.1,0.2,target,target,1,10.383
37,165,numeric,0.1,0.2,competitor,target,1,10.703
37,166,numeric,0.1,0.2,target,target,1,7.563
37,167,perceptual,0.1,0.2,target,target,1,8.181
37,168,perceptual,0.1,0.2,target,competitor,0,8.459
37,169,perceptual,0.03,0.2,competitor,target,1,7.649
37,170,numeric,0.1,0.05,target,target,1,12.398
37,171,numeric,0.03,0.2,competitor,competitor,0,8.151
37,172,numeric,0.1,0.2,target,target,1,8.612
37,173,perceptual,0.03,0.05,competitor,competitor,0,9.398
37,174,perceptual,0.1,0.05,target,target,1,7.171
37,175,numeric,0.03,0.05,target,target,1,12.554
37,176,perceptual,0.1,0.05,target,target,1,6.5
37,177,numeric,0.03,0.2,competitor,target,1,12.371
37,178,numeric,0.03,0.05,target,target,1,9.728
37,179,numeric,0.03,0.05,competitor,target,1,6.863
37,180,numeric,0.1,0.2,competitor,target,1,6.85
37,181,perceptual,0.03,0.2,target,target,1,5.256
37,182,perceptual,0.1,0.2,competitor,competitor,0,5.048
37,183,numeric,0.1,0.05,competitor,target,1,7.427
37,184,numeric,0.1,0.2,competitor,target,1,10.163
37,185,numeric,0.03,0.05,competitor,competitor,0,8.564
37,186,perceptual,0.03,0.05,competitor,target,1,7.2
37,187,perceptual,0.03,0.2,competitor,target,1,8.615
37,188,perceptual,0.03,0.05,target,decoy,0,4.405
37,189,perceptual,0.03,0.05,competitor,competitor,0,5.804
37,190,numeric,0.1,0.05,competitor,target,1,9.588
37,191,perceptual,0.03,0.05,competitor,target,1,8.256
37,192,numeric,0.1,0.2,target,target,1,6.554
38,1,perceptual,0.03,0.2,competitor,competitor,0,6.811
38,2,numeric,0.1,0.05,target,target,1,11.54
38,3,perceptual,0.03,0.05,competitor,decoy,0,6.322
38,4,perceptual,0.1,0.05,competitor,competitor,0,4.928
38,5,perceptual,0.1,0.05,target,target,1,4.821
38,6,numeric,0.1,0.2,competitor,target,1,9.674
38,7,numeric,0.1,0.2,target,competitor,0,5.373
38,8,numeric,0.03,0.05,target,target,1,11.203
38,9,perceptual,0.1,0.2,target,target,1,3.308
38,10,numeric,0.03,0.2,target,target,1,5.384
38,11,perceptual,0.03,0.2,competitor,target,1,6.771
38,12,perceptual,0.03,0.2,target,target,1,8.228
38,13,numeric,0.03,0.05,competitor,target,1,8.748
38,14,perceptual,0.03,0.05,competitor,target,1,7.16
38,15,numeric,0.1,0.05,competitor,target,1,7.212
38,16,numeric,0.1,0.05,target,target,1,6.683
38,17,perceptual,0.1,0.2,competitor,target,1,5.252
38,18,numeric,0.03,0.05,competitor,competitor,0,4.647
38,19,numeric,0.1,0.05,target,target,1,5.254
38,20,numeric,0.03,0.05,target,target,1,6.05
38,21,numeric,0.03,0.2,target,target,1,11.07
38,22,numeric,0.03,0.2,competitor,competitor,0,5.208
38,23,numeric,0.1,0.05,target,target,1,5.498
38,24,perceptual,0.1,0.05,target,decoy,0,4.364
38,25,numeric,0.1,0.05,competitor,target,1,6.62
38,26,numeric,0.1,0.05,competitor,target,1,7.563
38,27,numeric,0.1,0.2,competitor,competitor,0,5.902
38,28,perceptual,0.1,0.05,competitor,target,1,3.038
38,29,perceptual,0.03,0.05,target,competitor,0,4.051
38,30,perceptual,0.1,0.05,competitor,competitor,0,4.539
38,31,perceptual,0.1,0.2,target,target,1,5.879
38,32,perceptual,0.03,0.2,target,target,1,4.845
38,33,perceptual,0.03,0.2,competitor,target,1,4.656
38,34,perceptual,0.03,0.2,target,target,1,5.288
38,35,numeric,0.03,0.05,target,decoy,0,4.888
38,36,numeric,0.03,0.05,target,target,1,6.093
38,37,perceptual,0.03,0.2,competitor,target,1,3.817
38,38,perceptual,0.03,0.05,target,target,1,2.525
38,39,numeric,0.03,0.05,target,target,1,5.187
38,40,perceptual,0.1,0.2,target,target,1,4.747
38,41,perceptual,0.1,0.2,target,target,1,4.441
38,42,perceptual,0.1,0.05,target,competitor,0,7.209
38,43,perceptual,0.03,0.2,target,target,1,3.278
38,44,numeric,0.03,0.2,target,target,1,12.255
38,45,perceptual,0.03,0.05,competitor,target,1,3.417
38,46,numeric,0.03,0.05,competitor,competitor,0,6.429
38,47,numeric,0.1,0.05,competitor,competitor,0,9.612
38,48,numeric,0.03,0.2,target,competitor,0,11.252
38,49,perceptual,0.03,0.05,competitor,decoy,0,3.329
38,50,perceptual,0.1,0.05,competitor,target,1,4.15
38,51,numeric,0.1,0.05,target,target,1,4.528
38,52,perceptual,0.1,0.2,competitor,target,1,4.09
38,53,perceptual,0.03,0.2,target,decoy,0,3.432
38,54,perceptual,0.1,0.2,target,competitor,0,3.375
38,55,numeric,0.1,0.05,competitor,competitor,0,10.426
38,56,numeric,0.03,0.2,competitor,target,1,9.4
38,57,numeric,0.1,0.2,target,target,1,9.543
38,58,numeric,0.03,0.05,competitor,competitor,0,7.512
38,59,perceptual,0.03,0.05,target,competitor,0,4.747
38,60,perceptual,0.03,0.2,target,decoy,0,3.631
38,61,numeric,0.1,0.2,competitor,target,1,4.487
38,62,perceptual,0.1,0.2,competitor,target,1,2.44
38,63,perceptual,0.1,0.2,target,target,1,2.215
38,64,numeric,0.03,0.2,competitor,target,1,9.864
38,65,perceptual,0.1,0.2,competitor,target,1,3.174
38,66,numeric,0.03,0.2,target,target,1,4.82
38,67,perceptual,0.1,0.2,competitor,target,1,3.05
38,68,perceptual,0.03,0.2,target,competitor,0,4.849
38,69,perceptual,0.03,0.2,target,target,1,6.855
38,70,perceptual,0.1,0.2,target,target,1,2.949
38,71,perceptual,0.1,0.2,competitor,target,1,6.081
38,72,numeric,0.1,0.2,target,target,1,4.495
38,73,perceptual,0.03,0.05,competitor,competitor,0,3.697
38,74,perceptual,0.03,0.2,competitor,competitor,0,3.59
38,75,perceptual,0.03,0.05,target,decoy,0,3.636
38,76,numeric,0.03,0.05,target,target,1,8.229
38,77,perceptual,0.03,0.05,competitor,competitor,0,2.792
38,78,perceptual,0.1,0.2,competitor,target,1,5.369
38,79,perceptual,0.1,0.2,target,target,1,2.529
38,80,numeric,0.1,0.2,competitor,target,1,4.541
38,81,perceptual,0.1,0.05,target,target,1,4.008
38,82,numeric,0.03,0.2,competitor,competitor,0,6.083
38,83,perceptual,0.1,0.05,competitor,target,1,2.581
38,84,perceptual,0.1,0.05,target,competitor,0,4.409
38,85,numeric,0.1,0.2,target,competitor,0,10.273
38,86,perceptual,0.1,0.2,competitor,target,1,3.378
38,87,numeric,0.1,0.05,target,decoy,0,10.395
38,88,numeric,0.1,0.2,competitor,target,1,11.044
38,89,numeric,0.1,0.05,competitor,target,1,8.334
38,90,perceptual,0.1,0.05,competitor,decoy,0,6.464
38,91,numeric,0.1,0.2,competitor,target,1,10.379
38,92,perceptual,0.1,0.05,competitor,competitor,0,3.185
38,93,numeric,0.03,0.2,target,target,1,4.935
38,94,perceptual,0.03,0.05,target,competitor,0,5.022
38,95,numeric,0.1,0.05,target,target,1,8.564
38,96,numeric,0.1,0.2,target,target,1,11.158
38,97,numeric,0.03,0.2,competitor,competitor,0,8.268
38,98,perceptual,0.1,0.2,competitor,target,1,3.393
38,99,perceptual,0.1,0.2,target,decoy,0,2.96
38,100,numeric,0.03,0.2,target,target,1,9.428
38,101,numeric,0.1,0.05,competitor,target,1,10.479
38,102,perceptual,0.03,0.05,target,target,1,2.915
38,103,perceptual,0.1,0.05,target,target,1,2.923
38,104,numeric,0.1,0.2,target,target,1,5.381
38,105,perceptual,0.03,0.05,target,competitor,0,2.362
38,106,numeric,0.03,0.2,competitor,target,1,7.369
38,107,perceptual,0.03,0.2,target,competitor,0,2.385
38,108,numeric,0.1,0.2,competitor,competitor,0,7.126
38,109,numeric,0.03,0.2,target,target,1,8.978
38,110,numeric,0.1,0.05,target,competitor,0,8.95
38,111,perceptual,0.03,0.2,competitor,competitor,0,4.123
38,112,numeric,0.03,0.2,competitor,competitor,0,5.596
38,113,numeric,0.03,0.05,competitor,target,1,9.497
38,114,numeric,0.03,0.05,competitor,target,1,6.412
38,115,perceptual,0.1,0.05,target,competitor,0,3.062
38,116,perceptual,0.1,0.2,competitor,competitor,0,3.953
38,117,numeric,0.1,0.2,competitor,competitor,0,5.541
38,118,numeric,0.1,0.05,competitor,competitor,0,8.846
38,119,numeric,0.03,0.2,competitor,target,1,8.107
38,120,perceptual,0.1,0.05,target,target,1,3.944
38,121,numeric,0.03,0.2,target,target,1,8.002
38,122,numeric,0.03,0.05,target,target,1,6.839
38,123,perceptual,0.03,0.2,competitor,competitor,0,4.307
38,124,perceptual,0.1,0.05,target,competitor,0,3.761
38,125,perceptual,0.1,0.05,target,target,1,2.94
38,126,numeric,0.03,0.2,competitor,target,1,8.223
38,127,numeric,0.03,0.05,competitor,target,1,3.821
38,128,perceptual,0.1,0.2,target,target,1,5.098
38,129,numeric,0.03,0.05,target,target,1,7.945
38,130,numeric,0.1,0.2,target,target,1,7.578
38,131,perceptual,0.03,0.2,target,competitor,0,2.771
38,132,numeric,0.03,0.05,competitor,competitor,0,6.444
38,133,numeric,0.1,0.2,competitor,target,1,6.174
38,134,perceptual,0.03,0.05,target,decoy,0,3.227
38,135,perceptual,0.03,0.05,target,decoy,0,3.475
38,136,numeric,0.1,0.05,competitor,target,1,9.236
38,137,numeric,0.1,0.05,target,target,1,5.342
38,138,perceptual,0.1,0.05,competitor,target,1,3.182
38,139,numeric,0.1,0.05,competitor,target,1,7.475
38,140,numeric,0.03,0.05,competitor,target,1,6.717
38,141,perceptual,0.03,0.05,target,target,1,5.435
38,142,numeric,0.1,0.05,competitor,target,1,11.4
38,143,numeric,0.1,0.2,competitor,target,1,8.389
38,144,numeric,0.1,0.2,competitor,target,1,6.888
38,145,perceptual,0.03,0.2,competitor,competitor,0,4.338
38,146,perceptual,0.03,0.05,competitor,decoy,0,4.099
38,147,perceptual,0.03,0.2,competitor,target,1,4.034
38,148,perceptual,0.03,0.2,target,target,1,3.24
38,149,numeric,0.03,0.05,target,target,1,10.935
38,150,numeric,0.03,0.2,competitor,target,1,6.77
38,151,numeric,0.03,0.05,competitor,target,1,9.216
38,152,perceptual,0.1,0.05,target,competitor,0,3.12
38,153,perceptual,0.1,0.05,competitor,competitor,0,6.627
38,154,numeric,0.1,0.2,target,competitor,0,8.349
38,155,perceptual,0.1,0.05,competitor,target,1,4.395
38,156,perceptual,0.03,0.2,competitor,target,1,6.779
38,157,perceptual,0.1,0.05,competitor,decoy,0,3.427
38,158,perceptual,0.03,0.05,competitor,target,1,4.595
38,159,numeric,0.03,0.05,competitor,competitor,0,8.41
38,160,perceptual,0.03,0.2,competitor,competitor,0,2.947
38,161,perceptual,0.03,0.2,target,competitor,0,4.555
38,162,numeric,0.03,0.05,target,target,1,5.731
38,163,perceptual,0.03,0.05,target,decoy,0,5.855
38,164,perceptual,0.03,0.05,competitor,target,1,2.984
38,165,numeric,0.1,0.05,competitor,target,1,8.942
38,166,perceptual,0.03,0.2,competitor,target,1,3.413
38,167,numeric,0.1,0.2,target,target,1,9.626
38,168,numeric,0.03,0.2,competitor,competitor,0,8.201
38,169,perceptual,0.03,0.05,competitor,decoy,0,4.158
38,170,perceptual,0.1,0.05,competitor,target,1,3.189
38,171,perceptual,0.03,0.05,competitor,competitor,0,3.5
38,172,numeric,0.1,0.2,competitor,target,1,6.498
38,173,numeric,0.03,0.2,target,competitor,0,13.497
38,174,numeric,0.03,0.2,target,target,1,10.376
38,175,numeric,0.1,0.05,target,target,1,7.09
38,176,perceptual,0.1,0.05,target,target,1,6.748
38,177,numeric,0.1,0.2,target,target,1,4.951
38,178,numeric,0.1,0.2,target,competitor,0,8.281
38,179,perceptual,0.03,0.05,competitor,target,1,2.643
38,180,perceptual,0.03,0.05,target,decoy,0,4.501
38,181,perceptual,0.1,0.2,competitor,competitor,0,3.212
38,182,numeric,0.03,0.05,competitor,competitor,0,7.873
38,183,numeric,0.1,0.05,target,target,1,6.889
38,184,numeric,0.03,0.2,competitor,target,1,5.972
38,185,numeric,0.1,0.05,target,target,1,5.879
38,186,numeric,0.03,0.2,target,target,1,9.275
38,187,numeric,0.1,0.2,target,target,1,5.605
38,188,perceptual,0.1,0.2,competitor,competitor,0,2.994
38,189,numeric,0.03,0.05,target,target,1,6.283
38,190,perceptual,0.1,0.2,target,target,1,3.485
38,191,numeric,0.03,0.05,target,target,1,7.801
38,192,perceptual,0.1,0.2,target,competitor,0,2.776
39,1,numeric,0.03,0.05,target,target,1,8.381
39,2,perceptual,0.03,0.05,competitor,decoy,0,5.916
39,3,numeric,0.1,0.2,target,target,1,11.468
39,4,perceptual,0.1,0.05,target,competitor,0,11.423
39,5,numeric,0.1,0.2,competitor,target,1,6.005
39,6,numeric,0.03,0.05,target,decoy,0,1.229
39,7,perceptual,0.03,0.2,target,target,1,5.599
39,8,numeric,0.1,0.2,target,target,1,6.558
39,9,numeric,0.1,0.2,target,target,1,5.122
39,10,perceptual,0.03,0.2,target,target,1,3.68
39,11,perceptual,0.03,0.2,target,competitor,0,4.661
39,12,numeric,0.03,0.05,competitor,target,1,3.029
39,13,perceptual,0.1,0.05,competitor,competitor,0,2.633
39,14,numeric,0.1,0.2,competitor,target,1,3.08
39,15,numeric,0.1,0.05,competitor,target,1,3.479
39,16,numeric,0.1,0.05,target,competitor,0,4.144
39,17,numeric,0.1,0.05,target,target,1,5.629
39,18,numeric,0.03,0.05,target,competitor,0,2.962
39,19,perceptual,0.1,0.05,competitor,competitor,0,4.154
39,20,numeric,0.1,0.05,target,competitor,0,3.562
39,21,numeric,0.1,0.2,competitor,competitor,0,2.776
39,22,numeric,0.1,0.05,target,competitor,0,4.412
39,23,numeric,0.1,0.2,competitor,decoy,0,3.658
39,24,numeric,0.03,0.05,competitor,target,1,2.553
39,25,numeric,0.1,0.2,target,target,1,5.49
39,26,perceptual,0.1,0.05,competitor,target,1,3.548
39,27,perceptual,0.1,0.05,competitor,target,1,4.528
39,28,numeric,0.03,0.05,target,target,1,10.237
39,29,perceptual,0.03,0.2,target,competitor,0,3.35
39,30,numeric,0.1,0.2,target,decoy,0,4.715
39,31,numeric,0.1,0.05,competitor,target,1,2.684
39,32,perceptual,0.1,0.05,target,competitor,0,10.403
39,33,numeric,0.03,0.05,competitor,target,1,4.843
39,34,perceptual,0.03,0.05,competitor,target,1,3.818
39,35,perceptual,0.03,0.2,competitor,decoy,0,6.479
39,36,numeric,0.1,0.2,target,decoy,0,5.391
39,37,perceptual,0.1,0.05,target,decoy,0,7.523
39,38,perceptual,0.1,0.05,competitor,target,1,3.864
39,39,perceptual,0.1,0.05,competitor,target,1,5.121
39,40,numeric,0.1,0.05,competitor,target,1,5.864
39,41,perceptual,0.03,0.2,target,decoy,0,3.651
39,42,perceptual,0.03,0.05,competitor,target,1,4.34
39,43,numeric,0.03,0.2,competitor,competitor,0,5.266
39,44,perceptual,0.03,0.2,competitor,target,1,5.163
39,45,perceptual,0.03,0.2,target,competitor,0,7.362
39,47,perceptual,0.03,0.2,competitor,competitor,0,2.326
39,48,perceptual,0.1,0.2,target,competitor,0,3.559
39,49,perceptual,0.03,0.2,target,target,1,2.406
39,50,numeric,0.03,0.2,competitor,target,1,2.691
39,51,perceptual,0.03,0.05,target,competitor,0,4.776
39,52,perceptual,0.03,0.05,competitor,competitor,0,4.257
39,53,perceptual,0.03,0.05,competitor,target,1,3.574
39,54,numeric,0.1,0.05,target,target,1,3.8
39,55,numeric,0.03,0.2,target,target,1,4.066
39,56,numeric,0.1,0.05,competitor,decoy,0,12.806
39,57,numeric,0.03,0.2,target,target,1,2.956
39,58,perceptual,0.03,0.2,competitor,competitor,0,2.026
39,59,perceptual,0.03,0.05,competitor,competitor,0,2.559
39,60,perceptual,0.1,0.2,target,target,1,3.765
39,61,perceptual,0.03,0.2,target,competitor,0,2.73
39,62,perceptual,0.03,0.05,target,decoy,0,3.408
39,63,numeric,0.03,0.2,target,competitor,0,6.687
39,64,perceptual,0.03,0.05,target,decoy,0,3.105
39,65,numeric,0.1,0.2,competitor,competitor,0,4.368
39,66,numeric,0.1,0.05,competitor,target,1,3.232
39,67,numeric,0.1,0.05,competitor,competitor,0,3.392
39,68,perceptual,0.1,0.05,target,competitor,0,3.033
39,69,numeric,0.03,0.05,competitor,target,1,1.994
39,70,numeric,0.03,0.05,target,competitor,0,4.562
39,71,perceptual,0.1,0.2,competitor,target,1,2.55
39,72,perceptual,0.1,0.05,competitor,target,1,4.187
39,73,perceptual,0.1,0.2,target,target,1,2.998
39,74,perceptual,0.03,0.2,competitor,target,1,2.017
39,75,perceptual,0.03,0.05,target,target,1,3.149
39,76,numeric,0.1,0.2,competitor,target,1,2.719
39,77,perceptual,0.1,0.2,target,target,1,1.867
39,78,numeric,0.1,0.2,target,target,1,4.047
39,79,perceptual,0.03,0.05,target,target,1,3.136
39,80,numeric,0.03,0.05,competitor,competitor,0,4.55
39,81,numeric,0.03,0.05,competitor,decoy,0,4.503
39,82,numeric,0.03,0.2,competitor,competitor,0,3.25
39,83,perceptual,0.1,0.2,competitor,target,1,3.302
39,84,numeric,0.03,0.2,competitor,competitor,0,5.3
39,85,numeric,0.03,0.05,competitor,competitor,0,3.806
39,86,perceptual,0.1,0.2,competitor,target,1,4.498
39,87,perceptual,0.03,0.05,competitor,decoy,0,3.915
39,88,numeric,0.1,0.2,competitor,target,1,6.036
39,89,numeric,0.1,0.2,target,competitor,0,4.259
39,90,numeric,0.1,0.2,competitor,target,1,7.25
39,91,numeric,0.1,0.05,target,competitor,0,4.165
39,92,perceptual,0.1,0.05,target,competitor,0,3.51
39,93,perceptual,0.03,0.2,competitor,target,1,6.005
39,94,numeric,0.1,0.05,competitor,target,1,4.609
39,95,numeric,0.1,0.05,target,target,1,3.724
39,96,perceptual,0.03,0.05,target,target,1,4.097
39,97,numeric,0.1,0.2,target,target,1,5.794
39,98,perceptual,0.1,0.05,target,competitor,0,2.555
39,99,perceptual,0.1,0.2,competitor,target,1,2.697
39,100,perceptual,0.1,0.05,target,target,1,4.505
39,101,perceptual,0.03,0.2,competitor,target,1,5.743
39,102,numeric,0.1,0.05,target,competitor,0,4.111
39,103,perceptual,0.1,0.2,target,competitor,0,2.443
39,104,perceptual,0.1,0.05,target,decoy,0,2.674
39,105,perceptual,0.03,0.2,target,competitor,0,2.112
39,106,numeric,0.03,0.2,target,target,1,4.844
39,107,numeric,0.1,0.2,competitor,target,1,4.166
39,108,perceptual,0.03,0.05,target,target,1,2.614
39,109,perceptual,0.1,0.2,target,decoy,0,3.197
39,110,numeric,0.1,0.05,target,target,1,3.219
39,111,numeric,0.1,0.2,competitor,target,1,3.669
39,112,numeric,0.03,0.05,target,target,1,3.682
39,113,perceptual,0.03,0.2,competitor,target,1,2.608
39,114,numeric,0.1,0.05,competitor,competitor,0,3.206
39,115,perceptual,0.1,0.2,target,decoy,0,3.813
39,116,numeric,0.03,0.2,target,decoy,0,3.138
39,117,numeric,0.03,0.05,target,competitor,0,4.343
39,118,perceptual,0.1,0.05,competitor,target,1,3.646
39,119,numeric,0.1,0.05,competitor,target,1,4.151
39,120,numeric,0.1,0.05,target,target,1,3.228
39,121,perceptual,0.03,0.2,target,competitor,0,2.708
39,122,perceptual,0.03,0.05,target,competitor,0,2.771
39,123,numeric,0.03,0.2,competitor,target,1,5.479
39,124,numeric,0.03,0.2,target,target,1,3.94
39,125,perceptual,0.1,0.05,competitor,target,1,3.977
39,126,perceptual,0.1,0.2,competitor,target,1,2.631
39,127,numeric,0.03,0.2,competitor,competitor,0,3.543
39,128,numeric,0.03,0.05,competitor,target,1,3.456
39,129,numeric,0.1,0.2,target,target,1,2.885
39,130,numeric,0.03,0.2,competitor,target,1,3.121
39,131,perceptual,0.03,0.05,competitor,target,1,2.591
39,132,numeric,0.03,0.2,target,target,1,2.793
39,133,perceptual,0.03,0.2,target,decoy,0,3.195
39,134,perceptual,0.1,0.05,competitor,target,1,2.054
39,135,numeric,0.03,0.05,competitor,competitor,0,5.747
39,136,numeric,0.1,0.05,target,target,1,5.765
39,137,numeric,0.03,0.05,competitor,competitor,0,4.974
39,138,perceptual,0.1,0.2,competitor,decoy,0,3.323
39,139,perceptual,0.03,0.2,competitor,target,1,4.914
39,140,numeric,0.1,0.05,target,decoy,0,2.527
39,141,perceptual,0.1,0.2,competitor,competitor,0,4.466
39,142,perceptual,0.1,0.2,competitor,decoy,0,2.864
39,143,numeric,0.03,0.2,competitor,target,1,3.453
39,144,perceptual,0.1,0.05,target,target,1,4.878
39,145,perceptual,0.1,0.05,competitor,target,1,2.547
39,146,perceptual,0.1,0.2,target,target,1,2.032
39,147,perceptual,0.1,0.05,target,competitor,0,2.47
39,148,numeric,0.1,0.05,competitor,competitor,0,3.464
39,149,numeric,0.1,0.05,competitor,target,1,4.935
39,150,numeric,0.03,0.2,target,competitor,0,2.523
39,151,numeric,0.03,0.2,competitor,target,1,4.195
39,152,perceptual,0.1,0.2,target,target,1,5.032
39,153,numeric,0.1,0.2,target,target,1,4.229
39,154,perceptual,0.03,0.05,competitor,target,1,4.13
39,155,numeric,0.1,0.2,competitor,competitor,0,3.078
39,156,perceptual,0.03,0.05,target,target,1,2.358
39,157,numeric,0.03,0.2,competitor,competitor,0,2.042
39,158,numeric,0.1,0.2,competitor,target,1,3.371
39,159,perceptual,0.1,0.2,competitor,competitor,0,3.478
39,160,numeric,0.03,0.2,target,competitor,0,2.575
39,161,numeric,0.03,0.2,competitor,competitor,0,4.401
39,162,perceptual,0.1,0.2,competitor,target,1,3.187
39,163,perceptual,0.03,0.05,target,target,1,4.317
39,164,numeric,0.03,0.2,target,target,1,3.324
39,165,perceptual,0.1,0.05,competitor,decoy,0,3.818
39,166,numeric,0.03,0.2,competitor,target,1,3.202
39,167,perceptual,0.1,0.05,target,target,1,2.495
39,168,numeric,0.03,0.05,target,decoy,0,3.157
39,169,perceptual,0.03,0.05,competitor,target,1,2.163
39,170,numeric,0.03,0.2,target,target,1,4.135
39,171,perceptual,0.1,0.2,target,target,1,4.527
39,172,perceptual,0.03,0.2,competitor,target,1,2.521
39,173,perceptual,0.03,0.2,competitor,target,1,2.279
39,174,perceptual,0.03,0.2,target,competitor,0,3.557
39,175,perceptual,0.1,0.2,competitor,target,1,2.832
39,176,numeric,0.03,0.2,target,competitor,0,3.619
39,177,perceptual,0.03,0.2,competitor,target,1,2.955
39,178,perceptual,0.03,0.05,target,competitor,0,3.479
39,179,perceptual,0.1,0.05,target,target,1,2.438
39,180,numeric,0.03,0.05,competitor,target,1,3.323
39,181,numeric,0.1,0.05,competitor,target,1,4.579
39,182,numeric,0.03,0.05,target,competitor,0,13.265
39,183,numeric,0.03,0.05,competitor,competitor,0,3.569
39,184,numeric,0.03,0.05,target,competitor,0,2.581
39,185,perceptual,0.1,0.2,competitor,target,1,2.76
39,186,perceptual,0.03,0.05,target,competitor,0,2.677
39,187,numeric,0.03,0.05,target,decoy,0,2.686
39,188,numeric,0.1,0.2,target,target,1,3.128
39,189,perceptual,0.03,0.05,competitor,target,1,3.293
39,190,perceptual,0.1,0.2,target,target,1,3.34
39,191,perceptual,0.1,0.2,target,decoy,0,4.855
39,192,numeric,0.03,0.05,target,target,1,3.58
40,2,numeric,0.1,0.05,competitor,competitor,0,14.614
40,3,numeric,0.03,0.05,competitor,competitor,0,11.536
40,4,numeric,0.1,0.2,competitor,target,1,7.627
40,5,numeric,0.03,0.05,target,target,1,9.052
40,6,perceptual,0.03,0.05,target,decoy,0,7.269
40,7,numeric,0.03,0.2,competitor,target,1,7.453
40,8,numeric,0.03,0.05,competitor,target,1,9.173
40,9,perceptual,0.03,0.05,target,decoy,0,8.774
40,10,numeric,0.03,0.2,competitor,target,1,6.795
40,11,perceptual,0.03,0.05,competitor,target,1,5.123
40,12,perceptual,0.1,0.2,target,target,1,4.277
40,13,perceptual,0.03,0.05,target,competitor,0,6.862
40,14,perceptual,0.03,0.05,competitor,competitor,0,5.163
40,15,numeric,0.1,0.05,competitor,target,1,10.053
40,16,perceptual,0.03,0.2,target,target,1,7.748
40,17,perceptual,0.1,0.05,competitor,target,1,4.695
40,18,perceptual,0.1,0.05,target,competitor,0,5.148
40,19,perceptual,0.1,0.2,target,target,1,5.262
40,20,numeric,0.1,0.05,competitor,target,1,6.846
40,21,perceptual,0.1,0.2,competitor,target,1,8.717
40,22,numeric,0.1,0.2,target,target,1,7.694
40,23,perceptual,0.03,0.2,competitor,target,1,7.308
40,24,perceptual,0.1,0.05,target,decoy,0,3.668
40,25,perceptual,0.03,0.2,competitor,target,1,5.175
40,26,numeric,0.1,0.2,target,target,1,5.061
40,27,perceptual,0.1,0.05,competitor,target,1,4.626
40,28,perceptual,0.03,0.05,target,decoy,0,13.266
40,29,perceptual,0.1,0.05,target,target,1,6.156
40,30,numeric,0.03,0.2,competitor,target,1,9.12
40,31,numeric,0.1,0.05,competitor,target,1,8.702
40,32,numeric,0.03,0.2,target,competitor,0,7.983
40,33,numeric,0.03,0.2,competitor,target,1,6.372
40,34,perceptual,0.1,0.2,competitor,target,1,4.062
40,35,numeric,0.03,0.05,target,competitor,0,4.377
40,36,perceptual,0.03,0.05,target,target,1,8.803
40,37,perceptual,0.03,0.2,target,target,1,7.144
40,38,perceptual,0.03,0.05,competitor,competitor,0,5.259
40,39,numeric,0.03,0.05,competitor,decoy,0,10.021
40,40,numeric,0.1,0.2,target,target,1,5.368
40,41,numeric,0.1,0.2,target,target,1,5.099
40,42,perceptual,0.1,0.2,target,target,1,6.325
40,43,numeric,0.03,0.2,competitor,competitor,0,5.857
40,44,numeric,0.03,0.2,target,target,1,12.198
40,45,numeric,0.1,0.05,competitor,target,1,7.104
40,46,perceptual,0.1,0.05,target,competitor,0,9.247
40,47,perceptual,0.1,0.2,target,target,1,4.443
40,48,perceptual,0.03,0.05,target,target,1,4.338
40,49,perceptual,0.1,0.05,competitor,target,1,5.313
40,50,numeric,0.1,0.2,target,target,1,5.951
40,51,numeric,0.03,0.2,competitor,competitor,0,13.062
40,52,numeric,0.1,0.05,target,target,1,4.433
40,53,perceptual,0.03,0.05,target,target,1,6.82
40,54,perceptual,0.1,0.2,target,target,1,5.09
40,55,numeric,0.03,0.05,competitor,target,1,12.293
40,56,perceptual,0.1,0.2,target,target,1,6.609
40,57,numeric,0.1,0.05,target,competitor,0,6.56
40,58,numeric,0.03,0.2,competitor,target,1,8.598
40,59,perceptual,0.03,0.2,competitor,target,1,8.394
40,60,perceptual,0.03,0.2,target,target,1,4.342
40,61,numeric,0.1,0.05,competitor,target,1,11.122
40,62,numeric,0.03,0.2,target,target,1,13.674
40,63,numeric,0.1,0.05,competitor,decoy,0,18.571
40,64,numeric,0.03,0.2,target,target,1,11.889
40,65,perceptual,0.1,0.05,target,decoy,0,6.544
40,66,perceptual,0.1,0.05,target,target,1,6.808
40,67,perceptual,0.03,0.05,competitor,target,1,9.492
40,68,perceptual,0.03,0.05,competitor,competitor,0,8.599
40,69,numeric,0.03,0.05,competitor,target,1,12.644
40,70,numeric,0.03,0.05,target,competitor,0,16.145
40,71,numeric,0.1,0.2,target,target,1,9.986
40,72,numeric,0.03,0.05,target,target,1,8.433
40,73,numeric,0.03,0.2,competitor,target,1,11.29
40,74,numeric,0.1,0.2,target,target,1,8.937
40,75,perceptual,0.1,0.05,target,decoy,0,5.28
40,76,numeric,0.1,0.2,competitor,target,1,8.819
40,77,perceptual,0.1,0.2,competitor,target,1,4.827
40,78,perceptual,0.03,0.2,target,competitor,0,5.233
40,79,perceptual,0.1,0.2,competitor,target,1,6.657
40,80,numeric,0.1,0.2,competitor,target,1,7.572
40,81,numeric,0.03,0.05,target,target,1,14.364
40,82,numeric,0.03,0.05,target,target,1,8.942
40,83,numeric,0.1,0.2,competitor,target,1,11.245
40,84,numeric,0.03,0.2,competitor,target,1,15.275
40,85,numeric,0.03,0.2,target,competitor,0,13.531
40,86,numeric,0.1,0.05,target,target,1,11.392
40,87,perceptual,0.1,0.2,target,target,1,5.505
40,88,numeric,0.03,0.2,target,target,1,9.773
40,89,perceptual,0.03,0.2,competitor,target,1,12.051
40,90,numeric,0.03,0.05,competitor,competitor,0,11.311
40,91,perceptual,0.1,0.05,competitor,target,1,16.175
40,92,numeric,0.1,0.2,target,target,1,5.178
40,93,perceptual,0.03,0.2,competitor,target,1,6.88
40,94,numeric,0.03,0.05,target,target,1,6.487
40,95,perceptual,0.1,0.2,target,target,1,5.359
40,96,perceptual,0.03,0.2,target,competitor,0,4.24
40,97,perceptual,0.03,0.2,target,competitor,0,4.589
40,98,perceptual,0.03,0.2,competitor,decoy,0,5.168
40,99,numeric,0.1,0.2,competitor,target,1,9.13
40,100,perceptual,0.1,0.2,target,target,1,6.69
40,101,perceptual,0.1,0.05,competitor,target,1,3.998
40,102,perceptual,0.03,0.05,competitor,competitor,0,12.494
40,103,perceptual,0.03,0.05,competitor,competitor,0,4.922
40,104,perceptual,0.03,0.2,target,competitor,0,5.897
40,105,numeric,0.1,0.05,target,target,1,6.13
40,106,numeric,0.1,0.05,competitor,target,1,8.08
40,107,perceptual,0.03,0.2,competitor,target,1,7.868
40,108,numeric,0.03,0.2,competitor,target,1,10.46
40,109,perceptual,0.1,0.05,target,competitor,0,9.799
40,110,numeric,0.1,0.2,competitor,target,1,4.729
40,111,numeric,0.1,0.05,competitor,competitor,0,4.161
40,112,perceptual,0.03,0.2,competitor,competitor,0,5.407
40,113,numeric,0.1,0.05,target,target,1,10.41
40,114,numeric,0.03,0.05,competitor,target,1,9.504
40,115,numeric,0.03,0.2,target,target,1,5.288
40,116,perceptual,0.1,0.2,competitor,target,1,5.195
40,117,numeric,0.1,0.2,competitor,target,1,5.699
40,118,perceptual,0.1,0.05,target,target,1,4.582
40,119,perceptual,0.03,0.2,target,target,1,7.893
40,120,numeric,0.1,0.05,target,target,1,6.937
40,121,numeric,0.03,0.05,target,competitor,0,10.513
40,122,numeric,0.03,0.05,competitor,target,1,9.949
40,123,numeric,0.03,0.05,target,target,1,9.449
40,124,numeric,0.03,0.05,competitor,target,1,7.779
40,125,perceptual,0.1,0.05,competitor,target,1,4.736
40,126,perceptual,0.03,0.2,competitor,competitor,0,12.288
40,127,perceptual,0.03,0.05,target,competitor,0,10.732
40,128,numeric,0.03,0.05,target,target,1,7.104
40,129,numeric,0.03,0.2,competitor,target,1,5.788
40,130,numeric,0.1,0.05,competitor,target,1,10.294
40,131,numeric,0.1,0.2,target,target,1,6.639
40,132,perceptual,0.1,0.2,competitor,target,1,5.065
40,133,perceptual,0.1,0.2,competitor,target,1,7.269
40,134,perceptual,0.1,0.2,competitor,target,1,4.897
40,135,perceptual,0.03,0.2,target,competitor,0,7.431
40,136,perceptual,0.03,0.05,target,competitor,0,11.035
40,137,numeric,0.1,0.2,competitor,target,1,5.578
40,138,perceptual,0.1,0.2,target,target,1,9.524
40,139,perceptual,0.03,0.05,competitor,target,1,6.532
40,140,numeric,0.03,0.05,competitor,target,1,15.71
40,141,numeric,0.1,0.05,target,target,1,10.514
40,142,perceptual,0.1,0.05,competitor,target,1,16.823
40,143,numeric,0.03,0.2,target,target,1,5.553
40,144,perceptual,0.03,0.05,target,target,1,9.859
40,145,numeric,0.03,0.05,target,competitor,0,4.921
40,147,numeric,0.1,0.05,competitor,target,1,7.018
40,148,perceptual,0.1,0.2,target,target,1,5.151
40,149,perceptual,0.03,0.05,target,target,1,6.369
40,150,perceptual,0.03,0.05,target,target,1,6.13
40,151,numeric,0.03,0.05,competitor,target,1,7.407
40,152,numeric,0.03,0.2,target,competitor,0,16.63
40,156,perceptual,0.1,0.05,competitor,target,1,19.152
40,157,perceptual,0.1,0.05,competitor,target,1,4.815
40,158,numeric,0.03,0.2,competitor,target,1,13.974
40,159,perceptual,0.03,0.2,competitor,target,1,4.637
40,160,numeric,0.1,0.05,target,target,1,6.738
40,161,perceptual,0.03,0.2,target,target,1,5.476
40,162,numeric,0.03,0.2,target,target,1,8.332
40,163,perceptual,0.03,0.2,target,target,1,5.947
40,164,perceptual,0.03,0.05,competitor,target,1,5.051
40,165,numeric,0.1,0.05,target,target,1,10.405
40,166,numeric,0.1,0.05,competitor,target,1,8.387
40,167,perceptual,0.03,0.2,target,competitor,0,7.327
40,168,perceptual,0.03,0.05,competitor,target,1,8.135
40,169,numeric,0.1,0.2,competitor,target,1,13.183
40,170,numeric,0.1,0.2,target,target,1,8.097
40,171,perceptual,0.1,0.05,competitor,target,1,4.57
40,172,perceptual,0.1,0.2,competitor,target,1,4.415
40,173,numeric,0.1,0.2,competitor,target,1,9.101
40,174,numeric,0.1,0.05,target,decoy,0,6.543
40,175,perceptual,0.03,0.05,competitor,target,1,5.148
40,176,perceptual,0.1,0.05,competitor,competitor,0,7.651
40,177,numeric,0.1,0.2,target,target,1,6.844
40,178,perceptual,0.03,0.2,competitor,competitor,0,7.691
40,179,numeric,0.1,0.2,competitor,target,1,11.72
40,180,perceptual,0.03,0.2,competitor,competitor,0,6.575
40,181,numeric,0.1,0.05,target,competitor,0,11.363
40,182,perceptual,0.1,0.05,target,target,1,7.131
40,183,numeric,0.03,0.05,target,target,1,9.34
40,184,perceptual,0.1,0.2,competitor,target,1,4.652
40,185,numeric,0.03,0.2,target,target,1,5.833
40,186,perceptual,0.03,0.05,competitor,target,1,7.602
40,187,perceptual,0.1,0.05,target,decoy,0,6.588
40,188,numeric,0.03,0.2,target,target,1,7.958
40,189,perceptual,0.1,0.05,target,target,1,7.193
40,190,numeric,0.1,0.2,competitor,target,1,8.999
40,191,perceptual,0.1,0.2,competitor,target,1,5.908
40,192,perceptual,0.1,0.2,target,target,1,6.582
41,1,numeric,0.03,0.2,competitor,competitor,0,15.784
41,2,numeric,0.1,0.05,target,target,1,15.109
41,3,perceptual,0.03,0.2,target,target,1,6.836
41,5,numeric,0.03,0.05,target,target,1,10.668
41,6,numeric,0.1,0.05,target,target,1,5.398
41,7,numeric,0.1,0.2,competitor,target,1,6.453
41,8,numeric,0.1,0.05,target,target,1,6.682
41,9,perceptual,0.1,0.05,competitor,target,1,3.368
41,10,perceptual,0.1,0.2,target,target,1,3.739
41,11,perceptual,0.03,0.05,competitor,target,1,6.571
41,12,numeric,0.03,0.05,target,target,1,4.868
41,13,perceptual,0.03,0.2,competitor,target,1,6.768
41,14,perceptual,0.1,0.2,competitor,target,1,5.821
41,15,perceptual,0.1,0.2,competitor,target,1,5.303
41,16,perceptual,0.1,0.2,target,competitor,0,4.951
41,17,numeric,0.1,0.2,competitor,target,1,3.498
41,18,perceptual,0.03,0.2,competitor,target,1,3.717
41,19,numeric,0.03,0.05,target,target,1,5.92
41,20,numeric,0.1,0.2,target,decoy,0,7.585
41,21,perceptual,0.1,0.2,competitor,target,1,4.835
41,22,perceptual,0.1,0.2,target,target,1,7.385
41,23,numeric,0.03,0.2,competitor,competitor,0,8.935
41,24,perceptual,0.03,0.05,target,target,1,7.5
41,25,perceptual,0.03,0.05,competitor,target,1,7.34
41,26,numeric,0.1,0.2,target,target,1,7.254
41,27,perceptual,0.03,0.2,competitor,target,1,6.786
41,28,numeric,0.03,0.05,competitor,competitor,0,11.585
41,29,perceptual,0.03,0.2,competitor,competitor,0,5.065
41,30,numeric,0.1,0.05,target,competitor,0,7.985
41,31,perceptual,0.1,0.2,competitor,target,1,4.634
41,32,numeric,0.1,0.05,target,target,1,9.149
41,33,numeric,0.1,0.2,competitor,target,1,4.717
41,34,numeric,0.03,0.05,target,competitor,0,7.72
41,35,perceptual,0.1,0.05,target,decoy,0,4.592
41,36,numeric,0.1,0.05,competitor,competitor,0,4.268
41,37,perceptual,0.03,0.2,competitor,target,1,3.12
41,38,numeric,0.1,0.05,competitor,competitor,0,11.937
41,39,perceptual,0.1,0.2,competitor,target,1,4.292
41,40,perceptual,0.1,0.05,competitor,target,1,5.852
41,41,perceptual,0.1,0.05,target,target,1,7.488
41,42,numeric,0.1,0.2,competitor,target,1,8.999
41,43,perceptual,0.1,0.05,competitor,competitor,0,5.417
41,44,numeric,0.1,0.2,target,target,1,9.067
41,45,perceptual,0.1,0.05,target,target,1,4.984
41,46,numeric,0.1,0.05,competitor,target,1,8.166
41,47,perceptual,0.1,0.05,target,decoy,0,10.367
41,48,numeric,0.03,0.05,competitor,competitor,0,13.167
41,49,perceptual,0.1,0.2,competitor,target,1,4.345
41,50,perceptual,0.03,0.05,competitor,decoy,0,7.942
41,51,perceptual,0.1,0.2,target,target,1,4.483
41,52,numeric,0.1,0.2,competitor,target,1,9.558
41,53,numeric,0.03,0.2,competitor,decoy,0,5.086
41,54,numeric,0.03,0.2,competitor,target,1,9.182
41,55,numeric,0.03,0.05,competitor,target,1,6.52
41,56,numeric,0.1,0.2,competitor,target,1,4.652
41,57,numeric,0.03,0.2,competitor,competitor,0,13.298
41,58,numeric,0.1,0.05,competitor,target,1,9.397
41,59,perceptual,0.03,0.05,competitor,target,1,8.035
41,60,numeric,0.1,0.05,competitor,target,1,13.781
41,61,numeric,0.03,0.2,target,competitor,0,15.315
41,62,perceptual,0.03,0.2,target,competitor,0,3.586
41,63,perceptual,0.03,0.2,competitor,competitor,0,5.353
41,64,numeric,0.1,0.05,target,target,1,8.906
41,65,numeric,0.1,0.05,competitor,target,1,6.175
41,66,perceptual,0.1,0.05,competitor,target,1,4.415
41,67,perceptual,0.03,0.2,competitor,target,1,4.231
41,68,numeric,0.03,0.05,competitor,competitor,0,7.083
41,69,perceptual,0.1,0.05,competitor,target,1,10.349
41,70,numeric,0.1,0.2,competitor,target,1,9.247
41,71,numeric,0.03,0.2,target,target,1,6.305
41,72,numeric,0.1,0.2,target,target,1,8.817
41,73,numeric,0.1,0.2,competitor,target,1,15.901
41,74,perceptual,0.03,0.05,target,target,1,4.292
41,75,numeric,0.03,0.2,target,target,1,7.799
41,76,perceptual,0.03,0.2,target,target,1,3.979
41,77,perceptual,0.03,0.2,target,target,1,4.879
41,78,perceptual,0.1,0.05,competitor,decoy,0,7.755
41,79,numeric,0.03,0.05,competitor,decoy,0,9.03
41,80,perceptual,0.1,0.05,competitor,competitor,0,5.608
41,81,numeric,0.03,0.2,target,target,1,7.921
41,82,numeric,0.03,0.2,competitor,competitor,0,8.439
41,83,perceptual,0.03,0.2,competitor,target,1,7.449
41,84,perceptual,0.03,0.05,competitor,decoy,0,6.982
41,85,perceptual,0.1,0.05,competitor,target,1,3.322
41,86,numeric,0.1,0.2,competitor,competitor,0,9.173
41,87,perceptual,0.03,0.05,target,decoy,0,7.072
41,88,perceptual,0.1,0.05,target,decoy,0,5.616
41,89,numeric,0.03,0.2,target,target,1,12.716
41,90,perceptual,0.03,0.2,target,competitor,0,5.335
41,91,numeric,0.03,0.2,target,target,1,9.782
41,92,perceptual,0.03,0.2,target,target,1,4.857
41,93,numeric,0.1,0.05,target,decoy,0,12.268
41,94,perceptual,0.03,0.05,competitor,target,1,3.683
41,95,perceptual,0.03,0.05,target,competitor,0,2.817
41,96,perceptual,0.03,0.2,competitor,target,1,3.954
41,97,numeric,0.1,0.2,target,target,1,4.115
41,98,numeric,0.03,0.05,target,target,1,9.413
41,99,perceptual,0.1,0.2,target,target,1,5.297
41,100,numeric,0.1,0.05,competitor,decoy,0,11.448
41,101,perceptual,0.1,0.2,competitor,competitor,0,7.651
41,102,numeric,0.03,0.05,target,target,1,6.241
41,103,perceptual,0.1,0.2,target,target,1,8.492
41,104,perceptual,0.03,0.05,target,target,1,9.751
41,105,numeric,0.1,0.2,target,target,1,11.134
41,106,perceptual,0.1,0.05,competitor,decoy,0,4.174
41,107,perceptual,0.03,0.2,target,competitor,0,4.275
41,108,numeric,0.1,0.2,competitor,competitor,0,6.897
41,109,perceptual,0.03,0.05,competitor,target,1,5.923
41,110,numeric,0.1,0.05,target,target,1,12.268
41,111,numeric,0.03,0.05,competitor,target,1,5.385
41,112,perceptual,0.03,0.2,competitor,target,1,7.125
41,113,numeric,0.03,0.05,competitor,target,1,4.424
41,114,perceptual,0.1,0.2,target,target,1,5.585
41,115,numeric,0.1,0.2,target,target,1,5.807
41,116,perceptual,0.03,0.2,target,target,1,6.252
41,117,perceptual,0.03,0.05,competitor,target,1,5.234
41,118,numeric,0.1,0.05,target,decoy,0,5.735
41,119,numeric,0.03,0.2,competitor,target,1,5.234
41,120,perceptual,0.1,0.05,competitor,competitor,0,4.087
41,121,perceptual,0.1,0.2,target,target,1,10.341
41,122,numeric,0.03,0.05,competitor,target,1,8.004
41,123,perceptual,0.1,0.05,target,target,1,10.165
41,124,perceptual,0.1,0.2,competitor,target,1,5.396
41,125,perceptual,0.1,0.2,target,target,1,4.331
41,126,perceptual,0.1,0.05,target,target,1,4.904
41,127,numeric,0.03,0.2,competitor,competitor,0,6.771
41,128,perceptual,0.03,0.2,target,target,1,8.659
41,129,numeric,0.03,0.05,target,target,1,5.85
41,130,perceptual,0.03,0.05,competitor,target,1,9.291
41,131,numeric,0.1,0.2,target,target,1,7.134
41,132,perceptual,0.03,0.05,target,target,1,4.425
41,133,numeric,0.03,0.05,target,target,1,8.842
41,134,numeric,0.03,0.2,target,target,1,7.303
41,135,numeric,0.1,0.05,target,target,1,9.079
41,136,perceptual,0.1,0.05,competitor,target,1,5.373
41,137,numeric,0.1,0.05,competitor,target,1,5.018
41,138,numeric,0.03,0.2,target,target,1,10.366
41,139,numeric,0.1,0.05,competitor,target,1,4.872
41,140,numeric,0.03,0.05,competitor,target,1,7.049
41,141,perceptual,0.03,0.2,target,target,1,3.757
41,142,perceptual,0.1,0.2,target,target,1,5.837
41,143,numeric,0.03,0.05,target,target,1,4.139
41,144,perceptual,0.03,0.05,target,target,1,5.954
41,145,numeric,0.1,0.2,target,target,1,4.866
41,146,numeric,0.03,0.05,target,target,1,7.404
41,147,perceptual,0.1,0.05,target,target,1,6.534
41,148,numeric,0.1,0.05,competitor,target,1,9.524
41,149,perceptual,0.1,0.05,target,target,1,5.031
41,150,perceptual,0.03,0.2,target,decoy,0,8.124
41,151,perceptual,0.1,0.2,target,target,1,9.351
41,152,perceptual,0.1,0.05,competitor,target,1,4.752
41,153,perceptual,0.03,0.2,target,target,1,4.199
41,154,perceptual,0.03,0.2,competitor,competitor,0,5.82
41,155,numeric,0.1,0.05,target,target,1,7.802
41,156,numeric,0.03,0.2,target,target,1,7.979
41,157,numeric,0.03,0.2,target,target,1,13.116
41,158,numeric,0.03,0.05,target,target,1,9.353
41,159,perceptual,0.03,0.2,competitor,target,1,3.624
41,160,numeric,0.1,0.2,target,target,1,8.318
41,161,perceptual,0.1,0.05,target,target,1,4.527
41,162,numeric,0.03,0.2,target,competitor,0,3.503
41,163,numeric,0.03,0.2,competitor,competitor,0,4.634
41,164,perceptual,0.1,0.2,target,target,1,3.028
41,165,perceptual,0.1,0.2,competitor,target,1,3.62
41,166,numeric,0.03,0.2,competitor,competitor,0,8.519
41,167,numeric,0.03,0.05,competitor,target,1,6.301
41,168,perceptual,0.03,0.05,target,target,1,3.475
41,169,perceptual,0.1,0.05,target,decoy,0,7.35
41,170,perceptual,0.03,0.05,competitor,competitor,0,8.191
41,171,perceptual,0.1,0.05,target,target,1,8.682
41,172,numeric,0.1,0.05,competitor,competitor,0,7.799
41,173,perceptual,0.1,0.2,competitor,competitor,0,4.588
41,174,numeric,0.1,0.2,target,competitor,0,12.688
41,175,perceptual,0.03,0.05,competitor,competitor,0,6.117
41,176,numeric,0.03,0.05,target,target,1,12.416
41,177,perceptual,0.1,0.2,competitor,target,1,2.975
41,178,numeric,0.1,0.2,target,target,1,4.983
41,179,perceptual,0.03,0.05,competitor,decoy,0,5.999
41,180,numeric,0.1,0.2,competitor,target,1,8.548
41,181,numeric,0.03,0.2,target,competitor,0,6.472
41,182,numeric,0.1,0.2,competitor,target,1,4.334
41,183,numeric,0.1,0.05,target,target,1,9.8
41,184,numeric,0.03,0.2,competitor,competitor,0,3.924
41,185,numeric,0.03,0.2,competitor,target,1,5.051
41,186,perceptual,0.03,0.05,target,target,1,4.882
41,187,numeric,0.03,0.05,competitor,target,1,11.714
41,188,perceptual,0.1,0.2,competitor,target,1,4.265
41,189,perceptual,0.03,0.05,target,competitor,0,5.721
41,190,perceptual,0.03,0.05,target,decoy,0,4.62
41,191,numeric,0.03,0.05,competitor,competitor,0,7.303
41,192,perceptual,0.03,0.05,target,competitor,0,5.369
42,1,perceptual,0.1,0.2,competitor,competitor,0,9.36
42,2,numeric,0.1,0.05,competitor,target,1,10.283
42,3,perceptual,0.03,0.2,target,target,1,6.116
42,4,perceptual,0.1,0.2,competitor,target,1,7.99
42,5,perceptual,0.1,0.2,competitor,target,1,11.01
42,6,numeric,0.1,0.2,competitor,target,1,9.466
42,7,perceptual,0.03,0.2,target,target,1,8.629
42,8,perceptual,0.1,0.2,target,target,1,7.035
42,9,perceptual,0.1,0.2,target,competitor,0,5.521
42,10,numeric,0.1,0.2,competitor,target,1,9.229
42,11,perceptual,0.1,0.05,target,decoy,0,5.732
42,12,numeric,0.03,0.05,target,target,1,13.451
42,13,perceptual,0.03,0.2,target,competitor,0,6.75
42,14,numeric,0.03,0.2,competitor,target,1,10.68
42,15,perceptual,0.03,0.2,competitor,target,1,6.536
42,16,perceptual,0.1,0.05,target,target,1,7.417
42,17,perceptual,0.1,0.2,target,target,1,8.235
42,18,perceptual,0.1,0.2,competitor,target,1,3.434
42,19,numeric,0.03,0.2,target,target,1,13.86
42,20,numeric,0.1,0.05,competitor,target,1,8.647
42,21,perceptual,0.03,0.05,competitor,target,1,5.475
42,22,perceptual,0.03,0.05,target,decoy,0,6.439
42,23,perceptual,0.1,0.05,target,target,1,5.995
42,24,numeric,0.03,0.05,target,target,1,7.51
42,25,perceptual,0.03,0.2,competitor,competitor,0,6.918
42,26,numeric,0.03,0.05,target,target,1,10.539
42,27,perceptual,0.1,0.2,competitor,target,1,4.711
42,28,numeric,0.1,0.05,target,target,1,10.78
42,29,perceptual,0.03,0.05,competitor,target,1,5.104
42,30,perceptual,0.03,0.05,target,target,1,4.776
42,31,perceptual,0.1,0.05,target,decoy,0,6.536
42,32,perceptual,0.1,0.2,target,target,1,5.751
42,33,perceptual,0.1,0.2,target,target,1,5.187
42,34,numeric,0.1,0.2,competitor,target,1,11.166
42,35,numeric,0.03,0.05,target,target,1,14.942
42,36,perceptual,0.03,0.2,competitor,target,1,6.093
42,37,numeric,0.1,0.2,target,target,1,12.918
42,38,numeric,0.03,0.2,competitor,competitor,0,11.158
42,39,perceptual,0.1,0.05,competitor,competitor,0,6.568
42,40,perceptual,0.03,0.2,competitor,target,1,6.077
42,41,perceptual,0.1,0.2,target,target,1,9.276
42,42,perceptual,0.1,0.05,competitor,competitor,0,6.619
42,43,perceptual,0.03,0.2,target,target,1,4.197
42,44,numeric,0.1,0.05,target,target,1,13.682
42,45,numeric,0.03,0.05,competitor,target,1,12.849
42,46,numeric,0.1,0.05,target,target,1,17.865
42,47,perceptual,0.03,0.05,competitor,competitor,0,4.751
42,48,numeric,0.03,0.2,target,target,1,14.631
42,49,perceptual,0.03,0.05,competitor,target,1,3.894
42,50,perceptual,0.1,0.05,competitor,target,1,6.198
42,51,numeric,0.1,0.05,competitor,target,1,7.523
42,52,perceptual,0.1,0.05,competitor,target,1,6.803
42,53,numeric,0.03,0.05,competitor,target,1,9.261
42,54,numeric,0.03,0.2,competitor,competitor,0,12.565
42,55,numeric,0.1,0.2,target,target,1,9.143
42,56,numeric,0.03,0.05,target,target,1,13.75
42,57,perceptual,0.03,0.05,target,target,1,8.999
42,58,perceptual,0.1,0.2,competitor,target,1,7.075
42,59,perceptual,0.03,0.05,competitor,target,1,5.634
42,60,perceptual,0.03,0.2,competitor,target,1,4.355
42,61,numeric,0.03,0.05,competitor,competitor,0,14.794
42,62,numeric,0.03,0.2,competitor,target,1,11.163
42,63,numeric,0.03,0.2,competitor,competitor,0,16.164
42,64,perceptual,0.03,0.05,target,target,1,6.829
42,65,numeric,0.03,0.2,target,target,1,11.265
42,66,numeric,0.03,0.05,competitor,competitor,0,13.768
42,67,perceptual,0.1,0.2,target,competitor,0,6.279
42,68,numeric,0.03,0.2,competitor,target,1,14.066
42,69,perceptual,0.1,0.2,competitor,target,1,10.391
42,70,perceptual,0.1,0.2,target,target,1,5.885
42,71,perceptual,0.03,0.2,target,target,1,7.263
42,72,numeric,0.1,0.05,competitor,target,1,13.806
42,73,numeric,0.03,0.05,target,target,1,14.064
42,74,numeric,0.03,0.2,competitor,target,1,17.874
42,75,numeric,0.03,0.05,competitor,target,1,10.038
42,76,numeric,0.03,0.05,target,competitor,0,15.644
42,77,numeric,0.1,0.05,competitor,target,1,11.317
42,78,numeric,0.1,0.2,target,target,1,11.635
42,79,perceptual,0.1,0.05,competitor,target,1,4.968
42,80,numeric,0.1,0.05,competitor,target,1,8.958
42,81,numeric,0.1,0.2,target,competitor,0,9.625
42,82,perceptual,0.1,0.2,competitor,target,1,3.848
42,83,perceptual,0.1,0.2,competitor,target,1,5.246
42,84,perceptual,0.03,0.05,target,target,1,5.123
42,85,perceptual,0.03,0.05,competitor,target,1,5.95
42,86,perceptual,0.1,0.05,target,decoy,0,4.537
42,87,numeric,0.1,0.2,competitor,target,1,18.637
42,88,numeric,0.03,0.05,target,competitor,0,10.571
42,89,perceptual,0.1,0.05,competitor,target,1,5.401
42,90,numeric,0.03,0.2,competitor,decoy,0,11.23
42,91,numeric,0.1,0.05,target,target,1,9.048
42,92,numeric,0.1,0.2,target,target,1,7.961
42,94,perceptual,0.03,0.2,competitor,competitor,0,5.767
42,95,numeric,0.1,0.2,competitor,target,1,5.367
42,96,numeric,0.1,0.05,target,target,1,7.505
42,97,perceptual,0.1,0.2,competitor,target,1,3.792
42,98,perceptual,0.1,0.05,target,decoy,0,4.156
42,99,perceptual,0.03,0.05,competitor,target,1,5.909
42,100,numeric,0.03,0.2,target,target,1,8.055
42,101,perceptual,0.03,0.2,target,competitor,0,3.391
42,102,numeric,0.1,0.2,target,target,1,8.505
42,103,numeric,0.03,0.2,competitor,target,1,6.598
42,104,numeric,0.1,0.2,competitor,target,1,7.234
42,105,numeric,0.1,0.05,target,target,1,8.448
42,106,perceptual,0.03,0.05,target,decoy,0,4.783
42,107,numeric,0.03,0.2,target,target,1,10.304
42,108,perceptual,0.1,0.05,competitor,target,1,5.833
42,109,numeric,0.1,0.05,competitor,competitor,0,9.926
42,110,perceptual,0.03,0.2,target,target,1,6.399
42,111,perceptual,0.03,0.05,target,competitor,0,5.582
42,112,perceptual,0.03,0.05,competitor,decoy,0,5.439
42,113,perceptual,0.1,0.05,target,target,1,3.663
42,114,numeric,0.1,0.05,competitor,target,1,8.73
42,115,numeric,0.1,0.05,target,target,1,8.796
42,116,perceptual,0.03,0.05,competitor,target,1,4.679
42,117,numeric,0.1,0.2,target,target,1,6.953
42,118,numeric,0.03,0.05,target,target,1,10.77
42,119,perceptual,0.1,0.05,competitor,target,1,6.841
42,120,numeric,0.03,0.05,competitor,target,1,7.947
42,121,perceptual,0.1,0.05,target,decoy,0,4.063
42,122,perceptual,0.1,0.05,competitor,target,1,4.582
42,123,numeric,0.1,0.05,target,target,1,7.931
42,124,perceptual,0.03,0.2,target,target,1,4.349
42,125,perceptual,0.1,0.2,target,target,1,3.925
42,126,perceptual,0.1,0.2,target,target,1,3.981
42,127,numeric,0.1,0.05,competitor,competitor,0,8.343
42,128,perceptual,0.1,0.2,competitor,target,1,7.214
42,129,perceptual,0.1,0.05,target,decoy,0,3.387
42,130,numeric,0.1,0.05,competitor,target,1,6.589
42,131,numeric,0.03,0.2,target,target,1,7.123
42,132,numeric,0.03,0.2,target,target,1,9.952
42,133,perceptual,0.03,0.05,target,target,1,5.334
42,134,numeric,0.03,0.2,target,target,1,8.892
42,135,perceptual,0.03,0.2,competitor,competitor,0,5.051
42,136,numeric,0.1,0.05,target,decoy,0,10.012
42,137,numeric,0.1,0.2,target,target,1,10.565
42,138,perceptual,0.03,0.2,competitor,target,1,6.55
42,139,numeric,0.03,0.05,competitor,competitor,0,9.517
42,140,numeric,0.03,0.05,competitor,target,1,9.327
42,141,numeric,0.1,0.2,competitor,target,1,7.057
42,142,numeric,0.1,0.2,competitor,target,1,6.033
42,143,perceptual,0.03,0.2,competitor,competitor,0,6.466
42,144,perceptual,0.03,0.2,competitor,target,1,3.922
42,145,perceptual,0.1,0.2,competitor,target,1,2.791
42,146,numeric,0.1,0.2,target,target,1,5.491
42,147,numeric,0.1,0.05,target,target,1,6.678
42,148,perceptual,0.03,0.05,competitor,target,1,4.115
42,149,perceptual,0.03,0.2,target,target,1,4.857
42,150,numeric,0.03,0.2,competitor,competitor,0,10.942
42,151,numeric,0.03,0.05,target,target,1,6.359
42,152,perceptual,0.1,0.05,competitor,target,1,5.318
42,153,numeric,0.1,0.05,competitor,target,1,6.633
42,154,perceptual,0.1,0.05,competitor,decoy,0,4.383
42,155,numeric,0.1,0.05,target,target,1,5.716
42,156,numeric,0.1,0.2,competitor,target,1,5.034
42,157,perceptual,0.1,0.05,competitor,target,1,4.277
42,158,perceptual,0.03,0.2,target,target,1,10.244
42,159,numeric,0.1,0.2,target,target,1,7.913
42,160,numeric,0.03,0.05,competitor,competitor,0,6.395
42,161,numeric,0.1,0.2,competitor,target,1,9.588
42,162,numeric,0.1,0.2,target,target,1,5.56
42,163,perceptual,0.03,0.2,competitor,decoy,0,3.015
42,164,numeric,0.03,0.05,competitor,target,1,8.396
42,165,perceptual,0.03,0.05,target,decoy,0,4.77
42,166,perceptual,0.1,0.05,target,competitor,0,7.602
42,167,numeric,0.03,0.2,competitor,target,1,8.237
42,168,numeric,0.1,0.05,target,target,1,8.065
42,169,numeric,0.1,0.05,competitor,target,1,7.258
42,170,perceptual,0.03,0.2,competitor,target,1,4.393
42,171,perceptual,0.03,0.05,target,target,1,3.95
42,172,perceptual,0.1,0.05,target,decoy,0,5.674
42,173,perceptual,0.03,0.2,target,target,1,4.175
42,174,numeric,0.03,0.2,target,target,1,8.555
42,175,perceptual,0.03,0.05,competitor,decoy,0,4.613
42,176,numeric,0.03,0.05,competitor,competitor,0,9.154
42,177,perceptual,0.03,0.05,target,target,1,6.094
42,178,numeric,0.1,0.2,target,competitor,0,7.7
42,179,numeric,0.1,0.2,competitor,target,1,5.292
42,180,perceptual,0.1,0.2,target,target,1,5.072
42,181,numeric,0.03,0.2,target,competitor,0,8.339
42,182,numeric,0.1,0.2,competitor,target,1,7.784
42,183,numeric,0.03,0.05,target,target,1,8.376
42,184,numeric,0.03,0.2,target,target,1,7.618
42,185,numeric,0.03,0.05,target,target,1,6.967
42,186,perceptual,0.1,0.2,target,decoy,0,6.308
42,187,perceptual,0.03,0.05,competitor,competitor,0,4.375
42,188,perceptual,0.1,0.05,target,decoy,0,4.677
42,189,numeric,0.03,0.2,competitor,target,1,9.615
42,190,perceptual,0.03,0.05,target,decoy,0,3.601
42,191,numeric,0.03,0.2,target,target,1,7.537
42,192,perceptual,0.03,0.2,target,target,1,3.52
43,1,perceptual,0.03,0.05,target,target,1,8.223
43,2,perceptual,0.1,0.05,target,target,1,4.552
43,3,numeric,0.1,0.2,target,target,1,5.882
43,4,perceptual,0.1,0.2,competitor,target,1,5.027
43,5,numeric,0.03,0.05,target,target,1,6.473
43,6,numeric,0.1,0.2,target,target,1,7.816
43,7,perceptual,0.1,0.2,target,target,1,5.036
43,8,perceptual,0.03,0.2,target,target,1,7.865
43,9,numeric,0.03,0.2,target,target,1,6.283
43,10,numeric,0.1,0.2,competitor,target,1,7.5
43,11,numeric,0.1,0.2,competitor,target,1,5.149
43,12,numeric,0.03,0.2,target,competitor,0,10.17
43,13,numeric,0.03,0.05,target,target,1,7.757
43,14,numeric,0.1,0.05,competitor,target,1,7.516
43,15,numeric,0.1,0.05,target,target,1,9.553
43,16,perceptual,0.1,0.05,competitor,target,1,5.733
43,17,perceptual,0.1,0.05,target,target,1,4.24
43,18,perceptual,0.1,0.2,competitor,target,1,4.764
43,19,perceptual,0.03,0.05,target,target,1,4.973
43,20,perceptual,0.03,0.2,target,target,1,3.915
43,21,numeric,0.1,0.05,competitor,target,1,6.566
43,22,numeric,0.1,0.2,target,target,1,7.373
43,23,perceptual,0.03,0.05,competitor,target,1,7.713
43,24,numeric,0.03,0.05,competitor,target,1,8.084
43,25,perceptual,0.1,0.2,competitor,target,1,6.1
43,26,perceptual,0.03,0.05,competitor,target,1,10.371
43,27,numeric,0.1,0.05,competitor,competitor,0,7.013
43,28,numeric,0.1,0.05,target,competitor,0,10.15
43,29,numeric,0.03,0.05,target,target,1,8.254
43,30,perceptual,0.03,0.05,target,target,1,6.566
43,31,perceptual,0.1,0.2,competitor,competitor,0,5.932
43,32,perceptual,0.03,0.05,competitor,target,1,5.723
43,33,perceptual,0.03,0.2,target,target,1,5.489
43,34,numeric,0.03,0.2,target,target,1,8.917
43,35,numeric,0.03,0.2,competitor,competitor,0,10.589
43,36,perceptual,0.03,0.2,competitor,competitor,0,6.982
43,37,numeric,0.1,0.05,competitor,target,1,5.832
43,38,perceptual,0.03,0.05,competitor,target,1,8.509
43,39,perceptual,0.03,0.05,target,decoy,0,8.241
43,40,perceptual,0.03,0.05,competitor,competitor,0,7.897
43,41,numeric,0.03,0.05,target,target,1,8.055
43,42,perceptual,0.03,0.2,competitor,target,1,9.633
43,43,perceptual,0.03,0.2,target,competitor,0,7.127
43,44,perceptual,0.1,0.2,target,target,1,8.515
43,45,perceptual,0.1,0.05,competitor,target,1,5.916
43,46,perceptual,0.1,0.05,target,target,1,5.834
43,47,perceptual,0.1,0.2,target,competitor,0,9.051
43,48,numeric,0.03,0.2,target,target,1,6.548
43,49,perceptual,0.03,0.2,target,target,1,3.572
43,50,perceptual,0.1,0.05,competitor,decoy,0,3.531
43,51,perceptual,0.03,0.05,target,decoy,0,9.068
43,52,perceptual,0.03,0.05,target,target,1,11.55
43,53,perceptual,0.1,0.2,target,decoy,0,6.11
43,54,perceptual,0.03,0.05,target,competitor,0,8.567
43,55,numeric,0.1,0.2,competitor,competitor,0,7.046
43,56,perceptual,0.03,0.2,competitor,target,1,9.782
43,57,perceptual,0.1,0.05,competitor,target,1,5.183
43,58,numeric,0.1,0.05,target,target,1,7.073
43,59,numeric,0.1,0.2,competitor,competitor,0,8.868
43,60,perceptual,0.1,0.2,target,target,1,4.947
43,61,perceptual,0.03,0.2,target,competitor,0,4.425
43,62,numeric,0.1,0.2,target,target,1,11.048
43,63,perceptual,0.1,0.05,target,target,1,6.157
43,64,numeric,0.1,0.2,target,target,1,4.571
43,65,numeric,0.03,0.05,competitor,target,1,4.587
43,66,perceptual,0.03,0.2,competitor,target,1,5.406
43,67,perceptual,0.1,0.2,competitor,target,1,5.048
43,68,numeric,0.1,0.2,target,target,1,6.552
43,69,perceptual,0.1,0.2,target,target,1,4.144
43,70,numeric,0.1,0.05,competitor,target,1,6.28
43,71,numeric,0.1,0.05,target,target,1,7.332
43,72,numeric,0.03,0.05,competitor,target,1,5.632
43,73,numeric,0.03,0.2,competitor,competitor,0,8.97
43,74,numeric,0.1,0.2,competitor,competitor,0,8.585
43,75,numeric,0.03,0.2,target,target,1,11.853
43,76,numeric,0.03,0.05,target,competitor,0,8.433
43,77,numeric,0.03,0.05,target,target,1,10.098
43,78,perceptual,0.03,0.05,target,target,1,10.765
43,79,perceptual,0.1,0.2,target,target,1,6.741
43,80,perceptual,0.03,0.2,competitor,competitor,0,6.387
43,81,perceptual,0.03,0.05,competitor,decoy,0,9.009
43,82,perceptual,0.03,0.2,target,competitor,0,8.267
43,83,numeric,0.03,0.2,competitor,competitor,0,4.9
43,84,perceptual,0.1,0.2,competitor,target,1,3.706
43,85,numeric,0.03,0.2,competitor,target,1,5.897
43,86,perceptual,0.1,0.2,target,target,1,6.022
43,87,perceptual,0.1,0.2,competitor,target,1,9.89
43,88,perceptual,0.1,0.2,target,target,1,7.382
43,89,numeric,0.1,0.05,competitor,target,1,4.832
43,90,numeric,0.03,0.2,target,competitor,0,8.878
43,91,perceptual,0.03,0.05,target,target,1,10.046
43,92,perceptual,0.1,0.05,target,target,1,8.615
43,93,numeric,0.1,0.05,competitor,target,1,5.151
43,94,perceptual,0.1,0.05,target,decoy,0,7.982
43,95,numeric,0.03,0.05,competitor,competitor,0,11.715
43,96,perceptual,0.1,0.2,target,target,1,7.632
43,97,perceptual,0.1,0.2,competitor,target,1,4.839
43,98,perceptual,0.1,0.05,competitor,target,1,5.337
43,99,perceptual,0.1,0.05,competitor,target,1,7.866
43,100,perceptual,0.1,0.05,target,decoy,0,9.836
43,101,perceptual,0.03,0.05,competitor,target,1,15.931
43,102,perceptual,0.1,0.05,competitor,target,1,4.384
43,103,perceptual,0.1,0.05,target,target,1,11.724
43,104,numeric,0.03,0.05,competitor,target,1,4.92
43,105,perceptual,0.03,0.2,target,target,1,4.564
43,106,numeric,0.1,0.05,competitor,target,1,4.348
43,107,perceptual,0.03,0.05,competitor,target,1,4.43
43,108,numeric,0.1,0.05,target,target,1,5.502
43,109,numeric,0.03,0.2,target,target,1,5.019
43,110,numeric,0.03,0.2,target,target,1,7.433
43,111,perceptual,0.1,0.05,competitor,target,1,4.099
43,112,perceptual,0.1,0.2,target,target,1,3.435
43,113,numeric,0.1,0.2,target,target,1,7.389
43,114,perceptual,0.03,0.2,competitor,target,1,6.052
43,115,numeric,0.1,0.05,target,target,1,5.707
43,116,numeric,0.1,0.2,target,target,1,3.949
43,117,perceptual,0.1,0.2,competitor,target,1,4.399
43,118,numeric,0.1,0.05,competitor,target,1,6.777
43,119,perceptual,0.03,0.2,target,competitor,0,2.748
43,120,numeric,0.03,0.05,target,competitor,0,7.984
43,121,perceptual,0.1,0.2,competitor,target,1,4.117
43,122,perceptual,0.1,0.05,target,target,1,9.683
43,123,numeric,0.03,0.2,competitor,target,1,16.697
43,124,numeric,0.03,0.2,competitor,target,1,13.995
43,125,numeric,0.03,0.05,competitor,target,1,13.321
43,126,numeric,0.1,0.2,competitor,target,1,7.038
43,127,perceptual,0.03,0.2,competitor,competitor,0,10.202
43,128,numeric,0.03,0.05,competitor,target,1,7.15
43,129,perceptual,0.03,0.2,competitor,target,1,4.589
43,130,numeric,0.1,0.05,competitor,target,1,5.8
43,131,numeric,0.1,0.2,target,competitor,0,7.891
43,132,numeric,0.1,0.2,target,target,1,8.719
43,133,numeric,0.03,0.2,competitor,competitor,0,9.55
43,134,numeric,0.1,0.05,target,target,1,8.514
43,135,numeric,0.03,0.05,target,target,1,14.571
43,136,numeric,0.1,0.2,competitor,target,1,10.38
43,137,numeric,0.03,0.2,target,target,1,6.209
43,138,numeric,0.1,0.2,competitor,target,1,6.218
43,139,perceptual,0.1,0.05,competitor,target,1,5.334
43,140,perceptual,0.03,0.05,target,competitor,0,5.92
43,141,numeric,0.1,0.2,target,target,1,10.67
43,142,numeric,0.03,0.05,competitor,target,1,12.132
43,143,numeric,0.03,0.2,target,competitor,0,6.716
43,144,numeric,0.03,0.05,target,target,1,16.32
43,145,perceptual,0.1,0.05,target,target,1,7.376
43,146,numeric,0.1,0.05,target,target,1,5.673
43,147,numeric,0.03,0.2,competitor,target,1,6.507
43,148,numeric,0.03,0.05,target,target,1,10.235
43,149,perceptual,0.1,0.2,target,target,1,7.184
43,150,numeric,0.03,0.2,target,target,1,14.174
43,151,perceptual,0.1,0.05,target,target,1,4.354
43,152,numeric,0.1,0.2,competitor,target,1,9.316
43,153,numeric,0.03,0.05,target,target,1,15.221
43,154,perceptual,0.03,0.2,target,competitor,0,11.732
43,155,numeric,0.1,0.05,target,target,1,5.015
43,156,perceptual,0.03,0.2,target,target,1,10.783
43,157,perceptual,0.03,0.05,target,target,1,8.805
43,158,perceptual,0.03,0.05,target,target,1,6.633
43,159,numeric,0.03,0.05,competitor,target,1,12.865
43,160,perceptual,0.03,0.05,competitor,competitor,0,11.957
43,161,perceptual,0.1,0.05,target,decoy,0,7.928
43,162,numeric,0.03,0.05,competitor,target,1,6.365
43,163,perceptual,0.03,0.2,target,competitor,0,7.016
43,164,numeric,0.1,0.05,target,target,1,8.088
43,165,perceptual,0.1,0.2,competitor,competitor,0,6.998
43,166,numeric,0.03,0.05,target,target,1,6.904
43,167,numeric,0.03,0.05,competitor,competitor,0,8.337
43,168,numeric,0.03,0.2,competitor,target,1,10.551
43,169,numeric,0.03,0.2,competitor,competitor,0,9.415
43,170,perceptual,0.1,0.05,competitor,target,1,5.95
43,171,perceptual,0.1,0.2,competitor,target,1,6.772
43,172,numeric,0.1,0.2,competitor,target,1,10.79
43,173,numeric,0.03,0.05,competitor,competitor,0,9.994
43,174,numeric,0.1,0.05,target,target,1,11.417
43,175,perceptual,0.03,0.2,competitor,competitor,0,6.249
43,176,perceptual,0.03,0.05,competitor,target,1,7.215
43,177,perceptual,0.03,0.2,competitor,target,1,8.429
43,178,numeric,0.1,0.05,competitor,target,1,6.563
43,179,numeric,0.1,0.05,competitor,target,1,6.479
43,180,perceptual,0.1,0.05,competitor,target,1,6.289
43,181,perceptual,0.03,0.2,competitor,competitor,0,6.288
43,182,numeric,0.03,0.2,target,target,1,15.24
43,183,perceptual,0.03,0.2,competitor,target,1,8.155
43,184,numeric,0.1,0.2,competitor,target,1,14.065
43,185,perceptual,0.03,0.05,competitor,competitor,0,6.585
43,186,numeric,0.1,0.2,competitor,target,1,9.049
43,187,perceptual,0.03,0.05,competitor,competitor,0,7.513
43,188,numeric,0.1,0.2,target,target,1,8.176
43,189,numeric,0.1,0.05,target,target,1,8.17
43,190,perceptual,0.1,0.05,competitor,target,1,6.873
43,191,numeric,0.03,0.2,competitor,target,1,7.789
43,192,numeric,0.03,0.2,competitor,target,1,17.549
44,1,perceptual,0.1,0.2,competitor,target,1,3.763
44,2,perceptual,0.1,0.2,target,competitor,0,3.443
44,3,perceptual,0.1,0.05,target,target,1,5.92
44,4,numeric,0.03,0.2,competitor,target,1,7.518
44,5,perceptual,0.03,0.2,competitor,target,1,5.465
44,6,perceptual,0.03,0.2,target,target,1,3.852
44,7,numeric,0.1,0.05,competitor,competitor,0,7.968
44,8,numeric,0.1,0.2,target,competitor,0,3.897
44,9,numeric,0.03,0.2,competitor,competitor,0,6.982
44,10,perceptual,0.1,0.2,target,target,1,5.499
44,11,numeric,0.1,0.2,competitor,target,1,5.708
44,12,numeric,0.1,0.2,target,target,1,5.521
44,13,perceptual,0.03,0.05,competitor,target,1,7.468
44,14,numeric,0.1,0.05,competitor,competitor,0,3.638
44,15,perceptual,0.03,0.05,competitor,target,1,5.149
44,16,perceptual,0.1,0.2,competitor,target,1,3.335
44,17,perceptual,0.03,0.05,target,target,1,5.54
44,18,perceptual,0.03,0.2,competitor,target,1,6.603
44,19,perceptual,0.1,0.2,competitor,target,1,4.12
44,20,perceptual,0.1,0.05,target,target,1,7.785
44,21,perceptual,0.03,0.2,target,target,1,5.566
44,22,perceptual,0.1,0.05,competitor,target,1,4.883
44,23,numeric,0.03,0.05,competitor,competitor,0,6.836
44,24,perceptual,0.1,0.05,target,target,1,6.3
44,25,perceptual,0.1,0.2,target,target,1,3.388
44,26,perceptual,0.1,0.05,target,target,1,5.601
44,27,perceptual,0.03,0.05,competitor,target,1,3.78
44,28,numeric,0.1,0.05,target,target,1,5.938
44,29,numeric,0.03,0.2,competitor,competitor,0,3.68
44,30,perceptual,0.03,0.2,competitor,competitor,0,3.253
44,31,perceptual,0.03,0.05,target,target,1,4.057
44,32,perceptual,0.03,0.05,target,target,1,8.452
44,33,perceptual,0.03,0.2,target,competitor,0,5.557
44,34,numeric,0.03,0.2,target,target,1,10.034
44,35,numeric,0.1,0.05,target,target,1,7.333
44,36,perceptual,0.1,0.2,target,target,1,4.882
44,37,perceptual,0.1,0.05,competitor,target,1,8.267
44,38,perceptual,0.03,0.05,competitor,target,1,7.299
44,39,numeric,0.1,0.2,competitor,target,1,6.912
44,40,numeric,0.1,0.05,competitor,competitor,0,13.172
44,41,perceptual,0.03,0.2,competitor,target,1,6.004
44,42,perceptual,0.1,0.05,competitor,target,1,3.346
44,43,perceptual,0.03,0.2,competitor,target,1,7.537
44,44,perceptual,0.03,0.05,target,target,1,7.471
44,45,perceptual,0.03,0.2,target,target,1,7.981
44,46,numeric,0.1,0.2,competitor,target,1,7.63
44,47,numeric,0.03,0.2,competitor,competitor,0,6.692
44,48,perceptual,0.1,0.2,target,target,1,6.799
44,49,perceptual,0.1,0.2,target,target,1,5.285
44,50,numeric,0.03,0.05,competitor,target,1,6.484
44,51,perceptual,0.1,0.2,competitor,target,1,3.924
44,52,numeric,0.1,0.05,target,target,1,4.698
44,53,numeric,0.03,0.2,competitor,competitor,0,5.248
44,54,numeric,0.1,0.05,target,target,1,7.545
44,55,perceptual,0.1,0.05,competitor,competitor,0,7.545
44,56,numeric,0.03,0.05,competitor,target,1,11.293
44,57,numeric,0.03,0.2,competitor,competitor,0,11.549
44,58,perceptual,0.03,0.05,target,decoy,0,3.412
44,59,perceptual,0.1,0.05,target,decoy,0,5.366
44,60,numeric,0.03,0.2,target,target,1,4.724
44,61,perceptual,0.03,0.05,competitor,target,1,8.712
44,62,perceptual,0.1,0.2,competitor,competitor,0,3.956
44,63,numeric,0.03,0.05,competitor,target,1,8.97
44,64,perceptual,0.03,0.2,target,target,1,5.955
44,65,perceptual,0.03,0.2,competitor,competitor,0,7.188
44,66,numeric,0.03,0.2,target,target,1,5.071
44,67,numeric,0.03,0.2,target,competitor,0,6.23
44,68,perceptual,0.1,0.05,competitor,competitor,0,4.77
44,69,numeric,0.1,0.2,competitor,target,1,7.097
44,70,numeric,0.03,0.2,target,target,1,12.167
44,71,numeric,0.1,0.05,competitor,target,1,7.416
44,72,perceptual,0.03,0.05,target,target,1,7.558
44,73,perceptual,0.03,0.05,target,competitor,0,6.235
44,74,perceptual,0.03,0.05,competitor,target,1,7.648
44,75,numeric,0.1,0.2,target,target,1,6.837
44,76,perceptual,0.1,0.05,target,target,1,8.258
44,77,perceptual,0.1,0.2,competitor,competitor,0,4.438
44,78,perceptual,0.03,0.2,target,target,1,10.151
44,79,numeric,0.1,0.05,target,target,1,9.104
44,80,perceptual,0.03,0.2,target,target,1,6.333
44,81,numeric,0.1,0.05,target,target,1,15.393
44,82,numeric,0.03,0.05,target,target,1,6.247
44,83,numeric,0.1,0.2,target,target,1,6.876
44,84,perceptual,0.03,0.2,target,target,1,4.778
44,85,perceptual,0.03,0.05,competitor,competitor,0,8.432
44,86,perceptual,0.1,0.2,competitor,competitor,0,5.638
44,87,numeric,0.03,0.05,target,target,1,10.702
44,88,numeric,0.1,0.05,target,target,1,9.09
44,89,perceptual,0.1,0.05,competitor,target,1,3.77
44,90,perceptual,0.1,0.2,target,target,1,5.253
44,91,numeric,0.1,0.2,competitor,target,1,9.456
44,92,perceptual,0.1,0.05,competitor,target,1,3.749
44,93,numeric,0.1,0.05,target,target,1,6.922
44,94,numeric,0.1,0.2,competitor,target,1,13.388
44,95,numeric,0.03,0.2,competitor,competitor,0,7.231
44,96,numeric,0.1,0.2,target,target,1,6.726
44,97,numeric,0.1,0.05,competitor,target,1,5.812
44,98,numeric,0.03,0.05,target,competitor,0,11.75
44,99,numeric,0.1,0.2,competitor,target,1,11.971
44,100,perceptual,0.03,0.05,competitor,target,1,4.781
44,101,numeric,0.03,0.05,competitor,competitor,0,11.714
44,102,perceptual,0.03,0.05,competitor,target,1,8.845
44,103,numeric,0.03,0.05,target,target,1,10.074
44,104,numeric,0.03,0.05,target,target,1,7.999
44,105,numeric,0.03,0.05,competitor,competitor,0,12.879
44,106,numeric,0.03,0.2,competitor,target,1,12.286
44,107,perceptual,0.1,0.2,competitor,target,1,4.705
44,108,numeric,0.03,0.2,competitor,target,1,6.605
44,109,perceptual,0.1,0.2,target,target,1,4.316
44,110,perceptual,0.1,0.2,target,competitor,0,5.17
44,111,numeric,0.1,0.2,target,target,1,8.196
44,112,numeric,0.1,0.2,competitor,competitor,0,9.755
44,113,numeric,0.03,0.2,target,competitor,0,13.51
44,114,perceptual,0.03,0.05,competitor,target,1,6.256
44,115,perceptual,0.1,0.05,target,target,1,5.319
44,116,perceptual,0.1,0.05,target,target,1,7.588
44,117,perceptual,0.03,0.05,target,target,1,5.155
44,118,perceptual,0.1,0.2,target,target,1,5.987
44,119,numeric,0.1,0.2,target,target,1,8.866
44,120,perceptual,0.03,0.05,competitor,competitor,0,7.081
44,121,perceptual,0.03,0.2,competitor,target,1,7.424
44,122,numeric,0.03,0.05,competitor,competitor,0,16.22
44,123,perceptual,0.03,0.05,competitor,competitor,0,11.402
44,124,perceptual,0.1,0.05,competitor,target,1,5.979
44,125,perceptual,0.03,0.05,target,competitor,0,5.417
44,126,numeric,0.03,0.05,target,target,1,12.768
44,127,numeric,0.03,0.05,competitor,competitor,0,14.05
44,128,numeric,0.03,0.2,competitor,target,1,11.257
44,129,numeric,0.1,0.2,target,target,1,9.814
44,130,numeric,0.03,0.2,competitor,competitor,0,11.073
44,131,numeric,0.1,0.05,target,target,1,10.52
44,132,perceptual,0.03,0.2,target,target,1,4.667
44,133,perceptual,0.03,0.05,target,competitor,0,5.598
44,134,numeric,0.1,0.05,target,target,1,7.499
44,135,perceptual,0.1,0.2,target,target,1,3.366
44,136,numeric,0.1,0.2,competitor,target,1,8.018
44,137,numeric,0.03,0.2,competitor,competitor,0,5.748
44,138,perceptual,0.1,0.05,competitor,target,1,4.765
44,139,perceptual,0.1,0.05,target,competitor,0,4.387
44,140,perceptual,0.1,0.05,competitor,target,1,5.17
44,141,perceptual,0.1,0.05,competitor,target,1,6.297
44,142,numeric,0.1,0.05,competitor,target,1,11.213
44,143,perceptual,0.1,0.2,competitor,target,1,3.599
44,144,numeric,0.03,0.2,target,target,1,10.064
44,145,perceptual,0.03,0.2,competitor,target,1,4.3
44,146,perceptual,0.03,0.05,target,target,1,2.931
44,147,numeric,0.03,0.05,competitor,target,1,7.848
44,148,numeric,0.03,0.2,target,competitor,0,8.663
44,149,perceptual,0.1,0.2,competitor,target,1,2.765
44,150,numeric,0.1,0.05,competitor,target,1,12.354
44,151,numeric,0.03,0.05,competitor,competitor,0,10.799
44,152,numeric,0.03,0.2,target,target,1,10.963
44,153,numeric,0.03,0.05,competitor,competitor,0,11.333
44,154,numeric,0.03,0.2,target,target,1,13.579
44,155,perceptual,0.1,0.2,target,target,1,4.524
44,156,numeric,0.1,0.2,competitor,target,1,15.248
44,157,perceptual,0.03,0.2,target,competitor,0,3.936
44,158,numeric,0.1,0.2,target,target,1,10.227
44,159,perceptual,0.03,0.2,competitor,competitor,0,11.098
44,160,numeric,0.1,0.05,competitor,target,1,12.236
44,161,perceptual,0.1,0.05,target,decoy,0,6.785
44,162,numeric,0.03,0.05,target,target,1,9.138
44,163,numeric,0.1,0.2,target,target,1,8.497
44,164,numeric,0.1,0.05,competitor,decoy,0,14.769
44,165,numeric,0.1,0.05,target,target,1,12.382
44,166,numeric,0.03,0.05,competitor,competitor,0,7.333
44,167,numeric,0.03,0.05,target,target,1,11.996
44,168,perceptual,0.03,0.2,competitor,target,1,4.627
44,169,perceptual,0.03,0.2,target,competitor,0,7.082
44,170,perceptual,0.1,0.05,target,target,1,13.306
44,171,numeric,0.1,0.05,competitor,target,1,14.33
44,172,numeric,0.1,0.05,competitor,target,1,15.362
44,173,perceptual,0.03,0.2,target,target,1,5.393
44,174,perceptual,0.1,0.2,competitor,target,1,6.995
44,175,numeric,0.1,0.05,target,target,1,7.682
44,176,perceptual,0.03,0.05,target,competitor,0,6.039
44,177,perceptual,0.03,0.2,competitor,competitor,0,5.954
44,178,numeric,0.1,0.2,target,target,1,7.824
44,179,perceptual,0.1,0.2,competitor,target,1,4.586
44,180,perceptual,0.1,0.05,competitor,target,1,5.112
44,181,numeric,0.03,0.05,target,target,1,8.544
44,182,perceptual,0.03,0.2,competitor,target,1,5.534
44,183,perceptual,0.1,0.05,target,decoy,0,7.48
44,184,numeric,0.1,0.2,target,target,1,9.027
44,185,numeric,0.03,0.2,target,target,1,12.388
44,186,numeric,0.1,0.2,competitor,target,1,11.613
44,187,numeric,0.1,0.2,competitor,target,1,9.135
44,188,numeric,0.03,0.2,target,competitor,0,14.331
44,189,numeric,0.03,0.05,target,target,1,12.006
44,190,numeric,0.1,0.05,competitor,target,1,13.426
44,191,numeric,0.03,0.05,target,target,1,7.586
44,192,numeric,0.03,0.05,target,target,1,7.198
45,1,numeric,0.03,0.2,competitor,target,1,14.536
45,2,numeric,0.03,0.05,competitor,target,1,10.197
45,3,perceptual,0.03,0.05,competitor,competitor,0,11.037
45,4,perceptual,0.03,0.05,target,target,1,8.043
45,5,perceptual,0.1,0.2,competitor,target,1,9.365
45,6,numeric,0.03,0.2,target,target,1,11.141
45,7,perceptual,0.03,0.2,target,target,1,5.716
45,8,perceptual,0.03,0.2,target,target,1,5.295
45,9,numeric,0.1,0.2,target,competitor,0,16.197
45,10,perceptual,0.03,0.2,target,target,1,4.115
45,11,perceptual,0.03,0.2,competitor,competitor,0,5
45,12,perceptual,0.1,0.2,competitor,target,1,3.262
45,13,numeric,0.03,0.05,target,target,1,11.349
45,14,numeric,0.1,0.05,target,target,1,6.589
45,15,numeric,0.03,0.2,target,competitor,0,14.479
45,16,numeric,0.1,0.2,target,target,1,9.608
45,17,perceptual,0.03,0.05,target,competitor,0,5.216
45,19,numeric,0.1,0.05,competitor,target,1,10.292
45,20,perceptual,0.03,0.05,target,target,1,6.53
45,21,numeric,0.03,0.05,competitor,competitor,0,12.127
45,22,numeric,0.1,0.2,target,target,1,7.108
45,23,perceptual,0.1,0.2,target,competitor,0,4.551
45,24,perceptual,0.1,0.05,competitor,competitor,0,7.49
45,25,perceptual,0.1,0.05,competitor,competitor,0,7.337
45,26,numeric,0.1,0.2,competitor,target,1,6.927
45,27,numeric,0.03,0.05,target,target,1,6.461
45,28,perceptual,0.1,0.2,competitor,target,1,3.453
45,29,numeric,0.1,0.2,competitor,target,1,10.498
45,30,perceptual,0.1,0.2,competitor,target,1,5.173
45,31,numeric,0.03,0.05,target,target,1,9.474
45,32,numeric,0.1,0.05,target,target,1,10.238
45,33,numeric,0.03,0.05,target,target,1,6.657
45,34,perceptual,0.1,0.05,target,target,1,5.168
45,35,perceptual,0.1,0.2,target,target,1,8.083
45,36,numeric,0.03,0.2,target,competitor,0,7.511
45,37,numeric,0.03,0.05,competitor,competitor,0,7.538
45,38,perceptual,0.1,0.2,competitor,target,1,4.311
45,39,numeric,0.1,0.05,competitor,target,1,7.972
45,40,numeric,0.03,0.2,competitor,competitor,0,7.851
45,41,perceptual,0.1,0.05,target,target,1,4.277
45,42,numeric,0.03,0.2,competitor,target,1,5.944
45,43,numeric,0.1,0.2,competitor,target,1,8.14
45,44,perceptual,0.1,0.05,competitor,target,1,4.237
45,45,perceptual,0.03,0.05,competitor,target,1,5.032
45,46,perceptual,0.03,0.2,target,competitor,0,4.728
45,47,numeric,0.03,0.2,target,competitor,0,9.464
45,48,numeric,0.03,0.05,target,target,1,8.675
45,49,numeric,0.03,0.05,target,target,1,11.248
45,50,numeric,0.03,0.05,target,target,1,6.591
45,51,perceptual,0.1,0.05,competitor,target,1,7.414
45,52,numeric,0.1,0.2,target,target,1,7.693
45,53,numeric,0.03,0.05,target,target,1,6.768
45,54,perceptual,0.1,0.05,target,competitor,0,4.293
45,55,perceptual,0.1,0.2,target,competitor,0,9.45
45,56,numeric,0.1,0.2,competitor,target,1,6.957
45,57,perceptual,0.1,0.05,target,target,1,5.729
45,58,perceptual,0.1,0.05,competitor,target,1,6.941
45,59,numeric,0.03,0.2,competitor,target,1,9.444
45,60,numeric,0.03,0.2,competitor,target,1,7.323
45,61,perceptual,0.1,0.05,target,target,1,6.809
45,62,perceptual,0.03,0.05,target,target,1,3.608
45,63,perceptual,0.03,0.2,competitor,target,1,4.099
45,64,perceptual,0.03,0.2,competitor,target,1,7.759
45,65,perceptual,0.03,0.2,competitor,target,1,3.439
45,66,perceptual,0.1,0.05,competitor,target,1,3.386
45,67,perceptual,0.03,0.2,target,competitor,0,3.131
45,68,perceptual,0.03,0.05,target,decoy,0,2.775
45,69,numeric,0.03,0.2,target,competitor,0,5.968
45,70,perceptual,0.03,0.05,target,competitor,0,3.517
45,71,perceptual,0.1,0.2,target,target,1,4.87
45,72,perceptual,0.1,0.05,competitor,decoy,0,5.852
45,73,perceptual,0.03,0.2,target,competitor,0,5.935
45,74,numeric,0.1,0.2,competitor,target,1,6.798
45,75,numeric,0.1,0.05,competitor,target,1,6.661
45,76,perceptual,0.1,0.2,target,target,1,2.72
45,77,numeric,0.03,0.05,competitor,target,1,7.534
45,78,numeric,0.1,0.05,target,competitor,0,9.444
45,79,perceptual,0.1,0.05,target,decoy,0,2.906
45,80,perceptual,0.03,0.2,competitor,target,1,3.244
45,81,perceptual,0.1,0.2,target,target,1,3.108
45,82,perceptual,0.03,0.05,competitor,competitor,0,5.311
45,83,numeric,0.1,0.2,competitor,target,1,5.729
45,84,perceptual,0.03,0.05,competitor,competitor,0,3.596
45,85,numeric,0.1,0.2,target,target,1,5.119
45,86,perceptual,0.1,0.2,target,target,1,3.975
45,87,perceptual,0.1,0.05,competitor,target,1,5.423
45,88,perceptual,0.1,0.2,competitor,target,1,3.217
45,89,numeric,0.03,0.2,target,target,1,6.039
45,90,numeric,0.03,0.2,competitor,competitor,0,9.448
45,91,numeric,0.1,0.2,competitor,target,1,9.223
45,92,numeric,0.03,0.2,competitor,competitor,0,19.917
45,93,perceptual,0.03,0.05,target,target,1,8.549
45,95,perceptual,0.1,0.05,target,decoy,0,11.5
45,96,perceptual,0.03,0.05,competitor,target,1,7.964
45,97,numeric,0.1,0.2,competitor,target,1,6.522
45,98,numeric,0.1,0.2,target,target,1,6.353
45,99,numeric,0.1,0.2,target,target,1,7.531
45,100,perceptual,0.03,0.2,competitor,competitor,0,4.225
45,101,perceptual,0.03,0.2,target,competitor,0,5.835
45,102,perceptual,0.1,0.05,competitor,competitor,0,3.762
45,103,perceptual,0.03,0.05,target,competitor,0,3.641
45,104,numeric,0.03,0.05,target,target,1,6.874
45,105,perceptual,0.03,0.05,competitor,target,1,5.459
45,106,numeric,0.1,0.05,target,target,1,9.047
45,107,perceptual,0.03,0.2,competitor,target,1,3.957
45,108,perceptual,0.1,0.05,target,decoy,0,3.525
45,109,numeric,0.1,0.05,target,target,1,5.337
45,110,numeric,0.03,0.2,target,target,1,7.338
45,111,numeric,0.03,0.2,competitor,target,1,6.534
45,112,numeric,0.1,0.05,competitor,target,1,9.199
45,113,perceptual,0.1,0.2,target,competitor,0,6.619
45,114,numeric,0.03,0.05,competitor,competitor,0,7.189
45,115,perceptual,0.03,0.05,competitor,target,1,10.196
45,116,perceptual,0.1,0.2,competitor,target,1,6.178
45,117,perceptual,0.1,0.2,target,target,1,4.654
45,118,numeric,0.1,0.2,competitor,target,1,6.121
45,119,numeric,0.1,0.05,competitor,target,1,10.639
45,120,perceptual,0.1,0.2,competitor,target,1,3.403
45,121,numeric,0.1,0.05,competitor,competitor,0,11.48
45,122,numeric,0.03,0.05,competitor,target,1,5.157
45,123,perceptual,0.1,0.2,target,target,1,5.512
45,124,numeric,0.1,0.05,competitor,target,1,6.148
45,125,perceptual,0.03,0.2,target,target,1,5.096
45,126,numeric,0.1,0.2,target,target,1,6.998
45,127,numeric,0.03,0.2,target,target,1,8.743
45,128,perceptual,0.1,0.2,competitor,target,1,3.956
45,129,numeric,0.03,0.05,competitor,competitor,0,6.136
45,130,perceptual,0.03,0.2,target,competitor,0,3.167
45,131,perceptual,0.03,0.2,competitor,target,1,3.302
45,132,numeric,0.1,0.05,target,target,1,4.401
45,133,numeric,0.03,0.2,target,target,1,5.157
45,134,perceptual,0.03,0.05,competitor,decoy,0,4.416
45,135,numeric,0.1,0.05,target,target,1,5.84
45,136,perceptual,0.03,0.05,competitor,competitor,0,4.101
45,137,numeric,0.1,0.2,target,target,1,9.092
45,138,numeric,0.1,0.2,competitor,target,1,7.372
45,139,numeric,0.03,0.2,competitor,competitor,0,7.753
45,140,perceptual,0.1,0.05,target,target,1,4.441
45,141,numeric,0.03,0.05,competitor,target,1,5.408
45,142,perceptual,0.1,0.2,target,target,1,2.965
45,143,numeric,0.1,0.05,target,target,1,13.578
45,144,numeric,0.1,0.2,target,competitor,0,12.082
45,145,perceptual,0.03,0.2,competitor,target,1,3.041
45,146,numeric,0.1,0.2,target,target,1,4.676
45,147,perceptual,0.1,0.2,target,target,1,2.912
45,148,numeric,0.03,0.2,target,target,1,5.648
45,149,perceptual,0.03,0.2,target,competitor,0,4.066
45,150,numeric,0.03,0.05,target,target,1,5.315
45,151,numeric,0.03,0.2,competitor,target,1,5.272
45,152,numeric,0.1,0.05,competitor,target,1,5.131
45,153,perceptual,0.03,0.05,target,decoy,0,5.663
45,154,perceptual,0.1,0.05,target,competitor,0,6.265
45,155,perceptual,0.03,0.05,target,competitor,0,4.633
45,156,numeric,0.1,0.05,target,target,1,4.327
45,157,perceptual,0.03,0.2,competitor,target,1,3.524
45,158,numeric,0.03,0.2,competitor,target,1,12.039
45,159,numeric,0.03,0.2,target,competitor,0,6.063
45,160,perceptual,0.1,0.05,competitor,decoy,0,2.68
45,161,perceptual,0.1,0.05,competitor,target,1,2.961
45,162,numeric,0.1,0.05,target,target,1,6.981
45,163,numeric,0.1,0.2,competitor,target,1,5.434
45,164,numeric,0.1,0.05,target,target,1,5.501
45,165,perceptual,0.03,0.05,competitor,competitor,0,5.727
45,166,numeric,0.03,0.05,competitor,competitor,0,6.404
45,167,numeric,0.03,0.2,competitor,target,1,5.925
45,168,numeric,0.03,0.05,competitor,competitor,0,4.934
45,169,numeric,0.1,0.2,competitor,target,1,5.797
45,170,perceptual,0.03,0.2,target,competitor,0,4.298
45,171,perceptual,0.03,0.2,competitor,target,1,3.353
45,172,perceptual,0.1,0.05,target,decoy,0,3.32
45,173,numeric,0.1,0.05,competitor,competitor,0,7.406
45,174,perceptual,0.03,0.05,competitor,target,1,3.033
45,175,perceptual,0.1,0.2,competitor,target,1,2.469
45,176,numeric,0.1,0.05,competitor,competitor,0,9.434
45,177,numeric,0.03,0.2,target,target,1,8.913
45,178,perceptual,0.03,0.2,target,competitor,0,3.842
45,179,perceptual,0.1,0.2,competitor,target,1,3.325
45,180,perceptual,0.03,0.05,competitor,target,1,2.832
45,181,perceptual,0.1,0.05,competitor,target,1,3.096
45,182,numeric,0.03,0.05,competitor,target,1,6.133
45,183,perceptual,0.03,0.05,target,target,1,2.692
45,184,numeric,0.1,0.05,target,target,1,9.332
45,185,numeric,0.03,0.05,target,target,1,5.974
45,186,numeric,0.1,0.2,target,target,1,8.129
45,187,numeric,0.03,0.05,competitor,competitor,0,8.529
45,188,perceptual,0.03,0.2,competitor,target,1,3.224
45,189,perceptual,0.1,0.2,competitor,target,1,5.311
45,190,numeric,0.03,0.05,target,competitor,0,6.244
45,191,perceptual,0.1,0.05,target,decoy,0,4.332
45,192,perceptual,0.03,0.05,target,decoy,0,3.08
46,1,perceptual,0.1,0.05,target,target,1,13.566
46,2,perceptual,0.1,0.05,competitor,target,1,19.867
46,4,perceptual,0.03,0.05,target,decoy,0,15.583
46,5,perceptual,0.1,0.2,target,competitor,0,16.079
46,7,perceptual,0.03,0.2,competitor,decoy,0,0.597
46,8,perceptual,0.1,0.2,target,target,1,8.722
46,9,perceptual,0.03,0.05,competitor,competitor,0,6.138
46,10,numeric,0.1,0.05,target,target,1,11.05
46,11,perceptual,0.1,0.05,competitor,target,1,7.033
46,12,perceptual,0.03,0.2,competitor,target,1,5.319
46,13,numeric,0.1,0.05,target,target,1,19.383
46,14,numeric,0.1,0.2,target,target,1,9.381
46,15,numeric,0.03,0.2,target,target,1,6.785
46,16,perceptual,0.1,0.05,target,target,1,14.463
46,17,numeric,0.03,0.2,competitor,competitor,0,19.65
46,18,numeric,0.03,0.2,competitor,target,1,15.855
46,19,numeric,0.1,0.2,competitor,target,1,14.9
46,20,numeric,0.1,0.05,target,target,1,16.702
46,21,numeric,0.1,0.2,competitor,competitor,0,15.745
46,22,numeric,0.1,0.05,target,target,1,9.904
46,23,perceptual,0.1,0.05,target,target,1,14.638
46,24,numeric,0.1,0.2,target,target,1,14.864
46,25,perceptual,0.1,0.05,competitor,target,1,9.866
46,26,numeric,0.03,0.2,competitor,target,1,17.837
46,27,perceptual,0.03,0.2,competitor,competitor,0,15.993
46,28,numeric,0.1,0.05,target,target,1,19
46,29,perceptual,0.1,0.2,target,target,1,11.115
46,30,perceptual,0.03,0.05,target,competitor,0,15.69
46,31,perceptual,0.1,0.05,competitor,target,1,10.929
46,33,perceptual,0.1,0.2,competitor,target,1,9.468
46,34,perceptual,0.03,0.05,target,target,1,11.279
46,35,perceptual,0.1,0.2,competitor,target,1,19.119
46,36,numeric,0.03,0.05,competitor,target,1,17.402
46,37,perceptual,0.1,0.2,target,target,1,8.661
46,38,perceptual,0.03,0.2,competitor,target,1,12.293
46,39,numeric,0.1,0.2,competitor,target,1,13.067
46,40,numeric,0.1,0.2,competitor,target,1,15.557
46,41,perceptual,0.1,0.05,target,target,1,12.693
46,42,perceptual,0.1,0.2,competitor,target,1,8.162
46,43,numeric,0.03,0.05,target,competitor,0,11.088
46,44,perceptual,0.1,0.05,target,decoy,0,10.237
46,45,perceptual,0.03,0.05,target,target,1,10.316
46,46,numeric,0.03,0.05,competitor,competitor,0,18.537
46,47,perceptual,0.03,0.05,target,target,1,10.501
46,48,perceptual,0.03,0.05,target,target,1,15.132
46,49,perceptual,0.03,0.05,competitor,target,1,13.336
46,50,perceptual,0.03,0.05,competitor,target,1,12.526
46,51,numeric,0.1,0.2,competitor,target,1,13.019
46,53,perceptual,0.03,0.2,target,target,1,0.255
46,54,numeric,0.03,0.2,competitor,target,1,0.512
46,55,numeric,0.03,0.2,target,target,1,14.173
46,56,perceptual,0.03,0.05,competitor,target,1,13.732
46,57,perceptual,0.03,0.2,target,target,1,9.43
46,58,perceptual,0.1,0.2,competitor,target,1,12.254
46,59,perceptual,0.1,0.2,target,target,1,14.23
46,60,numeric,0.03,0.05,competitor,competitor,0,17.825
46,61,perceptual,0.03,0.05,competitor,target,1,17.27
46,62,perceptual,0.1,0.2,target,target,1,11.203
46,63,numeric,0.03,0.05,target,target,1,15.34
46,64,numeric,0.1,0.05,target,target,1,12.376
46,65,numeric,0.1,0.05,competitor,target,1,14.58
46,66,perceptual,0.1,0.05,competitor,target,1,15.303
46,67,perceptual,0.03,0.2,target,competitor,0,14.909
46,68,numeric,0.1,0.2,competitor,target,1,12.075
46,69,perceptual,0.03,0.2,target,target,1,17.2
46,71,numeric,0.03,0.2,target,target,1,0.235
46,72,numeric,0.03,0.2,competitor,competitor,0,14.268
46,73,numeric,0.1,0.05,target,target,1,14.726
46,74,numeric,0.1,0.2,target,target,1,13.431
46,75,numeric,0.1,0.2,competitor,target,1,14.86
46,76,perceptual,0.1,0.2,target,target,1,8.789
46,77,numeric,0.03,0.05,competitor,target,1,17.992
46,78,numeric,0.1,0.2,target,competitor,0,16.073
46,79,perceptual,0.03,0.05,target,target,1,7.566
46,80,perceptual,0.03,0.2,competitor,target,1,7.77
46,81,numeric,0.03,0.05,competitor,target,1,16.336
46,82,perceptual,0.03,0.05,target,competitor,0,13.613
46,83,numeric,0.03,0.05,target,competitor,0,19.569
46,84,numeric,0.03,0.2,competitor,target,1,19.135
46,86,numeric,0.1,0.05,competitor,competitor,0,0.246
46,87,numeric,0.03,0.05,target,target,1,15.939
46,88,perceptual,0.03,0.2,target,target,1,8.342
46,89,perceptual,0.1,0.2,target,target,1,11.987
46,90,numeric,0.1,0.05,target,target,1,13.101
46,92,numeric,0.1,0.05,target,decoy,0,0.392
46,93,numeric,0.03,0.2,target,competitor,0,12.983
46,94,perceptual,0.1,0.05,competitor,target,1,7.385
46,95,numeric,0.03,0.2,target,target,1,12.916
46,96,numeric,0.03,0.05,competitor,target,1,9.039
46,97,numeric,0.1,0.05,competitor,target,1,7.233
46,98,perceptual,0.03,0.05,competitor,target,1,10.635
46,99,numeric,0.03,0.2,competitor,competitor,0,12.965
46,100,numeric,0.03,0.05,target,target,1,13.001
46,101,numeric,0.03,0.2,competitor,target,1,10.44
46,102,perceptual,0.1,0.2,competitor,target,1,10.268
46,103,perceptual,0.03,0.05,competitor,target,1,8.361
46,104,numeric,0.03,0.2,competitor,target,1,17.165
46,105,numeric,0.1,0.2,target,target,1,18.365
46,106,numeric,0.03,0.05,target,target,1,12.983
46,107,perceptual,0.03,0.2,target,target,1,12.449
46,108,numeric,0.1,0.05,competitor,target,1,7.491
46,109,perceptual,0.03,0.05,target,target,1,12.857
46,110,perceptual,0.1,0.05,competitor,target,1,14.115
46,111,perceptual,0.03,0.05,target,target,1,17.398
46,112,perceptual,0.03,0.05,competitor,competitor,0,17.343
46,113,perceptual,0.1,0.05,competitor,target,1,16.814
46,114,perceptual,0.03,0.2,target,target,1,10.073
46,116,perceptual,0.03,0.2,target,target,1,0.367
46,117,numeric,0.03,0.2,target,target,1,16.365
46,118,perceptual,0.1,0.2,competitor,target,1,9.568
46,119,perceptual,0.03,0.2,competitor,target,1,15.535
46,120,numeric,0.1,0.2,competitor,target,1,12.548
46,121,perceptual,0.1,0.2,target,competitor,0,15.169
46,122,numeric,0.1,0.2,target,target,1,6.309
46,123,numeric,0.1,0.05,competitor,target,1,13.034
46,124,numeric,0.1,0.2,target,target,1,13.34
46,125,perceptual,0.03,0.2,competitor,target,1,9.49
46,126,perceptual,0.1,0.05,competitor,target,1,10.539
46,127,perceptual,0.1,0.2,competitor,target,1,9.472
46,128,numeric,0.03,0.05,target,target,1,11.698
46,129,perceptual,0.03,0.2,target,competitor,0,6.983
46,130,numeric,0.1,0.2,competitor,target,1,13.68
46,131,numeric,0.1,0.05,competitor,competitor,0,15.71
46,132,numeric,0.03,0.05,competitor,competitor,0,11.496
46,133,numeric,0.1,0.05,target,target,1,18.558
46,134,perceptual,0.03,0.2,competitor,target,1,15.906
46,135,perceptual,0.1,0.05,target,target,1,14.429
46,136,numeric,0.1,0.05,competitor,target,1,15.151
46,137,perceptual,0.03,0.05,target,target,1,17.679
46,138,perceptual,0.03,0.2,target,target,1,18.862
46,140,perceptual,0.03,0.2,target,competitor,0,0.237
46,141,numeric,0.1,0.05,target,target,1,9.085
46,142,numeric,0.1,0.2,target,target,1,13.846
46,143,numeric,0.03,0.2,competitor,target,1,13.629
46,144,numeric,0.03,0.05,target,target,1,9.614
46,145,numeric,0.1,0.05,competitor,target,1,17.396
46,146,numeric,0.1,0.05,competitor,target,1,11.103
46,147,numeric,0.1,0.2,target,target,1,11.714
46,148,perceptual,0.03,0.05,competitor,target,1,18.109
46,149,perceptual,0.1,0.05,competitor,target,1,10.265
46,150,perceptual,0.03,0.05,competitor,target,1,16.219
46,151,perceptual,0.1,0.05,competitor,target,1,17.038
46,152,numeric,0.1,0.2,competitor,target,1,11.374
46,153,perceptual,0.1,0.2,target,target,1,9.918
46,154,perceptual,0.1,0.2,competitor,target,1,10.503
46,155,perceptual,0.1,0.05,target,target,1,10.301
46,156,numeric,0.1,0.2,competitor,competitor,0,14.327
46,157,numeric,0.03,0.05,competitor,target,1,8.582
46,158,perceptual,0.03,0.05,target,competitor,0,15.146
46,159,perceptual,0.1,0.2,target,target,1,8.937
46,160,perceptual,0.03,0.2,competitor,target,1,7.09
46,161,perceptual,0.1,0.05,target,target,1,12.649
46,162,perceptual,0.03,0.2,target,competitor,0,15.203
46,163,numeric,0.03,0.2,target,target,1,9.889
46,164,numeric,0.03,0.05,target,competitor,0,12.455
46,166,perceptual,0.1,0.2,competitor,target,1,10.891
46,168,perceptual,0.1,0.2,competitor,competitor,0,0.212
46,169,numeric,0.03,0.2,target,target,1,10.315
46,170,perceptual,0.1,0.2,target,target,1,8.528
46,171,numeric,0.03,0.05,target,target,1,10.206
46,172,numeric,0.03,0.2,competitor,target,1,9.531
46,173,numeric,0.03,0.05,target,competitor,0,13.901
46,174,numeric,0.1,0.2,target,target,1,15.271
46,175,perceptual,0.1,0.05,target,target,1,10.719
46,176,perceptual,0.1,0.05,target,decoy,0,7.044
46,177,perceptual,0.1,0.05,target,target,1,11.647
46,178,numeric,0.03,0.2,target,target,1,13.846
46,179,numeric,0.03,0.2,target,target,1,10.826
46,180,numeric,0.1,0.05,competitor,target,1,15.53
46,181,numeric,0.1,0.05,target,target,1,8.471
46,182,numeric,0.1,0.2,competitor,target,1,8.471
46,183,numeric,0.03,0.2,target,competitor,0,13.482
46,184,perceptual,0.1,0.2,competitor,target,1,15.253
46,185,perceptual,0.03,0.05,competitor,competitor,0,12.102
46,186,perceptual,0.03,0.05,competitor,decoy,0,0.01
46,187,perceptual,0.03,0.2,competitor,target,1,19.108
46,188,perceptual,0.1,0.05,competitor,target,1,11.618
46,189,perceptual,0.03,0.2,competitor,target,1,12.824
46,190,perceptual,0.1,0.2,competitor,target,1,6.281
46,191,numeric,0.1,0.05,competitor,target,1,10.06
46,192,numeric,0.03,0.05,competitor,target,1,11.756
47,1,perceptual,0.03,0.05,competitor,target,1,8.749
47,2,numeric,0.1,0.2,target,target,1,8.484
47,3,numeric,0.03,0.05,competitor,competitor,0,6.033
47,4,numeric,0.03,0.05,competitor,target,1,5.743
47,5,numeric,0.1,0.05,competitor,competitor,0,6.316
47,6,numeric,0.03,0.2,competitor,decoy,0,4.903
47,7,numeric,0.1,0.2,target,target,1,9.339
47,8,perceptual,0.1,0.2,target,decoy,0,3.768
47,9,perceptual,0.03,0.2,target,target,1,3.112
47,10,numeric,0.1,0.05,competitor,target,1,3.738
47,11,numeric,0.03,0.05,target,target,1,2.636
47,12,numeric,0.03,0.2,competitor,competitor,0,3.355
47,13,numeric,0.1,0.05,competitor,competitor,0,4.63
47,14,perceptual,0.03,0.05,target,competitor,0,4.985
47,15,numeric,0.1,0.2,competitor,target,1,3.863
47,16,numeric,0.03,0.2,target,target,1,2.131
47,17,numeric,0.03,0.05,competitor,competitor,0,3.002
47,18,perceptual,0.03,0.2,competitor,competitor,0,3.076
47,19,perceptual,0.1,0.2,target,competitor,0,3.607
47,20,numeric,0.1,0.05,target,competitor,0,6.863
47,21,perceptual,0.03,0.05,competitor,target,1,3.301
47,22,perceptual,0.1,0.05,target,target,1,3.364
47,23,numeric,0.1,0.05,competitor,target,1,6.848
47,24,perceptual,0.03,0.05,target,decoy,0,5.157
47,25,numeric,0.1,0.05,competitor,decoy,0,5.5
47,26,numeric,0.1,0.2,competitor,competitor,0,1.853
47,27,numeric,0.1,0.2,target,competitor,0,1.293
47,28,perceptual,0.1,0.2,competitor,target,1,1.276
47,29,numeric,0.1,0.2,competitor,competitor,0,1.277
47,30,perceptual,0.03,0.2,competitor,competitor,0,2.287
47,31,perceptual,0.03,0.2,competitor,decoy,0,2.202
47,32,perceptual,0.03,0.2,target,target,1,2.25
47,33,numeric,0.1,0.2,competitor,target,1,3.49
47,34,numeric,0.1,0.05,target,decoy,0,2.321
47,35,perceptual,0.1,0.2,target,decoy,0,2.137
47,36,perceptual,0.1,0.2,competitor,target,1,1.896
47,37,perceptual,0.03,0.05,target,decoy,0,2.356
47,38,perceptual,0.03,0.05,competitor,competitor,0,3.133
47,39,numeric,0.1,0.05,competitor,target,1,6.078
47,40,perceptual,0.1,0.05,target,decoy,0,4.428
47,41,perceptual,0.1,0.05,target,target,1,4.358
47,42,perceptual,0.1,0.05,competitor,target,1,3.018
47,43,perceptual,0.1,0.2,competitor,target,1,3.586
47,44,perceptual,0.03,0.05,competitor,competitor,0,3.635
47,45,perceptual,0.1,0.05,target,target,1,4.437
47,46,numeric,0.03,0.2,competitor,target,1,7.449
47,47,numeric,0.1,0.2,target,target,1,6.745
47,48,perceptual,0.03,0.2,competitor,target,1,3.228
47,49,numeric,0.03,0.05,competitor,competitor,0,6.042
47,50,perceptual,0.1,0.2,competitor,target,1,3.757
47,51,numeric,0.03,0.05,competitor,target,1,3.858
47,52,perceptual,0.03,0.2,competitor,competitor,0,4.137
47,53,numeric,0.03,0.05,target,target,1,4.181
47,54,perceptual,0.03,0.2,competitor,target,1,2.602
47,55,numeric,0.03,0.2,target,decoy,0,3.149
47,56,numeric,0.1,0.05,target,decoy,0,3.326
47,57,perceptual,0.1,0.05,competitor,target,1,3.149
47,58,numeric,0.1,0.2,target,target,1,2.869
47,59,perceptual,0.1,0.05,competitor,competitor,0,2.138
47,60,perceptual,0.1,0.05,target,competitor,0,3.1
47,61,numeric,0.03,0.2,target,competitor,0,3.757
47,62,numeric,0.1,0.05,target,target,1,3.062
47,63,numeric,0.03,0.05,target,competitor,0,3.001
47,64,numeric,0.03,0.2,target,competitor,0,2.866
47,65,perceptual,0.1,0.2,target,competitor,0,3.195
47,66,perceptual,0.03,0.05,competitor,decoy,0,3.467
47,67,numeric,0.03,0.05,competitor,competitor,0,3.05
47,68,perceptual,0.1,0.2,competitor,target,1,2.696
47,69,perceptual,0.03,0.05,competitor,target,1,3.104
47,70,numeric,0.1,0.2,competitor,target,1,2.723
47,71,numeric,0.03,0.2,competitor,competitor,0,2.845
47,72,numeric,0.03,0.05,target,competitor,0,4.827
47,73,numeric,0.03,0.05,competitor,target,1,5.269
47,74,perceptual,0.1,0.05,competitor,target,1,4.943
47,75,perceptual,0.1,0.2,target,target,1,4.449
47,76,perceptual,0.1,0.05,target,target,1,5.127
47,77,perceptual,0.1,0.05,target,target,1,6.631
47,78,numeric,0.1,0.2,target,competitor,0,4.934
47,79,perceptual,0.03,0.2,competitor,target,1,3.875
47,80,numeric,0.1,0.05,target,decoy,0,14.882
47,81,perceptual,0.03,0.2,target,target,1,4.25
47,82,perceptual,0.1,0.2,target,target,1,3.493
47,83,numeric,0.03,0.2,target,target,1,16.68
47,84,numeric,0.1,0.2,target,competitor,0,9.113
47,85,perceptual,0.03,0.05,competitor,decoy,0,5.108
47,86,numeric,0.03,0.05,target,competitor,0,9.085
47,87,perceptual,0.1,0.2,target,target,1,6.209
47,88,numeric,0.1,0.2,target,target,1,11.559
47,89,numeric,0.03,0.05,target,competitor,0,17.19
47,90,numeric,0.03,0.2,competitor,target,1,7.635
47,91,numeric,0.03,0.2,target,competitor,0,8.092
47,92,numeric,0.03,0.2,competitor,competitor,0,4.84
47,93,perceptual,0.03,0.05,target,target,1,5.073
47,94,perceptual,0.1,0.05,competitor,competitor,0,6.699
47,95,perceptual,0.03,0.2,competitor,competitor,0,6.416
47,96,perceptual,0.1,0.2,competitor,target,1,5.859
47,97,perceptual,0.1,0.05,competitor,target,1,8.997
47,98,perceptual,0.03,0.2,target,competitor,0,10.468
47,99,numeric,0.1,0.05,target,competitor,0,12.025
47,100,numeric,0.03,0.2,target,target,1,6.536
47,101,numeric,0.1,0.2,target,target,1,4.232
47,102,numeric,0.1,0.05,competitor,target,1,10.927
47,103,numeric,0.03,0.2,target,target,1,4.429
47,104,numeric,0.03,0.2,competitor,target,1,3.669
47,105,numeric,0.03,0.2,competitor,competitor,0,8.622
47,106,perceptual,0.03,0.2,target,target,1,4.45
47,107,numeric,0.03,0.2,competitor,competitor,0,5.959
47,109,numeric,0.1,0.05,competitor,target,1,9.643
47,110,numeric,0.1,0.2,competitor,target,1,6.281
47,111,numeric,0.03,0.2,target,target,1,7.875
47,112,numeric,0.03,0.05,target,competitor,0,7.481
47,113,perceptual,0.1,0.2,competitor,target,1,3.463
47,114,perceptual,0.03,0.05,competitor,target,1,4.183
47,115,numeric,0.1,0.2,target,target,1,8.483
47,116,numeric,0.03,0.05,target,competitor,0,5.236
47,117,numeric,0.1,0.05,competitor,competitor,0,8.409
47,118,perceptual,0.03,0.2,target,target,1,8.037
47,119,perceptual,0.1,0.2,competitor,competitor,0,5.293
47,120,perceptual,0.03,0.05,target,competitor,0,9.902
47,121,numeric,0.1,0.2,competitor,competitor,0,9.893
47,122,perceptual,0.1,0.05,competitor,target,1,3.669
47,123,perceptual,0.1,0.2,target,target,1,5.449
47,124,numeric,0.03,0.05,target,target,1,5.405
47,125,numeric,0.1,0.2,competitor,competitor,0,4.419
47,126,numeric,0.03,0.2,target,competitor,0,4.304
47,127,numeric,0.1,0.2,competitor,target,1,4.953
47,128,perceptual,0.03,0.05,competitor,target,1,4.355
47,129,perceptual,0.03,0.2,competitor,target,1,3.55
47,130,numeric,0.1,0.05,target,competitor,0,3.969
47,131,numeric,0.03,0.05,target,target,1,4.399
47,132,perceptual,0.03,0.05,target,decoy,0,3.337
47,133,perceptual,0.1,0.05,competitor,competitor,0,4.443
47,134,numeric,0.03,0.2,competitor,competitor,0,6.324
47,135,perceptual,0.1,0.05,target,target,1,4.693
47,136,perceptual,0.03,0.2,target,decoy,0,4.057
47,137,perceptual,0.03,0.05,target,decoy,0,7.94
47,138,numeric,0.1,0.05,target,target,1,4.787
47,139,perceptual,0.03,0.2,competitor,competitor,0,3.64
47,140,numeric,0.1,0.2,competitor,competitor,0,6.925
47,141,numeric,0.03,0.05,competitor,competitor,0,9.176
47,142,perceptual,0.03,0.05,target,decoy,0,4.469
47,143,perceptual,0.1,0.05,target,target,1,4.224
47,144,perceptual,0.1,0.2,competitor,target,1,4.489
47,145,numeric,0.1,0.05,target,target,1,6.075
47,146,numeric,0.1,0.05,target,target,1,9.741
47,147,perceptual,0.1,0.2,competitor,target,1,4.119
47,148,perceptual,0.1,0.2,target,competitor,0,6.019
47,149,perceptual,0.1,0.05,target,target,1,4.79
47,150,numeric,0.03,0.2,competitor,competitor,0,4.796
47,151,perceptual,0.03,0.05,competitor,competitor,0,3.741
47,152,perceptual,0.03,0.05,target,decoy,0,3.861
47,153,numeric,0.1,0.05,competitor,target,1,4.968
47,154,numeric,0.03,0.2,competitor,competitor,0,4.731
47,155,perceptual,0.1,0.05,competitor,decoy,0,4.091
47,156,perceptual,0.1,0.2,target,target,1,4.345
47,157,numeric,0.03,0.05,competitor,competitor,0,5.199
47,158,perceptual,0.03,0.05,target,target,1,4.912
47,159,perceptual,0.03,0.2,target,target,1,4.449
47,160,perceptual,0.1,0.05,competitor,target,1,4.068
47,161,numeric,0.03,0.05,competitor,target,1,4.932
47,162,numeric,0.1,0.2,competitor,competitor,0,4.683
47,163,perceptual,0.03,0.05,target,competitor,0,4.318
47,164,perceptual,0.1,0.05,competitor,competitor,0,4.984
47,165,numeric,0.03,0.05,target,target,1,6.001
47,166,numeric,0.1,0.05,target,competitor,0,3.549
47,167,perceptual,0.03,0.2,target,competitor,0,3.19
47,168,perceptual,0.03,0.05,competitor,competitor,0,5.179
47,169,numeric,0.03,0.05,competitor,target,1,6.959
47,170,perceptual,0.1,0.2,competitor,competitor,0,4.435
47,171,perceptual,0.03,0.2,target,target,1,3.166
47,172,perceptual,0.1,0.05,competitor,target,1,5.199
47,173,perceptual,0.03,0.2,competitor,target,1,6.859
47,174,numeric,0.03,0.2,target,target,1,4.607
47,175,numeric,0.1,0.05,competitor,target,1,5.216
47,176,perceptual,0.03,0.2,competitor,target,1,3.609
47,177,perceptual,0.1,0.2,target,target,1,5.883
47,178,perceptual,0.1,0.05,target,competitor,0,2.56
47,179,perceptual,0.03,0.05,competitor,target,1,4.579
47,180,perceptual,0.1,0.05,target,decoy,0,10.821
47,181,numeric,0.03,0.05,competitor,competitor,0,5.859
47,182,numeric,0.1,0.2,target,target,1,8.185
47,183,perceptual,0.1,0.2,target,target,1,8.876
47,184,numeric,0.03,0.2,target,competitor,0,14.047
47,185,numeric,0.1,0.05,competitor,target,1,17.793
47,186,perceptual,0.03,0.05,target,competitor,0,4.397
47,187,perceptual,0.03,0.2,target,target,1,4.848
47,188,numeric,0.1,0.2,competitor,competitor,0,5.543
47,189,numeric,0.1,0.05,target,competitor,0,5.743
47,190,perceptual,0.1,0.2,competitor,target,1,4.711
47,191,perceptual,0.03,0.2,target,target,1,4.245
47,192,numeric,0.1,0.2,target,competitor,0,13.454
48,2,perceptual,0.03,0.2,target,competitor,0,18.746
48,3,numeric,0.1,0.05,competitor,target,1,5.228
48,4,numeric,0.03,0.2,target,competitor,0,8.032
48,5,perceptual,0.03,0.2,target,target,1,9.009
48,6,numeric,0.1,0.05,target,target,1,14.311
48,7,numeric,0.1,0.2,target,target,1,9.55
48,8,numeric,0.03,0.05,competitor,competitor,0,8.249
48,9,perceptual,0.03,0.2,target,competitor,0,8.678
48,10,numeric,0.1,0.2,competitor,target,1,13.302
48,11,perceptual,0.03,0.05,competitor,competitor,0,11.949
48,12,perceptual,0.1,0.2,target,target,1,2.907
48,13,numeric,0.03,0.2,target,competitor,0,5.503
48,14,numeric,0.1,0.2,competitor,target,1,4.485
48,15,numeric,0.03,0.05,competitor,target,1,5.998
48,16,perceptual,0.03,0.05,target,target,1,7.109
48,17,numeric,0.03,0.05,competitor,target,1,13.32
48,18,numeric,0.03,0.2,competitor,target,1,10.948
48,19,perceptual,0.1,0.05,target,decoy,0,5.652
48,20,perceptual,0.1,0.2,competitor,target,1,7.328
48,21,numeric,0.03,0.05,competitor,competitor,0,10.296
48,22,perceptual,0.1,0.05,target,target,1,11.885
48,23,numeric,0.1,0.2,competitor,target,1,3.669
48,24,perceptual,0.03,0.05,competitor,target,1,8.564
48,25,numeric,0.03,0.2,competitor,competitor,0,13.397
48,26,numeric,0.1,0.05,competitor,target,1,7.804
48,27,numeric,0.1,0.05,competitor,target,1,8.496
48,28,perceptual,0.03,0.05,target,target,1,8.521
48,29,perceptual,0.03,0.05,competitor,competitor,0,6.791
48,30,numeric,0.03,0.05,target,competitor,0,9.55
48,31,numeric,0.1,0.2,target,target,1,8.842
48,32,numeric,0.03,0.2,competitor,target,1,7.213
48,33,perceptual,0.03,0.2,competitor,target,1,4.992
48,34,numeric,0.03,0.2,target,target,1,9.127
48,35,perceptual,0.1,0.2,target,target,1,5.511
48,36,numeric,0.1,0.05,competitor,decoy,0,14.135
48,37,perceptual,0.03,0.05,competitor,target,1,8.294
48,38,numeric,0.1,0.2,target,target,1,11.964
48,39,numeric,0.1,0.05,competitor,target,1,8.776
48,40,numeric,0.03,0.2,competitor,target,1,8.477
48,41,perceptual,0.1,0.05,competitor,competitor,0,6.824
48,42,perceptual,0.03,0.2,competitor,competitor,0,5.685
48,43,perceptual,0.03,0.2,competitor,target,1,4.64
48,44,perceptual,0.03,0.2,target,target,1,5.572
48,45,perceptual,0.03,0.05,target,competitor,0,6.058
48,46,perceptual,0.1,0.2,target,target,1,3.533
48,47,perceptual,0.03,0.2,target,competitor,0,4.017
48,48,numeric,0.03,0.05,competitor,target,1,13.169
48,49,perceptual,0.1,0.2,target,decoy,0,3.645
48,50,numeric,0.03,0.05,target,competitor,0,4.99
48,51,perceptual,0.03,0.05,target,competitor,0,3.336
48,52,perceptual,0.03,0.2,competitor,target,1,3.789
48,53,numeric,0.1,0.05,target,target,1,2.563
48,54,perceptual,0.03,0.05,competitor,target,1,4.012
48,55,numeric,0.1,0.05,target,decoy,0,2.474
48,56,numeric,0.03,0.2,target,competitor,0,3.141
48,57,perceptual,0.1,0.2,competitor,competitor,0,2.418
48,58,numeric,0.1,0.2,competitor,competitor,0,3.912
48,59,numeric,0.1,0.2,competitor,target,1,4.208
48,60,perceptual,0.1,0.05,target,decoy,0,2.762
48,61,perceptual,0.1,0.2,competitor,target,1,2.275
48,62,numeric,0.03,0.2,target,competitor,0,3.798
48,63,perceptual,0.1,0.2,competitor,target,1,2.667
48,64,numeric,0.1,0.05,competitor,target,1,2.904
48,65,perceptual,0.1,0.2,target,decoy,0,3.727
48,66,numeric,0.03,0.2,target,competitor,0,3.485
48,67,perceptual,0.1,0.05,competitor,decoy,0,2.772
48,68,numeric,0.1,0.05,target,target,1,2.954
48,69,numeric,0.03,0.2,target,competitor,0,3.896
48,70,perceptual,0.03,0.05,competitor,competitor,0,3.151
48,71,numeric,0.03,0.05,target,competitor,0,3.117
48,72,numeric,0.03,0.05,target,decoy,0,2.639
48,73,perceptual,0.1,0.2,target,target,1,2.165
48,74,perceptual,0.03,0.05,target,decoy,0,2.175
48,75,perceptual,0.03,0.2,target,target,1,2.205
48,76,numeric,0.03,0.2,target,decoy,0,3.531
48,77,perceptual,0.1,0.05,competitor,competitor,0,3.61
48,78,perceptual,0.1,0.2,competitor,target,1,3.782
48,79,numeric,0.1,0.2,competitor,target,1,3.352
48,80,perceptual,0.1,0.05,target,target,1,1.941
48,81,numeric,0.03,0.2,competitor,target,1,2.667
48,82,numeric,0.1,0.05,target,decoy,0,2.275
48,83,numeric,0.1,0.2,competitor,competitor,0,2.444
48,84,numeric,0.1,0.2,target,competitor,0,2.289
48,85,numeric,0.03,0.05,target,decoy,0,2.511
48,86,numeric,0.1,0.2,target,competitor,0,2.012
48,87,perceptual,0.1,0.2,target,target,1,2.434
48,88,perceptual,0.03,0.2,competitor,target,1,2.051
48,89,numeric,0.1,0.2,target,target,1,3.705
48,90,numeric,0.1,0.05,target,decoy,0,2.019
48,91,numeric,0.03,0.2,competitor,competitor,0,2.733
48,92,numeric,0.03,0.2,competitor,competitor,0,2.712
48,93,perceptual,0.1,0.05,competitor,competitor,0,1.935
48,94,perceptual,0.03,0.05,competitor,decoy,0,1.994
48,95,perceptual,0.03,0.05,target,decoy,0,2.751
48,96,perceptual,0.03,0.2,target,decoy,0,1.844
48,97,perceptual,0.03,0.2,target,competitor,0,3.223
48,98,perceptual,0.1,0.2,competitor,target,1,1.95
48,99,perceptual,0.03,0.2,competitor,competitor,0,2.4
48,100,numeric,0.03,0.2,target,target,1,7.938
48,101,perceptual,0.1,0.2,competitor,target,1,3.887
48,102,perceptual,0.1,0.2,competitor,target,1,3.995
48,103,perceptual,0.03,0.05,target,competitor,0,1.997
48,104,perceptual,0.1,0.05,competitor,target,1,2.259
48,105,numeric,0.1,0.2,target,target,1,9.395
48,106,numeric,0.03,0.05,competitor,decoy,0,3.628
48,107,perceptual,0.03,0.05,competitor,decoy,0,2.544
48,108,numeric,0.1,0.05,target,target,1,2.699
48,109,perceptual,0.03,0.2,competitor,competitor,0,2.387
48,110,numeric,0.1,0.2,competitor,target,1,4.809
48,111,perceptual,0.03,0.05,competitor,competitor,0,2.303
48,112,perceptual,0.1,0.05,competitor,target,1,2.588
48,113,numeric,0.1,0.2,target,target,1,2.965
48,114,perceptual,0.03,0.2,target,competitor,0,2.302
48,115,numeric,0.1,0.05,target,decoy,0,1.824
48,116,numeric,0.03,0.2,target,target,1,2.609
48,117,numeric,0.03,0.05,target,target,1,3.389
48,118,numeric,0.1,0.05,competitor,decoy,0,1.894
48,119,numeric,0.03,0.2,competitor,competitor,0,2.025
48,120,perceptual,0.1,0.05,target,competitor,0,2.259
48,121,numeric,0.1,0.2,target,competitor,0,2.402
48,122,perceptual,0.1,0.2,target,decoy,0,1.935
48,123,numeric,0.03,0.05,competitor,competitor,0,8.388
48,124,perceptual,0.03,0.05,competitor,target,1,3.361
48,125,perceptual,0.1,0.05,competitor,target,1,2.332
48,126,perceptual,0.1,0.2,competitor,competitor,0,2.229
48,127,perceptual,0.03,0.2,competitor,competitor,0,2.408
48,128,perceptual,0.1,0.05,competitor,target,1,1.73
48,129,perceptual,0.1,0.05,target,competitor,0,1.769
48,130,perceptual,0.1,0.05,target,decoy,0,2.474
48,131,numeric,0.1,0.05,target,target,1,8.431
48,132,perceptual,0.1,0.05,target,competitor,0,2.315
48,133,numeric,0.1,0.05,competitor,target,1,2.445
48,134,numeric,0.1,0.05,target,target,1,4.965
48,135,perceptual,0.03,0.05,target,decoy,0,2.68
48,136,perceptual,0.1,0.2,competitor,target,1,2.072
48,137,perceptual,0.1,0.05,target,target,1,2.236
48,138,numeric,0.1,0.2,competitor,competitor,0,2.805
48,139,numeric,0.03,0.05,competitor,competitor,0,2.142
48,140,perceptual,0.1,0.2,target,competitor,0,1.77
48,141,perceptual,0.03,0.2,target,competitor,0,1.807
48,142,perceptual,0.03,0.2,target,decoy,0,1.854
48,143,numeric,0.1,0.05,target,target,1,2.13
48,144,numeric,0.03,0.2,target,competitor,0,1.829
48,145,perceptual,0.1,0.05,competitor,decoy,0,2.162
48,146,perceptual,0.03,0.2,competitor,decoy,0,1.797
48,147,perceptual,0.1,0.05,target,competitor,0,1.989
48,148,numeric,0.1,0.05,competitor,target,1,5.196
48,149,perceptual,0.03,0.05,target,decoy,0,2.861
48,150,perceptual,0.1,0.05,competitor,target,1,2.944
48,151,perceptual,0.03,0.2,competitor,competitor,0,2.325
48,152,numeric,0.1,0.05,target,target,1,3.681
48,153,numeric,0.03,0.05,competitor,target,1,2.595
48,154,numeric,0.03,0.05,target,target,1,7.197
48,155,numeric,0.03,0.2,competitor,target,1,5.525
48,156,numeric,0.1,0.2,competitor,target,1,2.941
48,157,perceptual,0.03,0.2,competitor,decoy,0,2.163
48,158,perceptual,0.03,0.05,target,target,1,1.786
48,159,numeric,0.03,0.2,competitor,target,1,3.231
48,160,perceptual,0.03,0.05,competitor,target,1,2.109
48,161,numeric,0.03,0.05,competitor,decoy,0,1.878
48,162,numeric,0.03,0.05,target,competitor,0,2.288
48,163,numeric,0.03,0.2,target,competitor,0,2.158
48,164,numeric,0.03,0.2,competitor,competitor,0,1.875
48,165,perceptual,0.1,0.05,competitor,competitor,0,2.072
48,166,perceptual,0.1,0.05,target,decoy,0,2.412
48,167,numeric,0.03,0.05,target,competitor,0,1.794
48,168,perceptual,0.1,0.2,competitor,competitor,0,1.62
48,169,numeric,0.03,0.05,target,target,1,1.713
48,170,perceptual,0.1,0.05,competitor,competitor,0,1.953
48,171,numeric,0.1,0.2,target,target,1,1.809
48,172,perceptual,0.03,0.05,target,target,1,2.044
48,173,perceptual,0.1,0.2,competitor,competitor,0,2.229
48,174,numeric,0.03,0.05,target,decoy,0,1.611
48,175,numeric,0.1,0.2,target,decoy,0,1.807
48,176,numeric,0.03,0.05,competitor,competitor,0,1.772
48,177,perceptual,0.1,0.2,target,competitor,0,3.537
48,178,perceptual,0.1,0.2,target,competitor,0,1.957
48,179,perceptual,0.03,0.2,target,target,1,2.362
48,180,numeric,0.1,0.05,competitor,competitor,0,2.747
48,181,numeric,0.1,0.05,competitor,target,1,2.676
48,182,perceptual,0.1,0.05,target,target,1,1.774
48,183,perceptual,0.03,0.05,target,competitor,0,1.846
48,184,numeric,0.1,0.2,competitor,decoy,0,2.312
48,185,perceptual,0.1,0.2,target,competitor,0,1.764
48,186,numeric,0.03,0.05,target,competitor,0,2.667
48,187,numeric,0.03,0.05,competitor,target,1,2.488
48,188,perceptual,0.03,0.2,competitor,target,1,1.834
48,189,perceptual,0.03,0.05,competitor,decoy,0,2.144
48,190,numeric,0.1,0.2,target,target,1,3.376
48,191,numeric,0.03,0.2,competitor,target,1,4.909
48,192,numeric,0.1,0.2,competitor,target,1,7.934
49,1,perceptual,0.03,0.05,target,decoy,0,9.424
49,2,perceptual,0.1,0.05,target,target,1,9.45
49,3,numeric,0.1,0.05,target,decoy,0,10.441
49,4,numeric,0.1,0.05,target,competitor,0,8.637
49,5,numeric,0.03,0.2,target,target,1,15.689
49,6,perceptual,0.1,0.05,competitor,target,1,5.874
49,7,numeric,0.03,0.05,competitor,competitor,0,7.178
49,8,numeric,0.03,0.05,target,target,1,9.003
49,9,perceptual,0.03,0.2,competitor,competitor,0,4.86
49,10,perceptual,0.03,0.2,competitor,target,1,9.861
49,11,numeric,0.1,0.05,competitor,target,1,7.525
49,12,numeric,0.1,0.2,target,target,1,5.848
49,13,perceptual,0.1,0.05,competitor,competitor,0,6.02
49,14,perceptual,0.03,0.2,target,target,1,4.936
49,15,numeric,0.03,0.05,competitor,competitor,0,8.652
49,16,numeric,0.03,0.05,target,decoy,0,6.429
49,17,perceptual,0.1,0.2,competitor,target,1,4.353
49,18,numeric,0.1,0.2,target,competitor,0,4.53
49,19,numeric,0.03,0.2,competitor,target,1,6.304
49,20,perceptual,0.1,0.05,target,competitor,0,5.494
49,21,numeric,0.03,0.05,target,target,1,4.304
49,22,numeric,0.03,0.2,competitor,competitor,0,4.938
49,23,numeric,0.1,0.2,competitor,target,1,4.558
49,24,numeric,0.03,0.2,target,competitor,0,4.478
49,25,numeric,0.03,0.05,competitor,decoy,0,9.285
49,26,perceptual,0.03,0.2,competitor,target,1,4.468
49,27,numeric,0.1,0.05,competitor,target,1,8.221
49,28,perceptual,0.03,0.05,target,competitor,0,4.815
49,29,numeric,0.03,0.2,competitor,target,1,4.913
49,30,numeric,0.1,0.2,target,competitor,0,3.64
49,31,numeric,0.1,0.05,target,competitor,0,4.908
49,32,numeric,0.1,0.2,target,target,1,4.706
49,33,perceptual,0.03,0.05,target,decoy,0,2.978
49,34,perceptual,0.1,0.2,target,competitor,0,3.331
49,35,perceptual,0.03,0.05,competitor,target,1,13.111
49,36,perceptual,0.1,0.2,competitor,target,1,6.715
49,37,numeric,0.03,0.2,target,target,1,6.245
49,38,numeric,0.03,0.05,target,target,1,16.291
49,39,numeric,0.03,0.05,target,competitor,0,7.182
49,40,numeric,0.1,0.2,competitor,competitor,0,9.08
49,41,perceptual,0.1,0.05,target,competitor,0,6.114
49,42,numeric,0.1,0.05,competitor,decoy,0,11.876
49,43,perceptual,0.03,0.05,target,target,1,11.371
49,44,numeric,0.1,0.05,competitor,competitor,0,15.354
49,45,numeric,0.1,0.2,target,target,1,9.037
49,46,numeric,0.03,0.2,competitor,competitor,0,15.564
49,47,perceptual,0.1,0.2,competitor,target,1,6.662
49,48,perceptual,0.1,0.2,competitor,target,1,5.718
49,49,perceptual,0.1,0.2,competitor,target,1,4.518
49,50,perceptual,0.1,0.05,target,decoy,0,7.945
49,51,perceptual,0.03,0.05,competitor,target,1,5.43
49,52,numeric,0.03,0.2,competitor,competitor,0,4.92
49,53,numeric,0.03,0.2,competitor,target,1,5.487
49,54,perceptual,0.03,0.05,competitor,target,1,6.419
49,55,perceptual,0.1,0.05,competitor,target,1,3.185
49,56,perceptual,0.03,0.2,competitor,target,1,9.863
49,57,perceptual,0.03,0.05,target,competitor,0,14.569
49,58,perceptual,0.03,0.05,competitor,competitor,0,3.805
49,59,perceptual,0.03,0.05,target,target,1,3.624
49,60,perceptual,0.03,0.2,target,target,1,3.64
49,61,numeric,0.03,0.2,target,target,1,8.722
49,62,perceptual,0.1,0.2,competitor,target,1,3.532
49,63,numeric,0.1,0.05,target,decoy,0,4.622
49,64,numeric,0.1,0.2,competitor,target,1,3.662
49,65,perceptual,0.1,0.2,target,target,1,3.086
49,66,perceptual,0.03,0.2,competitor,competitor,0,3.588
49,67,perceptual,0.1,0.2,target,competitor,0,3.524
49,68,numeric,0.1,0.05,competitor,competitor,0,4.549
49,69,numeric,0.03,0.2,target,target,1,8.736
49,70,perceptual,0.03,0.2,competitor,target,1,4.808
49,71,perceptual,0.03,0.2,target,target,1,9.33
49,72,perceptual,0.03,0.05,target,competitor,0,6.014
49,73,numeric,0.03,0.2,competitor,target,1,6.229
49,74,numeric,0.03,0.2,competitor,competitor,0,8.801
49,75,perceptual,0.03,0.05,competitor,decoy,0,3.479
49,76,perceptual,0.03,0.05,competitor,target,1,3.611
49,77,perceptual,0.1,0.2,target,target,1,5.427
49,78,perceptual,0.1,0.2,target,competitor,0,4.558
49,79,numeric,0.1,0.2,competitor,competitor,0,4.588
49,80,numeric,0.1,0.05,competitor,target,1,6.88
49,81,numeric,0.1,0.05,target,target,1,3.708
49,82,numeric,0.1,0.05,target,competitor,0,3.257
49,83,perceptual,0.1,0.05,target,decoy,0,9.674
49,84,numeric,0.03,0.05,competitor,competitor,0,4.909
49,85,numeric,0.03,0.05,target,target,1,5.758
49,86,numeric,0.1,0.2,competitor,target,1,8.021
49,87,numeric,0.1,0.05,target,target,1,4.581
49,88,perceptual,0.03,0.05,target,competitor,0,5.391
49,89,perceptual,0.1,0.05,competitor,competitor,0,4.16
49,90,numeric,0.1,0.2,target,target,1,8.448
49,91,numeric,0.03,0.05,competitor,competitor,0,6.928
49,92,perceptual,0.03,0.05,competitor,target,1,4.023
49,93,numeric,0.03,0.05,competitor,target,1,5.041
49,94,perceptual,0.03,0.2,target,competitor,0,4.284
49,95,perceptual,0.03,0.2,competitor,competitor,0,5.963
49,96,numeric,0.03,0.05,competitor,decoy,0,8.509
49,97,numeric,0.03,0.2,target,target,1,5
49,98,numeric,0.1,0.2,target,competitor,0,3.995
49,99,perceptual,0.03,0.2,competitor,competitor,0,3.68
49,100,perceptual,0.1,0.05,competitor,target,1,4.415
49,101,perceptual,0.03,0.05,competitor,target,1,4.882
49,102,perceptual,0.1,0.2,competitor,target,1,3.541
49,103,numeric,0.1,0.2,target,competitor,0,5.37
49,104,numeric,0.1,0.05,competitor,target,1,3.701
49,105,numeric,0.03,0.2,competitor,target,1,8.089
49,106,numeric,0.1,0.05,target,competitor,0,6.446
49,107,perceptual,0.1,0.2,target,competitor,0,2.991
49,108,numeric,0.1,0.05,competitor,target,1,5.421
49,109,numeric,0.03,0.05,competitor,competitor,0,7.366
49,110,perceptual,0.03,0.05,target,target,1,4.368
49,111,numeric,0.03,0.2,target,target,1,8.013
49,112,numeric,0.1,0.2,competitor,target,1,4.835
49,113,perceptual,0.03,0.2,target,competitor,0,3.74
49,114,perceptual,0.03,0.05,competitor,target,1,4.317
49,115,perceptual,0.1,0.05,target,target,1,4.483
49,116,numeric,0.03,0.2,competitor,target,1,7.185
49,117,perceptual,0.03,0.2,target,target,1,4.064
49,118,numeric,0.1,0.2,competitor,target,1,5.035
49,119,numeric,0.03,0.2,target,target,1,15.697
49,120,perceptual,0.03,0.05,target,target,1,5.706
49,121,numeric,0.03,0.2,target,competitor,0,3.678
49,122,perceptual,0.03,0.2,competitor,target,1,3.046
49,123,numeric,0.1,0.2,competitor,competitor,0,5.283
49,124,perceptual,0.1,0.05,target,target,1,3.537
49,125,perceptual,0.1,0.05,target,decoy,0,3.271
49,126,perceptual,0.1,0.2,target,target,1,7.025
49,127,numeric,0.1,0.2,competitor,competitor,0,6.436
49,128,numeric,0.03,0.2,target,target,1,11.247
49,129,numeric,0.1,0.05,target,competitor,0,3.83
49,130,perceptual,0.1,0.05,competitor,decoy,0,3.915
49,131,perceptual,0.1,0.05,competitor,target,1,3.51
49,132,numeric,0.03,0.2,target,target,1,5.413
49,133,perceptual,0.03,0.2,target,competitor,0,5.359
49,134,numeric,0.1,0.2,target,target,1,18.198
49,135,perceptual,0.03,0.2,target,target,1,3.104
49,136,numeric,0.1,0.2,target,target,1,4.997
49,137,numeric,0.03,0.05,target,competitor,0,8.637
49,138,numeric,0.1,0.05,competitor,target,1,8.675
49,139,numeric,0.03,0.2,target,target,1,5.455
49,140,perceptual,0.03,0.2,target,competitor,0,4.33
49,141,perceptual,0.03,0.2,target,target,1,3.332
49,142,perceptual,0.03,0.2,target,competitor,0,6.279
49,143,numeric,0.1,0.2,target,target,1,5.38
49,144,numeric,0.03,0.05,competitor,target,1,7.524
49,145,numeric,0.1,0.05,target,target,1,4.497
49,146,numeric,0.03,0.05,target,competitor,0,4.816
49,147,perceptual,0.03,0.2,target,competitor,0,3.087
49,148,perceptual,0.1,0.2,competitor,competitor,0,3.106
49,149,perceptual,0.1,0.2,target,competitor,0,4.237
49,150,perceptual,0.1,0.05,target,competitor,0,2.758
49,151,perceptual,0.1,0.2,competitor,target,1,3.252
49,152,numeric,0.03,0.05,target,target,1,4.885
49,153,perceptual,0.1,0.2,target,competitor,0,3.913
49,154,perceptual,0.03,0.2,competitor,competitor,0,5.498
49,155,numeric,0.03,0.05,competitor,target,1,4.198
49,156,perceptual,0.1,0.05,competitor,decoy,0,3.474
49,157,perceptual,0.1,0.05,target,target,1,5.254
49,158,numeric,0.1,0.2,competitor,target,1,5.19
49,159,perceptual,0.03,0.05,competitor,competitor,0,4.168
49,160,perceptual,0.1,0.2,target,target,1,3.006
49,161,perceptual,0.1,0.05,target,target,1,3.286
49,162,numeric,0.03,0.05,competitor,competitor,0,4.12
49,163,numeric,0.1,0.2,target,target,1,2.864
49,164,perceptual,0.1,0.05,competitor,target,1,2.931
49,165,perceptual,0.1,0.05,competitor,target,1,2.393
49,166,numeric,0.1,0.2,competitor,target,1,2.393
49,167,numeric,0.1,0.05,competitor,target,1,3.646
49,168,numeric,0.03,0.05,target,target,1,2.612
49,169,numeric,0.03,0.2,competitor,target,1,3.449
49,170,numeric,0.1,0.2,competitor,target,1,3.074
49,171,numeric,0.03,0.05,competitor,competitor,0,2.513
49,172,perceptual,0.03,0.05,competitor,competitor,0,2.237
49,173,numeric,0.1,0.05,target,decoy,0,3.374
49,174,numeric,0.1,0.05,competitor,competitor,0,2.287
49,175,perceptual,0.03,0.05,target,target,1,2.388
49,176,perceptual,0.1,0.2,competitor,decoy,0,2.759
49,177,perceptual,0.1,0.05,competitor,target,1,2.244
49,178,perceptual,0.03,0.05,competitor,decoy,0,1.895
49,179,perceptual,0.03,0.2,competitor,decoy,0,2.196
49,180,perceptual,0.1,0.2,target,competitor,0,2.011
49,181,numeric,0.1,0.05,competitor,competitor,0,4.25
49,182,perceptual,0.1,0.2,competitor,competitor,0,3.441
49,183,numeric,0.1,0.05,target,decoy,0,3.866
49,184,perceptual,0.1,0.2,target,target,1,2.303
49,185,numeric,0.03,0.05,target,competitor,0,3.312
49,186,numeric,0.03,0.2,competitor,target,1,5.603
49,187,perceptual,0.03,0.05,target,decoy,0,2.493
49,188,perceptual,0.1,0.05,competitor,competitor,0,2.362
49,189,numeric,0.03,0.05,target,target,1,6.274
49,190,perceptual,0.1,0.05,target,target,1,4.784
49,191,perceptual,0.03,0.2,competitor,decoy,0,2.375
49,192,perceptual,0.1,0.2,competitor,target,1,2.435
50,1,perceptual,0.1,0.05,target,target,1,9.884
50,2,perceptual,0.1,0.05,competitor,target,1,3.66
50,3,perceptual,0.1,0.05,target,target,1,4.555
50,4,numeric,0.1,0.05,target,target,1,8.94
50,5,numeric,0.03,0.05,competitor,competitor,0,7.641
50,6,perceptual,0.03,0.05,target,target,1,4.585
50,7,numeric,0.1,0.2,competitor,target,1,10.542
50,8,numeric,0.03,0.2,competitor,target,1,6.916
50,9,perceptual,0.03,0.2,competitor,competitor,0,10.18
50,10,numeric,0.1,0.05,competitor,target,1,7.642
50,11,numeric,0.03,0.05,competitor,target,1,7.536
50,12,perceptual,0.03,0.2,target,target,1,5.286
50,13,numeric,0.1,0.05,target,target,1,6.028
50,14,numeric,0.1,0.2,competitor,competitor,0,8.975
50,15,numeric,0.03,0.05,competitor,competitor,0,6.363
50,16,perceptual,0.03,0.05,competitor,competitor,0,4.311
50,17,numeric,0.1,0.05,target,target,1,13.379
50,18,numeric,0.03,0.05,target,target,1,6.251
50,19,perceptual,0.1,0.2,target,competitor,0,13.383
50,20,numeric,0.03,0.2,competitor,target,1,12.467
50,21,perceptual,0.1,0.2,target,target,1,5.368
50,22,numeric,0.1,0.2,target,target,1,7.475
50,23,numeric,0.03,0.05,competitor,competitor,0,16.48
50,24,perceptual,0.03,0.05,competitor,competitor,0,11.988
50,25,numeric,0.03,0.05,target,decoy,0,8.289
50,26,numeric,0.03,0.05,competitor,target,1,7.476
50,27,perceptual,0.1,0.05,target,decoy,0,5.9
50,28,perceptual,0.1,0.05,target,target,1,7.757
50,29,numeric,0.03,0.2,target,target,1,8.138
50,30,perceptual,0.1,0.2,target,target,1,6.961
50,31,perceptual,0.1,0.2,competitor,target,1,5.076
50,32,numeric,0.1,0.05,target,target,1,8.178
50,33,numeric,0.1,0.2,target,target,1,6.092
50,34,perceptual,0.03,0.05,target,target,1,5.706
50,35,numeric,0.03,0.2,target,competitor,0,9.648
50,36,perceptual,0.03,0.05,competitor,target,1,8.594
50,37,numeric,0.1,0.2,competitor,target,1,18.31
50,38,numeric,0.1,0.05,target,target,1,8.42
50,39,numeric,0.1,0.2,target,target,1,17.935
50,40,perceptual,0.03,0.05,target,target,1,6.862
50,41,numeric,0.1,0.2,target,target,1,10.336
50,42,perceptual,0.03,0.05,target,target,1,9.017
50,43,numeric,0.1,0.05,competitor,target,1,11.122
50,44,perceptual,0.1,0.05,target,target,1,5.426
50,45,perceptual,0.1,0.2,target,decoy,0,4.22
50,46,numeric,0.03,0.05,competitor,competitor,0,7.403
50,47,numeric,0.03,0.2,competitor,target,1,10.285
50,48,numeric,0.03,0.05,target,target,1,14.157
50,49,perceptual,0.1,0.05,target,competitor,0,4.7
50,50,numeric,0.1,0.2,competitor,target,1,6.095
50,51,numeric,0.1,0.05,competitor,target,1,7.233
50,52,numeric,0.03,0.2,target,target,1,9.253
50,53,numeric,0.1,0.05,competitor,target,1,8.294
50,54,numeric,0.03,0.05,competitor,target,1,11.358
50,55,perceptual,0.1,0.05,target,target,1,11.328
50,56,perceptual,0.1,0.2,target,target,1,7.376
50,58,numeric,0.1,0.05,target,target,1,9.289
50,59,perceptual,0.03,0.05,target,target,1,5.719
50,60,perceptual,0.1,0.2,competitor,competitor,0,4.527
50,61,perceptual,0.1,0.2,competitor,target,1,3.606
50,62,numeric,0.1,0.2,competitor,target,1,7.334
50,63,perceptual,0.1,0.2,competitor,competitor,0,5.94
50,64,perceptual,0.03,0.2,target,target,1,3.605
50,65,perceptual,0.1,0.05,competitor,target,1,5.121
50,66,numeric,0.03,0.2,target,competitor,0,7.401
50,67,numeric,0.03,0.2,competitor,target,1,8.608
50,68,perceptual,0.03,0.2,competitor,target,1,4.702
50,69,perceptual,0.03,0.05,target,competitor,0,4.093
50,70,numeric,0.1,0.2,target,target,1,9.601
50,71,numeric,0.1,0.05,target,target,1,4.255
50,72,numeric,0.1,0.05,target,target,1,5.4
50,73,perceptual,0.03,0.2,competitor,target,1,4.557
50,74,perceptual,0.03,0.2,target,decoy,0,2.763
50,75,numeric,0.1,0.2,competitor,target,1,5.399
50,76,perceptual,0.03,0.05,competitor,target,1,5.227
50,77,numeric,0.03,0.05,target,competitor,0,6.51
50,78,numeric,0.1,0.2,target,target,1,5.999
50,79,numeric,0.03,0.05,target,competitor,0,8.233
50,80,numeric,0.1,0.2,target,target,1,10.107
50,81,perceptual,0.03,0.05,target,target,1,4.559
50,82,perceptual,0.03,0.05,competitor,target,1,3.409
50,83,perceptual,0.03,0.2,target,competitor,0,2.876
50,84,perceptual,0.1,0.05,competitor,target,1,3.306
50,85,numeric,0.1,0.2,competitor,target,1,8.418
50,86,numeric,0.03,0.2,target,target,1,5.469
50,87,perceptual,0.1,0.05,competitor,target,1,3.474
50,88,perceptual,0.1,0.2,target,competitor,0,2.668
50,89,perceptual,0.1,0.2,target,decoy,0,3.216
50,90,perceptual,0.1,0.05,target,decoy,0,5.584
50,91,perceptual,0.1,0.2,target,competitor,0,4.27
50,92,perceptual,0.03,0.2,competitor,target,1,5.354
50,93,perceptual,0.1,0.2,competitor,target,1,3.71
50,94,perceptual,0.1,0.05,target,competitor,0,3.476
50,95,numeric,0.1,0.05,competitor,target,1,6.947
50,96,perceptual,0.1,0.2,target,target,1,10.95
50,97,perceptual,0.03,0.05,competitor,target,1,3.205
50,98,perceptual,0.1,0.05,competitor,competitor,0,3.326
50,99,numeric,0.1,0.05,target,target,1,8.215
50,100,perceptual,0.03,0.05,competitor,target,1,2.731
50,101,numeric,0.1,0.2,competitor,target,1,4.218
50,102,perceptual,0.03,0.2,target,competitor,0,1.801
50,103,perceptual,0.03,0.2,competitor,competitor,0,4.64
50,104,numeric,0.03,0.2,competitor,competitor,0,7.678
50,105,numeric,0.03,0.2,target,competitor,0,7.175
50,106,perceptual,0.1,0.2,target,decoy,0,2.111
50,107,numeric,0.1,0.2,target,target,1,5.691
50,108,perceptual,0.1,0.05,competitor,target,1,2.802
50,109,numeric,0.1,0.2,competitor,target,1,5.069
50,110,perceptual,0.1,0.2,competitor,competitor,0,2.981
50,111,numeric,0.03,0.05,target,target,1,5.832
50,112,perceptual,0.03,0.05,competitor,target,1,2.308
50,113,numeric,0.03,0.2,competitor,competitor,0,4.995
50,114,numeric,0.1,0.2,target,target,1,7.529
50,115,numeric,0.03,0.2,competitor,competitor,0,5.715
50,116,perceptual,0.03,0.05,competitor,competitor,0,3.028
50,117,numeric,0.03,0.2,competitor,target,1,5.429
50,118,perceptual,0.1,0.2,target,target,1,3.214
50,119,numeric,0.1,0.05,competitor,target,1,7.67
50,120,numeric,0.1,0.2,competitor,target,1,6.279
50,121,numeric,0.03,0.2,target,target,1,4.089
50,122,perceptual,0.1,0.2,competitor,target,1,2.136
50,123,perceptual,0.03,0.2,target,competitor,0,2.31
50,124,numeric,0.03,0.05,target,target,1,9.666
50,125,perceptual,0.03,0.2,competitor,decoy,0,4.284
50,126,numeric,0.03,0.05,competitor,competitor,0,11.247
50,127,numeric,0.03,0.05,target,target,1,9.06
50,128,numeric,0.1,0.05,competitor,target,1,6.663
50,129,perceptual,0.1,0.2,target,target,1,3.451
50,130,perceptual,0.1,0.2,competitor,target,1,2.035
50,131,numeric,0.1,0.2,competitor,target,1,6.366
50,132,perceptual,0.03,0.2,competitor,target,1,3.652
50,133,perceptual,0.03,0.2,target,target,1,2.447
50,134,perceptual,0.03,0.2,target,target,1,3.689
50,135,numeric,0.1,0.05,target,target,1,7.443
50,136,numeric,0.1,0.05,competitor,target,1,7.716
50,137,numeric,0.03,0.05,target,competitor,0,11.587
50,138,perceptual,0.1,0.05,competitor,competitor,0,6.413
50,139,numeric,0.1,0.05,competitor,target,1,6.78
50,140,perceptual,0.03,0.05,target,decoy,0,5.779
50,141,perceptual,0.1,0.05,target,target,1,2.778
50,142,numeric,0.03,0.2,target,competitor,0,4.273
50,143,numeric,0.1,0.05,competitor,target,1,7.679
50,144,numeric,0.1,0.05,competitor,competitor,0,5.427
50,145,perceptual,0.1,0.05,competitor,competitor,0,4.104
50,146,perceptual,0.03,0.2,target,target,1,8.823
50,147,numeric,0.03,0.2,target,target,1,8.459
50,148,numeric,0.1,0.2,target,target,1,5.895
50,149,numeric,0.1,0.05,target,target,1,12.467
50,150,perceptual,0.1,0.2,competitor,decoy,0,4.706
50,151,perceptual,0.03,0.05,target,competitor,0,6.29
50,152,perceptual,0.1,0.2,competitor,target,1,4.554
50,153,numeric,0.03,0.2,competitor,target,1,8.163
50,154,numeric,0.03,0.2,competitor,target,1,6.671
50,155,perceptual,0.03,0.2,competitor,decoy,0,5.464
50,156,numeric,0.1,0.2,competitor,target,1,6.659
50,157,perceptual,0.03,0.05,competitor,target,1,2.685
50,158,numeric,0.03,0.2,target,target,1,7.33
50,159,perceptual,0.03,0.2,competitor,decoy,0,2.528
50,160,perceptual,0.03,0.2,target,competitor,0,2.594
50,161,perceptual,0.1,0.05,competitor,target,1,2.497
50,162,numeric,0.03,0.05,target,decoy,0,6.453
50,163,perceptual,0.03,0.05,target,decoy,0,5.833
50,164,perceptual,0.03,0.05,competitor,target,1,9.532
50,165,numeric,0.03,0.2,competitor,target,1,9.255
50,166,perceptual,0.03,0.2,target,target,1,2.331
50,167,numeric,0.03,0.05,competitor,competitor,0,14.805
50,168,numeric,0.1,0.2,target,target,1,6.508
50,169,perceptual,0.1,0.05,competitor,target,1,2.408
50,170,numeric,0.03,0.2,target,competitor,0,4.451
50,171,perceptual,0.03,0.05,target,target,1,5.044
50,172,numeric,0.03,0.2,competitor,target,1,8.566
50,173,numeric,0.03,0.05,target,target,1,6.081
50,174,perceptual,0.03,0.2,competitor,target,1,5.297
50,175,perceptual,0.03,0.05,competitor,competitor,0,2.652
50,176,perceptual,0.03,0.2,target,competitor,0,3.597
50,177,perceptual,0.03,0.2,competitor,target,1,3.003
50,178,numeric,0.03,0.05,competitor,decoy,0,5.418
50,179,numeric,0.03,0.2,target,target,1,5.935
50,180,numeric,0.1,0.2,target,target,1,4.969
50,181,perceptual,0.03,0.05,target,target,1,5.146
50,182,numeric,0.1,0.05,competitor,target,1,5.917
50,183,numeric,0.1,0.05,target,target,1,8.297
50,184,numeric,0.03,0.05,competitor,target,1,5.544
50,185,perceptual,0.03,0.2,competitor,competitor,0,3.258
50,186,numeric,0.03,0.05,target,target,1,6.104
50,187,perceptual,0.1,0.05,competitor,competitor,0,2.821
50,188,perceptual,0.1,0.05,target,target,1,5.74
50,189,perceptual,0.1,0.05,competitor,decoy,0,3.708
50,190,perceptual,0.1,0.2,competitor,target,1,3.396
50,191,perceptual,0.1,0.05,target,target,1,5.243
50,192,perceptual,0.1,0.2,competitor,target,1,4.26
51,2,perceptual,0.1,0.2,competitor,target,1,0.339
51,3,numeric,0.1,0.2,competitor,target,1,9.461
51,4,numeric,0.03,0.05,target,competitor,0,1.883
51,5,numeric,0.03,0.05,target,target,1,2.027
51,6,perceptual,0.03,0.05,target,competitor,0,1.596
51,7,perceptual,0.03,0.05,target,decoy,0,1.548
51,8,numeric,0.03,0.2,competitor,competitor,0,1.325
51,9,numeric,0.03,0.2,competitor,target,1,12.026
51,10,numeric,0.03,0.05,competitor,competitor,0,2.753
51,11,numeric,0.03,0.05,target,target,1,13.112
51,12,numeric,0.03,0.05,target,competitor,0,7.923
51,13,numeric,0.1,0.2,competitor,competitor,0,9.229
51,14,perceptual,0.03,0.2,target,target,1,7.24
51,15,perceptual,0.03,0.2,target,target,1,11.123
51,16,perceptual,0.03,0.2,competitor,target,1,7.56
51,17,numeric,0.03,0.2,competitor,competitor,0,5.624
51,18,perceptual,0.03,0.2,target,target,1,10.055
51,19,numeric,0.1,0.05,target,target,1,12.393
51,20,numeric,0.03,0.05,target,competitor,0,12.092
51,21,perceptual,0.03,0.2,competitor,competitor,0,2.584
51,22,numeric,0.03,0.2,competitor,target,1,3.285
51,23,numeric,0.1,0.2,competitor,target,1,5.425
51,24,perceptual,0.1,0.2,target,competitor,0,3.028
51,25,perceptual,0.1,0.2,target,competitor,0,2.739
51,26,perceptual,0.03,0.05,target,decoy,0,5.941
51,27,numeric,0.03,0.05,target,target,1,3.928
51,28,perceptual,0.1,0.2,target,target,1,5.606
51,29,numeric,0.03,0.05,competitor,competitor,0,11.285
51,30,perceptual,0.1,0.05,competitor,competitor,0,9.824
51,31,numeric,0.03,0.2,target,target,1,11.256
51,32,numeric,0.1,0.2,competitor,decoy,0,12.631
51,33,perceptual,0.03,0.05,competitor,target,1,7.461
51,34,perceptual,0.03,0.2,competitor,target,1,9.98
51,35,perceptual,0.1,0.05,target,decoy,0,6.205
51,36,numeric,0.1,0.2,competitor,target,1,2.764
51,37,perceptual,0.1,0.2,target,target,1,7.711
51,38,numeric,0.03,0.2,target,competitor,0,9.93
51,39,perceptual,0.1,0.05,competitor,target,1,7.424
51,40,numeric,0.03,0.2,target,competitor,0,4.101
51,41,numeric,0.03,0.2,target,target,1,10.343
51,42,numeric,0.1,0.05,competitor,decoy,0,5.838
51,43,perceptual,0.1,0.2,competitor,decoy,0,4.346
51,44,perceptual,0.1,0.2,competitor,target,1,6.585
51,45,perceptual,0.1,0.2,competitor,target,1,3.042
51,46,perceptual,0.03,0.2,target,target,1,3.258
51,47,numeric,0.1,0.05,competitor,target,1,6.302
51,48,perceptual,0.1,0.05,competitor,target,1,2.171
51,49,numeric,0.1,0.2,competitor,target,1,2.862
51,50,numeric,0.1,0.2,target,decoy,0,1.316
51,51,numeric,0.1,0.2,competitor,competitor,0,1.435
51,52,numeric,0.03,0.05,competitor,target,1,2.793
51,53,perceptual,0.03,0.05,target,target,1,2.504
51,54,numeric,0.03,0.2,target,decoy,0,5.444
51,55,perceptual,0.1,0.2,competitor,target,1,4.721
51,56,perceptual,0.03,0.2,competitor,target,1,2.263
51,57,numeric,0.1,0.05,target,target,1,6.158
51,58,numeric,0.1,0.05,target,target,1,8.811
51,59,numeric,0.03,0.05,competitor,competitor,0,8.566
51,60,perceptual,0.03,0.05,competitor,target,1,6.254
51,61,perceptual,0.03,0.2,target,competitor,0,11.112
51,62,numeric,0.03,0.2,competitor,competitor,0,3.106
51,63,numeric,0.03,0.05,competitor,target,1,2.946
51,64,numeric,0.1,0.05,target,target,1,4.035
51,65,perceptual,0.03,0.05,competitor,target,1,5.114
51,66,numeric,0.03,0.2,competitor,decoy,0,5.672
51,67,numeric,0.1,0.05,target,target,1,10.644
51,68,numeric,0.1,0.2,competitor,decoy,0,2.799
51,69,numeric,0.03,0.2,competitor,decoy,0,1.714
51,70,perceptual,0.1,0.05,target,competitor,0,0.407
51,71,perceptual,0.03,0.2,target,competitor,0,5.195
51,72,numeric,0.1,0.2,target,target,1,4.395
51,73,numeric,0.1,0.2,competitor,decoy,0,7.473
51,74,perceptual,0.03,0.05,competitor,target,1,2.527
51,75,numeric,0.1,0.05,competitor,decoy,0,1.524
51,76,perceptual,0.1,0.05,target,decoy,0,3.486
51,77,numeric,0.03,0.2,target,competitor,0,11.043
51,78,perceptual,0.1,0.2,target,decoy,0,6.786
51,79,perceptual,0.03,0.05,competitor,competitor,0,5.789
51,80,perceptual,0.1,0.05,competitor,target,1,2.516
51,81,numeric,0.1,0.2,target,target,1,8.167
51,82,perceptual,0.1,0.05,competitor,target,1,5.37
51,83,numeric,0.1,0.2,target,target,1,9.638
51,84,perceptual,0.1,0.05,competitor,target,1,6.79
51,85,perceptual,0.03,0.2,competitor,competitor,0,1.252
51,86,perceptual,0.03,0.2,competitor,target,1,1.067
51,87,perceptual,0.03,0.2,target,decoy,0,1.034
51,88,perceptual,0.03,0.05,target,target,1,1.531
51,89,perceptual,0.1,0.2,competitor,decoy,0,1.234
51,90,numeric,0.03,0.2,target,decoy,0,1.327
51,91,numeric,0.1,0.2,target,competitor,0,4.054
51,92,perceptual,0.03,0.2,target,target,1,4.423
51,93,numeric,0.03,0.05,competitor,competitor,0,7.982
51,94,numeric,0.1,0.05,competitor,target,1,2.385
51,95,numeric,0.03,0.2,competitor,competitor,0,2.247
51,96,perceptual,0.1,0.2,target,competitor,0,0.09
51,97,numeric,0.03,0.2,target,competitor,0,5.822
51,98,numeric,0.1,0.05,target,target,1,6.135
51,99,perceptual,0.03,0.05,target,target,1,7.899
51,100,numeric,0.03,0.2,target,target,1,11.305
51,101,numeric,0.1,0.05,target,competitor,0,5.409
51,102,numeric,0.03,0.05,competitor,competitor,0,1.921
51,103,numeric,0.03,0.05,competitor,decoy,0,1.022
51,104,numeric,0.03,0.2,target,competitor,0,0.955
51,105,numeric,0.1,0.05,competitor,decoy,0,0.811
51,106,perceptual,0.03,0.2,competitor,target,1,3.835
51,107,perceptual,0.1,0.05,competitor,competitor,0,0.108
51,108,numeric,0.1,0.2,target,target,1,0.133
51,109,perceptual,0.1,0.05,target,target,1,0.034
51,110,numeric,0.1,0.05,competitor,target,1,0.042
51,111,perceptual,0.03,0.2,competitor,competitor,0,0.086
51,112,numeric,0.1,0.05,competitor,target,1,12.16
51,113,perceptual,0.03,0.05,target,competitor,0,6.709
51,114,perceptual,0.03,0.2,competitor,competitor,0,5.282
51,115,perceptual,0.03,0.2,competitor,decoy,0,3.306
51,116,numeric,0.1,0.2,target,target,1,4.871
51,117,numeric,0.1,0.05,competitor,decoy,0,3.596
51,118,perceptual,0.1,0.2,target,competitor,0,1.877
51,119,numeric,0.03,0.05,target,competitor,0,1.412
51,120,perceptual,0.1,0.05,target,decoy,0,8.191
51,121,numeric,0.03,0.05,target,target,1,11.411
51,122,perceptual,0.03,0.2,target,target,1,5.384
51,123,perceptual,0.1,0.2,target,competitor,0,4.417
51,124,perceptual,0.03,0.05,target,decoy,0,1.902
51,125,numeric,0.1,0.05,target,target,1,10.701
51,126,perceptual,0.03,0.05,competitor,competitor,0,3.196
51,127,perceptual,0.03,0.05,competitor,competitor,0,13.707
51,128,perceptual,0.1,0.2,target,target,1,1.297
51,129,perceptual,0.1,0.2,target,competitor,0,4.517
51,130,perceptual,0.03,0.05,target,target,1,2.389
51,131,perceptual,0.1,0.05,target,decoy,0,2.548
51,132,numeric,0.03,0.05,competitor,decoy,0,10.863
51,133,numeric,0.1,0.2,competitor,target,1,3.158
51,134,numeric,0.03,0.05,competitor,decoy,0,8.185
51,135,perceptual,0.03,0.05,competitor,target,1,2.916
51,136,perceptual,0.1,0.05,target,decoy,0,1.27
51,137,numeric,0.1,0.05,competitor,target,1,1.418
51,138,numeric,0.1,0.05,target,decoy,0,3.728
51,139,perceptual,0.03,0.2,competitor,target,1,4.246
51,140,perceptual,0.1,0.05,competitor,decoy,0,2.415
51,141,perceptual,0.1,0.2,competitor,competitor,0,2.29
51,142,numeric,0.03,0.05,target,target,1,5.203
51,143,numeric,0.1,0.2,target,target,1,2.648
51,144,perceptual,0.1,0.05,target,decoy,0,1.538
51,145,perceptual,0.03,0.2,target,target,1,6.569
51,146,numeric,0.1,0.2,competitor,target,1,6.286
51,147,perceptual,0.1,0.05,target,decoy,0,3.346
51,148,numeric,0.03,0.2,competitor,target,1,6.873
51,149,numeric,0.1,0.2,target,target,1,5.783
51,150,perceptual,0.03,0.05,competitor,decoy,0,3.635
51,151,numeric,0.03,0.2,competitor,competitor,0,6.956
51,152,perceptual,0.1,0.2,competitor,competitor,0,4.789
51,153,numeric,0.03,0.2,target,target,1,8.37
51,154,perceptual,0.1,0.05,competitor,target,1,3.096
51,155,numeric,0.1,0.2,target,competitor,0,6.281
51,156,numeric,0.03,0.2,target,decoy,0,3.911
51,157,numeric,0.03,0.2,competitor,target,1,5.638
51,158,perceptual,0.03,0.05,target,target,1,2.444
51,159,numeric,0.1,0.05,target,competitor,0,7.936
51,160,perceptual,0.03,0.2,target,competitor,0,2.161
51,161,perceptual,0.1,0.2,target,target,1,4.674
51,162,numeric,0.1,0.2,target,target,1,6.304
51,163,perceptual,0.03,0.05,competitor,competitor,0,3.143
51,164,perceptual,0.03,0.05,target,target,1,5.303
51,165,numeric,0.1,0.05,target,competitor,0,10.243
51,166,perceptual,0.1,0.2,competitor,target,1,4.569
51,167,perceptual,0.1,0.05,competitor,target,1,9.055
51,168,numeric,0.03,0.05,target,target,1,6.528
51,169,perceptual,0.1,0.2,target,target,1,5.057
51,170,perceptual,0.1,0.2,competitor,target,1,5.003
51,171,numeric,0.03,0.2,competitor,competitor,0,8.695
51,172,numeric,0.1,0.05,competitor,target,1,4.16
51,173,perceptual,0.1,0.05,target,target,1,2.92
51,174,numeric,0.1,0.05,target,target,1,8.825
51,175,perceptual,0.1,0.05,target,competitor,0,1.485
51,176,perceptual,0.03,0.05,competitor,decoy,0,1.894
51,177,perceptual,0.03,0.2,competitor,target,1,4.006
51,178,perceptual,0.1,0.2,competitor,competitor,0,4.001
51,179,perceptual,0.03,0.05,target,target,1,9.223
51,180,numeric,0.1,0.2,target,target,1,4.556
51,181,numeric,0.03,0.05,target,target,1,4.656
51,182,perceptual,0.1,0.2,competitor,competitor,0,2.253
51,183,numeric,0.03,0.05,competitor,competitor,0,5.137
51,184,numeric,0.1,0.05,competitor,target,1,9.91
51,185,numeric,0.03,0.05,target,competitor,0,7.66
51,186,perceptual,0.03,0.2,target,decoy,0,1.901
51,187,perceptual,0.1,0.05,competitor,competitor,0,1.99
51,188,numeric,0.1,0.2,competitor,decoy,0,4.095
51,189,perceptual,0.1,0.05,competitor,target,1,2.455
51,190,perceptual,0.03,0.05,competitor,target,1,2.037
51,191,perceptual,0.1,0.05,target,decoy,0,1.818
51,192,numeric,0.1,0.05,competitor,target,1,6.449
52,1,perceptual,0.1,0.2,competitor,competitor,0,6.533
52,2,perceptual,0.03,0.05,target,target,1,10.012
52,3,numeric,0.1,0.05,competitor,target,1,11.111
52,4,perceptual,0.03,0.2,competitor,competitor,0,9.708
52,5,perceptual,0.03,0.2,target,competitor,0,8.178
52,6,perceptual,0.1,0.2,competitor,decoy,0,6.139
52,7,numeric,0.1,0.2,target,target,1,10.563
52,8,numeric,0.1,0.2,competitor,decoy,0,8.777
52,9,perceptual,0.1,0.2,competitor,competitor,0,4.591
52,10,numeric,0.03,0.05,target,target,1,11.706
52,11,perceptual,0.03,0.2,competitor,target,1,8.154
52,12,perceptual,0.1,0.05,competitor,target,1,3.395
52,13,numeric,0.03,0.2,target,target,1,6.6
52,14,numeric,0.1,0.05,target,target,1,5.635
52,15,perceptual,0.03,0.05,target,decoy,0,4.554
52,16,perceptual,0.03,0.05,target,decoy,0,4.692
52,17,perceptual,0.1,0.2,target,competitor,0,3.596
52,18,perceptual,0.03,0.05,competitor,target,1,4.476
52,19,numeric,0.03,0.2,competitor,competitor,0,8.175
52,20,perceptual,0.03,0.2,target,target,1,6.134
52,21,perceptual,0.03,0.2,competitor,competitor,0,5.263
52,22,perceptual,0.1,0.05,competitor,target,1,4.076
52,23,perceptual,0.1,0.05,target,target,1,9.305
52,24,numeric,0.03,0.05,target,competitor,0,6.243
52,25,perceptual,0.03,0.05,competitor,competitor,0,3.519
52,26,perceptual,0.1,0.2,target,target,1,7.76
52,27,perceptual,0.1,0.05,target,decoy,0,4.851
52,28,numeric,0.03,0.2,target,competitor,0,9.219
52,29,perceptual,0.03,0.2,target,decoy,0,4.446
52,30,perceptual,0.03,0.2,target,decoy,0,5.705
52,31,numeric,0.1,0.05,target,target,1,9.793
52,32,numeric,0.1,0.05,competitor,competitor,0,3.558
52,33,perceptual,0.1,0.2,target,target,1,4.751
52,34,perceptual,0.03,0.2,competitor,target,1,3.138
52,35,numeric,0.1,0.05,competitor,target,1,12.016
52,36,perceptual,0.1,0.05,competitor,target,1,2.992
52,37,perceptual,0.1,0.2,target,decoy,0,3.959
52,38,numeric,0.03,0.05,competitor,target,1,6.992
52,39,perceptual,0.03,0.05,competitor,target,1,8.766
52,40,perceptual,0.03,0.2,competitor,competitor,0,4.114
52,41,numeric,0.03,0.05,competitor,target,1,12.173
52,42,perceptual,0.1,0.2,target,target,1,3.366
52,43,numeric,0.03,0.2,target,decoy,0,6.447
52,44,numeric,0.1,0.2,competitor,competitor,0,7.012
52,45,perceptual,0.03,0.05,competitor,competitor,0,6.005
52,46,numeric,0.1,0.2,target,competitor,0,4
52,47,perceptual,0.03,0.05,target,competitor,0,3.826
52,48,numeric,0.1,0.05,target,target,1,4.568
52,49,perceptual,0.1,0.05,target,competitor,0,4.312
52,50,numeric,0.1,0.05,competitor,target,1,5.212
52,51,numeric,0.1,0.2,competitor,target,1,6.848
52,52,perceptual,0.1,0.2,target,target,1,5.133
52,53,perceptual,0.1,0.05,competitor,target,1,3.305
52,54,perceptual,0.1,0.05,target,competitor,0,4.367
52,55,perceptual,0.03,0.2,competitor,target,1,2.982
52,56,perceptual,0.1,0.05,target,competitor,0,2.571
52,57,numeric,0.1,0.05,target,competitor,0,4.769
52,58,perceptual,0.1,0.05,competitor,competitor,0,2.122
52,59,numeric,0.03,0.2,target,decoy,0,3.342
52,60,numeric,0.03,0.2,competitor,target,1,3.562
52,61,numeric,0.03,0.05,competitor,competitor,0,8.768
52,62,numeric,0.1,0.05,target,decoy,0,6.04
52,63,numeric,0.1,0.05,target,target,1,9.331
52,64,perceptual,0.1,0.2,target,target,1,7.003
52,65,perceptual,0.1,0.2,competitor,target,1,2.954
52,66,perceptual,0.03,0.05,target,target,1,4.069
52,67,numeric,0.1,0.05,target,target,1,0.03
52,68,perceptual,0.1,0.2,competitor,decoy,0,2.283
52,69,perceptual,0.03,0.05,target,decoy,0,1.52
52,70,numeric,0.03,0.05,target,decoy,0,3.597
52,71,perceptual,0.03,0.2,target,competitor,0,3.412
52,72,perceptual,0.03,0.2,competitor,competitor,0,4.362
52,73,perceptual,0.1,0.2,target,target,1,2.59
52,74,perceptual,0.1,0.05,competitor,target,1,3.097
52,75,numeric,0.1,0.2,target,target,1,4.599
52,76,perceptual,0.03,0.2,competitor,decoy,0,3.631
52,77,perceptual,0.1,0.05,competitor,competitor,0,4.265
52,78,numeric,0.03,0.05,target,target,1,6.141
52,79,numeric,0.03,0.2,target,target,1,5.222
52,80,numeric,0.03,0.2,target,target,1,9.43
52,81,perceptual,0.1,0.2,target,target,1,2.777
52,82,numeric,0.03,0.2,competitor,target,1,3.349
52,83,perceptual,0.1,0.2,target,decoy,0,4.119
52,84,numeric,0.1,0.2,competitor,target,1,3.998
52,85,numeric,0.03,0.05,target,competitor,0,8.055
52,86,numeric,0.1,0.05,target,competitor,0,8.606
52,87,numeric,0.03,0.2,competitor,target,1,4.207
52,88,numeric,0.1,0.2,competitor,target,1,6.13
52,89,perceptual,0.03,0.05,target,decoy,0,2.442
52,90,perceptual,0.1,0.05,competitor,target,1,2.448
52,91,numeric,0.03,0.05,target,target,1,7.486
52,92,perceptual,0.03,0.2,target,competitor,0,3.779
52,93,numeric,0.03,0.05,competitor,competitor,0,5.29
52,94,perceptual,0.1,0.05,target,competitor,0,2.566
52,95,numeric,0.03,0.2,competitor,competitor,0,4.267
52,96,numeric,0.03,0.05,competitor,competitor,0,8.699
52,97,perceptual,0.03,0.05,competitor,competitor,0,4.335
52,98,perceptual,0.1,0.2,competitor,competitor,0,3.809
52,99,perceptual,0.03,0.2,target,competitor,0,2.12
52,100,numeric,0.1,0.05,competitor,target,1,6.108
52,101,perceptual,0.03,0.2,target,decoy,0,2.261
52,102,perceptual,0.1,0.2,target,target,1,5.561
52,103,perceptual,0.1,0.2,competitor,competitor,0,1.973
52,104,numeric,0.03,0.05,target,competitor,0,4.876
52,105,perceptual,0.03,0.05,competitor,competitor,0,2.042
52,106,numeric,0.03,0.05,competitor,target,1,5.65
52,107,numeric,0.1,0.2,target,target,1,6.506
52,108,perceptual,0.1,0.2,target,decoy,0,3.05
52,109,numeric,0.03,0.2,competitor,competitor,0,4.668
52,110,numeric,0.03,0.05,target,decoy,0,4.317
52,111,numeric,0.1,0.2,competitor,target,1,3.617
52,112,numeric,0.1,0.2,target,target,1,6.336
52,113,numeric,0.1,0.2,target,target,1,6.613
52,114,perceptual,0.03,0.05,competitor,target,1,5.945
52,115,numeric,0.1,0.2,competitor,target,1,7.838
52,116,numeric,0.03,0.05,target,target,1,8.367
52,117,numeric,0.1,0.05,competitor,target,1,5.933
52,118,perceptual,0.03,0.05,target,target,1,2.407
52,119,perceptual,0.1,0.2,competitor,target,1,3.36
52,120,perceptual,0.03,0.05,target,competitor,0,3.431
52,121,numeric,0.1,0.2,competitor,target,1,8.632
52,122,numeric,0.03,0.05,target,target,1,2.247
52,123,numeric,0.03,0.05,target,competitor,0,3.828
52,124,numeric,0.03,0.05,competitor,target,1,4.85
52,125,perceptual,0.1,0.2,competitor,target,1,2.776
52,126,perceptual,0.1,0.05,target,competitor,0,3.88
52,127,numeric,0.1,0.2,competitor,competitor,0,4.952
52,128,numeric,0.03,0.2,target,target,1,4.299
52,129,numeric,0.1,0.05,competitor,target,1,4.581
52,130,perceptual,0.03,0.05,target,competitor,0,3.558
52,131,numeric,0.1,0.2,target,competitor,0,9.442
52,132,numeric,0.1,0.05,competitor,competitor,0,10.125
52,133,perceptual,0.03,0.05,competitor,competitor,0,7.241
52,134,numeric,0.03,0.05,competitor,competitor,0,1.813
52,135,numeric,0.03,0.2,target,decoy,0,6.718
52,136,perceptual,0.03,0.05,target,decoy,0,2.428
52,137,numeric,0.1,0.05,competitor,target,1,4.174
52,138,numeric,0.1,0.2,target,competitor,0,9.114
52,139,numeric,0.1,0.05,competitor,target,1,4.655
52,140,numeric,0.03,0.05,competitor,competitor,0,11.024
52,141,numeric,0.03,0.05,competitor,target,1,4.723
52,142,numeric,0.03,0.2,target,target,1,6.547
52,143,numeric,0.03,0.2,target,target,1,6.038
52,144,numeric,0.03,0.2,competitor,target,1,7.213
52,145,perceptual,0.03,0.2,target,competitor,0,8.995
52,146,numeric,0.1,0.05,target,competitor,0,5.155
52,147,numeric,0.03,0.2,target,target,1,5.057
52,148,perceptual,0.03,0.2,competitor,decoy,0,2.812
52,149,perceptual,0.1,0.2,competitor,decoy,0,1.947
52,150,perceptual,0.1,0.05,target,target,1,2.11
52,151,numeric,0.03,0.2,target,competitor,0,6.744
52,152,numeric,0.1,0.05,target,target,1,6.736
52,153,numeric,0.1,0.2,competitor,target,1,4.26
52,154,perceptual,0.1,0.05,competitor,target,1,2.257
52,155,perceptual,0.1,0.05,target,competitor,0,5.426
52,156,numeric,0.1,0.2,competitor,competitor,0,6.834
52,157,perceptual,0.1,0.05,competitor,decoy,0,2.804
52,158,perceptual,0.1,0.2,competitor,target,1,3.203
52,159,perceptual,0.03,0.2,competitor,target,1,2.113
52,160,perceptual,0.03,0.2,target,decoy,0,2.74
52,161,numeric,0.03,0.05,target,decoy,0,5.447
52,162,perceptual,0.1,0.05,target,target,1,2.684
52,163,perceptual,0.03,0.05,competitor,competitor,0,3.756
52,164,numeric,0.1,0.2,target,target,1,11.213
52,165,numeric,0.03,0.2,competitor,competitor,0,9.176
52,166,perceptual,0.03,0.05,target,competitor,0,3.635
52,167,numeric,0.1,0.05,competitor,target,1,5.119
52,168,numeric,0.03,0.05,competitor,target,1,5.231
52,169,perceptual,0.1,0.05,competitor,target,1,0.37
52,170,numeric,0.1,0.05,target,target,1,4.085
52,171,numeric,0.03,0.2,competitor,target,1,5.217
52,172,perceptual,0.1,0.05,target,target,1,2.549
52,173,perceptual,0.03,0.2,target,target,1,2.015
52,174,perceptual,0.03,0.2,competitor,decoy,0,2.369
52,175,numeric,0.03,0.2,competitor,target,1,4.419
52,176,perceptual,0.03,0.2,competitor,competitor,0,5.842
52,177,numeric,0.1,0.05,target,target,1,6.974
52,178,numeric,0.1,0.2,target,target,1,5.738
52,179,perceptual,0.03,0.2,target,competitor,0,3.936
52,180,numeric,0.03,0.2,competitor,target,1,6.169
52,181,perceptual,0.1,0.2,competitor,decoy,0,2.876
52,182,perceptual,0.03,0.05,competitor,competitor,0,6.935
52,183,perceptual,0.1,0.05,competitor,competitor,0,3.241
52,184,numeric,0.1,0.2,target,target,1,3.75
52,185,numeric,0.1,0.2,competitor,target,1,5.642
52,186,perceptual,0.1,0.05,target,competitor,0,4.25
52,187,perceptual,0.03,0.05,competitor,competitor,0,2.533
52,188,numeric,0.03,0.2,competitor,target,1,4.244
52,189,numeric,0.1,0.05,competitor,competitor,0,4.283
52,190,numeric,0.1,0.2,target,target,1,4.908
52,191,numeric,0.03,0.05,competitor,competitor,0,4.284
52,192,perceptual,0.03,0.05,competitor,target,1,3.835
53,1,perceptual,0.1,0.2,target,target,1,12.143
53,2,numeric,0.1,0.05,competitor,target,1,8.881
53,3,numeric,0.1,0.2,competitor,target,1,0.244
53,4,perceptual,0.1,0.05,target,target,1,7.187
53,5,perceptual,0.03,0.05,target,target,1,10.422
53,6,numeric,0.1,0.2,target,target,1,6.476
53,7,perceptual,0.03,0.05,competitor,target,1,9.75
53,8,perceptual,0.1,0.05,target,target,1,12.026
53,9,numeric,0.1,0.2,target,target,1,10.14
53,10,perceptual,0.03,0.05,competitor,target,1,11.485
53,11,perceptual,0.03,0.05,target,target,1,15.718
53,12,numeric,0.1,0.05,target,target,1,10.507
53,13,numeric,0.1,0.2,competitor,target,1,8.083
53,14,numeric,0.1,0.05,competitor,target,1,12.734
53,15,numeric,0.03,0.05,target,target,1,7.058
53,16,numeric,0.03,0.2,competitor,target,1,8.274
53,17,numeric,0.1,0.05,competitor,competitor,0,11.845
53,18,perceptual,0.1,0.05,competitor,target,1,7.852
53,19,numeric,0.1,0.2,competitor,competitor,0,13.936
53,20,perceptual,0.1,0.05,target,decoy,0,7.876
53,21,perceptual,0.03,0.05,target,target,1,8.461
53,22,numeric,0.1,0.2,target,target,1,8.799
53,23,perceptual,0.1,0.2,target,target,1,3.488
53,24,perceptual,0.03,0.2,target,competitor,0,3.836
53,25,perceptual,0.03,0.05,competitor,decoy,0,8.185
53,26,perceptual,0.03,0.2,target,competitor,0,3.271
53,27,perceptual,0.1,0.2,competitor,target,1,5.893
53,28,numeric,0.03,0.05,competitor,target,1,9.839
53,29,numeric,0.1,0.2,target,target,1,14.286
53,30,numeric,0.03,0.05,competitor,target,1,13.332
53,31,perceptual,0.1,0.2,target,target,1,7.745
53,32,numeric,0.03,0.2,competitor,competitor,0,7.709
53,33,numeric,0.1,0.2,competitor,competitor,0,16.957
53,34,perceptual,0.03,0.2,target,competitor,0,3.979
53,35,perceptual,0.03,0.05,target,competitor,0,7.81
53,36,numeric,0.03,0.05,target,decoy,0,9.192
53,37,perceptual,0.03,0.05,target,target,1,16.839
53,38,perceptual,0.03,0.2,competitor,target,1,8.445
53,39,perceptual,0.1,0.05,target,target,1,5.211
53,40,perceptual,0.03,0.2,competitor,target,1,3.914
53,41,perceptual,0.03,0.05,competitor,target,1,8.442
53,42,numeric,0.03,0.2,target,target,1,9.175
53,43,numeric,0.03,0.2,target,target,1,6.846
53,44,perceptual,0.03,0.2,competitor,target,1,4.45
53,45,numeric,0.1,0.05,target,target,1,5.209
53,46,perceptual,0.03,0.05,competitor,target,1,2.83
53,47,numeric,0.03,0.05,target,target,1,15.521
53,48,perceptual,0.1,0.05,competitor,target,1,7.562
53,49,perceptual,0.1,0.05,target,target,1,6.757
53,50,numeric,0.03,0.2,target,target,1,4.955
53,51,numeric,0.1,0.05,target,target,1,6.464
53,52,numeric,0.1,0.05,target,target,1,6.596
53,53,numeric,0.1,0.2,competitor,target,1,8.433
53,54,numeric,0.03,0.2,target,target,1,9.131
53,55,numeric,0.1,0.2,competitor,target,1,9.647
53,56,numeric,0.1,0.05,competitor,target,1,18.545
53,57,numeric,0.03,0.05,target,target,1,6.5
53,58,numeric,0.03,0.05,competitor,competitor,0,12.649
53,59,perceptual,0.1,0.2,target,target,1,6.824
53,60,perceptual,0.03,0.2,competitor,target,1,3.234
53,61,perceptual,0.03,0.2,target,target,1,3.786
53,62,perceptual,0.03,0.2,target,target,1,4.422
53,63,perceptual,0.1,0.2,target,target,1,6.841
53,64,numeric,0.03,0.2,target,target,1,11.359
53,65,perceptual,0.1,0.2,competitor,target,1,6.258
53,66,perceptual,0.1,0.05,competitor,target,1,2.82
53,67,perceptual,0.1,0.05,target,decoy,0,3.781
53,68,perceptual,0.1,0.2,target,competitor,0,6.626
53,69,numeric,0.1,0.2,competitor,target,1,17.786
53,70,perceptual,0.03,0.2,target,target,1,5.683
53,71,perceptual,0.03,0.2,competitor,competitor,0,2.207
53,72,perceptual,0.03,0.05,competitor,target,1,3.031
53,73,numeric,0.03,0.05,competitor,competitor,0,5.904
53,74,perceptual,0.03,0.05,target,target,1,6.546
53,75,perceptual,0.03,0.2,target,target,1,3.444
53,76,perceptual,0.1,0.05,competitor,competitor,0,5.974
53,77,perceptual,0.1,0.2,competitor,target,1,8.102
53,78,numeric,0.03,0.05,target,target,1,12.131
53,79,numeric,0.1,0.2,competitor,target,1,8.494
53,80,perceptual,0.03,0.2,competitor,competitor,0,4.853
53,81,perceptual,0.03,0.05,target,target,1,5.844
53,82,perceptual,0.1,0.2,target,target,1,4.177
53,83,perceptual,0.1,0.2,competitor,competitor,0,3.639
53,84,perceptual,0.03,0.05,competitor,target,1,6.048
53,85,perceptual,0.1,0.05,competitor,target,1,3.093
53,86,numeric,0.1,0.2,target,target,1,11.754
53,87,perceptual,0.1,0.05,competitor,target,1,3.054
53,88,numeric,0.1,0.2,competitor,competitor,0,15.756
53,89,perceptual,0.1,0.05,target,target,1,4.394
53,90,numeric,0.1,0.05,competitor,target,1,11.887
53,91,perceptual,0.1,0.2,competitor,decoy,0,2.787
53,92,numeric,0.03,0.05,target,target,1,5.798
53,93,numeric,0.1,0.2,target,target,1,7.484
53,94,perceptual,0.03,0.2,competitor,target,1,2.54
53,95,numeric,0.1,0.05,target,target,1,4.915
53,97,numeric,0.03,0.05,competitor,competitor,0,6.804
53,98,numeric,0.1,0.05,competitor,target,1,10.048
53,99,perceptual,0.1,0.05,competitor,competitor,0,3.904
53,100,perceptual,0.03,0.05,target,decoy,0,2.861
53,101,perceptual,0.03,0.05,competitor,decoy,0,4.19
53,102,numeric,0.1,0.2,target,target,1,15.084
53,103,perceptual,0.03,0.05,competitor,competitor,0,6.896
53,104,numeric,0.03,0.05,target,target,1,7.849
53,105,numeric,0.1,0.05,competitor,target,1,7.761
53,106,numeric,0.03,0.2,competitor,target,1,5.833
53,107,numeric,0.1,0.05,target,target,1,4.749
53,108,perceptual,0.1,0.2,target,decoy,0,2.576
53,109,numeric,0.03,0.05,competitor,competitor,0,11.529
53,110,numeric,0.1,0.05,target,target,1,7.702
53,111,numeric,0.1,0.05,competitor,target,1,7.478
53,112,numeric,0.03,0.2,competitor,competitor,0,8.61
53,113,numeric,0.1,0.2,target,target,1,8.503
53,114,perceptual,0.03,0.2,target,competitor,0,5.042
53,115,perceptual,0.1,0.05,competitor,target,1,3.669
53,116,numeric,0.03,0.2,target,target,1,4.462
53,117,perceptual,0.03,0.2,target,competitor,0,5.45
53,118,numeric,0.1,0.05,target,target,1,4.943
53,119,numeric,0.03,0.05,competitor,competitor,0,7.631
53,120,numeric,0.03,0.2,competitor,competitor,0,8.372
53,121,numeric,0.1,0.2,target,target,1,11.084
53,122,numeric,0.1,0.2,target,target,1,6.171
53,123,numeric,0.03,0.2,target,target,1,9.631
53,124,numeric,0.1,0.2,competitor,target,1,16.086
53,125,numeric,0.1,0.2,target,target,1,7.109
53,126,perceptual,0.03,0.2,competitor,target,1,5.229
53,127,numeric,0.03,0.05,target,target,1,10.665
53,128,numeric,0.03,0.2,target,target,1,11.821
53,129,numeric,0.03,0.05,competitor,target,1,6.179
53,130,numeric,0.03,0.2,competitor,competitor,0,9.813
53,131,perceptual,0.03,0.05,competitor,competitor,0,6.691
53,132,numeric,0.1,0.2,competitor,competitor,0,16.608
53,133,perceptual,0.1,0.05,competitor,competitor,0,3.38
53,134,numeric,0.1,0.05,target,target,1,13.914
53,135,numeric,0.1,0.05,target,target,1,8.376
53,136,perceptual,0.03,0.2,target,target,1,4.585
53,137,numeric,0.03,0.05,target,target,1,5.312
53,138,numeric,0.03,0.05,target,target,1,8.647
53,139,numeric,0.03,0.2,target,target,1,7.472
53,140,perceptual,0.1,0.2,competitor,target,1,7.756
53,141,perceptual,0.1,0.2,target,target,1,5.496
53,142,perceptual,0.03,0.2,target,competitor,0,3.91
53,143,perceptual,0.1,0.05,competitor,target,1,6.129
53,144,numeric,0.03,0.05,target,target,1,9.027
53,145,perceptual,0.03,0.05,target,target,1,6.344
53,146,numeric,0.03,0.2,competitor,target,1,10.446
53,147,perceptual,0.1,0.2,competitor,competitor,0,2.529
53,148,numeric,0.03,0.2,competitor,competitor,0,16.998
53,149,perceptual,0.1,0.05,target,target,1,7.166
53,150,numeric,0.03,0.2,target,target,1,6.82
53,151,numeric,0.1,0.05,competitor,target,1,8.287
53,152,numeric,0.03,0.05,competitor,competitor,0,11.67
53,153,numeric,0.1,0.05,target,target,1,11.467
53,154,perceptual,0.1,0.2,competitor,target,1,4.332
53,155,numeric,0.1,0.05,competitor,competitor,0,10.213
53,156,numeric,0.1,0.05,competitor,competitor,0,13.783
53,157,perceptual,0.1,0.2,competitor,target,1,3.057
53,158,perceptual,0.1,0.2,competitor,target,1,2.079
53,159,numeric,0.03,0.05,competitor,competitor,0,8.892
53,160,perceptual,0.1,0.05,competitor,target,1,4.477
53,161,perceptual,0.1,0.2,competitor,target,1,6.128
53,162,numeric,0.03,0.05,competitor,competitor,0,9.487
53,163,perceptual,0.1,0.2,competitor,target,1,3.694
53,164,perceptual,0.03,0.05,target,competitor,0,6.273
53,165,numeric,0.1,0.2,target,target,1,7.62
53,166,perceptual,0.03,0.2,competitor,competitor,0,7.075
53,167,numeric,0.03,0.2,target,target,1,12.224
53,168,perceptual,0.03,0.2,competitor,competitor,0,3.91
53,169,numeric,0.1,0.05,target,target,1,5.766
53,170,perceptual,0.1,0.2,target,target,1,3.619
53,171,perceptual,0.1,0.05,target,target,1,3.604
53,172,numeric,0.1,0.05,competitor,target,1,6.692
53,173,perceptual,0.03,0.05,competitor,target,1,9.395
53,174,perceptual,0.1,0.05,target,target,1,8.45
53,175,perceptual,0.03,0.2,competitor,competitor,0,6.488
53,176,perceptual,0.1,0.05,target,target,1,7.568
53,177,perceptual,0.1,0.2,target,target,1,7.153
53,178,perceptual,0.1,0.2,target,target,1,7.473
53,179,numeric,0.03,0.05,target,target,1,7.434
53,180,perceptual,0.03,0.05,target,target,1,10.313
53,181,numeric,0.03,0.2,competitor,target,1,5.948
53,182,numeric,0.03,0.2,competitor,competitor,0,12.79
53,183,numeric,0.03,0.05,competitor,target,1,14.299
53,184,numeric,0.03,0.2,target,target,1,11.607
53,185,perceptual,0.03,0.2,target,target,1,3.302
53,186,perceptual,0.03,0.05,competitor,competitor,0,7.935
53,187,perceptual,0.03,0.05,target,target,1,2.238
53,188,perceptual,0.1,0.05,target,target,1,5.305
53,189,numeric,0.03,0.2,competitor,competitor,0,11.276
53,190,perceptual,0.03,0.2,competitor,decoy,0,12.549
53,191,numeric,0.03,0.2,competitor,competitor,0,7.833
53,192,perceptual,0.1,0.05,competitor,competitor,0,9.483
54,2,perceptual,0.03,0.2,competitor,competitor,0,3.815
54,3,numeric,0.1,0.05,target,target,1,9.144
54,4,perceptual,0.1,0.05,competitor,target,1,5.097
54,5,numeric,0.1,0.05,competitor,target,1,11.026
54,6,numeric,0.03,0.05,target,competitor,0,10.227
54,7,numeric,0.03,0.05,competitor,competitor,0,7.941
54,8,numeric,0.1,0.05,target,target,1,7.729
54,9,numeric,0.1,0.05,target,target,1,9.628
54,10,numeric,0.1,0.05,target,competitor,0,7.231
54,11,numeric,0.03,0.2,competitor,target,1,8.697
54,12,perceptual,0.1,0.05,competitor,target,1,11.521
54,13,numeric,0.1,0.2,competitor,target,1,5.229
54,14,numeric,0.03,0.2,competitor,target,1,7.952
54,15,numeric,0.03,0.2,competitor,target,1,6.11
54,16,perceptual,0.1,0.2,competitor,target,1,7.074
54,17,numeric,0.03,0.2,competitor,target,1,14.121
54,18,numeric,0.03,0.2,target,competitor,0,7.471
54,19,numeric,0.1,0.05,target,target,1,9.534
54,20,perceptual,0.1,0.05,competitor,target,1,4.467
54,21,numeric,0.03,0.05,target,competitor,0,9.542
54,22,numeric,0.1,0.05,target,competitor,0,16.065
54,23,perceptual,0.03,0.2,competitor,competitor,0,4.796
54,24,perceptual,0.03,0.05,target,decoy,0,4.365
54,25,perceptual,0.1,0.05,competitor,target,1,6.714
54,26,perceptual,0.03,0.05,target,target,1,6.55
54,27,perceptual,0.03,0.2,target,target,1,6.188
54,28,numeric,0.03,0.05,target,target,1,7.404
54,29,perceptual,0.03,0.2,target,competitor,0,4.869
54,30,numeric,0.03,0.05,competitor,target,1,17.003
54,31,perceptual,0.1,0.2,target,competitor,0,4.887
54,32,perceptual,0.03,0.05,target,decoy,0,11.864
54,33,perceptual,0.03,0.2,competitor,competitor,0,3.97
54,34,perceptual,0.03,0.2,competitor,competitor,0,3.565
54,35,numeric,0.03,0.05,target,target,1,4.263
54,36,perceptual,0.03,0.05,target,target,1,6.467
54,37,perceptual,0.03,0.2,competitor,target,1,6.372
54,38,perceptual,0.03,0.05,target,competitor,0,5.893
54,39,perceptual,0.03,0.2,competitor,target,1,4.932
54,40,perceptual,0.03,0.2,target,target,1,13.241
54,41,perceptual,0.1,0.05,target,decoy,0,7.172
54,42,perceptual,0.03,0.05,target,target,1,6.801
54,43,numeric,0.1,0.05,competitor,competitor,0,13.397
54,44,numeric,0.1,0.2,target,target,1,10.226
54,45,numeric,0.03,0.05,competitor,target,1,13.755
54,46,perceptual,0.1,0.2,target,target,1,4.558
54,47,numeric,0.1,0.2,competitor,target,1,6.691
54,48,perceptual,0.1,0.05,target,target,1,6.978
54,49,perceptual,0.1,0.05,competitor,decoy,0,5.262
54,50,perceptual,0.03,0.05,target,target,1,4.276
54,51,perceptual,0.03,0.2,target,target,1,3.295
54,52,perceptual,0.03,0.2,target,competitor,0,2.67
54,53,numeric,0.03,0.2,target,target,1,8.808
54,54,perceptual,0.03,0.05,competitor,target,1,6.334
54,55,numeric,0.1,0.2,target,target,1,5.996
54,56,numeric,0.1,0.05,competitor,target,1,10.125
54,57,numeric,0.03,0.2,target,competitor,0,16.329
54,58,perceptual,0.1,0.2,competitor,target,1,3.785
54,59,perceptual,0.03,0.05,competitor,target,1,5.96
54,60,perceptual,0.1,0.2,target,competitor,0,11.998
54,61,numeric,0.03,0.2,target,target,1,13.189
54,62,numeric,0.1,0.2,target,target,1,13.185
54,63,perceptual,0.1,0.05,target,target,1,3.509
54,64,perceptual,0.1,0.05,competitor,target,1,6.933
54,65,numeric,0.1,0.05,target,target,1,10.679
54,66,perceptual,0.03,0.2,target,competitor,0,7.936
54,67,perceptual,0.03,0.05,competitor,target,1,4.198
54,68,numeric,0.1,0.2,target,target,1,11.259
54,69,numeric,0.03,0.05,target,target,1,10.821
54,70,perceptual,0.1,0.05,competitor,competitor,0,6.463
54,71,numeric,0.1,0.2,competitor,target,1,6.271
54,72,perceptual,0.1,0.05,target,target,1,5.639
54,73,perceptual,0.1,0.05,target,decoy,0,8.266
54,74,numeric,0.03,0.2,competitor,competitor,0,11.698
54,75,perceptual,0.03,0.2,target,competitor,0,5.106
54,76,perceptual,0.1,0.2,competitor,target,1,7.968
54,77,perceptual,0.1,0.2,target,competitor,0,7.156
54,78,numeric,0.1,0.2,target,target,1,8.403
54,79,numeric,0.03,0.05,competitor,competitor,0,10.095
54,80,numeric,0.1,0.05,competitor,target,1,10.058
54,81,numeric,0.03,0.05,target,target,1,8.634
54,82,numeric,0.03,0.05,target,competitor,0,13.393
54,83,perceptual,0.1,0.2,competitor,target,1,7.072
54,84,perceptual,0.03,0.2,target,target,1,5.516
54,85,perceptual,0.1,0.2,competitor,target,1,4.501
54,86,numeric,0.03,0.05,target,target,1,9.907
54,87,perceptual,0.1,0.2,competitor,competitor,0,6.891
54,88,numeric,0.1,0.2,target,target,1,11.886
54,89,numeric,0.03,0.05,competitor,target,1,12.879
54,90,numeric,0.03,0.2,competitor,competitor,0,6.935
54,91,numeric,0.1,0.05,competitor,target,1,4.174
54,92,numeric,0.03,0.2,competitor,competitor,0,5.869
54,93,perceptual,0.1,0.05,target,target,1,5.367
54,94,numeric,0.1,0.2,competitor,competitor,0,13.743
54,95,numeric,0.03,0.05,competitor,competitor,0,11.414
54,96,perceptual,0.1,0.05,target,target,1,3.714
54,97,numeric,0.03,0.05,competitor,target,1,11.739
54,98,perceptual,0.03,0.05,target,competitor,0,6.994
54,99,numeric,0.03,0.2,target,target,1,10.663
54,100,numeric,0.03,0.2,target,target,1,13.558
54,101,numeric,0.03,0.05,competitor,target,1,5.533
54,102,perceptual,0.03,0.2,competitor,target,1,4.26
54,103,perceptual,0.1,0.2,competitor,competitor,0,3.415
54,104,numeric,0.1,0.2,target,target,1,14.402
54,105,perceptual,0.1,0.05,target,decoy,0,6.222
54,106,numeric,0.1,0.05,target,target,1,17.343
54,107,perceptual,0.1,0.05,competitor,competitor,0,3.624
54,108,perceptual,0.03,0.05,competitor,decoy,0,3.885
54,109,numeric,0.1,0.2,target,target,1,13.296
54,110,perceptual,0.1,0.2,target,target,1,3.599
54,111,numeric,0.1,0.2,target,target,1,7.57
54,112,perceptual,0.1,0.2,target,competitor,0,2.683
54,113,numeric,0.03,0.05,competitor,target,1,7.197
54,114,numeric,0.1,0.05,target,competitor,0,4.984
54,115,perceptual,0.1,0.2,target,target,1,6.779
54,116,numeric,0.1,0.2,competitor,target,1,7.156
54,117,numeric,0.1,0.05,competitor,target,1,9.052
54,118,numeric,0.1,0.05,competitor,target,1,14.207
54,119,perceptual,0.03,0.05,competitor,target,1,5.201
54,120,numeric,0.1,0.2,target,competitor,0,13.493
54,121,numeric,0.03,0.2,target,target,1,13.276
54,122,numeric,0.03,0.2,competitor,target,1,8.818
54,123,perceptual,0.03,0.2,competitor,competitor,0,3.587
54,124,numeric,0.1,0.05,target,target,1,9.693
54,125,numeric,0.03,0.05,target,target,1,19.594
54,126,numeric,0.03,0.05,target,competitor,0,11.176
54,127,perceptual,0.1,0.2,target,target,1,4.865
54,128,numeric,0.03,0.05,competitor,competitor,0,8.037
54,129,numeric,0.1,0.05,competitor,target,1,15.327
54,130,numeric,0.1,0.2,target,competitor,0,13.94
54,131,perceptual,0.1,0.05,target,decoy,0,10.924
54,132,perceptual,0.1,0.2,competitor,competitor,0,4.114
54,133,numeric,0.03,0.05,competitor,competitor,0,4.882
54,134,perceptual,0.03,0.05,target,decoy,0,3.871
54,135,numeric,0.1,0.2,competitor,target,1,8.648
54,136,perceptual,0.1,0.05,competitor,target,1,8.943
54,137,perceptual,0.03,0.2,target,competitor,0,7.314
54,139,numeric,0.03,0.05,competitor,decoy,0,0.318
54,140,numeric,0.1,0.2,competitor,target,1,6.512
54,141,perceptual,0.03,0.2,target,target,1,7.659
54,142,perceptual,0.03,0.05,target,target,1,6.735
54,143,perceptual,0.03,0.2,competitor,competitor,0,7.592
54,144,perceptual,0.03,0.2,target,target,1,5.942
54,145,numeric,0.03,0.2,competitor,competitor,0,5.097
54,146,perceptual,0.1,0.05,target,target,1,3.65
54,147,perceptual,0.03,0.05,competitor,target,1,9.755
54,148,numeric,0.03,0.2,competitor,target,1,5.001
54,149,numeric,0.1,0.05,competitor,target,1,7.437
54,150,perceptual,0.1,0.05,competitor,target,1,4.319
54,151,perceptual,0.03,0.05,competitor,target,1,6.151
54,152,perceptual,0.1,0.2,target,target,1,8.413
54,153,perceptual,0.03,0.2,competitor,competitor,0,4.321
54,154,perceptual,0.1,0.2,competitor,target,1,4.943
54,155,numeric,0.03,0.2,target,competitor,0,8.144
54,156,perceptual,0.1,0.05,target,target,1,4.598
54,157,numeric,0.03,0.2,target,target,1,8.537
54,158,perceptual,0.1,0.2,target,target,1,4.283
54,159,numeric,0.1,0.2,competitor,competitor,0,6.026
54,160,numeric,0.03,0.2,target,target,1,5.732
54,161,numeric,0.1,0.2,target,target,1,8.879
54,162,numeric,0.1,0.05,competitor,competitor,0,6.901
54,163,perceptual,0.03,0.05,competitor,decoy,0,4.763
54,164,perceptual,0.03,0.05,competitor,target,1,3.545
54,165,perceptual,0.1,0.2,target,target,1,2.612
54,166,perceptual,0.03,0.05,competitor,decoy,0,6.817
54,167,numeric,0.1,0.2,competitor,target,1,4.868
54,168,perceptual,0.03,0.2,target,competitor,0,4.499
54,169,perceptual,0.1,0.05,competitor,target,1,7.924
54,170,numeric,0.1,0.2,competitor,competitor,0,10.267
54,171,numeric,0.1,0.05,competitor,competitor,0,8.138
54,172,numeric,0.03,0.2,target,target,1,9.629
54,173,numeric,0.1,0.2,competitor,target,1,10.085
54,174,perceptual,0.03,0.2,competitor,target,1,7.014
54,175,numeric,0.1,0.05,target,target,1,6.526
54,176,perceptual,0.03,0.05,competitor,target,1,7.342
54,177,numeric,0.03,0.05,target,competitor,0,4.779
54,178,perceptual,0.1,0.2,competitor,target,1,2.717
54,179,perceptual,0.1,0.2,target,target,1,5.57
54,180,perceptual,0.03,0.2,competitor,competitor,0,2.816
54,181,numeric,0.03,0.2,competitor,competitor,0,7.542
54,182,numeric,0.1,0.05,competitor,target,1,12.798
54,183,perceptual,0.03,0.05,competitor,decoy,0,2.623
54,184,numeric,0.1,0.05,target,decoy,0,0.212
54,185,perceptual,0.1,0.05,competitor,target,1,2.714
54,186,perceptual,0.1,0.2,competitor,target,1,3.329
54,187,perceptual,0.03,0.05,target,decoy,0,5.019
54,188,numeric,0.03,0.2,target,target,1,8.153
54,189,numeric,0.03,0.2,competitor,competitor,0,10.117
54,190,numeric,0.1,0.2,competitor,target,1,10.05
54,191,perceptual,0.1,0.2,competitor,competitor,0,6.151
54,192,perceptual,0.1,0.05,target,target,1,3.287
55,1,numeric,0.1,0.05,target,target,1,10.139
55,2,numeric,0.03,0.05,target,target,1,7.916
55,3,numeric,0.03,0.2,target,target,1,7.49
55,4,perceptual,0.03,0.2,target,competitor,0,10.768
55,5,numeric,0.1,0.05,competitor,target,1,8.773
55,6,perceptual,0.03,0.05,competitor,target,1,6.561
55,7,numeric,0.03,0.05,competitor,target,1,11.181
55,8,numeric,0.1,0.05,target,target,1,8.463
55,9,perceptual,0.1,0.05,target,target,1,4.486
55,10,perceptual,0.03,0.2,competitor,target,1,6.113
55,11,perceptual,0.1,0.2,competitor,competitor,0,5.579
55,12,numeric,0.1,0.05,competitor,target,1,10.589
55,13,perceptual,0.1,0.05,competitor,target,1,4.667
55,14,perceptual,0.1,0.2,competitor,target,1,5.746
55,15,numeric,0.03,0.2,target,target,1,6.228
55,16,perceptual,0.03,0.2,competitor,target,1,8.069
55,17,perceptual,0.03,0.2,competitor,target,1,4.368
55,18,numeric,0.1,0.2,target,target,1,8.743
55,19,numeric,0.03,0.05,target,target,1,9.462
55,20,perceptual,0.1,0.2,target,target,1,6.176
55,21,perceptual,0.03,0.05,competitor,target,1,5.73
55,22,numeric,0.1,0.2,target,target,1,8.497
55,23,numeric,0.1,0.2,target,target,1,7.998
55,24,numeric,0.03,0.05,target,target,1,6.769
55,25,numeric,0.1,0.05,target,target,1,6.514
55,26,numeric,0.03,0.2,target,target,1,7.625
55,27,perceptual,0.1,0.2,target,target,1,4.725
55,28,numeric,0.1,0.2,competitor,target,1,7.477
55,29,perceptual,0.1,0.2,target,target,1,5.146
55,30,numeric,0.03,0.05,competitor,target,1,6.731
55,31,perceptual,0.1,0.2,competitor,target,1,5.348
55,32,perceptual,0.1,0.05,competitor,target,1,6.955
55,33,perceptual,0.03,0.05,target,competitor,0,7.519
55,34,perceptual,0.1,0.2,competitor,target,1,4.749
55,35,numeric,0.1,0.2,target,target,1,5.974
55,36,perceptual,0.03,0.05,target,target,1,8.009
55,37,numeric,0.1,0.2,competitor,target,1,8.776
55,38,perceptual,0.03,0.05,competitor,target,1,9.089
55,39,perceptual,0.1,0.2,target,target,1,5.569
55,40,numeric,0.03,0.2,competitor,competitor,0,8.3
55,41,numeric,0.1,0.2,target,target,1,5.868
55,42,numeric,0.1,0.05,target,target,1,6.235
55,43,perceptual,0.03,0.05,target,target,1,8.219
55,44,perceptual,0.1,0.2,competitor,target,1,3.721
55,45,perceptual,0.03,0.2,target,target,1,3.309
55,46,perceptual,0.1,0.05,competitor,target,1,4.226
55,47,perceptual,0.1,0.2,target,target,1,6.622
55,48,perceptual,0.03,0.2,target,target,1,4.777
55,49,numeric,0.1,0.2,competitor,target,1,5.254
55,50,perceptual,0.1,0.05,competitor,target,1,3.345
55,51,perceptual,0.1,0.2,target,target,1,6.351
55,52,numeric,0.03,0.2,competitor,target,1,8.205
55,53,perceptual,0.03,0.05,target,competitor,0,8.623
55,54,numeric,0.03,0.05,target,target,1,6.667
55,55,perceptual,0.1,0.2,competitor,target,1,4.813
55,56,perceptual,0.03,0.2,target,competitor,0,5.25
55,57,numeric,0.1,0.05,target,target,1,7.817
55,58,numeric,0.1,0.2,target,target,1,9.046
55,59,perceptual,0.1,0.2,competitor,target,1,3.978
55,60,numeric,0.03,0.2,competitor,competitor,0,6.614
55,61,numeric,0.03,0.2,target,target,1,8.995
55,62,perceptual,0.03,0.2,competitor,target,1,6.511
55,63,numeric,0.03,0.2,target,target,1,7.79
55,64,perceptual,0.1,0.05,competitor,target,1,3.063
55,65,numeric,0.1,0.05,target,target,1,5.701
55,66,numeric,0.03,0.2,competitor,target,1,7.923
55,67,perceptual,0.1,0.05,competitor,target,1,6.981
55,68,numeric,0.1,0.2,competitor,target,1,7.424
55,69,perceptual,0.03,0.2,competitor,competitor,0,7.335
55,70,numeric,0.03,0.05,competitor,target,1,7.457
55,71,perceptual,0.1,0.2,target,target,1,6.823
55,72,numeric,0.1,0.2,competitor,target,1,7.887
55,73,numeric,0.1,0.05,target,competitor,0,10.804
55,74,perceptual,0.1,0.05,target,decoy,0,8.766
55,75,perceptual,0.1,0.2,target,target,1,5.664
55,76,perceptual,0.03,0.05,competitor,competitor,0,9.325
55,77,perceptual,0.1,0.05,target,target,1,8.284
55,78,numeric,0.03,0.05,competitor,target,1,8.745
55,79,perceptual,0.03,0.05,competitor,target,1,9.205
55,80,numeric,0.03,0.05,target,target,1,7.321
55,81,numeric,0.03,0.2,target,target,1,6.358
55,82,numeric,0.1,0.05,target,competitor,0,8.804
55,83,perceptual,0.1,0.2,target,target,1,4.988
55,84,numeric,0.1,0.2,competitor,competitor,0,6.625
55,85,numeric,0.03,0.05,competitor,target,1,8.835
55,86,perceptual,0.03,0.05,competitor,target,1,7.669
55,87,perceptual,0.1,0.2,target,target,1,5.085
55,88,perceptual,0.03,0.05,target,target,1,6.792
55,89,numeric,0.1,0.05,competitor,target,1,6.264
55,90,numeric,0.03,0.2,target,target,1,4.278
55,91,numeric,0.1,0.05,competitor,competitor,0,8.684
55,92,perceptual,0.03,0.2,target,competitor,0,4.32
55,93,numeric,0.1,0.05,target,target,1,8.212
55,94,perceptual,0.1,0.05,competitor,target,1,6.29
55,95,perceptual,0.03,0.2,target,target,1,4.306
55,96,perceptual,0.1,0.05,target,target,1,7.755
55,97,numeric,0.1,0.2,competitor,target,1,4.998
55,98,perceptual,0.1,0.05,target,target,1,7.103
55,99,numeric,0.03,0.05,competitor,target,1,6.239
55,100,numeric,0.03,0.2,target,target,1,7.047
55,101,numeric,0.03,0.2,competitor,target,1,10.716
55,102,perceptual,0.1,0.05,competitor,target,1,3.916
55,103,numeric,0.1,0.05,target,target,1,11.188
55,104,numeric,0.03,0.2,competitor,target,1,8.045
55,105,numeric,0.03,0.2,target,competitor,0,8.43
55,106,perceptual,0.03,0.05,target,target,1,7.455
55,107,numeric,0.1,0.05,competitor,decoy,0,4.398
55,108,numeric,0.1,0.2,competitor,target,1,6.47
55,109,numeric,0.1,0.05,competitor,target,1,4.609
55,110,numeric,0.03,0.05,competitor,competitor,0,10.357
55,111,numeric,0.1,0.05,competitor,target,1,4.819
55,112,perceptual,0.03,0.05,competitor,competitor,0,3.654
55,113,numeric,0.03,0.2,competitor,competitor,0,4.622
55,114,perceptual,0.1,0.05,target,target,1,6.82
55,115,numeric,0.03,0.05,target,target,1,5.406
55,116,numeric,0.03,0.2,competitor,target,1,6.979
55,117,perceptual,0.1,0.05,target,target,1,3.846
55,118,perceptual,0.1,0.2,target,competitor,0,4.262
55,119,perceptual,0.03,0.05,competitor,target,1,5.759
55,120,perceptual,0.03,0.05,target,target,1,8.628
55,121,perceptual,0.03,0.05,target,target,1,8.43
55,122,perceptual,0.03,0.05,competitor,competitor,0,6.767
55,123,numeric,0.1,0.05,competitor,competitor,0,7.997
55,124,numeric,0.03,0.05,competitor,target,1,9.494
55,125,numeric,0.1,0.2,competitor,target,1,6.571
55,126,perceptual,0.1,0.2,competitor,target,1,4.755
55,127,perceptual,0.1,0.2,competitor,target,1,5.025
55,128,numeric,0.03,0.05,competitor,target,1,9.261
55,129,perceptual,0.03,0.2,target,target,1,5.485
55,130,numeric,0.03,0.05,target,competitor,0,12.835
55,131,perceptual,0.03,0.05,target,target,1,7.946
55,132,perceptual,0.1,0.2,competitor,target,1,7.193
55,133,perceptual,0.03,0.05,target,competitor,0,9.514
55,134,numeric,0.03,0.05,target,target,1,5.12
55,135,perceptual,0.03,0.2,competitor,target,1,6.974
55,136,perceptual,0.03,0.2,competitor,competitor,0,8.733
55,137,numeric,0.03,0.05,competitor,target,1,6.532
55,138,numeric,0.1,0.2,target,target,1,6.939
55,139,numeric,0.03,0.05,competitor,target,1,7.59
55,140,perceptual,0.1,0.2,competitor,target,1,5.093
55,141,numeric,0.03,0.2,competitor,competitor,0,4.494
55,142,perceptual,0.03,0.2,competitor,target,1,6.797
55,143,numeric,0.1,0.05,competitor,target,1,11.104
55,144,perceptual,0.1,0.05,competitor,target,1,7.789
55,145,numeric,0.1,0.05,competitor,competitor,0,7.943
55,146,numeric,0.1,0.05,target,target,1,10.234
55,147,numeric,0.1,0.2,competitor,target,1,8.834
55,148,numeric,0.1,0.05,target,target,1,6.492
55,149,numeric,0.1,0.2,competitor,competitor,0,8.374
55,150,perceptual,0.03,0.2,competitor,target,1,6.79
55,151,numeric,0.03,0.2,target,competitor,0,10.964
55,152,perceptual,0.1,0.05,competitor,target,1,5.323
55,153,numeric,0.03,0.05,target,competitor,0,10.897
55,154,perceptual,0.1,0.2,competitor,target,1,6.093
55,155,numeric,0.03,0.05,target,target,1,10.546
55,156,perceptual,0.03,0.2,target,competitor,0,5.933
55,157,perceptual,0.03,0.2,competitor,target,1,3.618
55,158,perceptual,0.03,0.2,target,target,1,7.526
55,159,numeric,0.1,0.2,target,target,1,5.052
55,160,perceptual,0.03,0.05,competitor,target,1,10.87
55,161,perceptual,0.03,0.05,target,decoy,0,4.729
55,162,numeric,0.03,0.2,competitor,target,1,7.234
55,163,numeric,0.1,0.05,competitor,target,1,13.94
55,164,numeric,0.1,0.2,target,competitor,0,2.61
55,165,perceptual,0.1,0.05,target,target,1,5.333
55,166,perceptual,0.03,0.05,competitor,target,1,5.606
55,167,perceptual,0.03,0.05,competitor,target,1,5.31
55,168,numeric,0.03,0.2,competitor,target,1,5.137
55,169,perceptual,0.03,0.2,target,target,1,5.436
55,170,perceptual,0.03,0.2,target,target,1,5.41
55,171,perceptual,0.1,0.2,target,target,1,4.794
55,172,numeric,0.1,0.2,target,target,1,6.801
55,173,perceptual,0.03,0.2,target,target,1,6.271
55,174,numeric,0.1,0.05,competitor,target,1,9.714
55,175,perceptual,0.1,0.05,competitor,competitor,0,6.443
55,176,numeric,0.1,0.2,competitor,target,1,6.122
55,177,perceptual,0.1,0.05,target,target,1,6.548
55,178,perceptual,0.03,0.05,target,competitor,0,7.05
55,179,numeric,0.03,0.05,competitor,competitor,0,7.535
55,180,perceptual,0.03,0.2,competitor,target,1,8.55
55,181,numeric,0.03,0.05,target,target,1,7.069
55,182,perceptual,0.1,0.05,target,target,1,5.477
55,183,perceptual,0.1,0.05,target,target,1,4.969
55,184,perceptual,0.1,0.05,competitor,target,1,6.494
55,185,numeric,0.03,0.2,target,target,1,4.722
55,186,numeric,0.1,0.2,target,target,1,9.406
55,187,numeric,0.03,0.2,competitor,target,1,5.519
55,188,numeric,0.1,0.2,target,target,1,9.5
55,189,numeric,0.03,0.05,target,competitor,0,6.419
55,190,numeric,0.03,0.2,target,competitor,0,12.482
55,191,perceptual,0.1,0.05,target,target,1,5.261
55,192,perceptual,0.03,0.2,competitor,competitor,0,9.289
56,2,perceptual,0.03,0.05,competitor,target,1,0.585
56,3,perceptual,0.03,0.05,competitor,target,1,9.52
56,4,numeric,0.03,0.2,target,target,1,6.574
56,5,numeric,0.03,0.05,competitor,competitor,0,12.838
56,6,perceptual,0.03,0.05,competitor,competitor,0,14.556
56,7,numeric,0.1,0.2,target,target,1,7.152
56,8,numeric,0.03,0.2,competitor,competitor,0,11.908
56,9,numeric,0.1,0.05,competitor,competitor,0,9.841
56,10,numeric,0.1,0.2,competitor,target,1,8.375
56,11,numeric,0.03,0.05,target,target,1,10.293
56,12,numeric,0.03,0.05,target,target,1,14.624
56,13,numeric,0.1,0.2,competitor,target,1,13.509
56,14,numeric,0.1,0.05,competitor,competitor,0,11.74
56,15,perceptual,0.03,0.2,competitor,target,1,8.683
56,16,perceptual,0.1,0.2,competitor,target,1,6.266
56,17,numeric,0.03,0.05,competitor,target,1,7.348
56,18,numeric,0.03,0.05,target,target,1,8.249
56,20,numeric,0.03,0.2,target,competitor,0,13.886
56,21,numeric,0.1,0.05,target,target,1,7.986
56,23,numeric,0.1,0.05,competitor,competitor,0,5.906
56,24,perceptual,0.1,0.2,target,target,1,9.366
56,25,numeric,0.1,0.05,competitor,target,1,10.625
56,26,perceptual,0.1,0.05,competitor,target,1,6.046
56,27,numeric,0.03,0.2,competitor,competitor,0,12.001
56,28,perceptual,0.03,0.2,competitor,target,1,14.664
56,29,perceptual,0.1,0.2,competitor,target,1,7.881
56,30,perceptual,0.03,0.05,target,competitor,0,12.361
56,31,numeric,0.1,0.05,target,target,1,11.581
56,32,numeric,0.03,0.05,competitor,competitor,0,10.685
56,33,numeric,0.03,0.2,target,target,1,9.381
56,34,perceptual,0.03,0.2,target,target,1,9.531
56,35,perceptual,0.03,0.2,target,competitor,0,7.554
56,36,numeric,0.03,0.2,competitor,competitor,0,6.446
56,37,perceptual,0.1,0.2,competitor,target,1,6.61
56,38,perceptual,0.03,0.2,competitor,target,1,17.233
56,39,perceptual,0.03,0.05,competitor,target,1,6.49
56,40,perceptual,0.03,0.05,target,target,1,7.289
56,41,perceptual,0.03,0.05,competitor,target,1,5.669
56,43,numeric,0.03,0.05,target,target,1,13.647
56,44,perceptual,0.03,0.05,target,target,1,5.952
56,45,perceptual,0.03,0.2,target,target,1,4.74
56,46,perceptual,0.1,0.05,competitor,competitor,0,12.978
56,47,numeric,0.03,0.2,competitor,target,1,15.167
56,48,perceptual,0.03,0.05,competitor,decoy,0,6.236
56,49,numeric,0.1,0.05,competitor,competitor,0,8.098
56,50,perceptual,0.1,0.2,target,target,1,6.447
56,51,perceptual,0.03,0.05,competitor,competitor,0,16.607
56,52,numeric,0.03,0.05,target,competitor,0,10.131
56,53,numeric,0.1,0.05,target,target,1,7.749
56,54,perceptual,0.03,0.2,competitor,target,1,18.372
56,55,numeric,0.03,0.2,competitor,target,1,19.864
56,56,perceptual,0.03,0.05,competitor,competitor,0,10.307
56,57,perceptual,0.1,0.2,target,target,1,8.435
56,59,numeric,0.1,0.05,target,competitor,0,12.995
56,60,numeric,0.1,0.2,competitor,target,1,15.845
56,61,numeric,0.1,0.2,target,competitor,0,8.221
56,62,numeric,0.03,0.05,target,competitor,0,9.662
56,63,perceptual,0.03,0.05,competitor,competitor,0,7.407
56,64,numeric,0.03,0.05,competitor,target,1,19.551
56,65,numeric,0.03,0.2,target,target,1,5.573
56,66,perceptual,0.1,0.2,competitor,target,1,5.023
56,67,numeric,0.1,0.05,target,target,1,7.715
56,68,numeric,0.1,0.2,competitor,target,1,6.77
56,69,numeric,0.1,0.05,target,target,1,8.754
56,70,perceptual,0.1,0.2,target,target,1,4.94
56,72,numeric,0.03,0.05,target,target,1,6.015
56,73,numeric,0.1,0.2,target,competitor,0,18.044
56,74,numeric,0.03,0.05,target,target,1,6.293
56,75,numeric,0.03,0.2,competitor,target,1,5.971
56,76,numeric,0.03,0.05,target,target,1,4.514
56,77,numeric,0.1,0.05,target,target,1,13.722
56,78,perceptual,0.03,0.05,target,target,1,8.741
56,79,perceptual,0.1,0.05,target,decoy,0,5.59
56,80,numeric,0.1,0.05,target,target,1,8.689
56,81,numeric,0.1,0.05,competitor,target,1,8.798
56,82,numeric,0.1,0.05,target,target,1,7.749
56,83,numeric,0.1,0.05,competitor,target,1,16.333
56,84,perceptual,0.1,0.05,competitor,competitor,0,9.353
56,85,perceptual,0.03,0.2,target,competitor,0,6.504
56,86,numeric,0.1,0.05,target,target,1,9.412
56,87,perceptual,0.03,0.2,competitor,target,1,18.011
56,88,perceptual,0.1,0.05,target,target,1,6.86
56,89,numeric,0.03,0.05,target,decoy,0,8.016
56,90,perceptual,0.1,0.2,competitor,competitor,0,8.53
56,91,numeric,0.03,0.2,target,target,1,19.374
56,92,perceptual,0.03,0.05,competitor,target,1,12.745
56,93,numeric,0.1,0.05,competitor,target,1,9.235
56,94,numeric,0.03,0.2,target,target,1,8.083
56,95,perceptual,0.1,0.2,competitor,target,1,4.816
56,96,perceptual,0.1,0.05,target,target,1,3.44
56,97,perceptual,0.1,0.2,competitor,competitor,0,6.293
56,98,perceptual,0.1,0.2,competitor,target,1,5.725
56,99,perceptual,0.1,0.05,target,target,1,4.102
56,101,numeric,0.03,0.2,competitor,decoy,0,10.622
56,102,perceptual,0.1,0.2,target,target,1,11.011
56,103,perceptual,0.1,0.05,competitor,decoy,0,15.222
56,104,numeric,0.1,0.2,competitor,competitor,0,8.272
56,105,perceptual,0.1,0.05,competitor,target,1,5.168
56,106,numeric,0.03,0.2,target,target,1,18.796
56,107,perceptual,0.03,0.05,target,decoy,0,2.444
56,108,numeric,0.1,0.2,competitor,target,1,6.665
56,109,perceptual,0.1,0.05,competitor,target,1,8.442
56,110,numeric,0.1,0.05,target,target,1,9.455
56,111,perceptual,0.03,0.2,competitor,competitor,0,5.707
56,112,numeric,0.1,0.2,competitor,target,1,10.995
56,113,numeric,0.03,0.2,competitor,target,1,7.565
56,114,numeric,0.03,0.2,competitor,target,1,5.46
56,115,numeric,0.1,0.2,competitor,target,1,3.406
56,116,perceptual,0.03,0.2,target,competitor,0,3.684
56,117,numeric,0.1,0.2,target,competitor,0,2.875
56,118,perceptual,0.1,0.05,target,competitor,0,3.09
56,119,numeric,0.1,0.2,target,target,1,3.452
56,120,numeric,0.1,0.2,competitor,competitor,0,3.133
56,121,numeric,0.1,0.2,target,target,1,5.893
56,122,numeric,0.1,0.2,competitor,competitor,0,5.13
56,123,perceptual,0.03,0.2,competitor,target,1,5.169
56,124,perceptual,0.1,0.05,target,target,1,5.207
56,125,perceptual,0.1,0.2,target,target,1,4.929
56,126,perceptual,0.1,0.05,competitor,target,1,5.182
56,127,numeric,0.03,0.2,target,competitor,0,6.305
56,128,perceptual,0.03,0.05,competitor,competitor,0,3.544
56,129,perceptual,0.03,0.05,target,target,1,7.76
56,130,numeric,0.03,0.2,competitor,competitor,0,8.838
56,131,perceptual,0.1,0.05,target,decoy,0,5.497
56,132,numeric,0.1,0.05,competitor,competitor,0,5.999
56,133,numeric,0.1,0.05,target,decoy,0,4.568
56,134,perceptual,0.1,0.05,competitor,target,1,3.05
56,135,perceptual,0.1,0.2,target,target,1,3.962
56,137,numeric,0.03,0.2,target,competitor,0,10.156
56,138,numeric,0.1,0.05,competitor,competitor,0,9.684
56,139,perceptual,0.03,0.05,target,target,1,2.636
56,140,perceptual,0.1,0.05,competitor,target,1,2.677
56,141,numeric,0.1,0.05,competitor,target,1,15.611
56,142,perceptual,0.03,0.2,target,competitor,0,6.142
56,143,perceptual,0.1,0.2,target,target,1,5.443
56,144,numeric,0.03,0.05,competitor,target,1,3.379
56,145,numeric,0.03,0.05,competitor,target,1,3.152
56,146,perceptual,0.1,0.2,target,target,1,5.391
56,147,numeric,0.03,0.2,target,target,1,4.955
56,148,numeric,0.1,0.05,competitor,competitor,0,3.669
56,149,perceptual,0.1,0.05,target,target,1,6.945
56,150,numeric,0.1,0.2,target,target,1,8.357
56,151,perceptual,0.1,0.2,competitor,target,1,8.091
56,152,perceptual,0.03,0.05,competitor,competitor,0,10.807
56,153,numeric,0.1,0.2,target,target,1,8.759
56,154,perceptual,0.03,0.2,target,target,1,5.428
56,155,perceptual,0.1,0.2,competitor,target,1,4.231
56,156,perceptual,0.1,0.2,target,competitor,0,7.611
56,157,perceptual,0.1,0.05,target,competitor,0,2.871
56,158,perceptual,0.03,0.2,competitor,target,1,10.244
56,159,perceptual,0.1,0.2,target,decoy,0,11.393
56,160,perceptual,0.03,0.2,competitor,target,1,9.778
56,161,perceptual,0.03,0.05,target,target,1,13.125
56,162,perceptual,0.1,0.2,target,target,1,9.265
56,163,perceptual,0.1,0.05,competitor,competitor,0,3.963
56,164,numeric,0.1,0.2,competitor,target,1,7.082
56,165,numeric,0.03,0.2,competitor,competitor,0,13.391
56,166,numeric,0.1,0.2,target,target,1,4.72
56,167,perceptual,0.1,0.05,target,decoy,0,6.447
56,168,perceptual,0.03,0.2,target,competitor,0,5.888
56,169,perceptual,0.03,0.2,competitor,target,1,5.193
56,170,perceptual,0.03,0.05,target,target,1,5.025
56,171,numeric,0.03,0.05,competitor,target,1,6.518
56,172,numeric,0.03,0.2,target,competitor,0,3.276
56,173,perceptual,0.03,0.05,target,target,1,6.214
56,174,perceptual,0.1,0.05,target,decoy,0,3.124
56,175,numeric,0.03,0.2,competitor,target,1,8.105
56,176,numeric,0.03,0.05,competitor,target,1,5.351
56,177,perceptual,0.03,0.2,target,target,1,7.15
56,178,perceptual,0.03,0.2,target,competitor,0,14.759
56,179,numeric,0.03,0.05,competitor,competitor,0,18.111
56,180,perceptual,0.03,0.2,target,target,1,8.335
56,181,perceptual,0.03,0.05,target,target,1,6.462
56,182,perceptual,0.1,0.05,target,target,1,5.502
56,183,numeric,0.03,0.2,target,target,1,6.089
56,184,perceptual,0.1,0.2,competitor,target,1,7.201
56,185,numeric,0.1,0.2,target,target,1,9.278
56,186,perceptual,0.03,0.2,target,target,1,5.461
56,187,perceptual,0.03,0.2,competitor,target,1,8.589
56,188,perceptual,0.03,0.2,competitor,competitor,0,5.403
56,189,perceptual,0.1,0.2,competitor,target,1,7.048
56,190,numeric,0.1,0.2,competitor,competitor,0,10.18
56,191,numeric,0.1,0.2,target,target,1,12.9
56,192,perceptual,0.03,0.05,target,target,1,7.72
57,1,numeric,0.1,0.05,competitor,target,1,11.268
57,2,perceptual,0.03,0.2,target,decoy,0,8.722
57,3,numeric,0.1,0.2,target,target,1,9.011
57,4,perceptual,0.1,0.2,competitor,competitor,0,6.4
57,5,perceptual,0.03,0.05,competitor,target,1,7.474
57,6,perceptual,0.03,0.05,target,decoy,0,5.759
57,7,perceptual,0.03,0.2,target,target,1,5.742
57,8,numeric,0.1,0.2,competitor,target,1,13.026
57,9,numeric,0.03,0.2,target,target,1,7.811
57,10,numeric,0.1,0.05,target,competitor,0,6.075
57,11,perceptual,0.03,0.05,competitor,decoy,0,8.902
57,12,numeric,0.1,0.2,target,target,1,5.546
57,13,numeric,0.03,0.2,target,target,1,3.103
57,14,perceptual,0.1,0.2,competitor,decoy,0,9.645
57,15,numeric,0.03,0.05,competitor,competitor,0,4.013
57,16,numeric,0.03,0.2,competitor,competitor,0,9.815
57,17,numeric,0.1,0.05,target,decoy,0,6.581
57,18,numeric,0.1,0.05,competitor,decoy,0,13.414
57,19,perceptual,0.03,0.2,competitor,target,1,6.505
57,20,perceptual,0.03,0.05,target,competitor,0,6.332
57,21,numeric,0.1,0.05,target,decoy,0,4.296
57,22,numeric,0.1,0.05,competitor,decoy,0,7.783
57,23,numeric,0.1,0.05,competitor,target,1,10.819
57,24,perceptual,0.1,0.05,target,target,1,3.63
57,25,numeric,0.1,0.2,competitor,target,1,6.975
57,26,perceptual,0.1,0.2,competitor,decoy,0,6.106
57,27,numeric,0.03,0.2,target,competitor,0,19.69
57,28,numeric,0.03,0.05,target,competitor,0,3.403
57,29,numeric,0.1,0.05,target,competitor,0,3.287
57,30,numeric,0.03,0.2,target,target,1,3.45
57,31,perceptual,0.1,0.05,target,decoy,0,3.613
57,32,numeric,0.03,0.2,competitor,decoy,0,5.606
57,33,perceptual,0.03,0.2,competitor,target,1,3.635
57,34,perceptual,0.03,0.2,target,decoy,0,4.822
57,35,perceptual,0.1,0.05,competitor,competitor,0,3.241
57,36,numeric,0.03,0.05,target,target,1,7.572
57,37,perceptual,0.1,0.05,competitor,competitor,0,4.268
57,38,perceptual,0.1,0.05,competitor,target,1,2.814
57,39,perceptual,0.03,0.2,target,competitor,0,2.631
57,40,perceptual,0.03,0.2,competitor,target,1,2.226
57,41,perceptual,0.03,0.2,target,target,1,2.322
57,42,perceptual,0.1,0.05,target,target,1,1.956
57,43,perceptual,0.03,0.05,competitor,target,1,2.533
57,44,perceptual,0.03,0.05,competitor,target,1,2.462
57,45,perceptual,0.1,0.2,competitor,target,1,2.004
57,46,perceptual,0.1,0.2,target,target,1,2.076
57,47,perceptual,0.1,0.2,target,decoy,0,1.782
57,48,perceptual,0.03,0.2,competitor,competitor,0,1.883
57,49,perceptual,0.1,0.2,competitor,competitor,0,2.189
57,50,numeric,0.1,0.05,target,target,1,6.515
57,51,perceptual,0.1,0.2,competitor,competitor,0,2.215
57,52,perceptual,0.03,0.05,competitor,competitor,0,2.152
57,53,perceptual,0.03,0.2,target,target,1,3.008
57,54,numeric,0.1,0.2,target,target,1,4.758
57,55,numeric,0.03,0.2,target,target,1,4.215
57,56,numeric,0.03,0.05,competitor,decoy,0,2.798
57,57,perceptual,0.1,0.2,target,target,1,3.441
57,58,numeric,0.1,0.05,target,target,1,2.439
57,59,perceptual,0.03,0.2,competitor,target,1,3.101
57,60,perceptual,0.03,0.2,competitor,competitor,0,3.55
57,61,numeric,0.03,0.2,competitor,competitor,0,3.652
57,62,numeric,0.03,0.2,competitor,competitor,0,9.242
57,63,numeric,0.03,0.2,competitor,target,1,13.172
57,64,perceptual,0.03,0.05,target,target,1,2.517
57,65,perceptual,0.03,0.2,target,target,1,3.596
57,66,numeric,0.1,0.05,target,competitor,0,2.76
57,67,perceptual,0.03,0.05,target,decoy,0,3.039
57,68,perceptual,0.03,0.2,target,target,1,2.378
57,69,numeric,0.1,0.05,target,target,1,3.014
57,70,perceptual,0.1,0.2,target,competitor,0,2.134
57,71,perceptual,0.03,0.05,target,target,1,2.016
57,72,numeric,0.03,0.2,target,competitor,0,2.419
57,73,perceptual,0.03,0.2,competitor,competitor,0,1.951
57,74,numeric,0.03,0.2,target,target,1,4.813
57,75,numeric,0.1,0.2,competitor,target,1,4.223
57,76,numeric,0.03,0.05,competitor,target,1,5.132
57,77,perceptual,0.1,0.05,competitor,competitor,0,3.533
57,78,perceptual,0.03,0.2,competitor,competitor,0,2.6
57,79,numeric,0.03,0.2,target,competitor,0,3.109
57,80,perceptual,0.1,0.2,competitor,competitor,0,2.483
57,81,perceptual,0.03,0.2,target,competitor,0,2.527
57,82,numeric,0.03,0.05,competitor,target,1,4.039
57,83,numeric,0.1,0.2,target,target,1,5.145
57,84,perceptual,0.03,0.2,competitor,competitor,0,2.844
57,85,perceptual,0.03,0.05,competitor,target,1,2.749
57,86,numeric,0.1,0.2,target,target,1,4.047
57,87,numeric,0.1,0.2,target,target,1,2.003
57,88,perceptual,0.1,0.05,competitor,decoy,0,2.956
57,89,numeric,0.1,0.2,competitor,decoy,0,6.972
57,90,numeric,0.1,0.2,target,target,1,8.29
57,91,numeric,0.1,0.05,competitor,target,1,3.623
57,92,numeric,0.1,0.05,competitor,competitor,0,3.799
57,93,perceptual,0.1,0.05,target,competitor,0,3.293
57,94,numeric,0.03,0.05,competitor,target,1,2.932
57,95,numeric,0.1,0.2,competitor,target,1,1.975
57,96,perceptual,0.1,0.05,target,competitor,0,2.184
57,97,perceptual,0.1,0.05,competitor,target,1,2.157
57,98,perceptual,0.1,0.05,competitor,target,1,2.223
57,99,numeric,0.03,0.05,target,competitor,0,4.575
57,100,perceptual,0.03,0.05,competitor,decoy,0,4.736
57,101,numeric,0.03,0.2,competitor,target,1,4.122
57,102,perceptual,0.1,0.05,target,target,1,3.883
57,103,numeric,0.03,0.05,target,competitor,0,2.777
57,104,perceptual,0.03,0.05,target,target,1,2.129
57,105,perceptual,0.03,0.05,target,decoy,0,2.461
57,106,perceptual,0.1,0.2,target,target,1,2.629
57,107,numeric,0.03,0.2,competitor,competitor,0,4.841
57,108,numeric,0.03,0.05,target,target,1,2.753
57,109,perceptual,0.03,0.05,competitor,target,1,2.077
57,110,perceptual,0.1,0.05,target,decoy,0,2.057
57,111,perceptual,0.1,0.05,competitor,target,1,2.538
57,112,perceptual,0.1,0.05,competitor,target,1,4.556
57,113,perceptual,0.1,0.2,target,target,1,2.326
57,114,numeric,0.1,0.2,competitor,competitor,0,3.473
57,115,numeric,0.03,0.2,competitor,target,1,3.117
57,116,perceptual,0.1,0.2,target,decoy,0,2.283
57,117,perceptual,0.03,0.05,target,target,1,2.015
57,118,numeric,0.03,0.05,target,target,1,3.041
57,119,perceptual,0.03,0.2,competitor,competitor,0,2.151
57,120,perceptual,0.1,0.05,competitor,target,1,2.066
57,121,numeric,0.1,0.05,target,competitor,0,2.413
57,122,perceptual,0.1,0.2,competitor,competitor,0,1.902
57,123,numeric,0.03,0.05,competitor,target,1,4.209
57,124,perceptual,0.03,0.2,competitor,target,1,2.101
57,125,perceptual,0.1,0.2,target,decoy,0,2.189
57,126,perceptual,0.03,0.05,competitor,competitor,0,2.255
57,127,numeric,0.03,0.2,target,target,1,8.032
57,128,perceptual,0.1,0.05,target,target,1,2.523
57,129,numeric,0.03,0.05,competitor,competitor,0,9.396
57,130,perceptual,0.03,0.05,competitor,decoy,0,2.45
57,131,numeric,0.03,0.05,competitor,competitor,0,0.018
57,132,numeric,0.1,0.05,competitor,target,1,3.14
57,133,perceptual,0.1,0.2,competitor,target,1,2.401
57,134,numeric,0.1,0.05,target,target,1,4.835
57,135,numeric,0.1,0.2,competitor,target,1,2.969
57,136,numeric,0.03,0.05,target,competitor,0,3.373
57,137,perceptual,0.1,0.2,competitor,competitor,0,2.724
57,138,numeric,0.03,0.2,target,target,1,3.655
57,139,numeric,0.03,0.05,target,decoy,0,3.022
57,140,numeric,0.1,0.05,competitor,target,1,2.917
57,141,numeric,0.03,0.05,target,competitor,0,7.133
57,142,perceptual,0.03,0.05,target,decoy,0,2.011
57,143,perceptual,0.03,0.2,target,decoy,0,1.896
57,144,perceptual,0.1,0.2,target,target,1,2.435
57,145,perceptual,0.1,0.2,target,target,1,2.336
57,146,perceptual,0.1,0.05,target,decoy,0,2.404
57,147,numeric,0.03,0.05,competitor,target,1,2.36
57,148,numeric,0.03,0.05,competitor,target,1,2.672
57,149,numeric,0.1,0.05,competitor,target,1,2.065
57,150,numeric,0.03,0.05,competitor,decoy,0,2.552
57,151,numeric,0.1,0.2,target,competitor,0,2.37
57,152,numeric,0.1,0.05,target,competitor,0,4.051
57,153,perceptual,0.03,0.05,target,target,1,1.975
57,154,numeric,0.1,0.05,competitor,target,1,3.618
57,155,numeric,0.03,0.2,competitor,target,1,2.568
57,156,numeric,0.1,0.2,target,competitor,0,2.489
57,157,numeric,0.1,0.05,target,competitor,0,2.998
57,158,perceptual,0.1,0.2,competitor,competitor,0,2.2
57,159,numeric,0.1,0.2,competitor,competitor,0,2.112
57,160,numeric,0.1,0.05,competitor,decoy,0,4.157
57,161,perceptual,0.1,0.05,competitor,competitor,0,2.212
57,162,numeric,0.03,0.2,competitor,competitor,0,6.067
57,163,perceptual,0.1,0.2,target,decoy,0,4.356
57,164,numeric,0.03,0.05,competitor,competitor,0,4.158
57,165,perceptual,0.03,0.05,competitor,target,1,2.51
57,166,numeric,0.1,0.2,competitor,target,1,2.502
57,167,perceptual,0.1,0.05,target,competitor,0,2.417
57,168,numeric,0.1,0.2,competitor,target,1,2.329
57,169,perceptual,0.03,0.2,competitor,competitor,0,2.403
57,170,perceptual,0.1,0.05,competitor,target,1,2.083
57,171,perceptual,0.03,0.05,target,target,1,2.144
57,172,perceptual,0.1,0.2,target,decoy,0,2.174
57,173,perceptual,0.1,0.05,target,competitor,0,3.121
57,174,perceptual,0.03,0.2,target,target,1,4.365
57,175,numeric,0.03,0.2,competitor,target,1,2.766
57,176,perceptual,0.1,0.05,target,decoy,0,7.128
57,177,numeric,0.1,0.05,competitor,competitor,0,4.56
57,178,numeric,0.03,0.05,target,competitor,0,2.981
57,179,numeric,0.1,0.2,competitor,target,1,6.103
57,180,numeric,0.03,0.2,target,decoy,0,7.132
57,181,perceptual,0.03,0.05,target,target,1,2.381
57,182,perceptual,0.03,0.05,competitor,competitor,0,4.691
57,183,numeric,0.03,0.05,target,competitor,0,4.113
57,184,numeric,0.1,0.2,target,competitor,0,3.74
57,185,numeric,0.03,0.2,competitor,target,1,2.65
57,186,numeric,0.1,0.2,competitor,target,1,2.717
57,187,perceptual,0.03,0.2,target,competitor,0,2.078
57,188,numeric,0.1,0.2,target,target,1,2.75
57,189,perceptual,0.1,0.2,competitor,target,1,1.866
57,190,numeric,0.1,0.2,target,competitor,0,5.719
57,191,numeric,0.03,0.2,target,target,1,6.878
57,192,numeric,0.03,0.05,target,competitor,0,3.349
58,1,perceptual,0.03,0.05,competitor,target,1,5.144
58,2,numeric,0.1,0.05,competitor,competitor,0,8.336
58,3,numeric,0.1,0.2,target,competitor,0,4.794
58,4,perceptual,0.1,0.2,competitor,decoy,0,4.421
58,5,perceptual,0.03,0.2,competitor,competitor,0,5.262
58,6,numeric,0.1,0.05,competitor,target,1,8.802
58,7,numeric,0.03,0.05,target,target,1,5.894
58,8,perceptual,0.1,0.2,target,target,1,5.474
58,9,perceptual,0.03,0.2,competitor,target,1,5.111
58,10,perceptual,0.1,0.2,target,competitor,0,4.414
58,11,perceptual,0.03,0.2,competitor,competitor,0,3.129
58,12,numeric,0.03,0.05,target,target,1,8.272
58,13,numeric,0.1,0.05,target,target,1,7.709
58,14,numeric,0.1,0.05,competitor,target,1,7.969
58,15,numeric,0.1,0.05,target,target,1,6.561
58,16,numeric,0.03,0.05,target,target,1,9.318
58,17,numeric,0.1,0.2,competitor,target,1,7.556
58,18,numeric,0.1,0.2,target,target,1,5.695
58,19,perceptual,0.03,0.2,target,competitor,0,3.101
58,20,perceptual,0.1,0.2,competitor,target,1,6.754
58,21,perceptual,0.03,0.2,target,competitor,0,5.511
58,22,numeric,0.03,0.2,competitor,competitor,0,4.154
58,23,perceptual,0.03,0.2,target,target,1,6.69
58,24,perceptual,0.03,0.05,competitor,target,1,8.469
58,25,perceptual,0.1,0.2,competitor,target,1,8.497
58,26,numeric,0.03,0.05,target,target,1,10.813
58,27,numeric,0.03,0.05,competitor,competitor,0,6.468
58,28,perceptual,0.1,0.05,competitor,target,1,5.244
58,29,numeric,0.03,0.2,target,target,1,5.557
58,30,numeric,0.1,0.05,target,target,1,8.071
58,31,numeric,0.03,0.05,competitor,competitor,0,10.949
58,32,numeric,0.03,0.2,target,target,1,7.992
58,33,numeric,0.1,0.05,target,decoy,0,2.385
58,34,perceptual,0.03,0.05,competitor,decoy,0,5.071
58,35,numeric,0.03,0.05,target,target,1,6.778
58,36,perceptual,0.03,0.2,competitor,target,1,4.923
58,37,perceptual,0.03,0.05,competitor,competitor,0,7.749
58,38,perceptual,0.1,0.05,competitor,target,1,6.296
58,39,perceptual,0.03,0.05,competitor,target,1,4.847
58,40,numeric,0.03,0.2,competitor,competitor,0,7.87
58,41,perceptual,0.1,0.05,competitor,decoy,0,5.601
58,42,perceptual,0.1,0.2,target,competitor,0,5.733
58,43,perceptual,0.03,0.2,target,competitor,0,4.221
58,44,numeric,0.03,0.2,competitor,competitor,0,7.187
58,45,numeric,0.03,0.05,target,target,1,6.848
58,46,numeric,0.1,0.05,target,target,1,8.317
58,47,perceptual,0.1,0.2,competitor,target,1,5.164
58,48,numeric,0.1,0.2,target,target,1,8.877
58,49,perceptual,0.1,0.05,competitor,competitor,0,6.711
58,50,perceptual,0.03,0.05,target,competitor,0,5.07
58,51,numeric,0.03,0.2,target,competitor,0,6.605
58,52,perceptual,0.1,0.05,target,target,1,10.838
58,53,perceptual,0.1,0.05,competitor,target,1,4.866
58,54,perceptual,0.1,0.05,target,competitor,0,7.566
58,55,numeric,0.03,0.2,competitor,competitor,0,6.864
58,56,perceptual,0.03,0.2,competitor,competitor,0,6.781
58,57,perceptual,0.03,0.2,competitor,target,1,11.859
58,58,perceptual,0.03,0.05,target,target,1,5.27
58,59,perceptual,0.03,0.05,target,decoy,0,8.326
58,60,numeric,0.1,0.05,competitor,competitor,0,8.129
58,61,perceptual,0.03,0.2,competitor,competitor,0,5.477
58,62,perceptual,0.03,0.2,target,target,1,5.044
58,63,numeric,0.03,0.2,competitor,competitor,0,5.502
58,64,numeric,0.1,0.2,target,competitor,0,7.888
58,65,numeric,0.1,0.2,target,target,1,5.151
58,66,perceptual,0.03,0.05,competitor,competitor,0,7.38
58,67,numeric,0.1,0.05,target,target,1,8.537
58,68,numeric,0.1,0.2,target,target,1,4.37
58,69,numeric,0.03,0.2,competitor,target,1,6.758
58,70,perceptual,0.1,0.05,target,target,1,10.193
58,71,numeric,0.03,0.05,target,target,1,8.679
58,72,perceptual,0.03,0.05,target,decoy,0,7.263
58,73,perceptual,0.03,0.05,target,competitor,0,5.891
58,74,numeric,0.1,0.05,target,target,1,5.988
58,75,numeric,0.1,0.2,target,target,1,7.228
58,76,numeric,0.03,0.2,competitor,competitor,0,7.176
58,77,perceptual,0.1,0.05,competitor,target,1,5.31
58,78,numeric,0.03,0.05,competitor,target,1,11.905
58,79,perceptual,0.1,0.2,competitor,competitor,0,3.625
58,80,perceptual,0.03,0.05,target,target,1,11.735
58,81,perceptual,0.03,0.05,target,decoy,0,5.186
58,82,perceptual,0.03,0.05,competitor,target,1,6.535
58,83,perceptual,0.03,0.2,target,target,1,4.674
58,84,perceptual,0.1,0.2,target,target,1,5.08
58,85,numeric,0.1,0.05,competitor,competitor,0,6.753
58,86,perceptual,0.1,0.2,target,target,1,6.523
58,87,perceptual,0.03,0.05,target,competitor,0,4.942
58,88,perceptual,0.03,0.05,competitor,target,1,4.507
58,89,numeric,0.1,0.2,target,target,1,6.699
58,90,perceptual,0.1,0.05,competitor,target,1,4.032
58,91,numeric,0.1,0.05,competitor,target,1,5.905
58,92,perceptual,0.1,0.05,target,target,1,10.197
58,93,perceptual,0.1,0.2,target,target,1,5.505
58,94,perceptual,0.1,0.2,target,target,1,3.881
58,95,numeric,0.03,0.2,competitor,target,1,5.018
58,96,numeric,0.1,0.05,target,target,1,8.943
58,97,numeric,0.03,0.05,target,target,1,6.198
58,98,perceptual,0.1,0.05,target,decoy,0,4.017
58,99,numeric,0.03,0.2,target,target,1,8.14
58,100,perceptual,0.1,0.2,target,decoy,0,7.883
58,101,perceptual,0.1,0.2,competitor,target,1,4.503
58,102,numeric,0.03,0.2,competitor,competitor,0,4.896
58,103,perceptual,0.03,0.05,target,target,1,6.176
58,104,perceptual,0.1,0.2,competitor,target,1,5.637
58,105,perceptual,0.1,0.05,target,decoy,0,8.532
58,106,numeric,0.03,0.2,target,target,1,4.632
58,107,numeric,0.1,0.2,competitor,competitor,0,4.205
58,108,perceptual,0.1,0.2,target,target,1,4.372
58,109,perceptual,0.1,0.2,target,target,1,3.348
58,110,perceptual,0.03,0.2,target,competitor,0,5.408
58,111,numeric,0.03,0.2,target,target,1,5.682
58,112,numeric,0.03,0.2,target,target,1,5.03
58,113,numeric,0.1,0.05,competitor,target,1,5.024
58,114,perceptual,0.03,0.05,target,target,1,4.76
58,115,numeric,0.1,0.05,competitor,competitor,0,5.293
58,116,perceptual,0.03,0.05,competitor,target,1,8.133
58,117,numeric,0.1,0.2,competitor,decoy,0,10.057
58,118,perceptual,0.1,0.2,competitor,target,1,4.406
58,119,perceptual,0.03,0.2,target,target,1,6.505
58,120,numeric,0.1,0.05,target,target,1,5.392
58,121,numeric,0.03,0.2,target,target,1,7.438
58,122,perceptual,0.03,0.05,target,competitor,0,11.537
58,123,numeric,0.03,0.2,competitor,competitor,0,4.257
58,124,numeric,0.1,0.05,competitor,competitor,0,5.023
58,125,numeric,0.1,0.2,competitor,target,1,4.072
58,126,perceptual,0.1,0.2,competitor,competitor,0,5.315
58,127,numeric,0.03,0.2,target,target,1,8.991
58,128,perceptual,0.03,0.2,target,target,1,5.397
58,129,numeric,0.03,0.2,competitor,competitor,0,4.196
58,130,numeric,0.1,0.2,competitor,target,1,4.784
58,131,numeric,0.1,0.2,target,target,1,5.766
58,132,perceptual,0.1,0.2,competitor,target,1,4.002
58,133,numeric,0.03,0.05,competitor,competitor,0,8.867
58,134,numeric,0.1,0.05,target,target,1,4.938
58,135,numeric,0.03,0.2,target,target,1,6.671
58,136,perceptual,0.1,0.05,target,target,1,4.162
58,137,numeric,0.1,0.2,competitor,target,1,8.121
58,138,perceptual,0.03,0.2,competitor,target,1,5.405
58,139,perceptual,0.1,0.2,target,target,1,4.221
58,140,perceptual,0.1,0.05,competitor,target,1,6.579
58,141,perceptual,0.03,0.2,target,competitor,0,6.094
58,142,numeric,0.1,0.2,competitor,competitor,0,5.036
58,143,numeric,0.03,0.05,competitor,competitor,0,5.926
58,144,perceptual,0.1,0.05,target,decoy,0,4.669
58,145,perceptual,0.03,0.2,target,decoy,0,9.276
58,146,perceptual,0.1,0.05,target,decoy,0,7.464
58,147,perceptual,0.1,0.2,competitor,target,1,8.044
58,148,numeric,0.03,0.05,target,competitor,0,8.728
58,149,numeric,0.1,0.2,target,target,1,6.089
58,150,numeric,0.1,0.05,competitor,competitor,0,7.037
58,151,perceptual,0.1,0.05,competitor,target,1,6.125
58,152,perceptual,0.03,0.05,competitor,competitor,0,7.758
58,153,perceptual,0.03,0.2,competitor,target,1,4.042
58,154,perceptual,0.1,0.2,competitor,target,1,5.769
58,155,numeric,0.1,0.05,competitor,target,1,5.64
58,156,numeric,0.1,0.2,target,target,1,5.357
58,157,perceptual,0.1,0.2,target,target,1,4.566
58,158,numeric,0.1,0.2,competitor,competitor,0,10.42
58,159,perceptual,0.03,0.2,competitor,competitor,0,7.771
58,160,numeric,0.03,0.05,target,target,1,8.707
58,161,perceptual,0.03,0.2,competitor,target,1,3.486
58,162,numeric,0.03,0.05,competitor,target,1,5.107
58,163,perceptual,0.1,0.05,target,target,1,8.702
58,164,perceptual,0.1,0.05,competitor,target,1,4.608
58,165,numeric,0.1,0.05,target,target,1,7.52
58,166,numeric,0.03,0.05,competitor,target,1,7.022
58,167,perceptual,0.03,0.2,competitor,competitor,0,6.842
58,168,numeric,0.1,0.2,competitor,competitor,0,6.228
58,169,perceptual,0.03,0.2,target,target,1,5.99
58,170,numeric,0.03,0.2,competitor,target,1,5.792
58,171,perceptual,0.03,0.05,competitor,target,1,6.008
58,172,perceptual,0.1,0.05,target,target,1,6.613
58,173,numeric,0.03,0.05,target,target,1,7.047
58,174,perceptual,0.03,0.05,competitor,target,1,3.553
58,175,numeric,0.03,0.05,competitor,competitor,0,4.786
58,176,numeric,0.1,0.05,target,target,1,10.036
58,177,numeric,0.1,0.2,competitor,target,1,6.912
58,178,perceptual,0.1,0.05,competitor,target,1,3.4
58,179,numeric,0.03,0.05,competitor,competitor,0,6.725
58,180,perceptual,0.1,0.05,competitor,target,1,3.834
58,181,numeric,0.03,0.05,competitor,target,1,7.551
58,182,numeric,0.03,0.2,target,target,1,8.461
58,183,numeric,0.1,0.05,competitor,target,1,9.107
58,184,perceptual,0.03,0.05,target,target,1,5.861
58,185,numeric,0.1,0.2,competitor,competitor,0,7.739
58,186,numeric,0.03,0.2,target,target,1,6.428
58,187,numeric,0.1,0.2,competitor,target,1,7.761
58,188,perceptual,0.1,0.05,target,target,1,6.943
58,189,numeric,0.03,0.05,competitor,competitor,0,7.03
58,190,numeric,0.03,0.05,target,target,1,8.447
58,191,numeric,0.03,0.05,competitor,target,1,11.216
58,192,numeric,0.1,0.2,target,target,1,5.451
59,1,numeric,0.1,0.05,target,decoy,0,14.063
59,2,perceptual,0.03,0.05,competitor,competitor,0,6.315
59,3,numeric,0.1,0.05,competitor,competitor,0,7.461
59,4,numeric,0.1,0.05,competitor,target,1,5.25
59,5,perceptual,0.03,0.2,competitor,target,1,5.004
59,7,numeric,0.03,0.05,target,competitor,0,4.507
59,8,perceptual,0.1,0.05,target,target,1,6.507
59,9,numeric,0.1,0.2,competitor,competitor,0,12.048
59,10,numeric,0.03,0.2,competitor,target,1,12.008
59,11,numeric,0.1,0.05,competitor,decoy,0,12.903
59,12,numeric,0.03,0.05,competitor,target,1,4.982
59,13,perceptual,0.1,0.05,competitor,target,1,3.731
59,14,numeric,0.1,0.2,target,target,1,8.651
59,15,perceptual,0.03,0.2,competitor,target,1,9.787
59,16,perceptual,0.1,0.05,competitor,target,1,6.516
59,17,perceptual,0.03,0.05,target,target,1,10.858
59,18,numeric,0.03,0.2,target,competitor,0,11.346
59,19,perceptual,0.1,0.2,competitor,target,1,3.093
59,20,numeric,0.1,0.05,competitor,competitor,0,9.471
59,21,perceptual,0.1,0.2,target,target,1,4.933
59,22,numeric,0.1,0.05,competitor,target,1,6.606
59,23,numeric,0.03,0.2,target,competitor,0,6.326
59,24,perceptual,0.03,0.2,target,target,1,7.149
59,25,perceptual,0.03,0.05,target,competitor,0,3.988
59,26,perceptual,0.1,0.05,competitor,decoy,0,7.73
59,27,perceptual,0.03,0.05,target,target,1,5.557
59,28,perceptual,0.03,0.2,competitor,target,1,5.215
59,29,numeric,0.1,0.2,target,target,1,5.99
59,30,numeric,0.03,0.05,competitor,competitor,0,8.331
59,31,perceptual,0.03,0.05,competitor,decoy,0,6.556
59,32,perceptual,0.1,0.05,competitor,competitor,0,7.834
59,33,numeric,0.1,0.05,competitor,target,1,4.508
59,34,numeric,0.03,0.2,target,target,1,6.448
59,35,perceptual,0.1,0.05,target,target,1,5.878
59,36,perceptual,0.1,0.05,target,target,1,6.458
59,37,perceptual,0.1,0.2,target,decoy,0,5.299
59,38,perceptual,0.03,0.05,target,decoy,0,4.014
59,39,perceptual,0.03,0.2,target,decoy,0,3.766
59,40,numeric,0.03,0.2,target,target,1,9.041
59,41,numeric,0.03,0.05,competitor,competitor,0,7.563
59,42,perceptual,0.03,0.05,competitor,target,1,4.06
59,43,numeric,0.03,0.2,target,target,1,4.199
59,44,perceptual,0.1,0.2,target,target,1,6.714
59,45,perceptual,0.1,0.2,target,target,1,4.909
59,46,numeric,0.1,0.05,target,decoy,0,6.019
59,47,perceptual,0.03,0.2,competitor,target,1,5.385
59,48,numeric,0.1,0.2,competitor,target,1,6.087
59,49,perceptual,0.03,0.05,competitor,decoy,0,4.31
59,50,numeric,0.1,0.05,competitor,competitor,0,3.627
59,51,numeric,0.1,0.05,target,competitor,0,3.169
59,52,numeric,0.1,0.05,target,target,1,3.573
59,53,perceptual,0.1,0.2,target,target,1,3.014
59,54,numeric,0.03,0.2,competitor,competitor,0,6.334
59,55,perceptual,0.03,0.05,target,target,1,3.345
59,56,numeric,0.03,0.05,competitor,competitor,0,5.658
59,57,numeric,0.1,0.2,target,target,1,5.131
59,58,perceptual,0.03,0.2,target,competitor,0,5.604
59,59,numeric,0.1,0.2,competitor,competitor,0,5.588
59,60,numeric,0.1,0.05,target,target,1,8.593
59,61,perceptual,0.1,0.05,competitor,target,1,5.182
59,62,perceptual,0.1,0.05,target,competitor,0,3.689
59,63,numeric,0.1,0.05,competitor,target,1,7.188
59,64,perceptual,0.1,0.05,target,decoy,0,3.905
59,65,numeric,0.03,0.05,target,competitor,0,7.37
59,66,perceptual,0.03,0.05,competitor,target,1,3.314
59,67,perceptual,0.03,0.05,competitor,competitor,0,2.979
59,68,numeric,0.1,0.2,target,target,1,8.373
59,69,perceptual,0.1,0.05,competitor,competitor,0,3.098
59,70,numeric,0.1,0.2,competitor,target,1,6.447
59,71,perceptual,0.03,0.2,target,competitor,0,3.793
59,72,numeric,0.1,0.05,target,decoy,0,2.43
59,73,numeric,0.03,0.05,competitor,target,1,2.446
59,74,perceptual,0.03,0.05,target,competitor,0,4.216
59,75,perceptual,0.03,0.2,target,decoy,0,2.344
59,76,perceptual,0.03,0.2,competitor,decoy,0,4.452
59,77,numeric,0.03,0.2,competitor,target,1,3.688
59,78,numeric,0.03,0.05,competitor,target,1,4.002
59,79,numeric,0.03,0.2,competitor,target,1,2.662
59,80,numeric,0.03,0.2,target,competitor,0,3.135
59,81,perceptual,0.1,0.2,competitor,decoy,0,3.006
59,82,perceptual,0.03,0.2,competitor,target,1,2.628
59,83,perceptual,0.03,0.2,competitor,target,1,2.616
59,84,numeric,0.03,0.2,target,decoy,0,7.89
59,85,numeric,0.03,0.2,target,competitor,0,10.167
59,86,perceptual,0.1,0.05,competitor,target,1,3.616
59,87,numeric,0.1,0.2,target,competitor,0,3.565
59,88,perceptual,0.1,0.2,target,target,1,2.303
59,89,numeric,0.1,0.2,competitor,target,1,8.8
59,90,numeric,0.03,0.05,competitor,competitor,0,7.512
59,91,perceptual,0.03,0.05,target,competitor,0,3.347
59,92,numeric,0.1,0.05,target,target,1,10.129
59,93,numeric,0.03,0.05,competitor,competitor,0,7.212
59,94,numeric,0.03,0.05,target,target,1,5.499
59,95,numeric,0.1,0.05,target,target,1,7.162
59,96,numeric,0.1,0.2,competitor,competitor,0,7.278
59,97,perceptual,0.1,0.05,target,target,1,6.196
59,98,perceptual,0.03,0.05,target,competitor,0,6.04
59,99,numeric,0.03,0.2,competitor,competitor,0,5.049
59,100,perceptual,0.03,0.05,target,decoy,0,4.117
59,101,numeric,0.03,0.2,target,competitor,0,4.782
59,102,perceptual,0.1,0.05,competitor,competitor,0,4.187
59,103,perceptual,0.1,0.2,competitor,competitor,0,2.498
59,104,numeric,0.03,0.05,competitor,target,1,5.776
59,105,numeric,0.03,0.2,target,target,1,4.95
59,106,perceptual,0.1,0.2,target,target,1,3.362
59,107,numeric,0.03,0.05,target,target,1,6.449
59,108,numeric,0.03,0.05,target,competitor,0,4.877
59,109,perceptual,0.1,0.2,target,competitor,0,4.139
59,110,numeric,0.03,0.2,competitor,target,1,3.821
59,111,numeric,0.1,0.2,target,target,1,3.773
59,112,numeric,0.03,0.2,target,target,1,2.328
59,113,numeric,0.1,0.2,competitor,target,1,2.897
59,114,perceptual,0.03,0.2,target,decoy,0,3.594
59,115,numeric,0.03,0.2,competitor,competitor,0,3.272
59,116,numeric,0.1,0.05,target,target,1,2.961
59,117,perceptual,0.03,0.05,competitor,competitor,0,2.949
59,118,numeric,0.03,0.05,target,target,1,5.953
59,119,numeric,0.1,0.05,competitor,target,1,3.873
59,120,numeric,0.1,0.05,competitor,target,1,5.178
59,121,perceptual,0.1,0.05,competitor,decoy,0,3.112
59,122,perceptual,0.1,0.05,competitor,competitor,0,2.901
59,123,perceptual,0.03,0.05,competitor,decoy,0,2.969
59,124,numeric,0.03,0.05,target,competitor,0,2.328
59,125,perceptual,0.03,0.05,competitor,target,1,3.748
59,126,numeric,0.03,0.05,competitor,competitor,0,3.781
59,127,numeric,0.1,0.2,competitor,decoy,0,4.027
59,128,perceptual,0.1,0.05,target,competitor,0,3.293
59,129,perceptual,0.1,0.2,competitor,competitor,0,3.971
59,130,numeric,0.03,0.2,competitor,target,1,3.075
59,131,perceptual,0.03,0.2,competitor,target,1,2.559
59,132,numeric,0.03,0.2,competitor,competitor,0,4.842
59,133,numeric,0.03,0.05,competitor,target,1,6.545
59,134,numeric,0.1,0.2,competitor,competitor,0,5.714
59,135,perceptual,0.1,0.05,target,competitor,0,3.759
59,136,numeric,0.1,0.2,target,target,1,3.057
59,137,perceptual,0.1,0.2,target,decoy,0,5.089
59,138,perceptual,0.03,0.2,target,competitor,0,2.326
59,139,perceptual,0.03,0.2,competitor,target,1,5.007
59,140,perceptual,0.03,0.05,target,target,1,3.195
59,141,perceptual,0.1,0.2,competitor,target,1,2.634
59,142,numeric,0.03,0.05,target,target,1,6.315
59,143,perceptual,0.1,0.2,competitor,decoy,0,3.229
59,144,perceptual,0.03,0.2,target,competitor,0,2.17
59,145,perceptual,0.03,0.05,target,decoy,0,4.19
59,146,perceptual,0.1,0.05,competitor,decoy,0,2.34
59,147,numeric,0.1,0.2,competitor,competitor,0,2.57
59,148,perceptual,0.03,0.2,target,decoy,0,2.595
59,149,perceptual,0.03,0.2,competitor,decoy,0,2.544
59,150,numeric,0.1,0.05,target,target,1,6.743
59,151,numeric,0.03,0.2,target,target,1,6.318
59,152,numeric,0.03,0.05,target,target,1,7.317
59,153,numeric,0.1,0.2,competitor,target,1,6.017
59,154,numeric,0.1,0.2,target,competitor,0,2.848
59,155,perceptual,0.03,0.2,competitor,decoy,0,2.42
59,156,perceptual,0.03,0.05,target,decoy,0,3.288
59,157,perceptual,0.03,0.2,target,target,1,5.222
59,158,numeric,0.03,0.05,target,target,1,5.682
59,159,numeric,0.1,0.2,competitor,target,1,2.772
59,160,numeric,0.1,0.05,target,decoy,0,3.125
59,161,perceptual,0.1,0.05,target,target,1,2.365
59,162,perceptual,0.1,0.05,target,target,1,3.887
59,163,numeric,0.03,0.2,competitor,competitor,0,3.004
59,164,perceptual,0.1,0.2,competitor,competitor,0,2.985
59,165,numeric,0.1,0.2,target,target,1,3.821
59,166,perceptual,0.03,0.05,competitor,target,1,2.948
59,167,numeric,0.1,0.2,target,target,1,6.312
59,168,perceptual,0.1,0.2,competitor,competitor,0,4.037
59,169,numeric,0.1,0.2,target,competitor,0,4.268
59,170,numeric,0.03,0.2,competitor,competitor,0,3.292
59,171,perceptual,0.03,0.05,competitor,target,1,5.916
59,172,numeric,0.03,0.05,target,competitor,0,6.874
59,173,perceptual,0.1,0.2,competitor,competitor,0,3.443
59,174,perceptual,0.03,0.2,target,competitor,0,3.987
59,175,numeric,0.1,0.05,competitor,target,1,4.018
59,176,perceptual,0.1,0.2,target,competitor,0,3.025
59,177,perceptual,0.1,0.2,target,decoy,0,2.947
59,178,perceptual,0.03,0.05,competitor,decoy,0,2.763
59,179,perceptual,0.03,0.2,target,target,1,2.488
59,180,numeric,0.1,0.2,target,competitor,0,7.237
59,181,numeric,0.1,0.05,competitor,competitor,0,5.466
59,182,perceptual,0.1,0.05,target,competitor,0,2.51
59,183,perceptual,0.03,0.2,competitor,competitor,0,3.26
59,184,perceptual,0.1,0.2,competitor,target,1,3.388
59,185,numeric,0.03,0.05,competitor,target,1,6.826
59,186,perceptual,0.1,0.2,target,competitor,0,3.351
59,187,numeric,0.03,0.2,competitor,target,1,6.927
59,188,perceptual,0.1,0.2,competitor,target,1,2.618
59,189,numeric,0.1,0.05,target,decoy,0,2.82
59,190,perceptual,0.1,0.05,competitor,target,1,2.793
59,191,perceptual,0.1,0.05,target,decoy,0,3.564
59,192,perceptual,0.1,0.2,competitor,competitor,0,4.195
60,1,perceptual,0.1,0.05,target,target,1,9.275
60,2,perceptual,0.03,0.05,competitor,competitor,0,5.213
60,3,numeric,0.03,0.05,target,target,1,10.968
60,4,numeric,0.03,0.05,target,competitor,0,13.222
60,5,perceptual,0.1,0.2,competitor,target,1,5.379
60,6,numeric,0.1,0.2,target,target,1,9.899
60,7,numeric,0.1,0.05,competitor,target,1,7.21
60,8,numeric,0.1,0.05,competitor,target,1,12.568
60,9,numeric,0.03,0.05,competitor,competitor,0,12.315
60,10,numeric,0.03,0.05,competitor,competitor,0,14.116
60,11,perceptual,0.03,0.2,target,target,1,9.042
60,12,numeric,0.03,0.05,competitor,target,1,10.265
60,13,numeric,0.1,0.2,target,target,1,9.946
60,14,perceptual,0.03,0.2,competitor,target,1,13.383
60,15,numeric,0.1,0.2,target,target,1,7.004
60,16,numeric,0.03,0.2,target,target,1,17.601
60,17,numeric,0.03,0.2,competitor,target,1,5.444
60,18,perceptual,0.1,0.05,competitor,target,1,4.316
60,19,numeric,0.03,0.05,target,target,1,10.122
60,20,perceptual,0.1,0.05,target,target,1,13.443
60,21,perceptual,0.03,0.05,competitor,competitor,0,9.992
60,22,numeric,0.1,0.2,competitor,target,1,12.121
60,23,perceptual,0.1,0.2,competitor,target,1,3.527
60,24,numeric,0.03,0.05,competitor,competitor,0,11.188
60,25,numeric,0.1,0.2,target,competitor,0,12.951
60,26,numeric,0.03,0.2,target,competitor,0,13.671
60,27,numeric,0.1,0.2,target,competitor,0,9.197
60,28,perceptual,0.03,0.2,target,target,1,10.064
60,29,numeric,0.1,0.05,target,target,1,16.411
60,30,perceptual,0.03,0.05,competitor,decoy,0,4.558
60,31,perceptual,0.1,0.05,target,target,1,5.231
60,32,perceptual,0.1,0.05,competitor,competitor,0,4.102
60,33,perceptual,0.03,0.05,competitor,target,1,3.492
60,34,perceptual,0.03,0.2,competitor,competitor,0,3.149
60,35,perceptual,0.03,0.2,competitor,target,1,5.722
60,36,perceptual,0.1,0.2,competitor,target,1,7.224
60,37,perceptual,0.03,0.2,competitor,target,1,3.983
60,38,numeric,0.03,0.05,target,target,1,5.114
60,39,numeric,0.1,0.2,target,target,1,6.128
60,40,numeric,0.03,0.05,target,target,1,7.147
60,41,numeric,0.1,0.2,competitor,competitor,0,6.709
60,42,numeric,0.03,0.05,competitor,competitor,0,13.675
60,43,numeric,0.1,0.2,competitor,target,1,5.08
60,44,numeric,0.03,0.2,target,competitor,0,11.979
60,45,numeric,0.03,0.05,target,target,1,5.263
60,46,numeric,0.03,0.2,target,competitor,0,10.341
60,47,perceptual,0.03,0.2,target,target,1,9.266
60,48,numeric,0.03,0.2,competitor,competitor,0,12.933
60,49,perceptual,0.03,0.2,competitor,target,1,2.945
60,50,numeric,0.03,0.05,target,target,1,6.011
60,51,numeric,0.03,0.2,target,target,1,5.005
60,52,numeric,0.1,0.05,target,target,1,8.815
60,53,perceptual,0.1,0.05,target,target,1,5.565
60,54,perceptual,0.03,0.05,competitor,competitor,0,8.365
60,55,perceptual,0.03,0.2,target,target,1,5.814
60,56,numeric,0.1,0.05,target,target,1,5.548
60,57,perceptual,0.03,0.05,competitor,target,1,6.558
60,58,numeric,0.1,0.05,competitor,target,1,6.447
60,59,numeric,0.03,0.2,competitor,decoy,0,10.82
60,60,perceptual,0.1,0.05,target,target,1,9.481
60,61,numeric,0.1,0.05,competitor,competitor,0,9.799
60,62,perceptual,0.03,0.05,competitor,target,1,4.468
60,63,perceptual,0.03,0.05,target,decoy,0,6.275
60,64,perceptual,0.03,0.2,competitor,competitor,0,13.356
60,65,numeric,0.1,0.05,target,target,1,7.995
60,66,numeric,0.03,0.2,target,target,1,6.615
60,67,perceptual,0.03,0.05,target,target,1,5.144
60,68,perceptual,0.1,0.05,competitor,target,1,3.428
60,69,perceptual,0.1,0.05,competitor,target,1,3.602
60,70,perceptual,0.1,0.05,target,competitor,0,4.873
60,71,perceptual,0.1,0.05,target,target,1,5.044
60,72,numeric,0.1,0.05,target,target,1,8.516
60,73,perceptual,0.1,0.2,target,target,1,4.126
60,74,numeric,0.1,0.2,competitor,target,1,6.084
60,75,numeric,0.1,0.2,target,target,1,11
60,76,numeric,0.1,0.05,target,target,1,10.13
60,77,numeric,0.1,0.05,competitor,competitor,0,11.838
60,78,perceptual,0.03,0.2,competitor,target,1,3.954
60,79,numeric,0.03,0.2,target,target,1,6.458
60,80,numeric,0.03,0.2,competitor,competitor,0,6.391
60,81,perceptual,0.1,0.05,competitor,competitor,0,4.636
60,82,numeric,0.03,0.2,target,target,1,6.744
60,83,perceptual,0.1,0.2,competitor,target,1,5.292
60,84,numeric,0.1,0.2,competitor,competitor,0,6.81
60,85,numeric,0.1,0.05,competitor,target,1,13.55
60,86,numeric,0.1,0.05,target,target,1,7.062
60,87,numeric,0.1,0.05,competitor,competitor,0,14.425
60,88,perceptual,0.1,0.05,target,target,1,9.187
60,89,perceptual,0.1,0.2,competitor,target,1,4.457
60,90,perceptual,0.1,0.05,target,target,1,4.646
60,91,numeric,0.1,0.2,competitor,target,1,6.161
60,92,perceptual,0.1,0.05,competitor,target,1,4.139
60,93,perceptual,0.03,0.2,target,target,1,4.669
60,94,perceptual,0.1,0.05,competitor,competitor,0,5.808
60,95,perceptual,0.03,0.05,target,target,1,11.758
60,96,perceptual,0.1,0.2,target,target,1,6.1
60,97,numeric,0.1,0.05,competitor,target,1,5.895
60,99,numeric,0.03,0.05,competitor,decoy,0,8.596
60,100,perceptual,0.03,0.2,competitor,target,1,5.77
60,101,numeric,0.03,0.2,competitor,target,1,7.558
60,102,numeric,0.03,0.2,target,target,1,10.007
60,103,numeric,0.1,0.05,target,target,1,6.154
60,104,perceptual,0.1,0.05,target,target,1,10.616
60,105,perceptual,0.1,0.2,target,target,1,5.366
60,106,perceptual,0.1,0.05,competitor,target,1,7.325
60,107,perceptual,0.03,0.2,target,target,1,4.643
60,108,numeric,0.1,0.05,target,target,1,4.939
60,109,perceptual,0.03,0.05,target,target,1,3.716
60,110,numeric,0.03,0.05,target,target,1,8.192
60,111,numeric,0.1,0.2,target,target,1,11.562
60,112,numeric,0.03,0.05,target,target,1,7.296
60,113,perceptual,0.1,0.2,competitor,target,1,3.232
60,114,perceptual,0.03,0.2,competitor,target,1,3.785
60,115,numeric,0.03,0.05,competitor,competitor,0,4.923
60,116,perceptual,0.1,0.2,target,target,1,9.23
60,117,numeric,0.1,0.2,target,decoy,0,9.682
60,118,perceptual,0.03,0.05,target,competitor,0,7.627
60,119,numeric,0.03,0.05,target,target,1,8.211
60,120,perceptual,0.03,0.2,competitor,target,1,7.171
60,121,perceptual,0.03,0.05,target,decoy,0,4.306
60,122,numeric,0.1,0.2,competitor,target,1,6.258
60,123,numeric,0.03,0.2,target,competitor,0,7.107
60,124,perceptual,0.1,0.2,competitor,target,1,11.776
60,125,numeric,0.03,0.05,target,decoy,0,4.989
60,126,perceptual,0.03,0.05,target,target,1,5.807
60,127,perceptual,0.03,0.2,competitor,target,1,3.39
60,128,numeric,0.03,0.2,competitor,competitor,0,4.973
60,129,numeric,0.03,0.2,competitor,competitor,0,11.375
60,130,perceptual,0.03,0.2,target,target,1,4.916
60,131,perceptual,0.1,0.2,competitor,target,1,5.15
60,132,perceptual,0.03,0.2,target,target,1,7.358
60,133,numeric,0.1,0.05,competitor,target,1,8.246
60,134,numeric,0.03,0.05,competitor,competitor,0,5.512
60,135,perceptual,0.03,0.05,competitor,competitor,0,6.795
60,136,numeric,0.03,0.2,target,target,1,6.86
60,137,numeric,0.1,0.2,target,target,1,15.841
60,138,numeric,0.1,0.2,target,competitor,0,17.815
60,139,numeric,0.03,0.2,competitor,competitor,0,10.374
60,140,numeric,0.03,0.05,target,competitor,0,13.582
60,141,numeric,0.03,0.05,competitor,competitor,0,14.078
60,142,numeric,0.1,0.05,competitor,target,1,12.338
60,143,perceptual,0.1,0.05,competitor,competitor,0,5.199
60,144,perceptual,0.03,0.2,target,target,1,3.126
60,145,perceptual,0.1,0.2,target,target,1,4.332
60,146,numeric,0.1,0.05,target,target,1,4.991
60,147,numeric,0.03,0.2,competitor,competitor,0,13.287
60,148,perceptual,0.1,0.2,target,competitor,0,3.239
60,149,perceptual,0.03,0.05,target,target,1,4.754
60,150,numeric,0.1,0.2,competitor,target,1,6.829
60,151,numeric,0.03,0.05,competitor,competitor,0,12.305
60,152,perceptual,0.03,0.05,target,target,1,3.214
60,153,numeric,0.1,0.2,competitor,target,1,4.555
60,154,perceptual,0.1,0.2,competitor,target,1,3.084
60,155,perceptual,0.03,0.2,target,competitor,0,7.898
60,156,perceptual,0.03,0.05,target,target,1,3.228
60,157,numeric,0.1,0.2,competitor,competitor,0,4.358
60,158,perceptual,0.1,0.2,target,target,1,4.846
60,159,perceptual,0.03,0.05,competitor,decoy,0,6.468
60,160,perceptual,0.1,0.2,target,competitor,0,5.735
60,161,numeric,0.1,0.2,target,target,1,6.082
60,162,perceptual,0.1,0.05,target,competitor,0,3.569
60,163,numeric,0.1,0.05,competitor,competitor,0,8.309
60,164,numeric,0.1,0.2,competitor,target,1,8.016
60,165,perceptual,0.1,0.2,competitor,target,1,3.402
60,166,perceptual,0.1,0.05,target,target,1,3.182
60,167,perceptual,0.03,0.05,target,target,1,4.957
60,168,perceptual,0.1,0.2,target,target,1,4.94
60,169,numeric,0.1,0.2,competitor,target,1,5.082
60,170,numeric,0.1,0.05,competitor,competitor,0,5.424
60,171,numeric,0.03,0.05,competitor,competitor,0,11.985
60,172,perceptual,0.1,0.2,target,target,1,3.507
60,173,perceptual,0.1,0.2,target,decoy,0,2.772
60,174,perceptual,0.1,0.2,competitor,target,1,3.137
60,175,perceptual,0.1,0.05,competitor,decoy,0,4.948
60,176,perceptual,0.1,0.2,target,target,1,5.802
60,177,numeric,0.1,0.05,target,target,1,6.282
60,178,numeric,0.03,0.2,competitor,target,1,5.829
60,179,perceptual,0.1,0.2,competitor,target,1,4.27
60,180,perceptual,0.03,0.2,target,competitor,0,3.857
60,181,numeric,0.03,0.2,competitor,competitor,0,5.999
60,182,perceptual,0.1,0.05,competitor,target,1,3.467
60,183,perceptual,0.1,0.05,competitor,decoy,0,2.787
60,184,perceptual,0.03,0.2,competitor,target,1,3.619
60,185,numeric,0.03,0.2,target,target,1,14.359
60,186,numeric,0.03,0.05,competitor,competitor,0,8.433
60,187,perceptual,0.03,0.2,target,target,1,4.382
60,188,perceptual,0.03,0.05,competitor,competitor,0,2.738
60,189,perceptual,0.03,0.05,competitor,target,1,3.509
60,190,perceptual,0.03,0.05,competitor,competitor,0,4.313
60,191,perceptual,0.03,0.05,target,competitor,0,5.113
60,192,numeric,0.1,0.05,target,target,1,5.044
61,1,perceptual,0.03,0.2,target,target,1,8.206
61,2,perceptual,0.1,0.05,competitor,competitor,0,6.714
61,3,numeric,0.03,0.05,competitor,target,1,7.523
61,4,perceptual,0.1,0.2,competitor,competitor,0,5.33
61,5,numeric,0.1,0.2,competitor,competitor,0,4.886
61,6,perceptual,0.1,0.2,target,competitor,0,2.837
61,7,perceptual,0.03,0.05,target,target,1,1.498
61,8,perceptual,0.1,0.2,competitor,target,1,1.33
61,9,numeric,0.1,0.2,target,target,1,1.3
61,10,perceptual,0.03,0.2,competitor,target,1,1.263
61,11,numeric,0.1,0.2,competitor,target,1,1.3
61,12,perceptual,0.03,0.2,target,decoy,0,2.522
61,13,perceptual,0.03,0.05,target,target,1,1.402
61,14,perceptual,0.03,0.2,competitor,competitor,0,1.941
61,15,numeric,0.1,0.05,target,target,1,4.248
61,16,perceptual,0.1,0.2,target,target,1,1.821
61,17,perceptual,0.1,0.2,target,competitor,0,1.718
61,18,perceptual,0.03,0.2,competitor,decoy,0,1.565
61,19,perceptual,0.1,0.2,target,competitor,0,1.247
61,20,perceptual,0.03,0.2,competitor,competitor,0,1.133
61,21,numeric,0.03,0.2,target,decoy,0,0.99
61,22,perceptual,0.1,0.2,target,target,1,1.346
61,23,perceptual,0.1,0.05,competitor,decoy,0,1.434
61,24,perceptual,0.03,0.05,competitor,target,1,1.301
61,25,perceptual,0.1,0.2,competitor,decoy,0,1.321
61,26,perceptual,0.03,0.05,target,decoy,0,1.267
61,27,numeric,0.1,0.05,target,target,1,1.287
61,28,perceptual,0.03,0.2,target,competitor,0,1.044
61,29,perceptual,0.1,0.2,competitor,target,1,1.1
61,30,numeric,0.03,0.2,competitor,target,1,1.214
61,31,perceptual,0.1,0.05,target,competitor,0,1.11
61,32,perceptual,0.03,0.2,target,decoy,0,1.195
61,33,numeric,0.03,0.2,competitor,competitor,0,5.345
61,34,perceptual,0.03,0.05,competitor,competitor,0,1.25
61,35,perceptual,0.03,0.2,target,competitor,0,1.279
61,36,perceptual,0.03,0.2,competitor,decoy,0,1.121
61,37,numeric,0.1,0.05,competitor,decoy,0,1.216
61,38,numeric,0.1,0.2,competitor,target,1,1.197
61,39,numeric,0.1,0.2,target,competitor,0,1.246
61,40,perceptual,0.1,0.2,target,decoy,0,1.444
61,41,perceptual,0.03,0.05,target,decoy,0,1.273
61,42,numeric,0.03,0.05,competitor,decoy,0,1.278
61,43,perceptual,0.03,0.05,competitor,target,1,1.272
61,44,perceptual,0.1,0.05,target,target,1,1.284
61,45,numeric,0.1,0.05,competitor,target,1,1.345
61,46,perceptual,0.03,0.05,competitor,target,1,1.269
61,47,perceptual,0.1,0.2,target,decoy,0,1.322
61,48,numeric,0.03,0.05,competitor,competitor,0,1.29
61,49,perceptual,0.1,0.05,target,decoy,0,1.302
61,50,perceptual,0.1,0.05,competitor,decoy,0,1.24
61,51,numeric,0.1,0.05,target,competitor,0,1.281
61,52,numeric,0.1,0.2,target,decoy,0,1.278
61,53,numeric,0.1,0.05,competitor,target,1,1.496
61,54,perceptual,0.1,0.05,target,decoy,0,1.31
61,55,perceptual,0.03,0.05,competitor,competitor,0,1.31
61,56,numeric,0.1,0.05,target,target,1,1.272
61,57,perceptual,0.03,0.05,target,decoy,0,1.474
61,58,perceptual,0.03,0.2,competitor,competitor,0,1.474
61,59,perceptual,0.1,0.05,target,competitor,0,1.398
61,60,numeric,0.03,0.05,target,competitor,0,3.445
61,61,perceptual,0.03,0.05,target,decoy,0,1.927
61,62,perceptual,0.03,0.05,target,decoy,0,2.11
61,63,numeric,0.03,0.05,target,target,1,3.32
61,64,perceptual,0.03,0.2,target,competitor,0,1.814
61,65,numeric,0.1,0.05,competitor,competitor,0,4.222
61,66,numeric,0.03,0.05,target,target,1,8.818
61,67,numeric,0.03,0.05,target,target,1,5.027
61,68,numeric,0.03,0.05,competitor,competitor,0,2.156
61,69,perceptual,0.1,0.2,competitor,decoy,0,1.883
61,70,perceptual,0.1,0.2,target,competitor,0,1.899
61,71,numeric,0.1,0.05,competitor,decoy,0,1.54
61,72,perceptual,0.03,0.05,competitor,target,1,1.616
61,73,perceptual,0.03,0.05,target,target,1,4.928
61,74,perceptual,0.03,0.2,competitor,competitor,0,3.599
61,75,perceptual,0.03,0.2,competitor,competitor,0,3.493
61,76,numeric,0.1,0.2,competitor,target,1,4.178
61,77,numeric,0.1,0.05,competitor,target,1,6.243
61,78,numeric,0.03,0.2,target,competitor,0,3.674
61,79,perceptual,0.1,0.2,target,competitor,0,2.651
61,80,numeric,0.1,0.2,target,target,1,5.598
61,81,perceptual,0.1,0.05,competitor,competitor,0,3.328
61,82,numeric,0.1,0.2,competitor,target,1,8.135
61,83,perceptual,0.03,0.05,target,decoy,0,4.647
61,84,perceptual,0.1,0.05,competitor,competitor,0,1.38
61,85,numeric,0.1,0.05,target,competitor,0,1.67
61,86,numeric,0.03,0.2,target,target,1,2.908
61,87,numeric,0.03,0.05,competitor,competitor,0,3.96
61,88,perceptual,0.1,0.05,competitor,competitor,0,2.039
61,89,numeric,0.1,0.2,target,target,1,6.128
61,90,perceptual,0.03,0.2,target,competitor,0,2.817
61,91,numeric,0.03,0.2,target,competitor,0,4.67
61,92,numeric,0.03,0.05,target,target,1,4.925
61,93,perceptual,0.03,0.2,target,target,1,2.055
61,94,perceptual,0.03,0.2,target,decoy,0,2.219
61,95,perceptual,0.1,0.2,competitor,competitor,0,2.361
61,96,numeric,0.03,0.2,competitor,competitor,0,5.791
61,97,perceptual,0.03,0.05,target,target,1,2.033
61,98,numeric,0.03,0.2,competitor,decoy,0,3.2
61,99,numeric,0.03,0.2,target,competitor,0,4.011
61,100,numeric,0.03,0.05,competitor,target,1,2.967
61,101,numeric,0.1,0.05,competitor,target,1,3.977
61,102,numeric,0.03,0.2,target,decoy,0,3.862
61,103,numeric,0.1,0.2,target,competitor,0,4.648
61,104,numeric,0.03,0.05,target,decoy,0,5.71
61,105,numeric,0.03,0.2,target,decoy,0,4.244
61,106,numeric,0.1,0.05,target,decoy,0,1.633
61,107,perceptual,0.03,0.05,competitor,decoy,0,1.811
61,108,numeric,0.03,0.2,target,target,1,1.946
61,109,numeric,0.1,0.2,target,target,1,1.679
61,110,numeric,0.03,0.05,target,decoy,0,1.817
61,111,numeric,0.03,0.05,competitor,target,1,1.793
61,112,numeric,0.1,0.05,target,target,1,1.961
61,113,perceptual,0.03,0.05,competitor,target,1,1.645
61,114,perceptual,0.1,0.05,competitor,decoy,0,1.671
61,115,numeric,0.03,0.05,competitor,competitor,0,4.878
61,116,perceptual,0.1,0.2,competitor,target,1,2.801
61,117,numeric,0.1,0.2,competitor,target,1,1.856
61,118,perceptual,0.1,0.2,competitor,target,1,1.464
61,119,perceptual,0.03,0.2,competitor,competitor,0,1.309
61,120,perceptual,0.03,0.2,target,competitor,0,1.338
61,121,numeric,0.03,0.05,target,competitor,0,1.523
61,122,perceptual,0.03,0.2,target,decoy,0,1.295
61,123,numeric,0.1,0.2,target,decoy,0,1.259
61,124,numeric,0.1,0.05,competitor,competitor,0,1.622
61,125,numeric,0.03,0.2,competitor,decoy,0,1.334
61,126,numeric,0.03,0.05,target,decoy,0,1.348
61,127,perceptual,0.03,0.05,competitor,decoy,0,1.295
61,128,perceptual,0.1,0.05,competitor,competitor,0,1.383
61,129,numeric,0.1,0.05,target,competitor,0,1.702
61,130,perceptual,0.1,0.05,target,decoy,0,1.311
61,131,perceptual,0.1,0.05,target,competitor,0,1.435
61,132,perceptual,0.1,0.05,target,decoy,0,1.308
61,133,numeric,0.1,0.05,competitor,decoy,0,1.294
61,134,perceptual,0.1,0.2,competitor,competitor,0,1.154
61,135,perceptual,0.1,0.2,target,target,1,1.326
61,136,numeric,0.03,0.2,competitor,competitor,0,1.245
61,137,numeric,0.03,0.2,competitor,competitor,0,1.311
61,138,perceptual,0.1,0.05,competitor,target,1,1.33
61,139,perceptual,0.1,0.05,competitor,decoy,0,1.259
61,140,numeric,0.03,0.05,target,competitor,0,1.352
61,141,numeric,0.03,0.05,competitor,decoy,0,1.443
61,142,numeric,0.03,0.05,competitor,decoy,0,1.319
61,143,perceptual,0.03,0.05,competitor,competitor,0,1.724
61,144,numeric,0.03,0.05,target,target,1,1.374
61,145,numeric,0.03,0.2,target,decoy,0,1.65
61,146,perceptual,0.03,0.05,target,target,1,1.726
61,147,perceptual,0.1,0.05,target,decoy,0,0
61,148,numeric,0.1,0.05,target,decoy,0,1.502
61,149,perceptual,0.03,0.05,competitor,decoy,0,2.223
61,150,perceptual,0.1,0.05,competitor,target,1,1.58
61,151,numeric,0.1,0.05,competitor,target,1,1.45
61,152,numeric,0.1,0.2,competitor,competitor,0,0.003
61,153,numeric,0.03,0.2,target,decoy,0,0.202
61,154,numeric,0.03,0.2,competitor,target,1,1.807
61,155,perceptual,0.03,0.05,competitor,decoy,0,1.363
61,156,perceptual,0.03,0.2,competitor,target,1,1.582
61,157,numeric,0.03,0.05,competitor,target,1,1.378
61,158,numeric,0.03,0.2,competitor,target,1,1.34
61,159,numeric,0.03,0.2,competitor,decoy,0,1.361
61,160,numeric,0.03,0.05,target,decoy,0,1.847
61,161,perceptual,0.1,0.05,target,competitor,0,1.689
61,162,numeric,0.03,0.2,target,competitor,0,1.681
61,163,numeric,0.1,0.05,competitor,target,1,5.279
61,164,numeric,0.1,0.2,target,target,1,6.675
61,165,numeric,0.1,0.2,target,competitor,0,2.859
61,166,numeric,0.03,0.2,target,target,1,4.921
61,167,perceptual,0.03,0.05,target,decoy,0,2.154
61,168,perceptual,0.1,0.2,competitor,target,1,1.645
61,169,numeric,0.1,0.05,competitor,target,1,5.105
61,170,numeric,0.1,0.2,target,competitor,0,3.983
61,171,numeric,0.1,0.2,competitor,target,1,4.534
61,172,numeric,0.1,0.2,competitor,target,1,7.01
61,173,numeric,0.03,0.05,competitor,target,1,3.325
61,174,perceptual,0.1,0.2,competitor,target,1,3.968
61,175,perceptual,0.1,0.2,competitor,decoy,0,2.218
61,176,numeric,0.1,0.2,competitor,competitor,0,5.743
61,177,perceptual,0.1,0.2,target,competitor,0,2.416
61,178,numeric,0.03,0.2,competitor,target,1,3.629
61,179,numeric,0.1,0.2,competitor,competitor,0,3.99
61,180,numeric,0.1,0.2,competitor,decoy,0,2.947
61,181,numeric,0.1,0.05,target,target,1,2.184
61,182,perceptual,0.1,0.05,target,competitor,0,1.983
61,183,perceptual,0.1,0.2,target,competitor,0,2.415
61,184,perceptual,0.03,0.2,competitor,decoy,0,1.633
61,185,perceptual,0.1,0.05,competitor,target,1,1.802
61,186,numeric,0.1,0.05,target,target,1,1.701
61,187,perceptual,0.1,0.05,target,decoy,0,1.706
61,188,numeric,0.03,0.2,competitor,target,1,3.69
61,189,numeric,0.1,0.05,target,target,1,4.978
61,190,perceptual,0.03,0.2,competitor,competitor,0,2.135
61,191,perceptual,0.03,0.2,target,competitor,0,1.673
61,192,numeric,0.1,0.2,target,target,1,6.17
62,1,perceptual,0.03,0.2,target,competitor,0,5.158
62,2,perceptual,0.1,0.2,target,target,1,3.739
62,3,perceptual,0.1,0.05,target,target,1,6.486
62,4,numeric,0.1,0.2,competitor,target,1,10.978
62,5,numeric,0.1,0.2,competitor,target,1,7.43
62,6,numeric,0.1,0.2,competitor,target,1,5.768
62,7,perceptual,0.03,0.2,target,competitor,0,6.35
62,8,numeric,0.1,0.05,target,target,1,7.49
62,9,numeric,0.03,0.05,competitor,competitor,0,8.353
62,10,numeric,0.03,0.2,competitor,competitor,0,5.777
62,11,perceptual,0.03,0.05,target,target,1,6.159
62,12,perceptual,0.03,0.05,competitor,target,1,7.628
62,13,numeric,0.1,0.2,competitor,competitor,0,8.518
62,14,numeric,0.03,0.2,target,target,1,8
62,15,numeric,0.1,0.05,competitor,target,1,8.076
62,16,perceptual,0.1,0.05,competitor,target,1,4.919
62,17,perceptual,0.03,0.2,competitor,target,1,7.939
62,18,perceptual,0.1,0.05,competitor,competitor,0,6.81
62,19,numeric,0.03,0.05,target,target,1,6.208
62,20,numeric,0.1,0.05,target,target,1,7.993
62,21,perceptual,0.1,0.2,competitor,target,1,5.539
62,22,perceptual,0.1,0.2,target,target,1,6.398
62,23,numeric,0.03,0.2,competitor,target,1,15.624
62,24,numeric,0.1,0.05,target,target,1,8.003
62,25,numeric,0.03,0.05,competitor,target,1,12.208
62,26,numeric,0.03,0.05,competitor,competitor,0,10.904
62,27,perceptual,0.1,0.2,target,target,1,8.111
62,28,perceptual,0.03,0.05,target,target,1,7.76
62,29,numeric,0.1,0.2,competitor,target,1,8.128
62,30,numeric,0.1,0.2,competitor,target,1,5.639
62,31,numeric,0.03,0.05,target,target,1,9.257
62,32,numeric,0.03,0.2,target,target,1,10.635
62,33,numeric,0.1,0.05,competitor,target,1,15.963
62,34,perceptual,0.03,0.05,target,target,1,9
62,35,perceptual,0.03,0.05,target,target,1,5.57
62,36,numeric,0.03,0.05,competitor,target,1,10.646
62,37,numeric,0.03,0.2,target,target,1,14.62
62,38,perceptual,0.03,0.2,competitor,target,1,8.777
62,39,numeric,0.1,0.05,competitor,target,1,4.971
62,40,perceptual,0.03,0.2,competitor,target,1,7.038
62,41,perceptual,0.03,0.2,competitor,target,1,5.481
62,42,numeric,0.03,0.05,target,target,1,13.094
62,43,numeric,0.03,0.05,competitor,competitor,0,16.031
62,44,perceptual,0.03,0.2,target,target,1,6.552
62,45,perceptual,0.1,0.2,competitor,competitor,0,11.951
62,46,numeric,0.1,0.2,competitor,target,1,9.789
62,47,numeric,0.03,0.05,competitor,target,1,13.171
62,48,perceptual,0.03,0.05,competitor,target,1,16.596
62,49,numeric,0.1,0.05,competitor,target,1,8.444
62,50,perceptual,0.1,0.2,target,target,1,8.757
62,51,perceptual,0.1,0.05,target,target,1,9.544
62,52,numeric,0.1,0.05,target,target,1,12.577
62,53,perceptual,0.03,0.05,competitor,competitor,0,10.148
62,54,perceptual,0.1,0.2,competitor,target,1,4.218
62,55,perceptual,0.1,0.2,competitor,target,1,5.528
62,56,perceptual,0.03,0.05,competitor,competitor,0,4.771
62,57,perceptual,0.1,0.05,target,target,1,5.026
62,58,perceptual,0.1,0.2,competitor,target,1,7.31
62,59,perceptual,0.03,0.2,target,target,1,6.576
62,60,perceptual,0.1,0.05,competitor,target,1,10.096
62,61,numeric,0.03,0.2,target,competitor,0,11.905
62,62,numeric,0.03,0.05,competitor,target,1,9.625
62,63,perceptual,0.1,0.05,competitor,target,1,10.419
62,64,numeric,0.03,0.2,competitor,target,1,15.343
62,65,perceptual,0.1,0.2,competitor,target,1,8.556
62,66,numeric,0.1,0.2,target,target,1,9.753
62,67,perceptual,0.03,0.05,competitor,competitor,0,16.547
62,68,perceptual,0.03,0.2,competitor,competitor,0,7.977
62,69,perceptual,0.03,0.05,competitor,target,1,13.3
62,70,numeric,0.1,0.05,competitor,target,1,10.795
62,71,numeric,0.03,0.2,target,competitor,0,17.819
62,72,numeric,0.1,0.05,competitor,target,1,8.475
62,73,numeric,0.03,0.05,competitor,target,1,13.065
62,74,numeric,0.1,0.05,competitor,target,1,14.088
62,75,perceptual,0.1,0.2,target,target,1,9.501
62,76,numeric,0.03,0.2,target,target,1,7.275
62,77,numeric,0.1,0.2,target,target,1,9.496
62,78,numeric,0.1,0.05,competitor,target,1,7.29
62,79,perceptual,0.1,0.05,target,target,1,12.075
62,80,perceptual,0.03,0.05,target,target,1,5.439
62,81,numeric,0.03,0.05,target,competitor,0,19.594
62,82,perceptual,0.1,0.2,target,target,1,4.861
62,83,numeric,0.1,0.05,target,target,1,11.302
62,84,numeric,0.1,0.05,target,target,1,12.193
62,85,perceptual,0.03,0.05,competitor,target,1,13.251
62,86,numeric,0.03,0.05,target,competitor,0,14.594
62,87,perceptual,0.1,0.2,target,target,1,12.924
62,88,perceptual,0.03,0.05,competitor,target,1,8.77
62,89,numeric,0.1,0.05,competitor,target,1,11.306
62,90,perceptual,0.03,0.2,competitor,target,1,7.897
62,91,perceptual,0.1,0.05,target,target,1,5.806
62,92,numeric,0.03,0.05,competitor,target,1,10.224
62,93,perceptual,0.1,0.2,target,target,1,6.284
62,94,numeric,0.1,0.2,target,competitor,0,16.764
62,95,perceptual,0.1,0.05,competitor,target,1,7.908
62,96,numeric,0.1,0.2,target,target,1,10.623
62,97,perceptual,0.03,0.05,target,target,1,8.796
62,98,perceptual,0.03,0.05,target,target,1,6.276
62,99,perceptual,0.03,0.2,target,target,1,12.812
62,100,perceptual,0.03,0.05,target,target,1,11.156
62,101,numeric,0.1,0.2,competitor,competitor,0,16.764
62,102,perceptual,0.1,0.2,competitor,target,1,8.504
62,103,perceptual,0.1,0.2,competitor,target,1,7.834
62,104,numeric,0.1,0.05,target,target,1,8.179
62,105,perceptual,0.03,0.2,competitor,target,1,7.304
62,106,perceptual,0.03,0.2,competitor,target,1,6.626
62,107,numeric,0.03,0.2,competitor,target,1,11.968
62,108,numeric,0.1,0.2,competitor,target,1,12.364
62,109,numeric,0.03,0.05,target,target,1,10.89
62,110,numeric,0.03,0.2,competitor,competitor,0,9.963
62,111,numeric,0.1,0.05,competitor,target,1,8.869
62,112,numeric,0.1,0.2,target,target,1,10.046
62,113,perceptual,0.1,0.05,target,target,1,7.533
62,114,numeric,0.03,0.2,competitor,competitor,0,10.029
62,115,numeric,0.1,0.2,target,target,1,15.274
62,116,numeric,0.1,0.05,target,target,1,13.723
62,117,numeric,0.03,0.2,target,competitor,0,12.826
62,118,numeric,0.03,0.2,target,target,1,13.333
62,119,perceptual,0.1,0.2,competitor,target,1,9.976
62,120,numeric,0.1,0.2,target,target,1,7.421
62,121,numeric,0.03,0.05,target,competitor,0,10.964
62,122,perceptual,0.1,0.05,competitor,competitor,0,5.636
62,123,perceptual,0.1,0.2,target,target,1,9.257
62,124,numeric,0.1,0.2,competitor,target,1,12.388
62,125,perceptual,0.1,0.05,competitor,target,1,9.643
62,126,numeric,0.03,0.2,competitor,target,1,8.58
62,127,perceptual,0.03,0.2,competitor,target,1,7.153
62,128,perceptual,0.03,0.05,target,target,1,5.7
62,129,numeric,0.03,0.2,target,target,1,13.239
62,130,perceptual,0.03,0.05,competitor,target,1,8.406
62,131,numeric,0.03,0.05,competitor,target,1,9.831
62,132,perceptual,0.1,0.05,competitor,target,1,7.26
62,133,perceptual,0.03,0.2,target,target,1,9.379
62,134,numeric,0.03,0.05,target,target,1,11.465
62,135,perceptual,0.03,0.05,competitor,target,1,5.467
62,136,perceptual,0.1,0.05,target,target,1,8.621
62,137,perceptual,0.03,0.2,competitor,target,1,7.373
62,138,perceptual,0.03,0.2,target,competitor,0,7.849
62,139,numeric,0.1,0.05,target,decoy,0,8.921
62,140,numeric,0.03,0.05,target,target,1,12.894
62,141,perceptual,0.03,0.05,competitor,target,1,11.384
62,142,numeric,0.1,0.05,competitor,target,1,11.875
62,143,numeric,0.03,0.2,target,target,1,15.178
62,144,numeric,0.1,0.2,competitor,target,1,8.712
62,145,numeric,0.1,0.2,target,target,1,7.706
62,146,numeric,0.1,0.2,competitor,target,1,9.192
62,147,numeric,0.03,0.05,competitor,target,1,9.54
62,148,perceptual,0.1,0.05,target,target,1,6.902
62,149,numeric,0.1,0.05,target,target,1,9.369
62,150,numeric,0.03,0.2,competitor,target,1,13.587
62,151,perceptual,0.03,0.2,target,target,1,6.691
62,152,perceptual,0.1,0.05,competitor,target,1,6.248
62,153,perceptual,0.1,0.05,competitor,target,1,5.921
62,154,numeric,0.03,0.2,competitor,competitor,0,6.155
62,155,perceptual,0.1,0.05,competitor,target,1,5.027
62,156,numeric,0.1,0.2,target,target,1,6.395
62,157,perceptual,0.1,0.2,competitor,competitor,0,6.621
62,158,numeric,0.1,0.2,target,competitor,0,8.489
62,159,perceptual,0.03,0.2,competitor,target,1,4.914
62,160,perceptual,0.1,0.05,competitor,decoy,0,4.752
62,161,perceptual,0.1,0.2,target,target,1,6.508
62,162,numeric,0.1,0.2,target,target,1,9.447
62,163,perceptual,0.1,0.2,competitor,target,1,5.883
62,164,numeric,0.03,0.2,competitor,target,1,6.013
62,165,perceptual,0.1,0.2,target,target,1,5.461
62,166,numeric,0.03,0.05,competitor,target,1,9.231
62,167,perceptual,0.1,0.05,target,target,1,4.622
62,168,perceptual,0.03,0.2,competitor,competitor,0,5.928
62,169,numeric,0.03,0.2,target,competitor,0,8.541
62,170,numeric,0.03,0.05,target,target,1,9.932
62,171,perceptual,0.03,0.2,target,target,1,4.473
62,172,perceptual,0.1,0.2,target,target,1,8.849
62,173,numeric,0.03,0.2,target,competitor,0,14.012
62,174,perceptual,0.03,0.05,target,decoy,0,13.08
62,175,perceptual,0.03,0.2,target,target,1,6.827
62,176,numeric,0.1,0.05,competitor,target,1,8.748
62,177,numeric,0.03,0.2,competitor,target,1,10.478
62,178,perceptual,0.03,0.05,target,competitor,0,9.62
62,179,numeric,0.1,0.05,target,target,1,13.257
62,180,perceptual,0.03,0.05,competitor,target,1,8.471
62,181,numeric,0.03,0.05,target,competitor,0,10.844
62,182,perceptual,0.1,0.05,target,target,1,8.882
62,183,perceptual,0.1,0.05,target,target,1,7.043
62,184,perceptual,0.03,0.2,target,competitor,0,8.857
62,185,numeric,0.1,0.05,target,decoy,0,12.846
62,186,numeric,0.1,0.2,target,target,1,14.124
62,187,perceptual,0.03,0.05,target,competitor,0,10.093
62,188,perceptual,0.03,0.2,target,competitor,0,6.063
62,189,perceptual,0.1,0.05,target,target,1,5.726
62,190,numeric,0.03,0.2,competitor,competitor,0,11.864
62,192,perceptual,0.1,0.2,competitor,target,1,6.297
63,1,perceptual,0.03,0.2,target,target,1,6.798
63,2,numeric,0.03,0.05,target,competitor,0,8.758
63,3,perceptual,0.1,0.05,competitor,competitor,0,5.091
63,4,perceptual,0.1,0.2,target,decoy,0,2.962
63,5,perceptual,0.1,0.2,target,target,1,5.26
63,6,numeric,0.1,0.05,target,decoy,0,4.499
63,7,numeric,0.03,0.2,competitor,competitor,0,4.466
63,8,perceptual,0.03,0.05,competitor,decoy,0,7.344
63,9,perceptual,0.1,0.05,target,target,1,6.191
63,10,perceptual,0.03,0.2,target,target,1,2.341
63,11,numeric,0.03,0.05,competitor,competitor,0,3.819
63,12,numeric,0.03,0.05,competitor,target,1,2.956
63,13,numeric,0.03,0.05,target,target,1,4.161
63,14,numeric,0.1,0.2,competitor,target,1,3.666
63,15,perceptual,0.1,0.2,target,target,1,5.277
63,16,numeric,0.03,0.2,target,competitor,0,3.744
63,17,numeric,0.1,0.05,competitor,target,1,3.24
63,18,perceptual,0.1,0.05,competitor,target,1,3.032
63,19,numeric,0.1,0.2,target,target,1,2.291
63,20,numeric,0.1,0.2,competitor,competitor,0,3.44
63,21,numeric,0.03,0.2,competitor,competitor,0,5.067
63,22,perceptual,0.1,0.2,target,decoy,0,3.709
63,23,numeric,0.1,0.05,competitor,decoy,0,5.678
63,24,numeric,0.03,0.2,target,competitor,0,3.286
63,25,numeric,0.1,0.05,target,target,1,3.134
63,26,perceptual,0.03,0.05,competitor,target,1,2.308
63,27,perceptual,0.1,0.2,competitor,target,1,2.38
63,28,perceptual,0.1,0.05,competitor,target,1,1.946
63,29,perceptual,0.1,0.05,competitor,decoy,0,2.941
63,30,numeric,0.03,0.05,competitor,competitor,0,2.607
63,31,numeric,0.1,0.05,target,target,1,2.019
63,32,numeric,0.1,0.2,competitor,target,1,3.186
63,33,numeric,0.1,0.2,target,competitor,0,1.958
63,34,perceptual,0.1,0.2,competitor,target,1,2.377
63,35,numeric,0.03,0.05,target,decoy,0,2.277
63,36,perceptual,0.03,0.2,competitor,target,1,1.746
63,37,numeric,0.03,0.2,target,target,1,2.202
63,38,perceptual,0.03,0.05,target,target,1,2.917
63,39,numeric,0.1,0.05,target,target,1,2.015
63,40,numeric,0.1,0.2,competitor,target,1,3.43
63,41,perceptual,0.1,0.05,target,target,1,1.739
63,42,perceptual,0.03,0.2,target,competitor,0,2.733
63,43,numeric,0.1,0.2,competitor,decoy,0,2.46
63,44,perceptual,0.03,0.2,target,target,1,2.662
63,45,numeric,0.1,0.05,target,target,1,4.031
63,46,numeric,0.03,0.05,target,target,1,2.561
63,47,numeric,0.03,0.2,target,target,1,2.17
63,48,perceptual,0.1,0.2,competitor,target,1,2.294
63,49,numeric,0.03,0.05,competitor,target,1,2.235
63,50,perceptual,0.03,0.05,competitor,target,1,2.189
63,51,perceptual,0.03,0.2,target,competitor,0,1.969
63,52,perceptual,0.03,0.2,target,decoy,0,1.952
63,53,numeric,0.1,0.05,target,competitor,0,2.359
63,54,numeric,0.03,0.05,target,target,1,2.409
63,55,perceptual,0.1,0.2,competitor,target,1,2.822
63,56,perceptual,0.1,0.2,competitor,target,1,2.59
63,57,numeric,0.03,0.2,competitor,competitor,0,2.427
63,58,perceptual,0.1,0.2,competitor,competitor,0,2.636
63,59,numeric,0.1,0.05,competitor,decoy,0,1.932
63,60,numeric,0.1,0.2,target,decoy,0,1.789
63,61,perceptual,0.03,0.2,competitor,competitor,0,2.584
63,62,perceptual,0.03,0.05,target,competitor,0,2.995
63,63,perceptual,0.1,0.05,target,decoy,0,2.045
63,64,numeric,0.1,0.2,target,target,1,2.75
63,65,perceptual,0.1,0.2,competitor,target,1,2.755
63,66,perceptual,0.1,0.2,target,decoy,0,2.324
63,67,numeric,0.03,0.05,target,target,1,2.321
63,68,perceptual,0.03,0.05,target,decoy,0,1.926
63,69,perceptual,0.03,0.2,competitor,decoy,0,2.607
63,70,perceptual,0.03,0.2,competitor,competitor,0,1.868
63,71,perceptual,0.1,0.2,target,competitor,0,1.784
63,72,perceptual,0.03,0.2,competitor,competitor,0,3.888
63,73,numeric,0.1,0.05,target,decoy,0,2.593
63,74,perceptual,0.03,0.05,target,target,1,3.206
63,75,perceptual,0.1,0.2,competitor,decoy,0,1.927
63,76,numeric,0.03,0.2,competitor,decoy,0,2.272
63,77,perceptual,0.1,0.2,target,decoy,0,3.538
63,78,perceptual,0.03,0.2,target,target,1,2.381
63,79,perceptual,0.03,0.2,target,target,1,2.022
63,80,numeric,0.03,0.2,target,competitor,0,2.43
63,81,perceptual,0.1,0.2,competitor,competitor,0,2.146
63,82,numeric,0.03,0.2,competitor,decoy,0,2.071
63,83,numeric,0.1,0.2,competitor,target,1,2.32
63,84,numeric,0.1,0.05,target,target,1,2.06
63,85,perceptual,0.03,0.2,target,target,1,1.934
63,86,perceptual,0.1,0.05,target,target,1,2.2
63,87,perceptual,0.03,0.2,competitor,decoy,0,1.916
63,88,perceptual,0.03,0.2,target,target,1,1.8
63,89,numeric,0.03,0.2,target,competitor,0,1.804
63,90,perceptual,0.03,0.05,target,competitor,0,1.833
63,91,numeric,0.03,0.2,target,competitor,0,2.277
63,92,numeric,0.1,0.05,competitor,competitor,0,2.267
63,93,numeric,0.1,0.05,competitor,competitor,0,1.83
63,94,numeric,0.03,0.05,competitor,target,1,2.707
63,95,perceptual,0.03,0.05,target,target,1,3.571
63,96,numeric,0.03,0.05,competitor,decoy,0,2.359
63,97,perceptual,0.03,0.05,competitor,competitor,0,2.059
63,98,perceptual,0.1,0.05,target,decoy,0,1.89
63,99,perceptual,0.03,0.2,competitor,competitor,0,1.712
63,100,perceptual,0.1,0.05,competitor,competitor,0,2.218
63,101,numeric,0.03,0.05,competitor,competitor,0,2.418
63,102,numeric,0.1,0.05,target,decoy,0,1.896
63,103,numeric,0.03,0.2,competitor,competitor,0,2.313
63,104,numeric,0.03,0.05,competitor,competitor,0,1.776
63,105,perceptual,0.1,0.2,competitor,target,1,2.433
63,106,perceptual,0.1,0.05,target,target,1,2.038
63,107,numeric,0.1,0.2,target,target,1,2.518
63,108,perceptual,0.03,0.05,target,competitor,0,2.203
63,109,numeric,0.1,0.05,competitor,competitor,0,2.031
63,110,numeric,0.03,0.05,competitor,target,1,2.29
63,111,perceptual,0.03,0.05,target,target,1,2.647
63,112,numeric,0.03,0.05,target,decoy,0,2.34
63,113,numeric,0.03,0.05,target,target,1,4.093
63,114,perceptual,0.1,0.05,competitor,decoy,0,2.041
63,115,numeric,0.1,0.2,competitor,target,1,2.348
63,116,perceptual,0.03,0.05,competitor,decoy,0,2.65
63,117,numeric,0.03,0.2,target,competitor,0,2.033
63,118,numeric,0.03,0.2,target,target,1,2.767
63,119,perceptual,0.03,0.05,target,target,1,1.789
63,120,numeric,0.03,0.2,competitor,target,1,2.128
63,121,perceptual,0.1,0.05,competitor,target,1,1.855
63,122,perceptual,0.03,0.05,competitor,competitor,0,3.267
63,123,numeric,0.03,0.2,competitor,target,1,2.409
63,124,numeric,0.03,0.2,competitor,target,1,2.45
63,125,numeric,0.1,0.05,target,target,1,3.054
63,126,numeric,0.03,0.2,competitor,competitor,0,1.895
63,127,numeric,0.1,0.05,target,competitor,0,1.864
63,128,numeric,0.1,0.2,target,decoy,0,2.18
63,129,perceptual,0.1,0.2,target,competitor,0,2.086
63,130,perceptual,0.1,0.05,competitor,decoy,0,1.894
63,131,perceptual,0.1,0.05,target,target,1,2.545
63,132,perceptual,0.1,0.2,target,decoy,0,1.807
63,133,numeric,0.1,0.2,target,decoy,0,1.925
63,134,numeric,0.1,0.2,target,target,1,1.837
63,135,numeric,0.1,0.2,competitor,decoy,0,1.947
63,136,perceptual,0.1,0.05,competitor,target,1,1.708
63,137,perceptual,0.1,0.2,target,target,1,2.417
63,138,numeric,0.03,0.05,target,target,1,2.09
63,139,numeric,0.1,0.2,target,competitor,0,3.736
63,140,numeric,0.03,0.2,target,decoy,0,2.113
63,141,numeric,0.1,0.05,competitor,target,1,2.139
63,142,perceptual,0.1,0.05,target,decoy,0,2.559
63,143,perceptual,0.03,0.05,target,target,1,2.442
63,144,numeric,0.1,0.2,target,target,1,2.824
63,145,perceptual,0.03,0.05,competitor,competitor,0,2.427
63,146,numeric,0.03,0.2,target,target,1,2.15
63,147,perceptual,0.03,0.2,competitor,target,1,2.938
63,148,perceptual,0.1,0.05,competitor,target,1,2.625
63,149,perceptual,0.03,0.05,competitor,competitor,0,2.39
63,150,perceptual,0.1,0.2,target,target,1,3.099
63,151,numeric,0.03,0.05,target,target,1,1.826
63,152,perceptual,0.1,0.2,competitor,target,1,3.944
63,153,perceptual,0.1,0.2,target,competitor,0,2.071
63,154,numeric,0.1,0.2,target,competitor,0,2.055
63,155,numeric,0.03,0.05,target,competitor,0,2.723
63,156,numeric,0.1,0.05,competitor,decoy,0,2.039
63,157,perceptual,0.03,0.05,competitor,decoy,0,1.981
63,158,numeric,0.03,0.05,competitor,competitor,0,2.177
63,159,perceptual,0.03,0.2,competitor,competitor,0,2.074
63,160,numeric,0.03,0.05,competitor,target,1,1.81
63,161,perceptual,0.1,0.05,competitor,decoy,0,2.064
63,162,perceptual,0.03,0.05,competitor,decoy,0,2.201
63,163,perceptual,0.03,0.05,target,decoy,0,2.127
63,164,numeric,0.03,0.2,competitor,decoy,0,2.342
63,165,perceptual,0.03,0.2,target,competitor,0,2.237
63,166,numeric,0.1,0.2,competitor,target,1,2.117
63,167,perceptual,0.1,0.05,competitor,competitor,0,2.428
63,168,numeric,0.1,0.05,competitor,target,1,2.142
63,169,perceptual,0.03,0.2,competitor,competitor,0,1.99
63,170,perceptual,0.03,0.2,target,competitor,0,1.743
63,171,numeric,0.03,0.05,target,competitor,0,1.76
63,172,numeric,0.1,0.05,competitor,target,1,2.666
63,173,perceptual,0.1,0.05,target,decoy,0,2.278
63,174,numeric,0.1,0.2,competitor,target,1,3.396
63,175,numeric,0.1,0.05,competitor,competitor,0,2.759
63,176,perceptual,0.03,0.05,competitor,decoy,0,3.309
63,177,perceptual,0.1,0.2,competitor,competitor,0,2.031
63,178,numeric,0.03,0.05,competitor,decoy,0,1.851
63,179,numeric,0.03,0.2,competitor,competitor,0,2.119
63,180,numeric,0.1,0.2,competitor,target,1,1.74
63,181,perceptual,0.03,0.05,competitor,target,1,1.798
63,182,perceptual,0.03,0.2,competitor,target,1,1.8
63,183,perceptual,0.03,0.05,target,decoy,0,1.868
63,184,perceptual,0.03,0.2,competitor,target,1,1.981
63,185,numeric,0.1,0.05,competitor,target,1,2.011
63,186,perceptual,0.1,0.05,target,competitor,0,2.701
63,187,numeric,0.1,0.05,target,decoy,0,1.89
63,188,numeric,0.03,0.2,target,decoy,0,2.051
63,189,numeric,0.1,0.2,competitor,target,1,2.7
63,190,perceptual,0.1,0.05,target,target,1,2.166
63,191,numeric,0.1,0.2,target,competitor,0,2.905
63,192,perceptual,0.1,0.05,target,competitor,0,2.898
64,1,numeric,0.03,0.05,target,competitor,0,12.137
64,2,numeric,0.03,0.05,target,competitor,0,6.2
64,3,perceptual,0.03,0.05,target,target,1,7.223
64,4,perceptual,0.1,0.05,competitor,target,1,6.204
64,5,perceptual,0.1,0.05,competitor,competitor,0,3.139
64,6,perceptual,0.03,0.05,competitor,target,1,5.551
64,7,numeric,0.03,0.2,competitor,target,1,9.738
64,8,perceptual,0.1,0.05,competitor,target,1,8.384
64,9,perceptual,0.1,0.2,target,target,1,7.132
64,10,numeric,0.1,0.2,target,decoy,0,9.09
64,11,numeric,0.03,0.2,target,target,1,5.208
64,12,perceptual,0.03,0.05,competitor,competitor,0,5.849
64,13,numeric,0.03,0.05,competitor,competitor,0,6.216
64,14,numeric,0.03,0.05,competitor,competitor,0,8.135
64,15,numeric,0.03,0.05,competitor,competitor,0,6.166
64,16,numeric,0.03,0.2,target,competitor,0,11.788
64,17,numeric,0.1,0.2,competitor,competitor,0,7.45
64,18,perceptual,0.03,0.05,competitor,target,1,8.334
64,19,numeric,0.03,0.05,competitor,target,1,7.116
64,20,perceptual,0.1,0.2,target,competitor,0,9.016
64,21,perceptual,0.03,0.05,target,decoy,0,8.535
64,22,perceptual,0.1,0.2,target,target,1,7.695
64,23,numeric,0.03,0.05,target,target,1,7.094
64,24,numeric,0.03,0.2,competitor,competitor,0,6.863
64,25,numeric,0.03,0.05,target,target,1,10.235
64,26,numeric,0.03,0.2,target,target,1,5.882
64,27,numeric,0.1,0.05,competitor,competitor,0,6.335
64,28,perceptual,0.1,0.2,competitor,target,1,5.118
64,29,numeric,0.03,0.05,target,target,1,7.266
64,30,numeric,0.1,0.05,target,target,1,5.484
64,31,perceptual,0.1,0.05,competitor,target,1,4.734
64,32,numeric,0.03,0.2,target,target,1,7.249
64,33,perceptual,0.03,0.2,competitor,target,1,8.557
64,34,perceptual,0.1,0.05,target,target,1,4.775
64,35,perceptual,0.1,0.05,target,decoy,0,10.499
64,36,numeric,0.1,0.05,competitor,competitor,0,7.156
64,37,perceptual,0.03,0.05,competitor,competitor,0,5.801
64,38,numeric,0.03,0.05,competitor,competitor,0,8.599
64,39,numeric,0.1,0.2,target,target,1,6.472
64,40,perceptual,0.03,0.05,competitor,decoy,0,4.091
64,41,perceptual,0.1,0.2,competitor,competitor,0,4.071
64,42,numeric,0.03,0.05,competitor,competitor,0,12.017
64,43,perceptual,0.03,0.2,competitor,competitor,0,5.837
64,44,numeric,0.1,0.05,competitor,target,1,7.449
64,45,perceptual,0.1,0.2,target,competitor,0,3.8
64,46,numeric,0.03,0.05,competitor,decoy,0,11.918
64,47,perceptual,0.1,0.2,competitor,target,1,3.588
64,48,numeric,0.1,0.2,target,target,1,6.933
64,49,numeric,0.03,0.2,competitor,target,1,6.452
64,50,perceptual,0.1,0.05,competitor,competitor,0,6.605
64,51,perceptual,0.1,0.05,target,competitor,0,4.554
64,52,numeric,0.1,0.05,competitor,target,1,7.059
64,53,perceptual,0.03,0.2,competitor,target,1,5.62
64,54,perceptual,0.03,0.2,target,competitor,0,4.652
64,55,perceptual,0.1,0.2,competitor,target,1,4.5
64,56,perceptual,0.1,0.05,competitor,competitor,0,6.303
64,57,perceptual,0.1,0.2,competitor,target,1,4.523
64,58,perceptual,0.03,0.05,competitor,decoy,0,5.305
64,59,numeric,0.03,0.05,target,target,1,8.556
64,60,numeric,0.1,0.05,target,target,1,8.781
64,61,numeric,0.03,0.2,competitor,competitor,0,8.979
64,62,perceptual,0.03,0.2,competitor,target,1,4.786
64,63,numeric,0.1,0.2,target,target,1,8.417
64,64,perceptual,0.1,0.05,target,target,1,2.95
64,65,perceptual,0.03,0.05,target,decoy,0,11.085
64,66,perceptual,0.1,0.05,competitor,target,1,5.784
64,67,perceptual,0.1,0.05,competitor,competitor,0,7.974
64,68,numeric,0.03,0.2,target,target,1,10.833
64,69,numeric,0.03,0.2,competitor,competitor,0,6.767
64,70,perceptual,0.03,0.2,competitor,competitor,0,5.519
64,71,numeric,0.1,0.05,target,target,1,4.337
64,72,perceptual,0.1,0.2,target,competitor,0,6.133
64,73,perceptual,0.1,0.05,target,decoy,0,5.166
64,74,numeric,0.1,0.2,target,target,1,5.4
64,75,perceptual,0.03,0.05,competitor,competitor,0,3.633
64,76,perceptual,0.1,0.2,competitor,target,1,2.988
64,77,perceptual,0.1,0.2,target,target,1,3.289
64,78,perceptual,0.03,0.05,target,target,1,6.572
64,79,perceptual,0.03,0.2,target,target,1,3.8
64,80,numeric,0.1,0.2,competitor,target,1,8.272
64,81,numeric,0.1,0.2,competitor,target,1,6.718
64,82,perceptual,0.1,0.2,target,target,1,7.183
64,83,perceptual,0.1,0.05,target,target,1,4.666
64,84,numeric,0.1,0.2,target,target,1,5.922
64,85,numeric,0.1,0.2,competitor,competitor,0,5.649
64,86,numeric,0.1,0.2,target,competitor,0,9.269
64,87,numeric,0.03,0.2,competitor,competitor,0,6.883
64,88,perceptual,0.03,0.2,target,target,1,3.921
64,89,perceptual,0.03,0.05,target,competitor,0,5.069
64,90,perceptual,0.03,0.2,target,competitor,0,4.733
64,91,numeric,0.03,0.2,target,target,1,6.22
64,92,perceptual,0.1,0.05,target,target,1,4.573
64,93,numeric,0.1,0.05,target,target,1,8.449
64,94,perceptual,0.1,0.05,competitor,competitor,0,4.823
64,95,numeric,0.1,0.05,target,target,1,9.819
64,96,perceptual,0.03,0.2,competitor,competitor,0,4.917
64,97,perceptual,0.03,0.2,competitor,target,1,4.521
64,98,numeric,0.1,0.05,target,target,1,7.148
64,99,perceptual,0.1,0.05,target,target,1,3.913
64,100,numeric,0.1,0.05,target,target,1,10.205
64,101,numeric,0.1,0.05,target,target,1,4.981
64,102,numeric,0.03,0.05,competitor,competitor,0,4.903
64,103,perceptual,0.1,0.05,target,competitor,0,3.818
64,104,perceptual,0.03,0.2,target,competitor,0,2.953
64,105,numeric,0.1,0.05,competitor,competitor,0,7.99
64,106,numeric,0.03,0.2,target,competitor,0,8.834
64,107,perceptual,0.03,0.05,target,competitor,0,5.42
64,108,perceptual,0.03,0.2,target,target,1,5.665
64,109,perceptual,0.03,0.2,competitor,competitor,0,3.349
64,110,numeric,0.03,0.2,target,decoy,0,3.412
64,111,perceptual,0.1,0.2,target,competitor,0,4.47
64,112,numeric,0.03,0.2,target,target,1,9.3
64,113,numeric,0.03,0.2,competitor,target,1,7.333
64,114,perceptual,0.1,0.2,competitor,target,1,3.072
64,115,numeric,0.03,0.05,target,target,1,4.866
64,116,numeric,0.03,0.05,target,target,1,8.18
64,117,perceptual,0.03,0.05,competitor,decoy,0,7.57
64,118,numeric,0.03,0.2,competitor,competitor,0,6.566
64,119,numeric,0.1,0.05,competitor,target,1,12.419
64,120,numeric,0.03,0.05,target,decoy,0,6.482
64,121,numeric,0.1,0.05,competitor,target,1,7.55
64,122,perceptual,0.1,0.2,competitor,target,1,3.449
64,123,numeric,0.03,0.2,competitor,target,1,5.817
64,124,numeric,0.03,0.05,competitor,target,1,4.849
64,125,numeric,0.1,0.05,competitor,decoy,0,6.342
64,126,numeric,0.1,0.05,competitor,competitor,0,6.705
64,127,perceptual,0.1,0.2,competitor,target,1,3.028
64,128,perceptual,0.1,0.2,competitor,target,1,2.663
64,129,perceptual,0.03,0.2,competitor,target,1,3.985
64,130,perceptual,0.1,0.2,target,target,1,3.052
64,131,perceptual,0.1,0.2,target,target,1,3.301
64,132,numeric,0.1,0.2,target,target,1,7.133
64,133,numeric,0.1,0.05,competitor,competitor,0,4.949
64,134,numeric,0.1,0.05,competitor,target,1,5.534
64,135,perceptual,0.03,0.05,target,competitor,0,1.216
64,136,perceptual,0.03,0.2,competitor,target,1,3.199
64,137,perceptual,0.03,0.05,competitor,target,1,3.55
64,138,numeric,0.1,0.05,competitor,target,1,6.45
64,139,perceptual,0.03,0.05,target,decoy,0,4.862
64,140,perceptual,0.03,0.05,competitor,decoy,0,3.513
64,141,numeric,0.1,0.2,competitor,target,1,8.1
64,142,numeric,0.1,0.05,target,target,1,9.849
64,143,numeric,0.1,0.2,target,target,1,4.085
64,144,numeric,0.1,0.2,competitor,target,1,6.7
64,145,numeric,0.1,0.2,competitor,competitor,0,5.752
64,146,numeric,0.03,0.05,competitor,competitor,0,10.552
64,147,perceptual,0.1,0.2,competitor,target,1,2.84
64,148,perceptual,0.1,0.2,target,target,1,3.618
64,149,perceptual,0.1,0.2,target,target,1,3.586
64,150,numeric,0.03,0.2,competitor,competitor,0,6.767
64,151,perceptual,0.03,0.2,competitor,target,1,3.341
64,152,perceptual,0.1,0.05,target,target,1,7.214
64,153,perceptual,0.03,0.05,target,target,1,3.98
64,154,perceptual,0.03,0.05,target,competitor,0,3.847
64,155,numeric,0.03,0.05,target,target,1,7.733
64,156,perceptual,0.03,0.05,target,competitor,0,5.437
64,157,perceptual,0.03,0.2,target,target,1,3.568
64,158,perceptual,0.1,0.05,competitor,decoy,0,6.634
64,159,perceptual,0.03,0.2,target,target,1,3.581
64,160,perceptual,0.1,0.2,competitor,target,1,2.737
64,161,numeric,0.03,0.05,competitor,competitor,0,5.211
64,162,numeric,0.1,0.2,competitor,competitor,0,6.795
64,163,numeric,0.1,0.2,competitor,competitor,0,7.896
64,164,perceptual,0.1,0.05,target,target,1,2.434
64,165,numeric,0.1,0.2,competitor,target,1,4.054
64,166,numeric,0.1,0.2,competitor,competitor,0,6.318
64,167,perceptual,0.03,0.05,target,target,1,5.451
64,168,perceptual,0.03,0.2,target,target,1,3.272
64,169,numeric,0.03,0.2,competitor,target,1,5.636
64,170,numeric,0.03,0.05,target,target,1,10.208
64,171,perceptual,0.03,0.2,target,target,1,3.732
64,172,perceptual,0.03,0.2,target,target,1,4.314
64,173,numeric,0.03,0.05,target,target,1,7.529
64,174,numeric,0.03,0.05,competitor,target,1,4.371
64,175,numeric,0.1,0.2,target,target,1,6.301
64,176,numeric,0.1,0.2,competitor,competitor,0,7.669
64,177,perceptual,0.1,0.05,target,target,1,5.477
64,178,numeric,0.03,0.2,target,target,1,5.168
64,179,numeric,0.1,0.2,target,target,1,4.33
64,180,numeric,0.1,0.05,target,target,1,7.139
64,181,perceptual,0.03,0.2,competitor,target,1,3.668
64,182,numeric,0.1,0.2,target,target,1,10.666
64,183,perceptual,0.03,0.05,competitor,decoy,0,3.651
64,184,numeric,0.03,0.2,target,competitor,0,11.42
64,185,perceptual,0.1,0.05,competitor,target,1,3.368
64,186,numeric,0.1,0.05,target,target,1,5.348
64,187,perceptual,0.03,0.05,competitor,competitor,0,5.62
64,188,perceptual,0.1,0.05,competitor,decoy,0,2.72
64,189,numeric,0.03,0.2,competitor,competitor,0,3.903
64,190,numeric,0.03,0.2,target,target,1,7.317
64,191,numeric,0.1,0.05,target,target,1,11.901
64,192,perceptual,0.03,0.2,target,target,1,3.42
65,1,perceptual,0.03,0.05,target,target,1,11.018
65,2,perceptual,0.1,0.05,target,target,1,14.282
65,3,perceptual,0.1,0.2,competitor,target,1,5.14
65,4,perceptual,0.1,0.2,target,target,1,4.322
65,5,perceptual,0.03,0.2,target,target,1,5.35
65,6,perceptual,0.03,0.05,target,decoy,0,7.697
65,7,numeric,0.03,0.2,target,target,1,9.403
65,8,perceptual,0.03,0.2,target,competitor,0,3.471
65,9,numeric,0.1,0.05,competitor,decoy,0,14.1
65,10,perceptual,0.1,0.2,competitor,competitor,0,3.243
65,11,perceptual,0.1,0.05,target,target,1,6.597
65,12,numeric,0.03,0.05,target,target,1,9.525
65,13,perceptual,0.1,0.05,target,target,1,3.134
65,14,perceptual,0.1,0.05,target,target,1,2.411
65,15,perceptual,0.03,0.2,competitor,target,1,2.281
65,16,perceptual,0.1,0.05,competitor,target,1,2.873
65,17,numeric,0.1,0.05,target,target,1,3.946
65,18,perceptual,0.03,0.05,competitor,target,1,5.753
65,19,perceptual,0.03,0.2,target,target,1,5.66
65,20,numeric,0.03,0.2,competitor,target,1,4.088
65,21,numeric,0.1,0.05,competitor,target,1,4.126
65,22,perceptual,0.1,0.2,target,competitor,0,3.346
65,23,numeric,0.03,0.05,competitor,target,1,11.059
65,24,numeric,0.1,0.05,target,target,1,3.019
65,25,perceptual,0.1,0.05,target,target,1,3.6
65,26,numeric,0.1,0.2,target,target,1,2.209
65,27,perceptual,0.03,0.2,competitor,target,1,2.258
65,28,numeric,0.03,0.2,competitor,target,1,2.853
65,29,numeric,0.1,0.05,target,target,1,2.128
65,30,numeric,0.1,0.05,target,target,1,2.817
65,31,numeric,0.03,0.05,target,target,1,2.931
65,32,numeric,0.03,0.05,target,decoy,0,3.006
65,33,numeric,0.03,0.2,target,target,1,10.332
65,34,numeric,0.1,0.05,competitor,target,1,3.413
65,35,perceptual,0.03,0.05,competitor,decoy,0,6.355
65,36,numeric,0.03,0.2,competitor,target,1,3.915
65,37,perceptual,0.03,0.2,target,competitor,0,2.971
65,38,numeric,0.1,0.2,target,competitor,0,2.382
65,39,numeric,0.03,0.2,target,target,1,4.474
65,40,numeric,0.03,0.05,competitor,target,1,2.601
65,41,perceptual,0.03,0.2,competitor,competitor,0,2.036
65,42,numeric,0.03,0.2,competitor,target,1,9.216
65,43,numeric,0.1,0.2,competitor,competitor,0,2.91
65,44,perceptual,0.03,0.05,competitor,competitor,0,4.257
65,45,perceptual,0.03,0.05,competitor,target,1,2.95
65,46,numeric,0.1,0.2,target,competitor,0,5.561
65,47,numeric,0.1,0.2,competitor,target,1,3.428
65,48,perceptual,0.1,0.2,competitor,target,1,5.796
65,49,numeric,0.03,0.05,competitor,target,1,11.484
65,50,numeric,0.03,0.2,target,competitor,0,11.974
65,51,perceptual,0.03,0.2,competitor,target,1,6.774
65,52,perceptual,0.03,0.05,competitor,target,1,2.94
65,53,numeric,0.1,0.2,target,target,1,5.046
65,54,perceptual,0.1,0.2,competitor,competitor,0,3.502
65,55,numeric,0.03,0.05,target,target,1,7.591
65,56,numeric,0.1,0.2,competitor,target,1,9.712
65,57,perceptual,0.1,0.2,target,decoy,0,4.504
65,58,numeric,0.1,0.05,competitor,target,1,11.747
65,59,perceptual,0.1,0.05,competitor,target,1,5.919
65,60,perceptual,0.1,0.05,competitor,target,1,2.924
65,61,perceptual,0.03,0.2,competitor,competitor,0,4.633
65,62,numeric,0.03,0.2,target,competitor,0,4.36
65,63,numeric,0.1,0.2,competitor,target,1,3.98
65,64,numeric,0.1,0.2,target,decoy,0,3.124
65,65,perceptual,0.1,0.05,target,decoy,0,2.547
65,66,numeric,0.03,0.05,target,competitor,0,2.893
65,67,perceptual,0.03,0.05,competitor,target,1,3.541
65,68,numeric,0.03,0.05,competitor,target,1,2.962
65,69,numeric,0.03,0.2,target,target,1,6.541
65,70,numeric,0.1,0.2,competitor,target,1,4.032
65,71,numeric,0.03,0.2,competitor,target,1,3.946
65,72,numeric,0.1,0.05,competitor,competitor,0,3.103
65,73,numeric,0.03,0.05,competitor,target,1,2.297
65,74,numeric,0.03,0.05,competitor,competitor,0,3.064
65,75,perceptual,0.1,0.05,competitor,target,1,3.88
65,76,numeric,0.03,0.2,competitor,target,1,2.951
65,77,perceptual,0.1,0.05,target,decoy,0,2.57
65,78,perceptual,0.03,0.2,competitor,competitor,0,4.264
65,79,perceptual,0.1,0.05,competitor,target,1,9.223
65,80,perceptual,0.1,0.05,competitor,target,1,2.046
65,81,perceptual,0.1,0.2,competitor,decoy,0,3.007
65,82,numeric,0.03,0.05,competitor,target,1,5.495
65,83,perceptual,0.1,0.2,competitor,target,1,4.303
65,84,perceptual,0.1,0.2,target,target,1,2.444
65,89,perceptual,0.1,0.2,target,competitor,0,3.283
65,90,perceptual,0.1,0.05,competitor,target,1,2.802
65,91,perceptual,0.1,0.05,target,target,1,6.932
65,92,perceptual,0.03,0.05,target,decoy,0,14.285
65,93,perceptual,0.1,0.2,competitor,decoy,0,2.572
65,94,numeric,0.1,0.05,competitor,target,1,2.67
65,95,perceptual,0.1,0.05,competitor,decoy,0,3.089
65,96,numeric,0.03,0.2,competitor,competitor,0,3.068
65,97,numeric,0.03,0.2,competitor,target,1,3.14
65,98,numeric,0.1,0.2,target,target,1,3.527
65,99,perceptual,0.03,0.2,target,competitor,0,4.729
65,100,perceptual,0.1,0.2,competitor,target,1,8.864
65,101,numeric,0.1,0.05,target,competitor,0,4.798
65,102,perceptual,0.03,0.2,target,competitor,0,3.496
65,103,numeric,0.1,0.05,target,target,1,7.454
65,104,numeric,0.1,0.05,target,target,1,6.078
65,105,perceptual,0.03,0.2,target,target,1,4.126
65,106,numeric,0.1,0.2,target,target,1,3.615
65,107,numeric,0.1,0.05,competitor,target,1,4.285
65,108,perceptual,0.1,0.05,competitor,competitor,0,3.952
65,109,numeric,0.03,0.2,target,competitor,0,3.939
65,110,numeric,0.1,0.2,target,target,1,3.755
65,111,numeric,0.03,0.2,competitor,target,1,3.508
65,112,numeric,0.1,0.05,competitor,competitor,0,3.659
65,113,perceptual,0.03,0.2,target,target,1,3.854
65,114,perceptual,0.1,0.2,target,competitor,0,3.67
65,115,numeric,0.1,0.05,target,competitor,0,3.731
65,116,perceptual,0.03,0.2,competitor,target,1,3.296
65,117,numeric,0.1,0.2,target,target,1,3.146
65,118,numeric,0.03,0.05,competitor,target,1,7.668
65,119,numeric,0.03,0.2,target,competitor,0,5.151
65,120,perceptual,0.1,0.05,target,target,1,3.497
65,121,numeric,0.1,0.2,target,target,1,4.804
65,122,numeric,0.1,0.05,competitor,target,1,14.581
65,123,perceptual,0.03,0.2,target,target,1,3.841
65,124,numeric,0.1,0.2,competitor,target,1,4.508
65,125,perceptual,0.03,0.05,competitor,target,1,3.538
65,126,perceptual,0.03,0.2,competitor,competitor,0,2.547
65,127,numeric,0.03,0.05,competitor,target,1,2.429
65,128,perceptual,0.03,0.05,target,decoy,0,5.112
65,129,perceptual,0.1,0.05,competitor,target,1,2.807
65,130,numeric,0.03,0.2,target,decoy,0,3.341
65,131,numeric,0.03,0.05,target,target,1,2.719
65,132,numeric,0.03,0.05,target,decoy,0,2.746
65,133,numeric,0.03,0.2,competitor,target,1,12.513
65,134,numeric,0.1,0.2,competitor,target,1,9.23
65,135,perceptual,0.03,0.2,competitor,target,1,6.025
65,136,perceptual,0.03,0.05,target,target,1,6.079
65,137,perceptual,0.03,0.05,target,competitor,0,3.063
65,138,numeric,0.03,0.2,competitor,competitor,0,4.16
65,139,perceptual,0.03,0.2,competitor,target,1,2.837
65,140,perceptual,0.1,0.05,target,decoy,0,3.013
65,141,numeric,0.1,0.05,competitor,target,1,2.558
65,142,numeric,0.1,0.2,target,decoy,0,2.347
65,143,numeric,0.03,0.05,target,competitor,0,2.408
65,144,numeric,0.1,0.05,competitor,target,1,2.542
65,145,perceptual,0.1,0.2,target,target,1,3.217
65,146,numeric,0.03,0.05,target,decoy,0,6.815
65,147,perceptual,0.1,0.2,target,target,1,6.529
65,148,perceptual,0.03,0.05,target,target,1,11.38
65,149,numeric,0.1,0.2,competitor,target,1,9.156
65,150,numeric,0.1,0.2,competitor,competitor,0,5.295
65,151,perceptual,0.1,0.05,competitor,target,1,5.576
65,152,numeric,0.1,0.2,competitor,competitor,0,5.629
65,153,numeric,0.1,0.05,target,target,1,10.456
65,154,perceptual,0.1,0.2,target,target,1,6.785
65,155,perceptual,0.03,0.05,competitor,target,1,7.478
65,156,numeric,0.1,0.05,target,target,1,10.03
65,157,perceptual,0.03,0.05,target,competitor,0,5.243
65,158,perceptual,0.1,0.2,target,competitor,0,2.653
65,159,perceptual,0.03,0.2,target,target,1,2.077
65,160,numeric,0.03,0.2,target,target,1,6.928
65,161,perceptual,0.1,0.2,target,competitor,0,4.149
65,162,perceptual,0.1,0.05,competitor,target,1,2.24
65,163,numeric,0.1,0.05,target,target,1,2.714
65,164,perceptual,0.1,0.05,target,decoy,0,19.104
65,165,perceptual,0.1,0.2,competitor,target,1,3.87
65,166,numeric,0.1,0.2,competitor,decoy,0,2.344
65,167,perceptual,0.03,0.05,competitor,competitor,0,2.269
65,168,perceptual,0.1,0.2,competitor,target,1,2.849
65,169,numeric,0.03,0.05,competitor,competitor,0,4.237
65,170,numeric,0.03,0.05,target,target,1,3.733
65,171,numeric,0.1,0.2,target,competitor,0,3.381
65,172,numeric,0.1,0.2,competitor,target,1,2.69
65,173,perceptual,0.03,0.2,competitor,decoy,0,0.613
65,174,perceptual,0.03,0.05,competitor,target,1,3.558
65,175,perceptual,0.1,0.2,competitor,target,1,3.853
65,176,numeric,0.1,0.05,target,decoy,0,2.681
65,177,perceptual,0.03,0.05,target,competitor,0,3.283
65,178,numeric,0.03,0.05,competitor,target,1,8.694
65,179,perceptual,0.1,0.2,competitor,target,1,6.253
65,180,perceptual,0.03,0.05,competitor,competitor,0,2.738
65,181,numeric,0.03,0.05,target,target,1,2.961
65,182,numeric,0.03,0.2,competitor,competitor,0,2.181
65,183,perceptual,0.03,0.05,target,decoy,0,2.664
65,184,numeric,0.03,0.2,target,competitor,0,2.188
65,185,perceptual,0.1,0.2,target,target,1,2.98
65,186,perceptual,0.03,0.05,target,competitor,0,7.283
65,187,perceptual,0.03,0.2,competitor,competitor,0,3.047
65,188,perceptual,0.03,0.05,target,competitor,0,8.219
65,189,numeric,0.03,0.05,target,competitor,0,3.672
65,190,perceptual,0.03,0.2,target,competitor,0,4.211
65,191,perceptual,0.1,0.05,target,target,1,2.371
65,192,numeric,0.03,0.05,competitor,target,1,5.334
66,1,perceptual,0.1,0.05,competitor,target,1,6.26
66,2,numeric,0.1,0.2,competitor,target,1,8.755
66,3,numeric,0.1,0.2,target,competitor,0,4.983
66,4,perceptual,0.1,0.05,target,competitor,0,2.649
66,5,perceptual,0.03,0.05,target,target,1,4.868
66,6,perceptual,0.03,0.05,competitor,target,1,5.754
66,7,numeric,0.1,0.2,target,competitor,0,4.198
66,8,perceptual,0.1,0.2,target,target,1,2.634
66,9,numeric,0.03,0.05,target,target,1,5.25
66,10,numeric,0.1,0.2,target,target,1,6.931
66,11,perceptual,0.03,0.05,competitor,competitor,0,3.972
66,12,numeric,0.1,0.2,target,target,1,6.741
66,13,numeric,0.03,0.2,competitor,target,1,5.449
66,14,perceptual,0.1,0.2,target,target,1,2.198
66,15,numeric,0.03,0.05,target,target,1,6.117
66,16,numeric,0.03,0.2,target,target,1,5.416
66,17,perceptual,0.03,0.05,competitor,competitor,0,3.073
66,18,perceptual,0.03,0.05,competitor,competitor,0,4.363
66,19,numeric,0.03,0.2,target,competitor,0,6.082
66,20,numeric,0.03,0.05,target,competitor,0,3.748
66,21,numeric,0.03,0.2,competitor,competitor,0,8.53
66,22,perceptual,0.1,0.2,competitor,target,1,2.644
66,23,numeric,0.03,0.2,competitor,target,1,5.683
66,24,numeric,0.03,0.05,target,competitor,0,4.454
66,25,perceptual,0.1,0.2,competitor,target,1,7.921
66,26,numeric,0.03,0.05,target,target,1,6.965
66,27,numeric,0.1,0.05,competitor,target,1,6.819
66,28,numeric,0.1,0.2,target,target,1,6.905
66,29,perceptual,0.03,0.2,target,target,1,3.248
66,30,numeric,0.1,0.05,competitor,competitor,0,4.326
66,31,perceptual,0.1,0.05,target,competitor,0,5.315
66,32,perceptual,0.03,0.05,competitor,target,1,2.98
66,33,perceptual,0.03,0.05,target,target,1,2.003
66,34,numeric,0.03,0.05,target,competitor,0,3.391
66,35,numeric,0.1,0.05,competitor,decoy,0,4.782
66,36,numeric,0.03,0.2,target,competitor,0,7.125
66,37,perceptual,0.1,0.05,competitor,target,1,3.291
66,38,perceptual,0.03,0.2,competitor,competitor,0,7.164
66,39,numeric,0.03,0.05,competitor,decoy,0,7.053
66,40,numeric,0.03,0.2,competitor,target,1,8.496
66,41,perceptual,0.03,0.2,target,target,1,0.053
66,42,numeric,0.03,0.05,competitor,target,1,5.071
66,43,numeric,0.1,0.2,competitor,competitor,0,5.066
66,44,perceptual,0.1,0.05,target,target,1,3.724
66,45,perceptual,0.1,0.2,target,target,1,3.734
66,46,perceptual,0.03,0.2,competitor,target,1,2.204
66,47,numeric,0.1,0.2,competitor,target,1,5.99
66,48,numeric,0.03,0.05,target,target,1,7.186
66,49,perceptual,0.1,0.2,competitor,competitor,0,2.559
66,50,numeric,0.03,0.05,competitor,competitor,0,5.917
66,51,perceptual,0.1,0.2,competitor,target,1,2.665
66,52,numeric,0.03,0.2,target,target,1,6.179
66,53,numeric,0.03,0.2,competitor,competitor,0,4.697
66,54,numeric,0.03,0.05,target,competitor,0,7.405
66,55,numeric,0.1,0.05,competitor,target,1,7.251
66,56,numeric,0.1,0.05,target,target,1,6.455
66,57,perceptual,0.03,0.05,competitor,competitor,0,3.749
66,58,numeric,0.03,0.2,competitor,target,1,5.571
66,59,numeric,0.1,0.05,competitor,target,1,6.072
66,60,perceptual,0.1,0.05,competitor,target,1,3.357
66,61,perceptual,0.03,0.2,competitor,target,1,3.099
66,62,perceptual,0.03,0.05,target,target,1,3.29
66,63,numeric,0.03,0.05,competitor,competitor,0,7.899
66,64,numeric,0.03,0.2,target,target,1,5.461
66,65,perceptual,0.1,0.05,target,decoy,0,4.672
66,66,numeric,0.1,0.2,competitor,target,1,5.938
66,67,numeric,0.1,0.05,target,target,1,7.506
66,68,numeric,0.03,0.2,target,target,1,6.571
66,69,perceptual,0.03,0.2,competitor,competitor,0,2.874
66,70,perceptual,0.1,0.2,target,target,1,3.548
66,71,perceptual,0.03,0.05,competitor,target,1,4.416
66,72,perceptual,0.1,0.05,target,competitor,0,4.598
66,73,numeric,0.1,0.2,target,target,1,5.197
66,74,perceptual,0.1,0.2,competitor,competitor,0,3.348
66,75,numeric,0.03,0.2,competitor,target,1,4.715
66,76,perceptual,0.03,0.2,competitor,target,1,2.496
66,77,numeric,0.1,0.2,competitor,competitor,0,2.915
66,78,perceptual,0.03,0.05,target,decoy,0,2.443
66,79,perceptual,0.03,0.05,competitor,target,1,4.812
66,80,perceptual,0.03,0.2,target,target,1,2.771
66,81,perceptual,0.1,0.2,target,target,1,3.36
66,82,numeric,0.03,0.2,target,target,1,5.864
66,83,numeric,0.1,0.05,target,target,1,6.279
66,84,perceptual,0.1,0.05,target,target,1,2.288
66,85,numeric,0.03,0.2,competitor,competitor,0,3.234
66,86,perceptual,0.03,0.05,target,target,1,4.748
66,87,numeric,0.03,0.2,target,target,1,4.203
66,88,perceptual,0.03,0.05,competitor,competitor,0,3.051
66,89,numeric,0.03,0.2,target,target,1,6.118
66,90,numeric,0.1,0.2,competitor,target,1,5.152
66,91,numeric,0.1,0.2,target,target,1,7.248
66,92,perceptual,0.03,0.2,competitor,target,1,2.968
66,93,perceptual,0.03,0.05,competitor,target,1,3.122
66,94,numeric,0.1,0.05,competitor,target,1,5.389
66,95,numeric,0.1,0.05,target,decoy,0,5.122
66,96,perceptual,0.1,0.05,competitor,competitor,0,3.266
66,97,numeric,0.1,0.05,target,target,1,4.158
66,98,numeric,0.03,0.05,target,target,1,7.206
66,99,perceptual,0.03,0.05,target,decoy,0,2.663
66,100,perceptual,0.03,0.2,target,competitor,0,3.661
66,101,numeric,0.03,0.2,competitor,target,1,7.037
66,102,numeric,0.03,0.05,target,target,1,9.028
66,103,perceptual,0.1,0.05,competitor,competitor,0,3.579
66,104,perceptual,0.1,0.2,target,competitor,0,4.985
66,105,perceptual,0.1,0.05,target,decoy,0,3.714
66,106,perceptual,0.1,0.05,target,decoy,0,3.766
66,107,numeric,0.1,0.05,competitor,competitor,0,5.348
66,108,perceptual,0.03,0.2,competitor,competitor,0,3.554
66,109,numeric,0.1,0.05,target,target,1,4.914
66,110,numeric,0.03,0.05,competitor,target,1,7.163
66,111,perceptual,0.1,0.2,competitor,target,1,2.61
66,112,numeric,0.1,0.2,competitor,target,1,14.911
66,113,perceptual,0.1,0.2,target,target,1,3.178
66,114,numeric,0.03,0.2,target,competitor,0,5.168
66,115,perceptual,0.1,0.05,competitor,competitor,0,3.418
66,116,numeric,0.03,0.05,competitor,target,1,10.148
66,117,perceptual,0.1,0.2,competitor,target,1,2.476
66,118,numeric,0.1,0.05,competitor,target,1,6.014
66,119,numeric,0.1,0.05,competitor,target,1,5.385
66,120,perceptual,0.03,0.2,competitor,target,1,3.551
66,121,numeric,0.03,0.2,target,target,1,7.522
66,122,numeric,0.1,0.05,competitor,target,1,8.435
66,123,numeric,0.03,0.05,competitor,decoy,0,8.102
66,124,numeric,0.1,0.2,competitor,target,1,9.921
66,125,numeric,0.03,0.2,competitor,competitor,0,5.637
66,126,perceptual,0.1,0.2,competitor,target,1,3.231
66,127,numeric,0.1,0.2,target,target,1,7.38
66,128,numeric,0.1,0.2,target,target,1,7.615
66,129,numeric,0.1,0.2,competitor,target,1,5.177
66,130,numeric,0.03,0.05,target,competitor,0,5.03
66,131,numeric,0.1,0.05,competitor,target,1,5.352
66,132,perceptual,0.03,0.05,target,target,1,3.965
66,133,perceptual,0.03,0.2,competitor,competitor,0,3.129
66,134,perceptual,0.03,0.2,target,target,1,2.732
66,135,perceptual,0.03,0.05,target,competitor,0,4.4
66,136,perceptual,0.03,0.2,target,target,1,2.985
66,137,perceptual,0.1,0.2,target,target,1,3.246
66,138,numeric,0.03,0.05,competitor,target,1,9.422
66,139,numeric,0.1,0.2,competitor,target,1,7.651
66,140,perceptual,0.03,0.2,competitor,competitor,0,5.15
66,141,numeric,0.1,0.05,target,target,1,3.814
66,142,numeric,0.03,0.05,competitor,target,1,5.862
66,143,perceptual,0.1,0.2,competitor,target,1,3.901
66,144,numeric,0.1,0.2,target,target,1,4.874
66,145,numeric,0.03,0.05,competitor,target,1,5.138
66,146,perceptual,0.03,0.2,target,target,1,2.444
66,147,perceptual,0.03,0.05,target,competitor,0,4.908
66,148,numeric,0.1,0.05,target,target,1,6.584
66,149,perceptual,0.1,0.2,target,competitor,0,4.699
66,150,perceptual,0.03,0.2,target,competitor,0,2.482
66,151,numeric,0.03,0.05,target,target,1,4.709
66,152,perceptual,0.1,0.2,competitor,target,1,2.295
66,153,perceptual,0.1,0.2,target,competitor,0,2.851
66,154,perceptual,0.1,0.05,target,target,1,4.274
66,155,perceptual,0.1,0.05,competitor,target,1,3.771
66,156,numeric,0.1,0.05,target,target,1,3.853
66,157,perceptual,0.03,0.2,target,target,1,2.601
66,158,numeric,0.03,0.05,competitor,competitor,0,5.171
66,159,perceptual,0.1,0.2,target,competitor,0,2.648
66,160,perceptual,0.03,0.05,target,target,1,2.282
66,161,perceptual,0.1,0.05,competitor,target,1,4.316
66,162,numeric,0.03,0.05,competitor,target,1,4.068
66,163,perceptual,0.1,0.2,competitor,target,1,2.715
66,164,perceptual,0.1,0.05,competitor,target,1,3.043
66,165,perceptual,0.1,0.2,competitor,competitor,0,3.063
66,166,numeric,0.03,0.2,target,target,1,9.041
66,167,perceptual,0.03,0.2,competitor,competitor,0,2.834
66,168,numeric,0.1,0.05,target,target,1,4.449
66,169,numeric,0.1,0.2,competitor,target,1,7.973
66,170,perceptual,0.03,0.05,target,competitor,0,2.433
66,171,numeric,0.1,0.05,competitor,competitor,0,8.787
66,172,perceptual,0.03,0.2,target,competitor,0,3.2
66,173,numeric,0.1,0.2,target,target,1,8.855
66,174,perceptual,0.03,0.2,competitor,target,1,2.532
66,175,perceptual,0.1,0.05,target,competitor,0,1.987
66,176,numeric,0.1,0.2,competitor,target,1,4.356
66,177,perceptual,0.1,0.05,competitor,decoy,0,4.585
66,178,perceptual,0.03,0.2,target,decoy,0,2.511
66,179,perceptual,0.03,0.2,target,competitor,0,2.925
66,180,perceptual,0.1,0.2,target,competitor,0,3.229
66,181,numeric,0.03,0.2,competitor,competitor,0,7.757
66,182,perceptual,0.03,0.05,competitor,target,1,3.332
66,183,perceptual,0.1,0.05,competitor,target,1,2.637
66,184,perceptual,0.1,0.05,target,competitor,0,3.398
66,185,perceptual,0.1,0.05,competitor,target,1,3.065
66,186,numeric,0.1,0.05,target,target,1,6.376
66,187,numeric,0.1,0.2,target,target,1,4.413
66,188,perceptual,0.03,0.05,competitor,competitor,0,2.229
66,189,perceptual,0.1,0.05,target,decoy,0,4.778
66,190,perceptual,0.03,0.05,target,competitor,0,3.111
66,191,numeric,0.03,0.2,competitor,target,1,4.194
66,192,numeric,0.1,0.05,target,target,1,5.492
67,1,perceptual,0.03,0.05,target,decoy,0,5.349
67,2,numeric,0.1,0.2,target,target,1,5.342
67,3,numeric,0.03,0.05,target,target,1,8.585
67,4,numeric,0.1,0.05,competitor,target,1,6.642
67,5,numeric,0.03,0.2,competitor,competitor,0,7.642
67,6,numeric,0.03,0.2,target,target,1,6.527
67,7,numeric,0.03,0.05,target,target,1,9.795
67,8,numeric,0.03,0.2,target,target,1,5.972
67,9,perceptual,0.1,0.2,competitor,target,1,3.214
67,10,numeric,0.1,0.05,target,decoy,0,5.609
67,11,numeric,0.1,0.05,target,target,1,5.1
67,12,perceptual,0.03,0.2,competitor,target,1,7.41
67,13,perceptual,0.1,0.2,target,competitor,0,3.853
67,14,numeric,0.03,0.05,competitor,competitor,0,6.314
67,15,numeric,0.03,0.05,competitor,competitor,0,8.062
67,16,perceptual,0.1,0.05,competitor,competitor,0,4.633
67,17,numeric,0.03,0.2,competitor,target,1,4.668
67,18,perceptual,0.1,0.2,competitor,target,1,3.534
67,19,numeric,0.1,0.05,target,target,1,4.636
67,20,numeric,0.03,0.2,competitor,target,1,7.596
67,21,perceptual,0.1,0.05,competitor,decoy,0,3.889
67,22,numeric,0.1,0.2,competitor,target,1,5.69
67,23,perceptual,0.1,0.05,target,target,1,5.117
67,24,perceptual,0.03,0.05,competitor,target,1,3.425
67,25,perceptual,0.1,0.2,target,decoy,0,5.278
67,26,perceptual,0.03,0.05,competitor,decoy,0,6.642
67,27,numeric,0.1,0.2,competitor,target,1,3.903
67,28,perceptual,0.03,0.2,competitor,target,1,3.878
67,29,numeric,0.03,0.05,competitor,competitor,0,5.938
67,30,numeric,0.1,0.05,target,target,1,6.475
67,31,perceptual,0.03,0.05,competitor,target,1,2.569
67,32,numeric,0.03,0.05,competitor,target,1,6.352
67,33,numeric,0.1,0.2,competitor,target,1,6.495
67,34,numeric,0.1,0.2,competitor,competitor,0,5.609
67,35,perceptual,0.03,0.2,target,decoy,0,3.091
67,36,numeric,0.1,0.05,competitor,target,1,4.101
67,37,perceptual,0.1,0.2,competitor,competitor,0,3.159
67,38,numeric,0.1,0.2,competitor,target,1,7.758
67,39,perceptual,0.1,0.2,target,target,1,3.417
67,40,perceptual,0.03,0.05,target,target,1,5.806
67,41,numeric,0.1,0.05,target,target,1,6.206
67,42,numeric,0.1,0.2,target,target,1,4.792
67,43,perceptual,0.03,0.2,competitor,target,1,4.651
67,44,perceptual,0.03,0.05,target,competitor,0,5.392
67,45,perceptual,0.03,0.05,target,competitor,0,3.527
67,46,perceptual,0.1,0.05,competitor,decoy,0,3.881
67,47,perceptual,0.1,0.05,target,competitor,0,2.612
67,48,perceptual,0.1,0.2,target,decoy,0,3.181
67,49,numeric,0.03,0.05,competitor,target,1,5.304
67,50,perceptual,0.03,0.2,competitor,competitor,0,3.247
67,51,numeric,0.03,0.2,target,target,1,4.292
67,52,perceptual,0.1,0.2,competitor,competitor,0,2.787
67,53,perceptual,0.1,0.05,target,decoy,0,2.883
67,54,perceptual,0.03,0.05,target,decoy,0,2.861
67,55,numeric,0.03,0.2,competitor,target,1,4.841
67,56,numeric,0.03,0.05,competitor,competitor,0,8.176
67,57,numeric,0.03,0.05,competitor,target,1,6.139
67,58,perceptual,0.1,0.05,target,decoy,0,3.68
67,59,numeric,0.03,0.2,target,target,1,6.779
67,60,numeric,0.1,0.2,target,target,1,7.08
67,61,perceptual,0.03,0.05,target,target,1,3.513
67,62,perceptual,0.1,0.2,target,competitor,0,3.155
67,63,perceptual,0.03,0.2,target,competitor,0,3.302
67,64,perceptual,0.1,0.05,target,target,1,3.242
67,65,numeric,0.03,0.05,target,target,1,6.584
67,66,numeric,0.03,0.05,competitor,competitor,0,9.858
67,67,perceptual,0.03,0.05,competitor,competitor,0,2.926
67,68,perceptual,0.03,0.2,competitor,target,1,3.783
67,69,perceptual,0.03,0.2,competitor,decoy,0,3.225
67,70,numeric,0.1,0.2,competitor,target,1,4.136
67,71,numeric,0.1,0.2,target,target,1,3.974
67,72,numeric,0.03,0.05,target,target,1,8.881
67,73,perceptual,0.03,0.05,target,decoy,0,3.362
67,74,numeric,0.03,0.2,competitor,competitor,0,6.012
67,75,perceptual,0.03,0.2,target,competitor,0,2.621
67,76,perceptual,0.03,0.2,target,target,1,5.685
67,77,perceptual,0.03,0.05,competitor,decoy,0,4.561
67,78,perceptual,0.1,0.05,target,decoy,0,4.906
67,79,numeric,0.1,0.05,competitor,target,1,4.713
67,80,numeric,0.1,0.2,target,target,1,6.522
67,81,numeric,0.1,0.2,target,decoy,0,4.28
67,82,numeric,0.1,0.05,competitor,competitor,0,3.812
67,83,numeric,0.03,0.2,competitor,target,1,6.774
67,84,perceptual,0.1,0.2,target,decoy,0,2.316
67,85,perceptual,0.03,0.2,target,competitor,0,3.884
67,86,perceptual,0.03,0.05,target,competitor,0,2.962
67,87,perceptual,0.1,0.2,target,decoy,0,3.51
67,88,numeric,0.1,0.05,target,target,1,5.28
67,89,numeric,0.03,0.2,competitor,target,1,7.827
67,90,numeric,0.03,0.05,competitor,competitor,0,7.081
67,91,numeric,0.1,0.2,target,target,1,5.187
67,92,perceptual,0.1,0.05,competitor,target,1,3.758
67,93,numeric,0.1,0.05,competitor,target,1,4.622
67,94,perceptual,0.1,0.05,competitor,decoy,0,6.934
67,95,numeric,0.1,0.05,target,target,1,5.885
67,96,numeric,0.1,0.05,competitor,target,1,6.594
67,97,numeric,0.03,0.2,target,competitor,0,3.599
67,98,numeric,0.03,0.2,target,target,1,8.501
67,99,numeric,0.03,0.2,target,competitor,0,5.408
67,100,numeric,0.03,0.05,target,target,1,4.778
67,101,numeric,0.1,0.2,target,target,1,4.003
67,102,perceptual,0.03,0.05,target,competitor,0,3.437
67,103,perceptual,0.03,0.2,competitor,target,1,2.239
67,104,numeric,0.1,0.05,target,competitor,0,3.05
67,105,numeric,0.1,0.05,target,competitor,0,2.901
67,106,perceptual,0.03,0.2,competitor,target,1,2.095
67,107,numeric,0.03,0.2,target,target,1,4.843
67,108,perceptual,0.03,0.2,target,target,1,2.965
67,109,perceptual,0.1,0.2,competitor,competitor,0,6.379
67,110,perceptual,0.1,0.05,competitor,competitor,0,4.112
67,111,numeric,0.03,0.05,target,target,1,7.127
67,112,perceptual,0.1,0.2,target,decoy,0,2.548
67,113,perceptual,0.1,0.2,competitor,target,1,2.5
67,114,numeric,0.03,0.05,target,competitor,0,2.404
67,115,perceptual,0.1,0.2,target,decoy,0,2.407
67,116,perceptual,0.1,0.05,competitor,decoy,0,2.372
67,117,perceptual,0.03,0.2,competitor,competitor,0,4.965
67,118,perceptual,0.1,0.2,competitor,decoy,0,3.347
67,119,perceptual,0.1,0.2,competitor,competitor,0,6.875
67,120,numeric,0.03,0.2,competitor,competitor,0,3.201
67,121,numeric,0.1,0.05,competitor,target,1,2.896
67,122,numeric,0.1,0.05,target,target,1,4.878
67,123,perceptual,0.1,0.2,competitor,decoy,0,4.282
67,124,perceptual,0.1,0.2,target,target,1,3.185
67,125,numeric,0.1,0.2,competitor,competitor,0,4.046
67,126,numeric,0.03,0.05,target,target,1,5.85
67,127,perceptual,0.03,0.05,target,decoy,0,2.381
67,128,perceptual,0.1,0.05,competitor,decoy,0,2.612
67,129,numeric,0.03,0.2,competitor,competitor,0,6.161
67,130,perceptual,0.1,0.05,target,target,1,4.266
67,131,numeric,0.1,0.2,competitor,target,1,5.336
67,132,numeric,0.1,0.2,target,target,1,6.977
67,133,numeric,0.1,0.2,target,target,1,8.737
67,134,perceptual,0.1,0.2,competitor,decoy,0,2.636
67,135,perceptual,0.03,0.2,target,target,1,3.146
67,136,numeric,0.03,0.2,competitor,competitor,0,8.17
67,137,numeric,0.03,0.2,target,target,1,5.121
67,138,perceptual,0.1,0.2,competitor,target,1,2.807
67,139,numeric,0.03,0.05,competitor,competitor,0,4.447
67,140,numeric,0.1,0.2,competitor,target,1,5.379
67,141,perceptual,0.1,0.05,target,competitor,0,2.49
67,142,perceptual,0.1,0.05,target,competitor,0,2.896
67,143,perceptual,0.03,0.05,target,decoy,0,4.846
67,144,numeric,0.1,0.2,target,target,1,3.997
67,145,numeric,0.03,0.2,competitor,target,1,5.298
67,146,numeric,0.1,0.05,competitor,target,1,3.965
67,147,numeric,0.1,0.05,competitor,target,1,4.282
67,148,numeric,0.03,0.05,target,target,1,5.228
67,149,perceptual,0.03,0.05,competitor,target,1,4.652
67,150,numeric,0.03,0.2,competitor,competitor,0,6.315
67,151,perceptual,0.1,0.05,competitor,decoy,0,3.469
67,152,perceptual,0.03,0.05,competitor,target,1,4.402
67,153,numeric,0.03,0.05,target,target,1,4.774
67,154,numeric,0.03,0.05,target,target,1,5.805
67,155,numeric,0.03,0.05,target,target,1,5.451
67,156,perceptual,0.03,0.2,competitor,target,1,3.298
67,157,perceptual,0.03,0.2,competitor,competitor,0,2.294
67,158,perceptual,0.03,0.05,competitor,target,1,3.37
67,159,numeric,0.03,0.05,competitor,competitor,0,5.919
67,160,numeric,0.1,0.05,target,target,1,4.931
67,161,perceptual,0.03,0.2,target,competitor,0,5.935
67,162,perceptual,0.03,0.2,target,target,1,2.511
67,163,numeric,0.1,0.05,competitor,target,1,5.116
67,164,numeric,0.1,0.2,competitor,target,1,3.643
67,165,perceptual,0.03,0.2,target,competitor,0,2.504
67,166,perceptual,0.03,0.05,competitor,competitor,0,3.843
67,167,perceptual,0.1,0.05,competitor,competitor,0,3.268
67,168,numeric,0.1,0.05,target,target,1,6.648
67,169,perceptual,0.1,0.05,target,target,1,5.898
67,170,perceptual,0.1,0.05,competitor,target,1,2.888
67,171,numeric,0.1,0.2,target,competitor,0,4.912
67,172,perceptual,0.03,0.05,competitor,target,1,2.744
67,173,perceptual,0.03,0.2,target,competitor,0,2.277
67,174,numeric,0.1,0.05,competitor,target,1,3.951
67,175,perceptual,0.1,0.05,target,decoy,0,3.474
67,176,perceptual,0.03,0.05,competitor,decoy,0,4.159
67,177,numeric,0.1,0.05,competitor,target,1,5.197
67,178,numeric,0.03,0.2,target,competitor,0,5.036
67,179,numeric,0.03,0.2,target,target,1,6.981
67,180,perceptual,0.1,0.05,target,competitor,0,3.426
67,181,perceptual,0.03,0.05,competitor,target,1,3.299
67,182,perceptual,0.03,0.2,competitor,decoy,0,3.478
67,183,perceptual,0.03,0.05,target,target,1,2.779
67,184,perceptual,0.1,0.05,competitor,competitor,0,3.38
67,185,perceptual,0.1,0.2,target,target,1,2.442
67,186,numeric,0.03,0.05,competitor,competitor,0,4.407
67,187,numeric,0.1,0.2,competitor,competitor,0,3.885
67,188,numeric,0.03,0.2,target,target,1,3.498
67,189,perceptual,0.1,0.2,target,target,1,2.703
67,190,perceptual,0.1,0.2,competitor,target,1,2.085
67,191,perceptual,0.03,0.2,target,target,1,3.042
67,192,numeric,0.1,0.2,competitor,competitor,0,4.908
